region,year,month,vol_all,vol_ddu,n_all,n_ddu,r_all,r_ddu,t_all,t_ddu
Алтайский край,2019,1,1871.0,462.0,1231.0,274.0,9.87,9.6,195.6,191.1
Алтайский край,2019,2,2631.0,685.0,1649.0,368.0,10.13,9.92,205.7,210.8
Алтайский край,2019,3,2609.0,576.0,1691.0,329.0,10.49,10.25,204.0,204.3
Алтайский край,2019,4,2703.0,703.0,1780.0,398.0,10.63,10.25,208.1,208.9
Алтайский край,2019,5,2321.0,614.0,1490.0,329.0,10.53,10.09,207.8,213.0
Алтайский край,2019,6,2656.0,728.0,1700.0,383.0,10.31,9.76,201.7,199.5
Алтайский край,2019,7,2694.0,481.0,1783.0,258.0,10.3,9.91,203.7,214.8
Алтайский край,2019,8,3122.0,678.0,1992.0,361.0,9.93,9.27,205.7,211.3
Алтайский край,2019,9,3090.0,732.0,1949.0,404.0,9.72,9.02,206.8,203.2
Алтайский край,2019,10,3177.0,753.0,1926.0,379.0,9.48,8.95,208.5,213.6
Алтайский край,2019,11,3133.0,722.0,1918.0,387.0,9.27,8.57,208.2,213.8
Алтайский край,2019,12,4259.0,888.0,2540.0,454.0,9.11,8.27,205.6,210.1
Алтайский край,2020,1,1905.0,448.0,1182.0,232.0,9.1,8.28,200.2,199.9
Алтайский край,2020,2,2834.0,672.0,1688.0,346.0,9.01,8.31,208.1,220.8
Алтайский край,2020,3,3782.0,910.0,2261.0,479.0,8.88,7.99,201.4,204.1
Алтайский край,2020,4,3347.0,762.0,2094.0,445.0,8.52,7.53,204.5,201.5
Алтайский край,2020,5,3001.0,1125.0,1811.0,640.0,7.67,6.29,206.8,200.1
Алтайский край,2020,6,4050.0,1750.0,2413.0,949.0,7.58,6.17,208.1,208.9
Алтайский край,2020,7,4865.0,1798.0,2786.0,906.0,7.41,5.99,216.3,214.0
Алтайский край,2020,8,4936.0,1795.0,2811.0,893.0,7.32,5.99,212.1,213.3
Алтайский край,2020,9,5717.0,1781.0,3246.0,864.0,7.36,5.89,209.8,211.2
Алтайский край,2020,10,6612.0,2179.0,3664.0,1079.0,7.32,5.91,217.0,215.0
Алтайский край,2020,11,6002.0,1633.0,3331.0,780.0,7.39,5.7,214.9,209.5
Алтайский край,2020,12,6357.0,1829.0,3394.0,835.0,7.39,5.91,218.5,217.5
Алтайский край,2021,1,2506.0,805.0,1346.0,371.0,7.33,6.01,216.7,219.3
Алтайский край,2021,2,4515.0,1350.0,2413.0,635.0,7.35,5.95,219.1,218.5
Алтайский край,2021,3,5815.0,1635.0,2973.0,714.0,7.22,5.72,225.9,232.2
Алтайский край,2021,4,5922.0,1750.0,3002.0,750.0,7.35,5.75,231.1,233.8
Алтайский край,2021,5,5116.0,1443.0,2547.0,605.0,7.49,5.59,231.5,241.3
Алтайский край,2021,6,6627.0,2261.0,3166.0,860.0,7.16,5.38,237.8,247.8
Алтайский край,2021,7,5169.0,1022.0,2594.0,434.0,7.71,5.73,236.6,242.6
Алтайский край,2021,8,5480.0,1368.0,2625.0,518.0,7.78,6.26,234.0,235.7
Алтайский край,2021,9,5949.0,1445.0,2736.0,534.0,7.83,6.3,241.0,243.5
Алтайский край,2021,10,5438.0,1378.0,2509.0,526.0,7.83,5.95,248.4,261.4
Алтайский край,2021,11,5783.0,1655.0,2585.0,629.0,7.88,6.07,247.8,254.4
Алтайский край,2021,12,7046.0,1920.0,3105.0,691.0,8.29,6.34,249.2,248.1
Алтайский край,2022,1,3342.0,1201.0,1383.0,410.0,8.19,6.02,261.5,268.4
Алтайский край,2022,2,5175.0,1670.0,2069.0,561.0,8.52,5.99,259.5,265.4
Алтайский край,2022,3,6011.0,2456.0,2430.0,863.0,8.47,5.71,261.1,263.0
Алтайский край,2022,4,1353.0,751.0,568.0,214.0,8.01,5.81,268.1,291.9
Алтайский край,2022,5,1137.0,534.0,456.0,131.0,8.13,5.29,256.5,287.6
Алтайский край,2022,6,2402.0,891.0,870.0,196.0,7.92,4.66,259.6,284.0
Алтайский край,2022,7,3381.0,1112.0,1316.0,258.0,7.99,4.76,260.5,284.3
Алтайский край,2022,8,4799.0,1594.0,1859.0,372.0,7.75,4.59,266.8,290.7
Алтайский край,2022,9,5750.0,1960.0,2111.0,443.0,7.71,4.27,272.5,294.6
Алтайский край,2022,10,5322.0,1352.0,1978.0,347.0,8.42,4.93,271.2,291.7
Алтайский край,2022,11,5285.0,1755.0,1914.0,462.0,8.22,4.83,273.5,294.1
Алтайский край,2022,12,7823.0,3260.0,2553.0,758.0,7.74,4.9,283.2,297.9
Алтайский край,2023,1,3083.0,1034.0,1083.0,251.0,8.66,5.68,281.9,300.2
Алтайский край,2023,2,4807.0,1717.0,1697.0,457.0,8.72,5.85,284.9,300.7
Алтайский край,2023,3,7143.0,2819.0,2496.0,766.0,8.61,6.11,282.8,296.3
Алтайский край,2023,4,6567.0,2138.0,2303.0,583.0,8.77,6.21,287.8,300.1
Алтайский край,2023,5,6444.0,2231.0,2293.0,602.0,8.87,6.27,287.9,301.1
Алтайский край,2023,6,7307.0,2148.0,2543.0,564.0,8.89,6.23,287.0,305.4
Алтайский край,2023,7,7402.0,2521.0,2461.0,638.0,8.79,6.21,286.1,303.9
Алтайский край,2023,8,10140.0,4004.0,3294.0,1004.0,8.47,5.91,291.1,305.1
Алтайский край,2023,9,11036.0,5112.0,3402.0,1188.0,8.56,6.33,298.8,312.1
Алтайский край,2023,10,8758.0,3813.0,2825.0,891.0,8.97,6.45,295.9,309.7
Алтайский край,2023,11,8266.0,3983.0,2716.0,995.0,8.9,6.78,294.2,310.4
Алтайский край,2023,12,8394.0,4652.0,2643.0,1133.0,8.48,6.39,299.9,316.3
Алтайский край,2024,1,2650.0,1164.0,964.0,292.0,9.26,6.26,290.4,312.9
Алтайский край,2024,2,3598.0,1318.0,1346.0,324.0,9.81,6.43,287.4,310.6
Алтайский край,2024,3,4963.0,2249.0,1645.0,508.0,8.74,6.47,296.8,316.3
Алтайский край,2024,4,5095.0,2232.0,1736.0,514.0,8.98,6.45,293.1,311.7
Алтайский край,2024,5,5910.0,3110.0,2041.0,721.0,8.81,6.23,296.7,318.6
Алтайский край,2024,6,8300.0,4793.0,2620.0,1108.0,8.04,6.31,303.1,317.5
Алтайский край,2024,7,3769.0,1064.0,1463.0,217.0,11.68,6.81,290.8,326.2
Алтайский край,2024,8,4015.0,1444.0,1406.0,326.0,9.86,6.15,292.2,324.5
Алтайский край,2024,9,4213.0,1782.0,1429.0,380.0,10.16,6.34,290.8,322.0
Алтайский край,2024,10,3642.0,1617.0,1292.0,344.0,10.64,6.21,295.1,330.0
Алтайский край,2024,11,2520.0,1293.0,916.0,291.0,9.89,6.17,296.0,325.4
Алтайский край,2024,12,2712.0,1762.0,935.0,388.0,9.85,7.18,294.9,317.2
Алтайский край,2025,1,1088.0,708.0,384.0,155.0,9.6,6.39,290.3,310.4
Алтайский край,2025,2,2121.0,1423.0,699.0,327.0,8.26,6.06,308.0,326.4
Алтайский край,2025,3,2313.0,1418.0,726.0,306.0,7.75,6.07,312.6,329.3
Алтайский край,2025,4,2543.0,1422.0,793.0,296.0,8.23,6.4,302.4,324.1
Алтайский край,2025,5,2772.0,1666.0,840.0,387.0,8.2,6.15,304.1,322.3
Алтайский край,2025,6,2997.0,1736.0,916.0,392.0,8.35,6.14,303.1,326.9
Алтайский край,2025,7,4389.0,2621.0,1262.0,581.0,7.66,6.01,308.2,321.6
Алтайский край,2025,8,4401.0,2605.0,1201.0,554.0,7.64,6.08,306.2,320.7
Алтайский край,2025,9,4248.0,2447.0,1189.0,528.0,8.08,6.26,303.8,324.1
Алтайский край,2025,10,5147.0,3044.0,1424.0,645.0,8.09,6.31,303.6,322.5
Алтайский край,2025,11,5236.0,3216.0,1413.0,680.0,8.1,6.16,309.8,329.4
Алтайский край,2025,12,8449.0,5086.0,2183.0,1080.0,7.92,6.34,313.0,330.5
Алтайский край,2026,1,3851.0,2331.0,966.0,488.0,7.94,6.15,308.8,327.4
Алтайский край,2026,2,2620.0,1065.0,860.0,227.0,10.91,6.84,276.8,320.7
Алтайский край,2026,3,3437.0,1337.0,1042.0,286.0,10.67,7.14,282.6,316.2
Алтайский край,2026,4,3475.0,1337.0,1112.0,277.0,10.94,7.14,280.0,321.4
Алтайский край,2026,5,3326.0,1275.0,973.0,249.0,10.09,6.43,283.1,323.3
Алтайский край,2026,6,4960.0,2059.0,1342.0,425.0,9.49,6.65,298.9,321.1
Алтайский край,2026,7,3736.0,1317.0,1113.0,272.0,11.22,7.26,281.4,310.9
Амурская область,2019,1,830.0,95.0,409.0,47.0,9.9,9.86,200.4,182.4
Амурская область,2019,2,1242.0,197.0,545.0,70.0,10.13,10.26,210.5,193.9
Амурская область,2019,3,1190.0,173.0,528.0,62.0,10.56,10.26,215.4,179.3
Амурская область,2019,4,1210.0,175.0,581.0,60.0,10.72,10.71,216.4,229.9
Амурская область,2019,5,985.0,111.0,470.0,50.0,10.77,10.3,208.8,208.2
Амурская область,2019,6,1060.0,114.0,508.0,52.0,10.32,10.03,210.6,199.5
Амурская область,2019,7,1130.0,213.0,518.0,63.0,10.22,10.3,214.8,207.3
Амурская область,2019,8,1290.0,166.0,570.0,59.0,10.05,9.63,221.2,241.0
Амурская область,2019,9,1296.0,257.0,556.0,84.0,9.71,9.49,215.6,198.8
Амурская область,2019,10,1335.0,223.0,570.0,84.0,9.48,8.95,212.5,199.0
Амурская область,2019,11,1427.0,145.0,624.0,54.0,9.27,8.75,213.9,221.0
Амурская область,2019,12,1692.0,239.0,731.0,81.0,8.94,6.69,216.6,207.4
Амурская область,2020,1,1085.0,267.0,436.0,80.0,7.8,5.39,218.2,213.5
Амурская область,2020,2,1638.0,442.0,645.0,138.0,6.8,4.41,213.1,209.9
Амурская область,2020,3,1766.0,325.0,675.0,87.0,7.26,5.73,218.1,224.1
Амурская область,2020,4,2109.0,250.0,826.0,80.0,6.73,4.75,220.0,217.8
Амурская область,2020,5,1333.0,286.0,536.0,101.0,7.07,5.15,219.5,204.3
Амурская область,2020,6,1500.0,292.0,607.0,93.0,7.0,4.79,215.6,207.8
Амурская область,2020,7,2218.0,403.0,844.0,130.0,6.75,5.0,222.7,199.9
Амурская область,2020,8,2139.0,385.0,812.0,109.0,6.65,5.44,222.1,228.1
Амурская область,2020,9,2529.0,614.0,908.0,161.0,6.57,5.3,222.7,214.5
Амурская область,2020,10,2887.0,592.0,1038.0,171.0,6.68,4.47,222.9,200.3
Амурская область,2020,11,2681.0,482.0,931.0,133.0,6.6,5.11,230.5,203.7
Амурская область,2020,12,3300.0,624.0,1121.0,170.0,6.34,4.66,232.3,221.6
Амурская область,2021,1,1424.0,365.0,487.0,84.0,6.33,4.6,233.3,232.0
Амурская область,2021,2,2352.0,589.0,765.0,150.0,6.22,4.68,233.2,236.1
Амурская область,2021,3,2930.0,655.0,906.0,151.0,6.56,5.52,237.1,242.8
Амурская область,2021,4,2805.0,532.0,882.0,141.0,6.67,4.83,244.9,249.6
Амурская область,2021,5,2523.0,514.0,786.0,119.0,6.74,5.03,239.7,251.0
Амурская область,2021,6,3056.0,825.0,936.0,177.0,6.76,5.24,246.2,244.9
Амурская область,2021,7,2482.0,304.0,804.0,83.0,6.89,5.96,240.0,243.6
Амурская область,2021,8,2530.0,508.0,735.0,98.0,7.02,6.68,249.7,256.4
Амурская область,2021,9,2709.0,599.0,811.0,132.0,6.9,4.6,248.9,232.9
Амурская область,2021,10,3130.0,720.0,845.0,143.0,6.26,4.95,250.1,250.0
Амурская область,2021,11,3348.0,810.0,892.0,164.0,6.07,5.14,252.8,256.8
Амурская область,2021,12,4540.0,966.0,1205.0,212.0,5.79,4.01,252.4,249.3
Амурская область,2022,1,2498.0,533.0,643.0,119.0,5.96,4.39,252.4,252.9
Амурская область,2022,2,3538.0,887.0,876.0,171.0,5.88,4.97,255.1,258.2
Амурская область,2022,3,4165.0,1041.0,1090.0,249.0,5.59,3.72,253.7,249.7
Амурская область,2022,4,1900.0,678.0,461.0,144.0,3.69,3.75,242.0,257.6
Амурская область,2022,5,1278.0,501.0,299.0,85.0,5.19,4.49,246.5,265.2
Амурская область,2022,6,1533.0,460.0,385.0,76.0,5.4,2.7,259.5,290.0
Амурская область,2022,7,1897.0,535.0,517.0,94.0,5.96,3.22,255.0,277.4
Амурская область,2022,8,3118.0,801.0,761.0,132.0,5.67,3.99,250.1,262.4
Амурская область,2022,9,3801.0,923.0,917.0,156.0,5.61,3.51,257.1,270.0
Амурская область,2022,10,3438.0,842.0,836.0,149.0,6.13,3.37,266.0,282.7
Амурская область,2022,11,3116.0,785.0,796.0,142.0,5.83,2.91,259.1,270.9
Амурская область,2022,12,5195.0,1595.0,1111.0,276.0,6.08,4.07,259.0,282.2
Амурская область,2023,1,1999.0,568.0,491.0,113.0,6.0,3.74,263.2,279.0
Амурская область,2023,2,3096.0,869.0,750.0,173.0,6.16,3.71,265.0,272.7
Амурская область,2023,3,4422.0,1478.0,1027.0,263.0,6.13,4.92,264.3,271.0
Амурская область,2023,4,3973.0,1064.0,932.0,205.0,6.37,4.99,267.4,274.4
Амурская область,2023,5,4381.0,1271.0,1040.0,237.0,6.52,5.09,267.2,273.6
Амурская область,2023,6,4331.0,1233.0,1049.0,244.0,6.53,4.67,265.4,265.2
Амурская область,2023,7,4618.0,1390.0,1053.0,253.0,6.26,4.82,269.2,278.8
Амурская область,2023,8,5382.0,1945.0,1207.0,372.0,6.72,5.18,278.7,287.2
Амурская область,2023,9,5871.0,2377.0,1303.0,464.0,6.39,4.95,279.6,288.4
Амурская область,2023,10,5193.0,1739.0,1185.0,336.0,6.16,5.07,270.3,278.6
Амурская область,2023,11,5285.0,2116.0,1208.0,408.0,6.08,4.88,277.1,291.2
Амурская область,2023,12,6139.0,2385.0,1351.0,451.0,5.89,5.4,275.2,295.0
Амурская область,2024,1,2234.0,500.0,497.0,93.0,5.81,4.72,259.7,285.6
Амурская область,2024,2,2190.0,501.0,535.0,95.0,7.14,5.38,269.3,281.4
Амурская область,2024,3,2576.0,767.0,620.0,147.0,6.62,5.34,268.6,283.2
Амурская область,2024,4,3097.0,1053.0,726.0,182.0,6.41,5.35,272.3,296.0
Амурская область,2024,5,3336.0,1324.0,820.0,258.0,6.74,5.46,277.7,297.4
Амурская область,2024,6,4484.0,2211.0,1039.0,424.0,6.24,5.54,282.7,291.0
Амурская область,2024,7,2727.0,787.0,709.0,142.0,6.05,3.91,248.4,250.1
Амурская область,2024,8,3194.0,1039.0,748.0,186.0,5.54,4.34,257.2,278.1
Амурская область,2024,9,2893.0,1073.0,639.0,195.0,5.3,4.26,258.1,262.9
Амурская область,2024,10,2614.0,1234.0,618.0,220.0,6.27,4.44,260.3,274.3
Амурская область,2024,11,2364.0,1438.0,525.0,249.0,5.7,3.62,257.2,263.1
Амурская область,2024,12,2834.0,1390.0,548.0,245.0,4.84,4.09,254.1,267.1
Амурская область,2025,1,1062.0,560.0,227.0,100.0,5.05,3.62,247.4,260.5
Амурская область,2025,2,1634.0,742.0,337.0,134.0,4.99,4.13,262.1,281.6
Амурская область,2025,3,1854.0,828.0,368.0,144.0,4.97,4.09,262.9,279.0
Амурская область,2025,4,2349.0,877.0,467.0,150.0,4.91,4.26,256.5,276.7
Амурская область,2025,5,2528.0,988.0,514.0,168.0,4.52,4.56,259.1,279.5
Амурская область,2025,6,2997.0,1125.0,593.0,192.0,4.73,4.73,260.3,280.9
Амурская область,2025,7,3162.0,1131.0,623.0,191.0,4.45,4.28,257.5,272.5
Амурская область,2025,8,3119.0,1139.0,635.0,191.0,4.91,4.62,261.5,285.8
Амурская область,2025,9,3069.0,1161.0,641.0,201.0,4.79,4.22,257.4,277.9
Амурская область,2025,10,3595.0,1337.0,718.0,218.0,5.14,4.67,263.5,289.8
Амурская область,2025,11,3072.0,1443.0,607.0,245.0,5.48,4.8,264.8,280.4
Амурская область,2025,12,5139.0,1807.0,940.0,301.0,5.23,4.62,266.5,288.1
Амурская область,2026,1,2792.0,828.0,517.0,143.0,5.75,5.66,273.7,310.3
Амурская область,2026,2,3005.0,717.0,581.0,117.0,5.37,4.66,244.7,259.5
Амурская область,2026,3,3064.0,839.0,591.0,140.0,5.89,5.4,250.9,274.9
Амурская область,2026,4,3567.0,1228.0,667.0,199.0,6.13,4.5,249.5,257.5
Амурская область,2026,5,2463.0,710.0,480.0,117.0,6.29,4.02,250.1,266.4
Амурская область,2026,6,3188.0,1126.0,614.0,184.0,6.12,4.55,259.4,274.3
Амурская область,2026,7,2856.0,1005.0,568.0,168.0,6.46,4.41,249.9,260.1
Архангельская область,2019,1,1659.0,519.0,844.0,222.0,9.72,9.72,189.3,189.1
Архангельская область,2019,2,2259.0,701.0,1139.0,305.0,10.11,10.1,193.9,196.5
Архангельская область,2019,3,2137.0,681.0,1115.0,304.0,10.32,10.26,197.9,193.1
Архангельская область,2019,4,2241.0,690.0,1161.0,311.0,10.52,10.28,196.8,195.9
Архангельская область,2019,5,1740.0,522.0,895.0,239.0,10.45,10.29,195.6,187.8
Архангельская область,2019,6,1888.0,614.0,970.0,294.0,10.17,10.02,198.1,197.8
Архангельская область,2019,7,2029.0,657.0,1047.0,283.0,10.09,9.99,200.1,200.0
Архангельская область,2019,8,2271.0,673.0,1094.0,275.0,9.86,9.77,200.6,193.8
Архангельская область,2019,9,2422.0,826.0,1146.0,321.0,9.62,9.41,200.2,202.8
Архангельская область,2019,10,2509.0,724.0,1259.0,325.0,9.42,9.25,203.7,196.4
Архангельская область,2019,11,2684.0,821.0,1268.0,315.0,9.24,8.73,204.8,206.7
Архангельская область,2019,12,3491.0,881.0,1698.0,354.0,9.07,8.48,198.2,197.4
Архангельская область,2020,1,1837.0,611.0,834.0,226.0,8.98,8.49,202.0,210.5
Архангельская область,2020,2,2444.0,762.0,1164.0,290.0,8.89,8.28,212.0,221.0
Архангельская область,2020,3,2732.0,802.0,1286.0,317.0,8.84,8.21,201.7,208.1
Архангельская область,2020,4,1822.0,484.0,889.0,200.0,8.67,7.72,202.9,207.2
Архангельская область,2020,5,2191.0,935.0,1059.0,393.0,7.64,6.29,199.6,195.6
Архангельская область,2020,6,2818.0,990.0,1285.0,403.0,7.76,6.22,206.5,205.9
Архангельская область,2020,7,3599.0,1388.0,1624.0,520.0,7.42,6.01,204.9,202.6
Архангельская область,2020,8,3529.0,1434.0,1524.0,507.0,7.41,6.2,201.5,202.8
Архангельская область,2020,9,4774.0,1746.0,2109.0,637.0,7.3,6.08,203.7,200.7
Архангельская область,2020,10,4684.0,1592.0,2122.0,619.0,7.39,6.19,207.6,208.1
Архангельская область,2020,11,4178.0,1279.0,1830.0,458.0,7.54,6.27,211.0,205.5
Архангельская область,2020,12,4779.0,1375.0,2095.0,494.0,7.49,6.16,209.2,202.5
Архангельская область,2021,1,2111.0,741.0,910.0,257.0,7.38,6.17,213.8,211.0
Архангельская область,2021,2,3391.0,1066.0,1415.0,350.0,7.38,6.07,214.1,213.3
Архангельская область,2021,3,4014.0,1190.0,1665.0,370.0,7.32,6.0,219.6,229.0
Архангельская область,2021,4,4520.0,1408.0,1851.0,451.0,7.35,5.81,224.4,227.6
Архангельская область,2021,5,3540.0,1023.0,1433.0,326.0,7.25,5.18,226.4,224.4
Архангельская область,2021,6,4420.0,1716.0,1652.0,504.0,6.98,5.32,230.2,231.9
Архангельская область,2021,7,3450.0,707.0,1431.0,223.0,7.89,6.51,228.5,228.0
Архангельская область,2021,8,3294.0,897.0,1327.0,277.0,7.82,6.49,228.9,244.3
Архангельская область,2021,9,3727.0,984.0,1421.0,272.0,7.74,6.45,235.0,236.6
Архангельская область,2021,10,4329.0,1304.0,1633.0,362.0,7.75,6.07,232.8,233.7
Архангельская область,2021,11,4072.0,1277.0,1551.0,379.0,7.69,5.95,240.9,246.5
Архангельская область,2021,12,4854.0,1521.0,1824.0,472.0,8.0,6.11,246.4,247.2
Архангельская область,2022,1,2329.0,855.0,834.0,249.0,8.31,6.27,251.3,246.8
Архангельская область,2022,2,3614.0,1281.0,1234.0,358.0,8.31,5.85,248.6,247.4
Архангельская область,2022,3,4736.0,2081.0,1688.0,627.0,8.44,5.97,253.2,255.9
Архангельская область,2022,4,1045.0,630.0,399.0,169.0,8.56,6.47,249.4,266.4
Архангельская область,2022,5,946.0,599.0,311.0,127.0,7.42,5.35,262.0,280.5
Архангельская область,2022,6,1605.0,818.0,501.0,162.0,6.89,4.43,266.2,288.3
Архангельская область,2022,7,2393.0,1021.0,806.0,212.0,6.91,3.95,260.2,287.5
Архангельская область,2022,8,3175.0,1509.0,1009.0,326.0,6.36,3.64,269.0,301.2
Архангельская область,2022,9,4158.0,1806.0,1286.0,363.0,6.83,3.73,266.6,291.2
Архангельская область,2022,10,3581.0,1439.0,1237.0,348.0,7.15,3.93,271.1,294.0
Архангельская область,2022,11,3947.0,1824.0,1269.0,440.0,6.77,3.51,275.5,294.4
Архангельская область,2022,12,5769.0,3021.0,1717.0,669.0,6.54,3.83,283.8,306.9
Архангельская область,2023,1,2290.0,869.0,689.0,197.0,8.18,5.04,268.6,293.5
Архангельская область,2023,2,3216.0,1362.0,1011.0,305.0,8.24,5.66,278.5,294.4
Архангельская область,2023,3,4199.0,1749.0,1336.0,424.0,8.47,6.04,279.2,300.5
Архангельская область,2023,4,4104.0,1548.0,1315.0,389.0,8.73,6.25,277.4,293.0
Архангельская область,2023,5,3982.0,1529.0,1291.0,388.0,8.78,6.41,273.4,283.0
Архангельская область,2023,6,4286.0,1530.0,1394.0,392.0,8.96,6.53,279.8,296.2
Архангельская область,2023,7,4314.0,1627.0,1392.0,433.0,8.5,6.05,275.4,289.8
Архангельская область,2023,8,5373.0,2460.0,1572.0,569.0,8.29,5.97,281.2,286.9
Архангельская область,2023,9,6044.0,2913.0,1721.0,672.0,8.31,5.98,287.3,296.4
Архангельская область,2023,10,4910.0,2118.0,1454.0,472.0,8.8,6.1,282.5,296.7
Архангельская область,2023,11,4524.0,2411.0,1381.0,553.0,8.42,6.15,292.9,310.1
Архангельская область,2023,12,5682.0,2656.0,1615.0,583.0,6.85,5.68,276.0,299.0
Архангельская область,2024,1,2440.0,788.0,764.0,187.0,6.46,5.79,260.6,291.9
Архангельская область,2024,2,2982.0,900.0,937.0,209.0,6.88,6.01,259.0,297.2
Архангельская область,2024,3,4016.0,1642.0,1164.0,369.0,6.11,5.43,264.5,289.4
Архангельская область,2024,4,4483.0,1926.0,1308.0,460.0,5.71,4.99,258.6,275.0
Архангельская область,2024,5,4453.0,1869.0,1301.0,446.0,6.33,5.72,266.6,288.7
Архангельская область,2024,6,5356.0,2859.0,1519.0,671.0,6.31,5.81,279.0,297.9
Архангельская область,2024,7,3681.0,1175.0,1154.0,257.0,6.08,4.01,245.4,259.5
Архангельская область,2024,8,3998.0,1602.0,1129.0,355.0,5.44,3.94,252.2,261.1
Архангельская область,2024,9,3894.0,1683.0,1076.0,384.0,5.68,4.01,252.7,261.8
Архангельская область,2024,10,3691.0,1626.0,1039.0,360.0,6.15,4.13,251.2,261.5
Архангельская область,2024,11,2441.0,1703.0,737.0,403.0,5.37,3.74,254.5,260.6
Архангельская область,2024,12,2440.0,1873.0,690.0,455.0,5.24,3.92,258.2,262.3
Архангельская область,2025,1,893.0,614.0,270.0,150.0,5.65,4.5,251.5,253.0
Архангельская область,2025,2,2102.0,1337.0,571.0,302.0,4.93,3.9,259.7,267.9
Архангельская область,2025,3,2005.0,1290.0,529.0,274.0,5.48,4.22,264.8,272.5
Архангельская область,2025,4,2876.0,1528.0,723.0,326.0,4.82,4.39,265.0,283.9
Архангельская область,2025,5,2926.0,1299.0,747.0,276.0,4.96,4.36,257.9,278.3
Архангельская область,2025,6,3233.0,1476.0,814.0,327.0,4.62,4.37,259.2,273.2
Архангельская область,2025,7,3430.0,1581.0,862.0,326.0,5.09,4.59,260.4,281.4
Архангельская область,2025,8,3306.0,1685.0,869.0,375.0,5.31,4.28,263.6,274.3
Архангельская область,2025,9,3621.0,1953.0,938.0,425.0,5.69,4.69,260.4,274.3
Архангельская область,2025,10,4024.0,2107.0,1027.0,452.0,5.77,5.06,260.2,278.4
Архангельская область,2025,11,3938.0,2063.0,1007.0,431.0,5.76,4.92,262.2,278.8
Архангельская область,2025,12,6246.0,3095.0,1529.0,661.0,5.38,4.69,262.0,279.0
Архангельская область,2026,1,2658.0,1450.0,666.0,290.0,6.56,5.5,268.3,287.0
Архангельская область,2026,2,3243.0,1345.0,850.0,288.0,5.77,4.38,248.6,261.0
Архангельская область,2026,3,3555.0,1361.0,960.0,305.0,6.19,4.39,246.1,265.5
Архангельская область,2026,4,4182.0,1762.0,1059.0,378.0,5.89,4.05,245.4,255.2
Архангельская область,2026,5,3426.0,1266.0,859.0,262.0,6.34,4.74,246.7,263.5
Архангельская область,2026,6,4081.0,1722.0,1001.0,341.0,6.62,5.02,256.7,276.9
Архангельская область,2026,7,4064.0,1817.0,1012.0,368.0,6.49,4.42,242.9,254.3
Архангельская область без данных по Ненецкому автономному округу,2019,1,1606.0,506.0,820.0,216.0,9.79,9.74,189.8,190.3
Архангельская область без данных по Ненецкому автономному округу,2019,2,2187.0,675.0,1108.0,296.0,10.13,10.11,194.1,196.6
Архангельская область без данных по Ненецкому автономному округу,2019,3,2065.0,647.0,1087.0,295.0,10.39,10.31,198.6,193.0
Архангельская область без данных по Ненецкому автономному округу,2019,4,2170.0,663.0,1129.0,300.0,10.56,10.27,197.0,196.9
Архангельская область без данных по Ненецкому автономному округу,2019,5,1651.0,503.0,859.0,232.0,10.59,10.29,196.7,188.9
Архангельская область без данных по Ненецкому автономному округу,2019,6,1816.0,590.0,942.0,285.0,10.28,10.01,198.0,197.5
Архангельская область без данных по Ненецкому автономному округу,2019,7,1895.0,611.0,999.0,269.0,10.23,9.98,200.5,199.0
Архангельская область без данных по Ненецкому автономному округу,2019,8,2172.0,647.0,1054.0,263.0,9.93,9.75,201.0,194.3
Архангельская область без данных по Ненецкому автономному округу,2019,9,2343.0,800.0,1112.0,312.0,9.65,9.45,200.7,203.7
Архангельская область без данных по Ненецкому автономному округу,2019,10,2414.0,702.0,1221.0,317.0,9.42,9.25,203.7,194.8
Архангельская область без данных по Ненецкому автономному округу,2019,11,2613.0,800.0,1239.0,308.0,9.24,8.73,205.1,208.6
Архангельская область без данных по Ненецкому автономному округу,2019,12,3387.0,858.0,1655.0,345.0,9.06,8.47,198.9,199.9
Архангельская область без данных по Ненецкому автономному округу,2020,1,1768.0,594.0,808.0,219.0,8.98,8.49,202.3,212.5
Архангельская область без данных по Ненецкому автономному округу,2020,2,2378.0,729.0,1137.0,280.0,8.89,8.26,211.3,219.7
Архангельская область без данных по Ненецкому автономному округу,2020,3,2638.0,772.0,1252.0,305.0,8.85,8.23,200.5,207.7
Архангельская область без данных по Ненецкому автономному округу,2020,4,1748.0,459.0,859.0,190.0,8.66,7.7,202.7,208.2
Архангельская область без данных по Ненецкому автономному округу,2020,5,2132.0,906.0,1034.0,382.0,7.64,6.29,200.1,196.4
Архангельская область без данных по Ненецкому автономному округу,2020,6,2690.0,941.0,1244.0,384.0,7.77,6.25,206.9,205.8
Архангельская область без данных по Ненецкому автономному округу,2020,7,3426.0,1298.0,1563.0,495.0,7.42,6.0,205.3,203.6
Архангельская область без данных по Ненецкому автономному округу,2020,8,3387.0,1371.0,1473.0,487.0,7.41,6.19,201.5,202.5
Архангельская область без данных по Ненецкому автономному округу,2020,9,4640.0,1695.0,2061.0,622.0,7.31,6.08,203.5,199.8
Архангельская область без данных по Ненецкому автономному округу,2020,10,4551.0,1538.0,2073.0,601.0,7.39,6.2,207.7,208.8
Архангельская область без данных по Ненецкому автономному округу,2020,11,4063.0,1241.0,1787.0,446.0,7.54,6.28,210.8,204.9
Архангельская область без данных по Ненецкому автономному округу,2020,12,4574.0,1315.0,2028.0,478.0,7.49,6.16,209.2,202.5
Архангельская область без данных по Ненецкому автономному округу,2021,1,1988.0,701.0,869.0,247.0,7.4,6.19,214.0,209.6
Архангельская область без данных по Ненецкому автономному округу,2021,2,3236.0,1007.0,1366.0,335.0,7.39,6.07,214.6,213.8
Архангельская область без данных по Ненецкому автономному округу,2021,3,3908.0,1150.0,1631.0,362.0,7.32,5.99,219.8,231.0
Архангельская область без данных по Ненецкому автономному округу,2021,4,4359.0,1362.0,1795.0,438.0,7.35,5.81,224.6,228.3
Архангельская область без данных по Ненецкому автономному округу,2021,5,3391.0,969.0,1388.0,315.0,7.23,5.13,227.2,227.4
Архангельская область без данных по Ненецкому автономному округу,2021,6,4306.0,1681.0,1607.0,492.0,6.97,5.32,230.9,232.4
Архангельская область без данных по Ненецкому автономному округу,2021,7,3313.0,659.0,1383.0,209.0,7.89,6.49,229.2,231.1
Архангельская область без данных по Ненецкому автономному округу,2021,8,3189.0,842.0,1290.0,261.0,7.85,6.55,228.6,243.7
Архангельская область без данных по Ненецкому автономному округу,2021,9,3611.0,962.0,1380.0,266.0,7.72,6.43,235.1,238.0
Архангельская область без данных по Ненецкому автономному округу,2021,10,4130.0,1271.0,1571.0,353.0,7.73,6.08,233.9,234.6
Архангельская область без данных по Ненецкому автономному округу,2021,11,3911.0,1230.0,1499.0,366.0,7.69,5.96,240.9,246.4
Архангельская область без данных по Ненецкому автономному округу,2021,12,4649.0,1457.0,1766.0,455.0,8.02,6.15,245.6,245.3
Архангельская область без данных по Ненецкому автономному округу,2022,1,2264.0,841.0,809.0,244.0,8.29,6.31,251.4,247.7
Архангельская область без данных по Ненецкому автономному округу,2022,2,3482.0,1222.0,1195.0,346.0,8.35,5.9,248.9,247.0
Архангельская область без данных по Ненецкому автономному округу,2022,3,4540.0,2003.0,1630.0,608.0,8.44,5.94,253.4,257.3
Архангельская область без данных по Ненецкому автономному округу,2022,4,968.0,573.0,382.0,159.0,8.57,6.39,247.6,264.5
Архангельская область без данных по Ненецкому автономному округу,2022,5,924.0,595.0,306.0,126.0,7.38,5.33,260.5,280.0
Архангельская область без данных по Ненецкому автономному округу,2022,6,1522.0,776.0,481.0,154.0,6.87,4.43,267.4,289.7
Архангельская область без данных по Ненецкому автономному округу,2022,7,2266.0,992.0,773.0,206.0,6.85,4.01,259.3,286.4
Архангельская область без данных по Ненецкому автономному округу,2022,8,3012.0,1458.0,967.0,318.0,6.37,3.71,270.1,301.0
Архангельская область без данных по Ненецкому автономному округу,2022,9,4010.0,1742.0,1247.0,354.0,6.83,3.73,267.5,292.0
Архангельская область без данных по Ненецкому автономному округу,2022,10,3456.0,1404.0,1203.0,341.0,7.12,3.91,270.9,293.7
Архангельская область без данных по Ненецкому автономному округу,2022,11,3782.0,1775.0,1230.0,428.0,6.76,3.5,276.6,296.2
Архангельская область без данных по Ненецкому автономному округу,2022,12,5604.0,2920.0,1678.0,649.0,6.57,3.86,284.0,307.1
Архангельская область без данных по Ненецкому автономному округу,2023,1,2186.0,833.0,664.0,194.0,8.25,5.1,267.3,290.7
Архангельская область без данных по Ненецкому автономному округу,2023,2,3109.0,1333.0,981.0,299.0,8.23,5.67,279.1,295.5
Архангельская область без данных по Ненецкому автономному округу,2023,3,3984.0,1683.0,1280.0,410.0,8.46,6.04,280.0,300.6
Архангельская область без данных по Ненецкому автономному округу,2023,4,3910.0,1492.0,1264.0,374.0,8.7,6.24,277.9,294.8
Архангельская область без данных по Ненецкому автономному округу,2023,5,3837.0,1485.0,1248.0,378.0,8.77,6.41,274.5,285.0
Архангельская область без данных по Ненецкому автономному округу,2023,6,4048.0,1457.0,1337.0,377.0,8.92,6.47,279.0,295.1
Архангельская область без данных по Ненецкому автономному округу,2023,7,4204.0,1600.0,1356.0,425.0,8.47,6.03,276.1,290.8
Архангельская область без данных по Ненецкому автономному округу,2023,8,5176.0,2367.0,1524.0,549.0,8.31,6.0,281.2,286.8
Архангельская область без данных по Ненецкому автономному округу,2023,9,5884.0,2851.0,1683.0,660.0,8.29,5.99,287.2,296.4
Архангельская область без данных по Ненецкому автономному округу,2023,10,4735.0,2034.0,1419.0,456.0,8.78,6.1,281.4,296.5
Архангельская область без данных по Ненецкому автономному округу,2023,11,4399.0,2326.0,1345.0,537.0,8.43,6.12,293.0,310.3
Архангельская область без данных по Ненецкому автономному округу,2023,12,5500.0,2528.0,1574.0,561.0,6.86,5.67,275.5,298.3
Архангельская область без данных по Ненецкому автономному округу,2024,1,2358.0,757.0,743.0,182.0,6.39,5.81,260.8,292.6
Архангельская область без данных по Ненецкому автономному округу,2024,2,2882.0,876.0,909.0,204.0,6.72,6.01,257.8,296.1
Архангельская область без данных по Ненецкому автономному округу,2024,3,3890.0,1570.0,1132.0,356.0,6.04,5.39,263.0,287.2
Архангельская область без данных по Ненецкому автономному округу,2024,4,4379.0,1856.0,1275.0,444.0,5.66,4.96,257.8,274.2
Архангельская область без данных по Ненецкому автономному округу,2024,5,4302.0,1791.0,1258.0,427.0,6.26,5.7,265.2,286.0
Архангельская область без данных по Ненецкому автономному округу,2024,6,5167.0,2730.0,1461.0,640.0,6.26,5.81,278.2,296.8
Архангельская область без данных по Ненецкому автономному округу,2024,7,3593.0,1145.0,1125.0,251.0,5.99,3.95,244.7,257.3
Архангельская область без данных по Ненецкому автономному округу,2024,8,3889.0,1555.0,1096.0,343.0,5.4,3.9,251.6,260.4
Архангельская область без данных по Ненецкому автономному округу,2024,9,3795.0,1636.0,1046.0,376.0,5.65,3.96,251.4,259.6
Архангельская область без данных по Ненецкому автономному округу,2024,10,3657.0,1605.0,1025.0,355.0,6.16,4.13,251.3,261.4
Архангельская область без данных по Ненецкому автономному округу,2024,11,2409.0,1684.0,727.0,398.0,5.31,3.72,254.4,260.6
Архангельская область без данных по Ненецкому автономному округу,2024,12,2330.0,1793.0,668.0,440.0,5.18,3.85,257.0,261.3
Архангельская область без данных по Ненецкому автономному округу,2025,1,860.0,584.0,262.0,144.0,5.43,4.18,248.9,249.1
Архангельская область без данных по Ненецкому автономному округу,2025,2,2064.0,1317.0,559.0,297.0,4.86,3.89,259.3,268.1
Архангельская область без данных по Ненецкому автономному округу,2025,3,1930.0,1250.0,511.0,266.0,5.42,4.19,264.6,272.9
Архангельская область без данных по Ненецкому автономному округу,2025,4,2795.0,1478.0,703.0,315.0,4.73,4.35,264.0,282.9
Архангельская область без данных по Ненецкому автономному округу,2025,5,2841.0,1269.0,729.0,270.0,4.92,4.35,257.0,277.2
Архангельская область без данных по Ненецкому автономному округу,2025,6,3086.0,1404.0,784.0,311.0,4.49,4.38,257.7,273.4
Архангельская область без данных по Ненецкому автономному округу,2025,7,3288.0,1492.0,829.0,308.0,5.02,4.54,258.5,279.0
Архангельская область без данных по Ненецкому автономному округу,2025,8,3183.0,1607.0,841.0,361.0,5.27,4.23,262.5,272.2
Архангельская область без данных по Ненецкому автономному округу,2025,9,3451.0,1858.0,902.0,407.0,5.59,4.57,258.7,273.3
Архангельская область без данных по Ненецкому автономному округу,2025,10,3887.0,2024.0,996.0,436.0,5.74,5.02,259.4,277.5
Архангельская область без данных по Ненецкому автономному округу,2025,11,3823.0,1975.0,986.0,419.0,5.61,4.65,260.7,276.9
Архангельская область без данных по Ненецкому автономному округу,2025,12,6022.0,2950.0,1487.0,637.0,5.3,4.58,260.6,277.1
Архангельская область без данных по Ненецкому автономному округу,2026,1,2581.0,1401.0,650.0,281.0,6.5,5.43,267.0,285.5
Архангельская область без данных по Ненецкому автономному округу,2026,2,3102.0,1290.0,817.0,275.0,5.71,4.29,247.5,259.6
Архангельская область без данных по Ненецкому автономному округу,2026,3,3443.0,1316.0,929.0,295.0,6.08,4.3,245.5,264.0
Архангельская область без данных по Ненецкому автономному округу,2026,4,4057.0,1731.0,1026.0,372.0,5.88,4.01,245.5,254.8
Архангельская область без данных по Ненецкому автономному округу,2026,5,3265.0,1195.0,824.0,249.0,6.35,4.73,245.6,259.7
Архангельская область без данных по Ненецкому автономному округу,2026,6,3881.0,1641.0,965.0,327.0,6.52,5.02,255.9,275.0
Архангельская область без данных по Ненецкому автономному округу,2026,7,3869.0,1732.0,972.0,355.0,6.29,4.3,241.8,253.6
Астраханская область,2019,1,789.0,153.0,450.0,66.0,9.87,9.84,202.6,215.3
Астраханская область,2019,2,1025.0,279.0,577.0,114.0,10.19,10.03,219.2,227.7
Астраханская область,2019,3,1136.0,246.0,579.0,107.0,10.49,10.16,197.8,224.7
Астраханская область,2019,4,1021.0,214.0,595.0,99.0,10.61,10.36,213.6,220.4
Астраханская область,2019,5,865.0,194.0,463.0,79.0,10.53,10.22,219.0,231.1
Астраханская область,2019,6,1125.0,282.0,627.0,110.0,10.24,9.9,210.4,228.7
Астраханская область,2019,7,1154.0,278.0,631.0,107.0,10.15,9.8,216.9,213.9
Астраханская область,2019,8,1127.0,221.0,657.0,83.0,9.97,9.77,206.6,221.4
Астраханская область,2019,9,1339.0,302.0,705.0,114.0,9.62,8.96,216.2,235.5
Астраханская область,2019,10,1341.0,307.0,696.0,109.0,9.42,8.73,216.2,225.7
Астраханская область,2019,11,1415.0,211.0,742.0,79.0,9.27,8.54,214.4,228.6
Астраханская область,2019,12,1651.0,388.0,842.0,120.0,8.92,8.06,216.3,243.3
Астраханская область,2020,1,855.0,223.0,442.0,71.0,9.07,8.69,218.6,234.6
Астраханская область,2020,2,1279.0,270.0,652.0,93.0,8.86,8.18,219.3,238.0
Астраханская область,2020,3,1513.0,348.0,743.0,119.0,8.72,7.65,222.9,238.4
Астраханская область,2020,4,960.0,175.0,533.0,66.0,8.68,7.39,215.5,220.0
Астраханская область,2020,5,955.0,346.0,500.0,132.0,7.48,6.13,211.4,214.5
Астраханская область,2020,6,1614.0,440.0,768.0,153.0,7.71,5.95,221.7,227.3
Астраханская область,2020,7,1808.0,508.0,882.0,189.0,7.53,6.0,227.1,223.6
Астраханская область,2020,8,1698.0,460.0,855.0,160.0,7.37,5.74,221.3,230.7
Астраханская область,2020,9,2169.0,613.0,1029.0,198.0,7.38,6.05,220.1,222.1
Астраханская область,2020,10,2526.0,758.0,1096.0,228.0,7.43,6.0,227.1,230.8
Астраханская область,2020,11,2170.0,585.0,960.0,174.0,7.28,5.83,229.0,239.7
Астраханская область,2020,12,2295.0,517.0,1003.0,158.0,7.49,5.88,230.7,233.1
Астраханская область,2021,1,1057.0,317.0,481.0,96.0,7.11,5.95,230.2,238.9
Астраханская область,2021,2,1635.0,354.0,716.0,93.0,7.13,5.7,233.5,248.1
Астраханская область,2021,3,2366.0,622.0,1015.0,167.0,6.89,5.63,231.9,253.4
Астраханская область,2021,4,2297.0,508.0,1011.0,156.0,7.04,5.45,240.8,251.5
Астраханская область,2021,5,1871.0,475.0,772.0,127.0,7.4,5.34,242.3,256.2
Астраханская область,2021,6,2296.0,778.0,907.0,188.0,7.18,5.58,247.5,263.0
Астраханская область,2021,7,2159.0,445.0,899.0,109.0,7.41,6.3,239.4,252.8
Астраханская область,2021,8,2120.0,428.0,886.0,106.0,7.87,6.72,245.3,253.1
Астраханская область,2021,9,2409.0,600.0,957.0,148.0,7.74,6.49,247.5,250.2
Астраханская область,2021,10,2448.0,616.0,957.0,159.0,7.87,6.33,250.0,260.6
Астраханская область,2021,11,2612.0,812.0,897.0,184.0,7.8,5.97,256.0,262.6
Астраханская область,2021,12,3046.0,785.0,1099.0,193.0,8.05,5.48,261.7,280.9
Астраханская область,2022,1,1595.0,484.0,510.0,112.0,8.16,6.02,271.0,267.7
Астраханская область,2022,2,2167.0,730.0,755.0,162.0,8.37,5.61,269.3,271.4
Астраханская область,2022,3,2699.0,977.0,960.0,253.0,8.55,5.42,277.2,296.8
Астраханская область,2022,4,761.0,388.0,309.0,86.0,7.71,5.36,267.5,281.8
Астраханская область,2022,5,594.0,330.0,197.0,50.0,7.29,4.31,279.8,304.6
Астраханская область,2022,6,1138.0,404.0,408.0,67.0,7.02,3.33,267.0,303.9
Астраханская область,2022,7,1840.0,696.0,624.0,114.0,6.77,3.13,273.9,307.3
Астраханская область,2022,8,2638.0,934.0,876.0,175.0,6.98,3.63,280.5,316.2
Астраханская область,2022,9,3257.0,1208.0,992.0,207.0,6.86,3.31,286.5,319.3
Астраханская область,2022,10,2877.0,757.0,949.0,137.0,7.43,3.23,285.3,327.6
Астраханская область,2022,11,2491.0,762.0,850.0,137.0,7.54,3.13,281.1,319.9
Астраханская область,2022,12,4094.0,1616.0,1242.0,296.0,6.91,3.37,293.6,319.3
Астраханская область,2023,1,1499.0,401.0,517.0,87.0,8.52,4.55,288.0,321.5
Астраханская область,2023,2,2305.0,815.0,752.0,166.0,8.22,5.08,294.4,321.2
Астраханская область,2023,3,3404.0,1439.0,1042.0,300.0,7.99,5.46,296.7,321.7
Астраханская область,2023,4,3299.0,1198.0,1025.0,272.0,8.4,5.99,295.9,314.7
Астраханская область,2023,5,3400.0,1158.0,1078.0,270.0,8.5,6.09,298.6,318.3
Астраханская область,2023,6,3900.0,1302.0,1275.0,315.0,8.63,6.14,297.0,315.7
Астраханская область,2023,7,4135.0,1433.0,1284.0,340.0,8.4,6.11,303.0,320.8
Астраханская область,2023,8,5348.0,2107.0,1584.0,526.0,8.05,5.81,305.7,324.2
Астраханская область,2023,9,6042.0,2830.0,1737.0,643.0,7.84,5.7,309.0,325.3
Астраханская область,2023,10,5044.0,2152.0,1480.0,478.0,8.27,6.09,305.3,321.3
Астраханская область,2023,11,4674.0,2383.0,1369.0,543.0,8.0,6.16,308.5,318.8
Астраханская область,2023,12,5741.0,3217.0,1510.0,713.0,7.76,6.26,315.3,327.7
Астраханская область,2024,1,2144.0,1205.0,691.0,288.0,7.93,6.21,311.5,330.4
Астраханская область,2024,2,1965.0,789.0,664.0,168.0,9.2,6.29,301.7,322.1
Астраханская область,2024,3,2784.0,1413.0,928.0,321.0,8.45,6.74,311.2,323.7
Астраханская область,2024,4,2850.0,1317.0,958.0,308.0,8.24,6.32,311.2,320.7
Астраханская область,2024,5,3715.0,1865.0,1332.0,447.0,7.98,6.29,320.0,333.9
Астраханская область,2024,6,6270.0,4002.0,2088.0,924.0,7.25,6.41,321.8,326.6
Астраханская область,2024,7,2674.0,716.0,1019.0,142.0,8.81,6.21,312.0,334.1
Астраханская область,2024,8,2811.0,978.0,832.0,194.0,8.8,6.54,310.3,324.2
Астраханская область,2024,9,2797.0,1188.0,808.0,246.0,8.19,6.74,317.2,330.2
Астраханская область,2024,10,2691.0,1357.0,789.0,270.0,9.5,6.08,313.4,337.4
Астраханская область,2024,11,2140.0,1139.0,657.0,240.0,8.86,5.87,326.0,341.3
Астраханская область,2024,12,2349.0,1571.0,668.0,327.0,8.02,6.35,330.4,343.5
Астраханская область,2025,1,950.0,659.0,305.0,162.0,7.82,6.32,314.2,327.6
Астраханская область,2025,2,1440.0,938.0,393.0,190.0,7.53,5.91,320.9,339.6
Астраханская область,2025,3,1867.0,1145.0,469.0,228.0,7.04,6.06,331.4,339.9
Астраханская область,2025,4,1902.0,990.0,468.0,204.0,7.27,6.06,328.3,338.8
Астраханская область,2025,5,2650.0,1574.0,589.0,298.0,7.01,5.93,330.2,340.6
Астраханская область,2025,6,2438.0,1405.0,525.0,261.0,6.22,4.86,336.4,342.7
Астраханская область,2025,7,2761.0,1330.0,634.0,245.0,6.63,4.88,328.4,343.1
Астраханская область,2025,8,3136.0,1542.0,666.0,269.0,6.73,4.88,331.2,346.7
Астраханская область,2025,9,2968.0,1453.0,673.0,261.0,6.84,5.51,326.5,341.0
Астраханская область,2025,10,3930.0,2128.0,845.0,373.0,7.16,5.77,324.3,341.0
Астраханская область,2025,11,3546.0,2045.0,753.0,358.0,6.75,5.27,329.6,347.9
Астраханская область,2025,12,5887.0,3310.0,1223.0,597.0,6.61,5.4,332.2,345.0
Астраханская область,2026,1,3371.0,2013.0,659.0,340.0,6.8,5.67,328.3,342.0
Астраханская область,2026,2,2208.0,816.0,532.0,159.0,8.72,5.86,317.2,340.0
Астраханская область,2026,3,2228.0,841.0,544.0,155.0,8.53,5.83,310.5,339.2
Астраханская область,2026,4,2636.0,1059.0,603.0,198.0,8.46,6.11,314.8,337.0
Астраханская область,2026,5,2084.0,878.0,496.0,161.0,8.49,5.93,315.0,340.4
Астраханская область,2026,6,3605.0,1607.0,761.0,277.0,8.32,6.56,318.9,337.0
Астраханская область,2026,7,3213.0,1169.0,729.0,221.0,8.44,5.86,315.4,333.4
Белгородская область,2019,1,1283.0,289.0,715.0,129.0,9.82,9.81,204.1,214.1
Белгородская область,2019,2,1582.0,338.0,885.0,157.0,10.12,10.17,208.3,200.1
Белгородская область,2019,3,1535.0,350.0,823.0,148.0,10.43,10.03,206.4,218.2
Белгородская область,2019,4,1655.0,340.0,920.0,149.0,10.63,10.26,212.4,209.3
Белгородская область,2019,5,1375.0,280.0,766.0,119.0,10.7,10.3,211.0,209.3
Белгородская область,2019,6,1542.0,358.0,844.0,145.0,10.35,10.1,218.6,224.4
Белгородская область,2019,7,1560.0,336.0,863.0,125.0,10.2,10.15,216.1,232.3
Белгородская область,2019,8,1836.0,351.0,993.0,148.0,9.95,9.64,213.1,211.6
Белгородская область,2019,9,1776.0,356.0,947.0,143.0,9.69,9.66,207.1,218.7
Белгородская область,2019,10,1891.0,433.0,1022.0,169.0,9.38,8.88,208.9,218.6
Белгородская область,2019,11,1785.0,437.0,933.0,182.0,9.21,8.56,216.0,220.4
Белгородская область,2019,12,2428.0,464.0,1230.0,166.0,9.1,8.6,216.5,232.5
Белгородская область,2020,1,1397.0,305.0,752.0,127.0,8.99,8.32,208.5,216.4
Белгородская область,2020,2,1949.0,415.0,966.0,136.0,8.95,8.36,215.3,242.1
Белгородская область,2020,3,2306.0,438.0,1136.0,163.0,8.73,8.04,210.7,230.9
Белгородская область,2020,4,1798.0,275.0,964.0,124.0,7.67,6.35,216.0,211.6
Белгородская область,2020,5,1871.0,508.0,983.0,227.0,6.9,5.81,211.4,209.5
Белгородская область,2020,6,2506.0,700.0,1264.0,293.0,7.52,6.07,209.4,201.2
Белгородская область,2020,7,3226.0,830.0,1559.0,328.0,7.33,6.09,216.8,205.5
Белгородская область,2020,8,3413.0,1022.0,1550.0,287.0,7.17,6.07,214.4,210.0
Белгородская область,2020,9,3742.0,1106.0,1778.0,414.0,7.1,5.21,219.7,224.7
Белгородская область,2020,10,4076.0,1029.0,1902.0,377.0,7.16,6.0,221.2,216.2
Белгородская область,2020,11,3681.0,969.0,1644.0,299.0,7.14,6.14,221.8,220.9
Белгородская область,2020,12,3974.0,982.0,1782.0,326.0,6.98,5.6,227.4,233.0
Белгородская область,2021,1,1928.0,515.0,880.0,174.0,7.11,5.95,226.2,216.6
Белгородская область,2021,2,2871.0,784.0,1162.0,208.0,6.92,5.9,228.6,224.8
Белгородская область,2021,3,3386.0,680.0,1488.0,222.0,6.87,5.75,232.9,243.0
Белгородская область,2021,4,3678.0,858.0,1528.0,249.0,7.24,5.62,237.3,243.5
Белгородская область,2021,5,2878.0,838.0,1204.0,250.0,7.39,5.7,238.9,244.0
Белгородская область,2021,6,3815.0,1176.0,1543.0,330.0,6.99,5.3,242.3,249.2
Белгородская область,2021,7,3307.0,599.0,1414.0,199.0,7.26,5.91,243.3,247.1
Белгородская область,2021,8,3203.0,848.0,1344.0,278.0,7.45,6.1,236.0,237.9
Белгородская область,2021,9,3459.0,795.0,1323.0,221.0,7.66,6.39,249.4,263.9
Белгородская область,2021,10,3530.0,897.0,1311.0,252.0,7.78,6.21,254.5,262.2
Белгородская область,2021,11,3540.0,1036.0,1285.0,284.0,7.86,6.41,255.3,255.8
Белгородская область,2021,12,4141.0,1271.0,1538.0,376.0,8.04,6.2,260.2,261.6
Белгородская область,2022,1,2338.0,840.0,764.0,235.0,8.26,6.36,260.2,261.8
Белгородская область,2022,2,3229.0,1193.0,1103.0,327.0,8.52,6.53,256.3,251.2
Белгородская область,2022,3,3829.0,1553.0,1370.0,490.0,8.6,6.03,261.2,256.7
Белгородская область,2022,4,709.0,367.0,278.0,98.0,8.98,6.01,259.1,272.0
Белгородская область,2022,5,970.0,658.0,282.0,128.0,6.39,4.39,269.2,281.6
Белгородская область,2022,6,1954.0,859.0,533.0,143.0,6.57,3.94,272.3,301.2
Белгородская область,2022,7,2750.0,1101.0,810.0,200.0,6.95,3.78,274.6,295.4
Белгородская область,2022,8,3458.0,1256.0,1084.0,234.0,6.73,3.22,278.9,304.1
Белгородская область,2022,9,3821.0,1482.0,1175.0,265.0,6.88,3.57,279.2,301.4
Белгородская область,2022,10,3403.0,977.0,1042.0,197.0,7.61,4.08,276.1,299.6
Белгородская область,2022,11,3821.0,1640.0,1066.0,302.0,6.65,3.38,286.3,305.9
Белгородская область,2022,12,5575.0,2614.0,1456.0,476.0,6.74,3.85,287.4,307.5
Белгородская область,2023,1,2107.0,645.0,634.0,125.0,8.21,4.83,290.8,311.3
Белгородская область,2023,2,3405.0,1246.0,1003.0,233.0,8.05,5.12,284.5,307.6
Белгородская область,2023,3,4436.0,1525.0,1317.0,309.0,8.71,5.9,284.6,300.7
Белгородская область,2023,4,4172.0,1374.0,1239.0,278.0,8.74,5.95,279.7,301.0
Белгородская область,2023,5,4138.0,1549.0,1232.0,325.0,8.43,6.11,286.0,300.2
Белгородская область,2023,6,4515.0,1587.0,1310.0,327.0,8.55,6.33,289.8,308.1
Белгородская область,2023,7,5073.0,1973.0,1481.0,429.0,8.28,6.04,283.0,295.0
Белгородская область,2023,8,6826.0,3037.0,1917.0,667.0,8.25,6.23,292.6,308.2
Белгородская область,2023,9,8731.0,4254.0,2324.0,884.0,8.05,6.0,297.1,308.8
Белгородская область,2023,10,6193.0,2820.0,1775.0,596.0,8.46,6.35,289.1,306.4
Белгородская область,2023,11,6053.0,3134.0,1750.0,685.0,8.25,6.2,295.2,308.2
Белгородская область,2023,12,6703.0,3443.0,1802.0,733.0,7.84,6.21,301.8,314.0
Белгородская область,2024,1,2086.0,834.0,619.0,180.0,8.12,6.04,284.2,313.8
Белгородская область,2024,2,2251.0,816.0,733.0,174.0,9.66,6.08,283.7,306.2
Белгородская область,2024,3,3284.0,1557.0,886.0,299.0,8.44,6.44,301.8,320.9
Белгородская область,2024,4,3666.0,1593.0,1047.0,320.0,8.26,5.91,300.8,323.2
Белгородская область,2024,5,4414.0,2335.0,1218.0,498.0,7.96,6.3,305.1,318.5
Белгородская область,2024,6,6664.0,4353.0,1765.0,901.0,7.47,6.37,313.4,325.0
Белгородская область,2024,7,2799.0,991.0,862.0,163.0,10.44,6.37,298.1,329.5
Белгородская область,2024,8,3426.0,1384.0,902.0,248.0,9.67,6.51,297.1,324.6
Белгородская область,2024,9,3245.0,1666.0,819.0,289.0,9.15,6.84,311.3,327.2
Белгородская область,2024,10,3552.0,1883.0,901.0,339.0,9.4,6.26,306.1,328.6
Белгородская область,2024,11,2234.0,1471.0,595.0,273.0,8.9,6.18,314.5,331.1
Белгородская область,2024,12,2750.0,1908.0,694.0,376.0,7.71,6.12,315.0,335.0
Белгородская область,2025,1,954.0,636.0,254.0,121.0,8.45,6.19,316.7,329.5
Белгородская область,2025,2,1924.0,1191.0,474.0,232.0,7.81,6.05,320.4,336.3
Белгородская область,2025,3,1868.0,1188.0,477.0,232.0,7.79,6.08,314.7,322.0
Белгородская область,2025,4,2312.0,1305.0,587.0,267.0,7.34,6.05,314.1,330.1
Белгородская область,2025,5,2389.0,1353.0,565.0,243.0,7.65,6.02,316.3,330.8
Белгородская область,2025,6,2764.0,1579.0,687.0,312.0,7.28,6.17,310.8,325.1
Белгородская область,2025,7,3164.0,1652.0,757.0,322.0,7.23,5.73,314.3,326.5
Белгородская область,2025,8,3540.0,1948.0,811.0,367.0,7.66,6.24,310.9,326.5
Белгородская область,2025,9,3435.0,1883.0,793.0,324.0,8.0,6.23,306.6,329.0
Белгородская область,2025,10,4643.0,2491.0,1090.0,456.0,8.15,6.47,304.2,325.8
Белгородская область,2025,11,5075.0,2926.0,1141.0,553.0,7.67,6.22,310.4,325.8
Белгородская область,2025,12,8068.0,4592.0,1791.0,862.0,7.44,6.17,314.2,332.5
Белгородская область,2026,1,3761.0,2259.0,825.0,418.0,7.45,6.05,318.4,332.7
Белгородская область,2026,2,2550.0,1116.0,669.0,214.0,9.59,6.43,294.9,330.3
Белгородская область,2026,3,2857.0,1209.0,739.0,237.0,9.78,6.09,291.7,316.3
Белгородская область,2026,4,3238.0,1620.0,795.0,291.0,9.34,6.12,293.7,324.3
Белгородская область,2026,5,2916.0,1231.0,749.0,234.0,9.97,6.94,289.5,320.4
Белгородская область,2026,6,4281.0,2145.0,993.0,390.0,8.62,6.08,307.0,334.8
Белгородская область,2026,7,3202.0,1038.0,832.0,194.0,11.1,7.19,280.8,312.9
Брянская область,2019,1,1103.0,412.0,611.0,212.0,9.76,9.54,207.1,214.6
Брянская область,2019,2,1368.0,480.0,827.0,263.0,10.11,10.02,218.9,219.9
Брянская область,2019,3,1247.0,378.0,722.0,190.0,10.37,10.11,212.6,219.6
Брянская область,2019,4,1329.0,368.0,760.0,193.0,10.58,10.21,213.6,205.1
Брянская область,2019,5,1121.0,386.0,662.0,183.0,10.6,10.36,221.4,222.9
Брянская область,2019,6,1318.0,454.0,732.0,187.0,10.26,9.81,219.2,220.2
Брянская область,2019,7,1348.0,389.0,780.0,191.0,10.21,9.99,215.0,229.5
Брянская область,2019,8,1398.0,411.0,804.0,209.0,9.82,9.46,216.9,210.6
Брянская область,2019,9,1398.0,512.0,783.0,242.0,9.59,9.0,215.1,206.3
Брянская область,2019,10,1809.0,685.0,915.0,275.0,9.3,8.93,221.4,224.3
Брянская область,2019,11,1512.0,463.0,828.0,211.0,9.13,8.59,221.6,235.8
Брянская область,2019,12,2102.0,717.0,1106.0,303.0,8.93,8.38,220.9,229.4
Брянская область,2020,1,1092.0,355.0,604.0,179.0,8.86,8.48,210.8,208.8
Брянская область,2020,2,1589.0,451.0,839.0,191.0,8.95,8.43,215.8,222.1
Брянская область,2020,3,1785.0,575.0,932.0,252.0,8.77,8.25,216.8,225.3
Брянская область,2020,4,1109.0,286.0,626.0,142.0,8.26,6.26,219.7,218.1
Брянская область,2020,5,1147.0,477.0,618.0,206.0,6.83,5.29,207.8,209.2
Брянская область,2020,6,1809.0,742.0,931.0,331.0,7.4,5.89,218.4,218.6
Брянская область,2020,7,2238.0,934.0,1122.0,381.0,7.16,5.86,217.2,215.7
Брянская область,2020,8,2543.0,1146.0,1209.0,462.0,7.02,5.86,220.1,218.1
Брянская область,2020,9,3061.0,1300.0,1488.0,513.0,7.09,5.82,216.1,216.1
Брянская область,2020,10,3042.0,1131.0,1479.0,426.0,7.07,5.65,227.6,228.0
Брянская область,2020,11,2548.0,860.0,1260.0,332.0,7.16,5.52,221.6,224.1
Брянская область,2020,12,2840.0,914.0,1333.0,353.0,7.08,5.88,227.2,222.2
Брянская область,2021,1,1196.0,531.0,559.0,193.0,6.76,5.8,229.3,225.5
Брянская область,2021,2,1871.0,612.0,851.0,197.0,6.96,5.57,229.4,230.2
Брянская область,2021,3,2725.0,918.0,1118.0,255.0,6.88,5.68,233.6,236.9
Брянская область,2021,4,3190.0,1180.0,1274.0,346.0,6.97,5.52,245.5,252.5
Брянская область,2021,5,2128.0,714.0,912.0,221.0,7.16,5.49,249.1,266.8
Брянская область,2021,6,2968.0,1258.0,1135.0,344.0,6.77,5.23,248.3,256.5
Брянская область,2021,7,2317.0,571.0,1017.0,186.0,7.46,5.86,247.8,249.4
Брянская область,2021,8,2282.0,687.0,983.0,221.0,7.64,6.31,249.1,254.0
Брянская область,2021,9,2625.0,883.0,1057.0,243.0,7.56,6.28,250.9,249.8
Брянская область,2021,10,2804.0,988.0,1099.0,277.0,7.54,6.0,252.9,255.4
Брянская область,2021,11,2630.0,848.0,1013.0,244.0,7.46,5.59,256.9,270.4
Брянская область,2021,12,3298.0,1127.0,1226.0,321.0,7.81,5.81,264.1,259.9
Брянская область,2022,1,1617.0,611.0,577.0,166.0,7.88,6.2,262.4,280.9
Брянская область,2022,2,2512.0,943.0,943.0,272.0,8.03,5.89,260.8,266.5
Брянская область,2022,3,2256.0,829.0,877.0,252.0,8.41,5.86,266.9,270.5
Брянская область,2022,4,598.0,317.0,240.0,68.0,8.03,5.72,269.2,281.8
Брянская область,2022,5,686.0,490.0,200.0,76.0,3.78,2.0,284.8,311.0
Брянская область,2022,6,1277.0,752.0,425.0,119.0,5.49,2.98,276.5,302.3
Брянская область,2022,7,1911.0,995.0,603.0,165.0,6.14,3.2,272.7,300.0
Брянская область,2022,8,2455.0,1079.0,790.0,185.0,6.48,2.97,284.4,313.9
Брянская область,2022,9,2576.0,1022.0,861.0,188.0,6.81,2.99,276.2,308.6
Брянская область,2022,10,2353.0,838.0,776.0,142.0,7.19,3.15,286.0,307.7
Брянская область,2022,11,2480.0,1041.0,742.0,172.0,6.73,2.82,287.1,311.0
Брянская область,2022,12,3346.0,1450.0,982.0,266.0,6.69,3.25,295.5,314.2
Брянская область,2023,1,1357.0,581.0,443.0,102.0,7.95,4.62,296.0,312.4
Брянская область,2023,2,2207.0,917.0,727.0,192.0,7.95,5.12,290.2,318.4
Брянская область,2023,3,2968.0,1200.0,992.0,260.0,8.11,5.57,291.7,309.9
Брянская область,2023,4,3007.0,904.0,952.0,196.0,8.99,6.15,286.0,296.8
Брянская область,2023,5,2908.0,1154.0,958.0,244.0,8.68,6.47,296.7,321.3
Брянская область,2023,6,3053.0,1233.0,998.0,272.0,8.4,6.17,292.8,308.0
Брянская область,2023,7,3381.0,1356.0,1091.0,306.0,8.32,6.26,294.3,313.5
Брянская область,2023,8,4481.0,1958.0,1361.0,472.0,8.27,6.22,293.6,314.9
Брянская область,2023,9,4769.0,2267.0,1460.0,514.0,8.03,5.9,294.6,303.8
Брянская область,2023,10,4207.0,2003.0,1294.0,464.0,8.91,6.51,293.4,306.9
Брянская область,2023,11,3754.0,1957.0,1180.0,442.0,8.54,6.72,296.9,314.1
Брянская область,2023,12,3816.0,2005.0,1124.0,450.0,8.42,6.43,301.7,315.9
Брянская область,2024,1,1387.0,671.0,462.0,143.0,8.43,6.28,290.6,311.6
Брянская область,2024,2,1626.0,722.0,553.0,160.0,9.58,6.82,297.4,314.7
Брянская область,2024,3,2262.0,1042.0,734.0,236.0,8.7,6.21,291.4,307.9
Брянская область,2024,4,2444.0,1232.0,793.0,287.0,8.72,6.57,300.5,320.4
Брянская область,2024,5,2751.0,1530.0,824.0,323.0,8.27,6.65,306.9,322.1
Брянская область,2024,6,3943.0,2456.0,1151.0,568.0,7.8,6.49,309.0,318.5
Брянская область,2024,7,1803.0,735.0,630.0,160.0,9.94,6.07,293.4,325.4
Брянская область,2024,8,2025.0,916.0,610.0,179.0,9.22,6.35,302.6,315.6
Брянская область,2024,9,1819.0,780.0,528.0,154.0,9.28,6.56,306.5,329.8
Брянская область,2024,10,2045.0,1143.0,574.0,207.0,10.63,6.78,300.0,311.7
Брянская область,2024,11,1164.0,701.0,372.0,140.0,9.7,6.2,308.5,334.1
Брянская область,2024,12,1261.0,760.0,394.0,164.0,9.61,6.61,303.3,325.9
Брянская область,2025,1,647.0,429.0,168.0,76.0,8.27,6.36,311.8,342.1
Брянская область,2025,2,1316.0,797.0,351.0,156.0,8.18,6.07,317.7,334.2
Брянская область,2025,3,1314.0,829.0,375.0,174.0,7.95,6.18,307.3,325.0
Брянская область,2025,4,1402.0,824.0,369.0,162.0,8.14,6.24,313.0,330.3
Брянская область,2025,5,1617.0,975.0,399.0,181.0,7.8,6.25,313.2,328.3
Брянская область,2025,6,1781.0,1149.0,439.0,218.0,7.71,6.14,319.4,333.7
Брянская область,2025,7,1726.0,965.0,462.0,191.0,8.46,6.58,310.1,329.4
Брянская область,2025,8,2003.0,1088.0,518.0,215.0,8.3,6.62,302.1,316.7
Брянская область,2025,9,1956.0,1244.0,511.0,220.0,8.43,6.77,306.8,328.0
Брянская область,2025,10,2769.0,1578.0,702.0,293.0,8.8,6.85,304.0,326.4
Брянская область,2025,11,2958.0,1733.0,734.0,348.0,8.0,6.36,314.4,331.4
Брянская область,2025,12,4731.0,2551.0,1140.0,482.0,8.06,6.53,309.9,327.6
Брянская область,2026,1,2424.0,1525.0,557.0,293.0,7.77,6.59,319.7,333.3
Брянская область,2026,2,1748.0,602.0,486.0,125.0,11.15,7.09,282.1,314.3
Брянская область,2026,3,1974.0,744.0,547.0,168.0,10.7,8.2,288.1,308.3
Брянская область,2026,4,1948.0,949.0,532.0,183.0,9.96,7.26,288.4,312.1
Брянская область,2026,5,1846.0,814.0,515.0,162.0,11.39,8.38,275.4,299.8
Брянская область,2026,6,2537.0,1322.0,634.0,261.0,9.21,7.19,299.1,327.4
Брянская область,2026,7,2251.0,905.0,654.0,198.0,11.15,7.83,281.5,300.2
Владимирская область,2019,1,1234.0,367.0,701.0,157.0,9.86,9.62,201.4,202.4
Владимирская область,2019,2,1760.0,466.0,961.0,237.0,10.23,9.93,208.3,203.6
Владимирская область,2019,3,1794.0,493.0,1001.0,198.0,10.38,9.76,216.1,216.6
Владимирская область,2019,4,1798.0,394.0,1034.0,198.0,10.62,10.07,215.4,226.1
Владимирская область,2019,5,1459.0,401.0,834.0,186.0,10.57,10.06,220.5,228.3
Владимирская область,2019,6,1574.0,481.0,888.0,207.0,10.38,10.04,214.6,219.3
Владимирская область,2019,7,1630.0,357.0,912.0,184.0,10.22,9.77,219.4,212.4
Владимирская область,2019,8,1772.0,495.0,1018.0,229.0,9.78,9.08,215.9,220.1
Владимирская область,2019,9,1995.0,636.0,1030.0,273.0,9.71,9.18,216.9,221.4
Владимирская область,2019,10,2116.0,568.0,1155.0,261.0,9.34,8.69,219.3,214.8
Владимирская область,2019,11,2067.0,569.0,1123.0,260.0,9.15,8.64,215.2,218.3
Владимирская область,2019,12,2540.0,642.0,1398.0,293.0,9.06,8.4,218.0,231.3
Владимирская область,2020,1,1329.0,428.0,713.0,185.0,8.96,8.42,216.2,219.6
Владимирская область,2020,2,1891.0,510.0,1009.0,232.0,8.92,8.21,213.1,225.5
Владимирская область,2020,3,2255.0,670.0,1183.0,296.0,8.87,8.35,211.7,214.5
Владимирская область,2020,4,1301.0,334.0,739.0,158.0,8.38,7.28,208.5,206.7
Владимирская область,2020,5,1513.0,539.0,782.0,237.0,7.3,5.64,210.5,208.2
Владимирская область,2020,6,2008.0,702.0,1118.0,349.0,7.68,5.94,208.2,205.6
Владимирская область,2020,7,2678.0,981.0,1425.0,430.0,7.43,6.1,217.3,215.0
Владимирская область,2020,8,3036.0,1205.0,1465.0,485.0,7.18,5.9,218.0,220.1
Владимирская область,2020,9,3633.0,1130.0,1844.0,491.0,7.36,6.09,213.5,212.9
Владимирская область,2020,10,3787.0,1189.0,1866.0,494.0,7.38,6.13,215.5,209.7
Владимирская область,2020,11,3247.0,935.0,1592.0,395.0,7.41,6.11,225.0,215.8
Владимирская область,2020,12,3740.0,1008.0,1867.0,405.0,7.33,5.92,219.8,219.4
Владимирская область,2021,1,1649.0,501.0,772.0,192.0,7.21,5.86,223.9,219.2
Владимирская область,2021,2,2784.0,833.0,1253.0,273.0,7.28,6.21,228.5,232.9
Владимирская область,2021,3,3228.0,828.0,1521.0,287.0,7.08,5.83,237.7,250.1
Владимирская область,2021,4,3918.0,1235.0,1666.0,383.0,7.35,6.13,238.5,244.1
Владимирская область,2021,5,2965.0,905.0,1268.0,307.0,7.53,5.99,239.8,239.7
Владимирская область,2021,6,3538.0,1199.0,1483.0,368.0,7.26,5.59,239.1,240.6
Владимирская область,2021,7,2896.0,752.0,1285.0,253.0,7.65,6.35,238.4,235.1
Владимирская область,2021,8,3185.0,808.0,1351.0,264.0,7.79,6.59,244.8,254.1
Владимирская область,2021,9,3202.0,836.0,1337.0,270.0,7.67,6.08,251.8,263.0
Владимирская область,2021,10,3532.0,1061.0,1393.0,328.0,7.76,6.16,252.7,261.2
Владимирская область,2021,11,3331.0,969.0,1334.0,303.0,7.94,6.22,250.5,240.8
Владимирская область,2021,12,4483.0,1482.0,1657.0,426.0,8.05,6.24,258.1,259.4
Владимирская область,2022,1,1787.0,635.0,693.0,179.0,8.25,6.15,265.3,278.2
Владимирская область,2022,2,3108.0,1012.0,1041.0,264.0,8.54,6.08,269.5,278.3
Владимирская область,2022,3,3369.0,1369.0,1246.0,393.0,8.6,5.99,269.1,280.5
Владимирская область,2022,4,919.0,512.0,360.0,129.0,8.9,6.02,264.2,281.0
Владимирская область,2022,5,914.0,669.0,265.0,115.0,5.99,4.19,277.9,291.6
Владимирская область,2022,6,1618.0,844.0,534.0,148.0,6.53,3.76,271.9,300.2
Владимирская область,2022,7,2214.0,1054.0,726.0,169.0,6.48,3.51,275.9,303.0
Владимирская область,2022,8,3298.0,1422.0,1077.0,261.0,6.65,3.39,278.3,304.6
Владимирская область,2022,9,3521.0,1426.0,1149.0,255.0,6.75,3.21,280.3,310.1
Владимирская область,2022,10,3150.0,876.0,1103.0,174.0,8.21,4.0,267.4,285.7
Владимирская область,2022,11,3145.0,1065.0,1046.0,215.0,7.72,3.72,270.0,294.2
Владимирская область,2022,12,4367.0,1636.0,1350.0,311.0,7.3,3.42,284.2,308.3
Владимирская область,2023,1,1663.0,501.0,579.0,108.0,8.49,5.66,274.9,295.9
Владимирская область,2023,2,2898.0,973.0,927.0,195.0,8.57,5.32,287.7,311.1
Владимирская область,2023,3,3911.0,1247.0,1235.0,288.0,8.73,5.5,286.1,307.3
Владимирская область,2023,4,3871.0,1123.0,1316.0,275.0,9.15,6.28,276.6,287.7
Владимирская область,2023,5,3793.0,1258.0,1279.0,300.0,8.93,6.27,281.6,299.3
Владимирская область,2023,6,3968.0,1183.0,1301.0,273.0,8.97,6.32,276.0,298.4
Владимирская область,2023,7,4135.0,1516.0,1341.0,345.0,8.81,6.43,284.8,306.6
Владимирская область,2023,8,5446.0,2189.0,1670.0,502.0,8.52,5.91,288.7,298.2
Владимирская область,2023,9,5765.0,2376.0,1735.0,522.0,8.72,6.19,291.8,311.4
Владимирская область,2023,10,4490.0,1892.0,1490.0,431.0,9.17,6.45,288.4,308.6
Владимирская область,2023,11,4008.0,1752.0,1327.0,426.0,9.19,6.25,286.6,303.1
Владимирская область,2023,12,4838.0,2494.0,1458.0,570.0,8.55,6.2,293.7,306.8
Владимирская область,2024,1,1636.0,771.0,552.0,165.0,9.23,6.26,290.9,309.1
Владимирская область,2024,2,2042.0,779.0,708.0,169.0,9.96,6.31,293.0,318.2
Владимирская область,2024,3,2631.0,1176.0,868.0,261.0,9.56,6.43,293.2,319.7
Владимирская область,2024,4,2833.0,1193.0,951.0,247.0,9.22,6.51,295.5,314.4
Владимирская область,2024,5,3124.0,1510.0,1012.0,331.0,8.65,6.19,297.5,317.3
Владимирская область,2024,6,4429.0,2480.0,1381.0,578.0,8.31,6.38,301.1,310.5
Владимирская область,2024,7,2265.0,643.0,827.0,116.0,10.89,6.31,277.8,296.6
Владимирская область,2024,8,2508.0,939.0,792.0,167.0,10.7,7.15,294.5,326.2
Владимирская область,2024,9,2177.0,901.0,699.0,174.0,10.46,6.38,290.6,323.6
Владимирская область,2024,10,2440.0,1178.0,779.0,221.0,10.52,6.33,298.7,328.6
Владимирская область,2024,11,1385.0,704.0,485.0,152.0,10.12,6.1,290.8,320.7
Владимирская область,2024,12,1633.0,931.0,507.0,183.0,9.91,6.47,300.6,326.2
Владимирская область,2025,1,692.0,389.0,246.0,92.0,9.76,6.08,295.9,321.4
Владимирская область,2025,2,1525.0,1017.0,409.0,194.0,7.98,6.16,314.1,329.6
Владимирская область,2025,3,1734.0,1111.0,447.0,202.0,8.01,6.17,313.5,328.6
Владимирская область,2025,4,1566.0,810.0,456.0,171.0,8.62,6.27,301.3,319.8
Владимирская область,2025,5,1727.0,1006.0,452.0,195.0,8.19,6.37,307.9,321.8
Владимирская область,2025,6,1717.0,931.0,443.0,170.0,8.33,6.31,302.5,319.9
Владимирская область,2025,7,2275.0,1220.0,568.0,224.0,8.52,6.22,306.9,327.1
Владимирская область,2025,8,2539.0,1506.0,649.0,254.0,8.35,6.28,301.6,328.7
Владимирская область,2025,9,2621.0,1351.0,675.0,265.0,8.44,6.3,304.4,327.8
Владимирская область,2025,10,3138.0,1543.0,854.0,294.0,9.09,6.27,293.4,326.1
Владимирская область,2025,11,2953.0,1607.0,790.0,298.0,8.89,6.39,295.0,325.1
Владимирская область,2025,12,4503.0,2458.0,1093.0,440.0,8.24,6.79,304.5,327.0
Владимирская область,2026,1,2117.0,1182.0,493.0,210.0,8.26,5.97,307.1,324.2
Владимирская область,2026,2,1734.0,542.0,545.0,105.0,11.97,7.64,265.9,313.9
Владимирская область,2026,3,2037.0,729.0,607.0,129.0,11.48,7.61,277.8,318.3
Владимирская область,2026,4,2329.0,759.0,668.0,143.0,11.17,6.88,274.3,306.3
Владимирская область,2026,5,2128.0,710.0,595.0,125.0,10.38,6.65,284.6,323.8
Владимирская область,2026,6,3075.0,1239.0,791.0,215.0,10.11,7.2,288.3,324.5
Владимирская область,2026,7,2446.0,748.0,738.0,136.0,12.03,7.8,266.2,304.2
Волгоградская область,2019,1,2163.0,598.0,1215.0,259.0,9.97,9.96,204.0,207.7
Волгоградская область,2019,2,2901.0,710.0,1605.0,332.0,10.08,10.0,213.8,218.5
Волгоградская область,2019,3,3161.0,962.0,1651.0,423.0,10.39,10.28,214.4,215.4
Волгоградская область,2019,4,2772.0,794.0,1570.0,363.0,10.58,10.21,217.0,223.1
Волгоградская область,2019,5,2366.0,742.0,1328.0,341.0,10.49,10.06,218.7,225.8
Волгоградская область,2019,6,2536.0,671.0,1411.0,307.0,10.29,9.93,217.4,212.4
Волгоградская область,2019,7,2715.0,726.0,1511.0,329.0,10.14,9.62,214.0,207.5
Волгоградская область,2019,8,2856.0,880.0,1541.0,375.0,9.88,9.57,219.8,222.6
Волгоградская область,2019,9,2995.0,757.0,1690.0,349.0,9.72,9.3,215.7,223.1
Волгоградская область,2019,10,3596.0,940.0,1910.0,399.0,9.44,8.92,211.8,218.1
Волгоградская область,2019,11,3458.0,925.0,1822.0,395.0,9.29,8.72,215.4,218.6
Волгоградская область,2019,12,4179.0,1037.0,2209.0,412.0,9.05,8.35,212.2,221.0
Волгоградская область,2020,1,2400.0,746.0,1190.0,282.0,8.93,8.26,216.9,237.2
Волгоградская область,2020,2,3103.0,810.0,1570.0,325.0,9.0,8.48,215.4,217.5
Волгоградская область,2020,3,3865.0,992.0,1957.0,404.0,8.89,8.35,213.9,217.4
Волгоградская область,2020,4,2463.0,568.0,1338.0,243.0,8.64,7.46,218.0,226.4
Волгоградская область,2020,5,2641.0,895.0,1430.0,405.0,7.62,6.07,210.4,215.8
Волгоградская область,2020,6,3737.0,1286.0,1849.0,525.0,7.67,6.07,211.4,219.2
Волгоградская область,2020,7,4531.0,1549.0,2314.0,619.0,7.42,6.22,216.8,217.3
Волгоградская область,2020,8,4844.0,1728.0,2400.0,667.0,7.29,6.16,218.5,223.0
Волгоградская область,2020,9,5888.0,1682.0,2910.0,636.0,7.36,6.16,212.8,211.3
Волгоградская область,2020,10,5969.0,1685.0,2851.0,587.0,7.42,5.99,223.3,226.0
Волгоградская область,2020,11,5227.0,1432.0,2570.0,545.0,7.4,6.03,223.9,225.8
Волгоградская область,2020,12,5828.0,1488.0,2822.0,553.0,7.34,5.87,222.1,231.0
Волгоградская область,2021,1,2522.0,669.0,1265.0,242.0,7.43,6.06,222.1,229.2
Волгоградская область,2021,2,4194.0,1172.0,1965.0,436.0,7.27,6.09,226.8,239.6
Волгоградская область,2021,3,5357.0,1365.0,2441.0,453.0,7.26,5.84,233.2,248.7
Волгоградская область,2021,4,6056.0,1706.0,2694.0,523.0,7.3,5.73,234.8,249.4
Волгоградская область,2021,5,4765.0,1380.0,2116.0,442.0,7.37,5.61,241.1,263.5
Волгоградская область,2021,6,5982.0,2118.0,2530.0,649.0,6.99,5.33,240.6,249.7
Волгоградская область,2021,7,4942.0,1053.0,2307.0,373.0,7.57,6.05,242.3,252.6
Волгоградская область,2021,8,4946.0,1281.0,2172.0,398.0,7.77,6.49,242.7,251.4
Волгоградская область,2021,9,5179.0,1467.0,2274.0,471.0,7.68,5.98,243.5,254.4
Волгоградская область,2021,10,5726.0,1595.0,2308.0,488.0,7.79,6.03,255.4,268.0
Волгоградская область,2021,11,5499.0,1792.0,2225.0,549.0,7.59,5.83,250.6,266.3
Волгоградская область,2021,12,7128.0,2215.0,2707.0,651.0,7.86,5.62,257.6,267.9
Волгоградская область,2022,1,3343.0,1180.0,1242.0,339.0,8.14,6.0,260.5,273.1
Волгоградская область,2022,2,4955.0,1714.0,1837.0,512.0,8.27,5.91,260.9,268.0
Волгоградская область,2022,3,5854.0,2244.0,2201.0,707.0,8.59,5.66,263.5,265.6
Волгоградская область,2022,4,1593.0,976.0,575.0,253.0,7.29,5.52,270.8,287.4
Волгоградская область,2022,5,1520.0,1010.0,487.0,192.0,6.1,3.8,273.0,290.7
Волгоградская область,2022,6,2604.0,1426.0,852.0,284.0,6.45,3.7,271.3,291.9
Волгоградская область,2022,7,3583.0,1520.0,1236.0,301.0,6.81,3.53,270.6,303.1
Волгоградская область,2022,8,5097.0,2042.0,1734.0,415.0,6.8,3.37,274.9,307.7
Волгоградская область,2022,9,6042.0,2581.0,1929.0,501.0,6.55,3.21,285.0,314.6
Волгоградская область,2022,10,5219.0,1844.0,1827.0,421.0,7.33,3.63,281.4,314.6
Волгоградская область,2022,11,5634.0,2303.0,1805.0,485.0,6.8,3.18,286.2,315.3
Волгоградская область,2022,12,7549.0,3549.0,2430.0,801.0,6.82,3.75,282.7,304.9
Волгоградская область,2023,1,3325.0,1327.0,1071.0,298.0,7.75,4.63,279.1,313.4
Волгоградская область,2023,2,4971.0,1787.0,1632.0,418.0,8.49,5.31,286.3,308.9
Волгоградская область,2023,3,6403.0,2501.0,2143.0,624.0,8.4,5.47,289.2,312.1
Волгоградская область,2023,4,6145.0,2220.0,2135.0,550.0,8.75,6.14,286.3,301.6
Волгоградская область,2023,5,6472.0,2391.0,2206.0,595.0,8.68,6.07,287.3,311.7
Волгоградская область,2023,6,6974.0,2466.0,2270.0,593.0,8.69,6.12,283.2,307.5
Волгоградская область,2023,7,7311.0,2937.0,2329.0,696.0,8.52,6.27,290.5,310.9
Волгоградская область,2023,8,9724.0,4465.0,2948.0,1100.0,8.13,5.9,293.5,309.1
Волгоградская область,2023,9,10637.0,5423.0,3250.0,1332.0,8.11,5.91,293.1,311.0
Волгоградская область,2023,10,8410.0,4063.0,2618.0,995.0,8.7,6.14,293.3,308.2
Волгоградская область,2023,11,8341.0,4855.0,2593.0,1213.0,8.36,6.25,298.9,310.8
Волгоградская область,2023,12,8085.0,4816.0,2495.0,1225.0,8.3,6.26,296.3,310.2
Волгоградская область,2024,1,2620.0,1333.0,924.0,372.0,8.98,6.39,292.4,307.2
Волгоградская область,2024,2,3296.0,1401.0,1180.0,386.0,10.01,6.53,289.4,307.9
Волгоградская область,2024,3,4365.0,2422.0,1407.0,577.0,8.66,6.27,298.0,313.6
Волгоградская область,2024,4,4788.0,2625.0,1470.0,608.0,8.52,6.27,294.3,314.0
Волгоградская область,2024,5,6037.0,3397.0,1873.0,820.0,8.45,6.2,299.6,317.4
Волгоградская область,2024,6,8164.0,5155.0,2513.0,1307.0,7.58,6.31,307.0,320.5
Волгоградская область,2024,7,3864.0,1193.0,1403.0,278.0,11.2,7.01,283.3,319.8
Волгоградская область,2024,8,4015.0,1744.0,1208.0,374.0,9.51,6.33,295.3,327.2
Волгоградская область,2024,9,3736.0,1800.0,1131.0,371.0,9.1,6.21,300.3,332.7
Волгоградская область,2024,10,4216.0,2177.0,1305.0,455.0,9.7,6.25,299.2,324.1
Волгоградская область,2024,11,2867.0,1766.0,909.0,404.0,9.43,6.24,304.1,327.9
Волгоградская область,2024,12,2942.0,2007.0,910.0,451.0,9.19,6.39,301.7,323.9
Волгоградская область,2025,1,1380.0,971.0,408.0,216.0,8.2,6.17,308.5,324.8
Волгоградская область,2025,2,2317.0,1703.0,654.0,391.0,8.05,6.2,317.4,331.3
Волгоградская область,2025,3,2849.0,1970.0,750.0,420.0,7.65,6.21,317.2,327.3
Волгоградская область,2025,4,3137.0,2009.0,832.0,449.0,7.75,6.27,314.7,327.1
Волгоградская область,2025,5,3046.0,1836.0,772.0,381.0,8.15,6.47,317.0,328.3
Волгоградская область,2025,6,2901.0,1871.0,754.0,376.0,7.95,6.5,312.0,327.5
Волгоградская область,2025,7,3562.0,2067.0,930.0,406.0,7.78,6.26,312.9,330.3
Волгоградская область,2025,8,4196.0,2447.0,1050.0,492.0,8.05,6.05,307.3,323.7
Волгоградская область,2025,9,4271.0,2437.0,1103.0,489.0,7.9,6.1,306.4,328.9
Волгоградская область,2025,10,5497.0,2987.0,1385.0,607.0,8.25,6.24,308.7,328.9
Волгоградская область,2025,11,5508.0,3586.0,1356.0,729.0,7.93,6.34,314.9,334.1
Волгоградская область,2025,12,8550.0,5143.0,2055.0,1043.0,7.75,6.31,315.8,331.0
Волгоградская область,2026,1,4336.0,2702.0,1034.0,559.0,7.96,6.43,315.0,332.2
Волгоградская область,2026,2,3170.0,1444.0,913.0,298.0,10.36,6.71,292.9,323.7
Волгоградская область,2026,3,3541.0,1479.0,980.0,305.0,10.4,7.07,289.5,316.6
Волгоградская область,2026,4,3630.0,1405.0,1040.0,283.0,11.01,7.02,291.9,323.4
Волгоградская область,2026,5,3535.0,1410.0,946.0,285.0,10.84,7.73,286.2,310.4
Волгоградская область,2026,6,5098.0,2571.0,1288.0,501.0,8.86,6.59,302.3,327.9
Волгоградская область,2026,7,3998.0,1519.0,1097.0,316.0,10.98,7.72,286.3,311.0
Вологодская область,2019,1,1260.0,378.0,831.0,209.0,9.92,9.72,199.1,199.3
Вологодская область,2019,2,1648.0,458.0,1120.0,260.0,10.13,9.9,197.4,204.0
Вологодская область,2019,3,1596.0,475.0,1012.0,255.0,10.34,10.01,199.2,202.5
Вологодская область,2019,4,1758.0,510.0,1146.0,267.0,10.53,10.14,201.8,200.2
Вологодская область,2019,5,1327.0,371.0,847.0,207.0,10.56,10.2,205.1,187.6
Вологодская область,2019,6,1424.0,463.0,912.0,227.0,10.35,10.13,202.1,202.9
Вологодская область,2019,7,1399.0,347.0,956.0,191.0,10.17,9.76,204.1,209.2
Вологодская область,2019,8,1575.0,387.0,1017.0,201.0,9.94,9.44,203.5,204.4
Вологодская область,2019,9,1744.0,494.0,1088.0,264.0,9.59,8.98,208.0,202.8
Вологодская область,2019,10,2132.0,543.0,1341.0,276.0,9.52,8.99,199.3,201.0
Вологодская область,2019,11,2055.0,559.0,1269.0,276.0,9.31,8.7,201.9,215.3
Вологодская область,2019,12,2835.0,712.0,1703.0,341.0,9.04,8.28,197.4,211.8
Вологодская область,2020,1,1505.0,448.0,918.0,212.0,8.95,8.33,200.5,208.2
Вологодская область,2020,2,2100.0,566.0,1280.0,280.0,8.96,8.4,202.5,209.8
Вологодская область,2020,3,2493.0,682.0,1455.0,306.0,8.89,8.23,202.8,215.9
Вологодская область,2020,4,1793.0,340.0,1148.0,188.0,8.83,7.3,199.9,206.9
Вологодская область,2020,5,1562.0,610.0,962.0,321.0,7.74,6.19,193.7,196.5
Вологодская область,2020,6,2181.0,833.0,1292.0,422.0,7.67,6.15,201.4,206.5
Вологодская область,2020,7,2776.0,995.0,1578.0,463.0,7.61,6.26,200.9,208.3
Вологодская область,2020,8,2755.0,1063.0,1464.0,469.0,7.33,6.02,203.9,210.5
Вологодская область,2020,9,3572.0,1220.0,1979.0,552.0,7.5,6.16,208.5,213.4
Вологодская область,2020,10,3932.0,1360.0,2143.0,611.0,7.4,6.13,212.9,216.2
Вологодская область,2020,11,3227.0,905.0,1758.0,415.0,7.46,5.99,210.4,206.2
Вологодская область,2020,12,3836.0,1032.0,1962.0,398.0,7.58,6.41,213.5,221.4
Вологодская область,2021,1,1606.0,405.0,854.0,162.0,7.37,6.09,217.0,217.9
Вологодская область,2021,2,2653.0,684.0,1342.0,259.0,7.4,6.05,217.5,235.7
Вологодская область,2021,3,3193.0,876.0,1640.0,322.0,7.33,5.96,220.1,232.9
Вологодская область,2021,4,3624.0,1032.0,1764.0,378.0,7.36,5.8,229.1,240.2
Вологодская область,2021,5,2987.0,1020.0,1424.0,381.0,7.33,5.77,234.1,250.0
Вологодская область,2021,6,3337.0,1235.0,1551.0,430.0,7.16,5.64,239.0,254.0
Вологодская область,2021,7,2655.0,670.0,1307.0,235.0,7.74,6.62,238.7,247.9
Вологодская область,2021,8,3071.0,773.0,1406.0,276.0,7.96,6.71,240.7,251.4
Вологодская область,2021,9,3287.0,939.0,1469.0,303.0,7.81,6.33,236.2,243.7
Вологодская область,2021,10,3450.0,1049.0,1534.0,350.0,7.92,6.26,240.7,249.0
Вологодская область,2021,11,3572.0,1224.0,1563.0,399.0,7.8,5.91,248.2,257.1
Вологодская область,2021,12,4103.0,1403.0,1737.0,473.0,8.17,6.24,246.9,247.1
Вологодская область,2022,1,2043.0,796.0,856.0,258.0,7.92,5.97,255.4,267.1
Вологодская область,2022,2,3234.0,1172.0,1269.0,376.0,8.37,5.7,262.8,256.3
Вологодская область,2022,3,3612.0,1508.0,1517.0,503.0,8.33,5.99,250.2,256.2
Вологодская область,2022,4,784.0,406.0,356.0,137.0,8.16,6.23,241.2,260.0
Вологодская область,2022,5,644.0,336.0,256.0,77.0,7.74,4.8,261.6,302.4
Вологодская область,2022,6,1498.0,637.0,545.0,131.0,7.06,4.04,263.7,291.1
Вологодская область,2022,7,2058.0,725.0,761.0,155.0,7.44,3.87,265.1,292.5
Вологодская область,2022,8,2840.0,926.0,1038.0,189.0,7.5,3.81,265.6,283.5
Вологодская область,2022,9,2989.0,983.0,1131.0,238.0,7.76,4.54,265.9,287.0
Вологодская область,2022,10,2625.0,678.0,1065.0,170.0,8.02,4.17,267.7,300.1
Вологодская область,2022,11,3137.0,1038.0,1156.0,267.0,7.7,3.98,273.4,291.9
Вологодская область,2022,12,4263.0,1654.0,1531.0,418.0,7.77,4.64,272.3,289.4
Вологодская область,2023,1,1819.0,509.0,689.0,136.0,8.72,5.58,270.3,288.2
Вологодская область,2023,2,2809.0,974.0,1018.0,248.0,8.65,5.89,276.5,292.7
Вологодская область,2023,3,3594.0,1322.0,1332.0,371.0,8.54,5.7,274.8,287.1
Вологодская область,2023,4,3618.0,1225.0,1301.0,354.0,8.9,5.91,276.9,293.3
Вологодская область,2023,5,3403.0,977.0,1330.0,290.0,8.79,5.83,275.2,292.8
Вологодская область,2023,6,3754.0,1180.0,1395.0,311.0,8.84,6.82,277.2,303.5
Вологодская область,2023,7,3794.0,1154.0,1338.0,306.0,8.61,5.81,281.1,295.4
Вологодская область,2023,8,5553.0,1989.0,1856.0,512.0,8.23,5.81,281.1,294.9
Вологодская область,2023,9,6137.0,2699.0,1945.0,666.0,8.16,5.92,287.0,299.5
Вологодская область,2023,10,4792.0,1921.0,1649.0,479.0,8.53,6.05,284.7,304.3
Вологодская область,2023,11,4381.0,2075.0,1533.0,528.0,8.39,6.18,286.8,302.5
Вологодская область,2023,12,4741.0,2488.0,1584.0,599.0,8.42,6.43,289.1,302.0
Вологодская область,2024,1,1570.0,762.0,596.0,206.0,8.69,6.28,278.4,290.4
Вологодская область,2024,2,2193.0,783.0,836.0,206.0,9.75,6.23,284.7,299.1
Вологодская область,2024,3,2720.0,1344.0,930.0,313.0,8.7,6.43,284.6,300.1
Вологодская область,2024,4,2668.0,1126.0,989.0,296.0,9.01,6.22,277.6,286.2
Вологодская область,2024,5,3189.0,1574.0,1152.0,380.0,8.55,6.27,289.4,306.6
Вологодская область,2024,6,4967.0,2768.0,1648.0,704.0,8.08,6.2,293.0,298.5
Вологодская область,2024,7,1935.0,393.0,913.0,83.0,11.38,6.0,273.3,308.5
Вологодская область,2024,8,2240.0,837.0,808.0,182.0,9.94,6.39,289.3,316.8
Вологодская область,2024,9,2277.0,1008.0,745.0,208.0,9.63,6.41,288.8,318.6
Вологодская область,2024,10,2309.0,1102.0,792.0,219.0,11.13,7.09,282.5,312.8
Вологодская область,2024,11,1583.0,832.0,613.0,201.0,10.48,6.5,283.9,314.1
Вологодская область,2024,12,1737.0,994.0,598.0,235.0,9.17,6.35,292.5,314.4
Вологодская область,2025,1,705.0,420.0,265.0,101.0,9.04,5.93,295.0,312.3
Вологодская область,2025,2,1399.0,876.0,444.0,201.0,8.59,6.21,294.8,306.7
Вологодская область,2025,3,1341.0,887.0,420.0,195.0,8.26,6.16,301.6,317.1
Вологодская область,2025,4,1477.0,837.0,456.0,192.0,8.1,6.25,298.7,315.4
Вологодская область,2025,5,1653.0,887.0,501.0,184.0,8.26,6.52,297.6,313.2
Вологодская область,2025,6,1770.0,862.0,553.0,195.0,8.16,6.19,296.3,314.0
Вологодская область,2025,7,1848.0,987.0,558.0,211.0,8.47,6.35,294.0,318.1
Вологодская область,2025,8,2084.0,966.0,589.0,197.0,8.35,6.21,293.4,318.7
Вологодская область,2025,9,2245.0,1244.0,651.0,265.0,8.81,6.65,281.1,304.0
Вологодская область,2025,10,2742.0,1446.0,812.0,309.0,9.13,6.99,281.1,305.4
Вологодская область,2025,11,3267.0,1786.0,907.0,376.0,8.49,6.49,291.8,317.4
Вологодская область,2025,12,4764.0,2739.0,1349.0,622.0,8.21,6.35,294.1,316.0
Вологодская область,2026,1,2186.0,1224.0,568.0,260.0,8.23,6.43,300.2,314.7
Вологодская область,2026,2,1659.0,557.0,576.0,124.0,11.09,6.11,266.6,312.7
Вологодская область,2026,3,2024.0,627.0,684.0,157.0,11.46,7.03,259.2,285.3
Вологодская область,2026,4,2334.0,834.0,717.0,185.0,11.5,7.63,264.3,290.8
Вологодская область,2026,5,1941.0,800.0,598.0,175.0,11.19,6.97,268.2,304.0
Вологодская область,2026,6,2893.0,1383.0,820.0,308.0,9.16,6.67,284.7,313.6
Вологодская область,2026,7,2141.0,735.0,702.0,176.0,12.08,8.28,260.9,293.4
Воронежская область,2019,1,2453.0,846.0,1490.0,486.0,9.86,9.71,215.8,222.1
Воронежская область,2019,2,3094.0,1067.0,1819.0,596.0,10.06,9.92,215.9,213.2
Воронежская область,2019,3,2830.0,872.0,1708.0,505.0,10.43,10.21,217.3,219.0
Воронежская область,2019,4,3245.0,1098.0,1823.0,569.0,10.57,10.29,219.5,217.5
Воронежская область,2019,5,2380.0,809.0,1321.0,390.0,10.52,10.2,222.0,219.2
Воронежская область,2019,6,2674.0,936.0,1546.0,496.0,10.36,9.92,222.7,212.5
Воронежская область,2019,7,2743.0,655.0,1567.0,363.0,10.2,9.83,223.7,213.5
Воронежская область,2019,8,3175.0,965.0,1819.0,478.0,9.87,9.39,225.6,222.1
Воронежская область,2019,9,3072.0,866.0,1730.0,460.0,9.68,9.4,219.5,220.7
Воронежская область,2019,10,3585.0,1156.0,2015.0,604.0,9.45,9.16,219.7,220.4
Воронежская область,2019,11,3516.0,1143.0,1944.0,581.0,9.21,8.73,219.9,220.0
Воронежская область,2019,12,4416.0,1257.0,2449.0,663.0,9.11,8.63,216.8,218.6
Воронежская область,2020,1,2480.0,870.0,1231.0,348.0,8.97,8.43,216.6,215.9
Воронежская область,2020,2,3238.0,959.0,1771.0,486.0,8.96,8.48,220.9,226.9
Воронежская область,2020,3,4026.0,1176.0,2090.0,477.0,8.95,8.37,223.9,233.0
Воронежская область,2020,4,3055.0,702.0,1631.0,366.0,8.48,7.38,217.6,217.9
Воронежская область,2020,5,2874.0,1090.0,1556.0,558.0,7.34,5.79,216.1,207.5
Воронежская область,2020,6,3917.0,1497.0,2185.0,804.0,7.53,6.09,213.0,208.7
Воронежская область,2020,7,5040.0,2144.0,2668.0,1060.0,7.12,5.95,218.7,217.9
Воронежская область,2020,8,5340.0,2157.0,2810.0,1058.0,7.05,5.57,217.6,212.0
Воронежская область,2020,9,6259.0,2320.0,3213.0,1075.0,7.13,5.79,220.1,222.1
Воронежская область,2020,10,6827.0,2469.0,3481.0,1140.0,7.02,5.67,222.1,219.6
Воронежская область,2020,11,5850.0,1782.0,2872.0,797.0,7.11,5.67,224.7,220.1
Воронежская область,2020,12,6574.0,2079.0,3194.0,934.0,7.06,5.61,225.2,223.7
Воронежская область,2021,1,3189.0,1137.0,1524.0,505.0,7.01,5.9,225.3,223.0
Воронежская область,2021,2,4777.0,1670.0,2213.0,687.0,7.07,5.83,228.2,231.1
Воронежская область,2021,3,5709.0,1831.0,2672.0,799.0,6.92,5.67,233.9,241.0
Воронежская область,2021,4,6813.0,2210.0,3038.0,891.0,7.11,5.65,239.7,242.6
Воронежская область,2021,5,5511.0,1921.0,2422.0,758.0,7.09,5.47,243.1,249.7
Воронежская область,2021,6,6940.0,2915.0,2923.0,1137.0,6.82,5.38,246.7,249.2
Воронежская область,2021,7,5267.0,1267.0,2292.0,499.0,7.54,5.99,247.5,250.4
Воронежская область,2021,8,5129.0,1629.0,2205.0,628.0,7.65,6.22,250.2,253.4
Воронежская область,2021,9,5701.0,1842.0,2365.0,668.0,7.58,6.17,246.1,252.1
Воронежская область,2021,10,6004.0,2148.0,2392.0,799.0,7.55,5.98,251.3,248.3
Воронежская область,2021,11,5737.0,2103.0,2257.0,744.0,7.59,6.04,259.5,264.7
Воронежская область,2021,12,8043.0,3254.0,3018.0,1104.0,7.78,6.19,256.3,255.9
Воронежская область,2022,1,4117.0,1810.0,1530.0,625.0,7.88,6.04,263.5,263.1
Воронежская область,2022,2,6135.0,2470.0,2170.0,799.0,7.95,6.15,265.6,271.9
Воронежская область,2022,3,7504.0,3879.0,2713.0,1309.0,7.64,5.81,264.7,263.7
Воронежская область,2022,4,1968.0,1102.0,716.0,298.0,8.13,6.25,263.9,273.0
Воронежская область,2022,5,1439.0,781.0,449.0,178.0,7.26,5.14,274.5,294.4
Воронежская область,2022,6,2589.0,1299.0,802.0,297.0,7.08,5.05,275.4,286.9
Воронежская область,2022,7,3896.0,1618.0,1260.0,384.0,7.66,5.14,272.7,292.9
Воронежская область,2022,8,5080.0,1890.0,1614.0,420.0,7.47,4.68,278.0,296.7
Воронежская область,2022,9,5855.0,2195.0,1935.0,558.0,7.45,4.81,277.8,291.2
Воронежская область,2022,10,5176.0,1479.0,1671.0,347.0,7.93,5.25,277.5,289.8
Воронежская область,2022,11,5561.0,2049.0,1766.0,496.0,7.51,4.75,280.7,291.9
Воронежская область,2022,12,8148.0,3353.0,2460.0,822.0,7.28,4.84,289.1,302.9
Воронежская область,2023,1,2909.0,920.0,955.0,233.0,8.33,5.67,281.8,295.4
Воронежская область,2023,2,5018.0,1835.0,1582.0,436.0,8.18,5.74,285.5,303.0
Воронежская область,2023,3,7142.0,2917.0,2248.0,768.0,7.98,5.76,286.7,297.3
Воронежская область,2023,4,7241.0,2518.0,2295.0,656.0,8.51,6.22,284.4,293.6
Воронежская область,2023,5,7345.0,2522.0,2235.0,636.0,8.45,6.13,289.2,300.6
Воронежская область,2023,6,7654.0,2646.0,2340.0,685.0,8.48,6.35,287.9,301.8
Воронежская область,2023,7,8309.0,3401.0,2539.0,889.0,8.14,6.24,286.8,298.2
Воронежская область,2023,8,10249.0,4583.0,3105.0,1202.0,7.94,6.04,291.5,302.5
Воронежская область,2023,9,12530.0,6052.0,3588.0,1548.0,7.9,6.05,296.8,305.3
Воронежская область,2023,10,10080.0,4693.0,2956.0,1234.0,8.33,6.4,291.2,301.7
Воронежская область,2023,11,9101.0,4980.0,2765.0,1329.0,8.18,6.62,295.2,302.5
Воронежская область,2023,12,10572.0,6034.0,2970.0,1456.0,7.84,6.42,299.9,304.9
Воронежская область,2024,1,3016.0,1253.0,916.0,288.0,8.69,6.29,291.8,309.4
Воронежская область,2024,2,3751.0,1436.0,1226.0,341.0,9.21,6.27,285.8,306.3
Воронежская область,2024,3,5714.0,2667.0,1686.0,641.0,8.37,6.57,295.6,308.0
Воронежская область,2024,4,6320.0,2803.0,1860.0,656.0,8.27,6.6,304.0,315.0
Воронежская область,2024,5,7180.0,3786.0,2118.0,924.0,7.6,6.22,302.0,310.3
Воронежская область,2024,6,10535.0,6558.0,3085.0,1613.0,7.6,6.47,308.9,315.5
Воронежская область,2024,7,4254.0,1233.0,1429.0,242.0,10.37,6.28,292.9,319.3
Воронежская область,2024,8,5011.0,2199.0,1463.0,463.0,9.08,6.56,303.7,331.7
Воронежская область,2024,9,4343.0,2065.0,1235.0,434.0,9.24,6.39,304.6,322.9
Воронежская область,2024,10,4742.0,2449.0,1336.0,529.0,9.91,6.24,301.9,322.5
Воронежская область,2024,11,3409.0,2054.0,1001.0,453.0,9.39,6.15,307.2,328.6
Воронежская область,2024,12,3413.0,2146.0,986.0,514.0,8.98,5.99,306.0,323.9
Воронежская область,2025,1,1297.0,930.0,390.0,218.0,7.97,6.29,310.7,322.0
Воронежская область,2025,2,2994.0,2069.0,758.0,427.0,7.53,6.04,311.5,323.0
Воронежская область,2025,3,3172.0,2000.0,792.0,417.0,7.49,6.22,317.9,327.6
Воронежская область,2025,4,3458.0,1764.0,883.0,383.0,7.35,6.0,317.3,325.4
Воронежская область,2025,5,3251.0,1862.0,803.0,384.0,7.58,6.06,315.6,323.8
Воронежская область,2025,6,4105.0,2235.0,1041.0,481.0,7.16,5.76,311.4,322.5
Воронежская область,2025,7,4454.0,2322.0,1035.0,462.0,7.25,5.89,316.3,324.9
Воронежская область,2025,8,4590.0,2555.0,1133.0,521.0,7.8,6.29,311.7,323.3
Воронежская область,2025,9,4986.0,2750.0,1207.0,571.0,7.68,6.0,310.8,326.3
Воронежская область,2025,10,6189.0,3585.0,1525.0,734.0,7.81,6.27,308.2,320.5
Воронежская область,2025,11,6613.0,4088.0,1584.0,862.0,7.58,6.19,314.3,330.2
Воронежская область,2025,12,11941.0,6877.0,2804.0,1456.0,7.35,6.09,316.4,329.2
Воронежская область,2026,1,5446.0,2928.0,1197.0,593.0,8.01,6.17,313.1,326.0
Воронежская область,2026,2,3120.0,1161.0,858.0,257.0,10.16,7.7,286.4,307.3
Воронежская область,2026,3,3659.0,1494.0,1036.0,318.0,10.22,6.94,291.8,315.5
Воронежская область,2026,4,4365.0,1804.0,1142.0,376.0,10.36,7.66,287.8,314.1
Воронежская область,2026,5,4155.0,1638.0,1125.0,359.0,9.81,6.98,290.8,310.2
Воронежская область,2026,6,6597.0,2926.0,1628.0,623.0,8.76,6.79,303.6,325.6
Воронежская область,2026,7,3979.0,1336.0,1101.0,284.0,11.28,8.09,278.9,304.9
ДАЛЬНЕВОСТОЧНЫЙ ФЕДЕРАЛЬНЫЙ ОКРУГ,2019,1,9893.0,2367.0,4173.0,887.0,9.84,9.73,201.1,192.6
ДАЛЬНЕВОСТОЧНЫЙ ФЕДЕРАЛЬНЫЙ ОКРУГ,2019,2,12972.0,3126.0,5422.0,1098.0,10.16,10.14,202.1,197.7
ДАЛЬНЕВОСТОЧНЫЙ ФЕДЕРАЛЬНЫЙ ОКРУГ,2019,3,13164.0,3108.0,5531.0,1094.0,10.49,10.34,208.4,199.1
ДАЛЬНЕВОСТОЧНЫЙ ФЕДЕРАЛЬНЫЙ ОКРУГ,2019,4,13844.0,3066.0,5850.0,1112.0,10.66,10.45,208.6,205.3
ДАЛЬНЕВОСТОЧНЫЙ ФЕДЕРАЛЬНЫЙ ОКРУГ,2019,5,10989.0,2399.0,4617.0,844.0,10.64,10.29,208.7,205.7
ДАЛЬНЕВОСТОЧНЫЙ ФЕДЕРАЛЬНЫЙ ОКРУГ,2019,6,13262.0,3171.0,5560.0,1116.0,10.37,10.07,208.3,208.0
ДАЛЬНЕВОСТОЧНЫЙ ФЕДЕРАЛЬНЫЙ ОКРУГ,2019,7,13687.0,2864.0,5691.0,995.0,10.28,9.97,207.1,204.7
ДАЛЬНЕВОСТОЧНЫЙ ФЕДЕРАЛЬНЫЙ ОКРУГ,2019,8,14874.0,3405.0,6190.0,1211.0,10.01,9.55,207.7,203.4
ДАЛЬНЕВОСТОЧНЫЙ ФЕДЕРАЛЬНЫЙ ОКРУГ,2019,9,15212.0,3870.0,6160.0,1321.0,9.78,9.36,209.3,204.3
ДАЛЬНЕВОСТОЧНЫЙ ФЕДЕРАЛЬНЫЙ ОКРУГ,2019,10,16386.0,3804.0,6653.0,1316.0,9.5,9.02,211.0,208.4
ДАЛЬНЕВОСТОЧНЫЙ ФЕДЕРАЛЬНЫЙ ОКРУГ,2019,11,15879.0,3727.0,6462.0,1249.0,9.32,8.75,207.6,210.3
ДАЛЬНЕВОСТОЧНЫЙ ФЕДЕРАЛЬНЫЙ ОКРУГ,2019,12,19590.0,4123.0,7580.0,1291.0,9.03,7.9,209.8,213.9
ДАЛЬНЕВОСТОЧНЫЙ ФЕДЕРАЛЬНЫЙ ОКРУГ,2020,1,12649.0,4835.0,4665.0,1463.0,7.28,4.51,214.0,218.6
ДАЛЬНЕВОСТОЧНЫЙ ФЕДЕРАЛЬНЫЙ ОКРУГ,2020,2,19391.0,8064.0,6874.0,2333.0,6.53,3.92,216.2,222.1
ДАЛЬНЕВОСТОЧНЫЙ ФЕДЕРАЛЬНЫЙ ОКРУГ,2020,3,20915.0,6759.0,7564.0,1910.0,7.07,4.49,213.7,222.4
ДАЛЬНЕВОСТОЧНЫЙ ФЕДЕРАЛЬНЫЙ ОКРУГ,2020,4,17679.0,4279.0,6510.0,1228.0,7.09,4.14,215.0,217.6
ДАЛЬНЕВОСТОЧНЫЙ ФЕДЕРАЛЬНЫЙ ОКРУГ,2020,5,15320.0,4848.0,5616.0,1440.0,6.8,4.34,214.7,213.8
ДАЛЬНЕВОСТОЧНЫЙ ФЕДЕРАЛЬНЫЙ ОКРУГ,2020,6,19447.0,6117.0,7116.0,1844.0,6.83,4.33,214.4,213.6
ДАЛЬНЕВОСТОЧНЫЙ ФЕДЕРАЛЬНЫЙ ОКРУГ,2020,7,23994.0,6979.0,8757.0,2033.0,6.9,4.64,214.4,212.3
ДАЛЬНЕВОСТОЧНЫЙ ФЕДЕРАЛЬНЫЙ ОКРУГ,2020,8,24063.0,7128.0,8485.0,1989.0,6.86,4.94,214.4,214.6
ДАЛЬНЕВОСТОЧНЫЙ ФЕДЕРАЛЬНЫЙ ОКРУГ,2020,9,28693.0,8158.0,10087.0,2249.0,6.93,4.98,215.5,212.8
ДАЛЬНЕВОСТОЧНЫЙ ФЕДЕРАЛЬНЫЙ ОКРУГ,2020,10,30557.0,8251.0,10581.0,2254.0,6.89,4.75,218.1,211.1
ДАЛЬНЕВОСТОЧНЫЙ ФЕДЕРАЛЬНЫЙ ОКРУГ,2020,11,28495.0,7530.0,9591.0,1947.0,6.93,4.85,220.7,216.8
ДАЛЬНЕВОСТОЧНЫЙ ФЕДЕРАЛЬНЫЙ ОКРУГ,2020,12,33583.0,9745.0,10961.0,2473.0,6.58,4.39,224.1,224.6
ДАЛЬНЕВОСТОЧНЫЙ ФЕДЕРАЛЬНЫЙ ОКРУГ,2021,1,16262.0,5456.0,5143.0,1353.0,6.38,4.11,226.9,224.9
ДАЛЬНЕВОСТОЧНЫЙ ФЕДЕРАЛЬНЫЙ ОКРУГ,2021,2,24465.0,7624.0,7819.0,1886.0,6.43,4.14,226.3,224.4
ДАЛЬНЕВОСТОЧНЫЙ ФЕДЕРАЛЬНЫЙ ОКРУГ,2021,3,30876.0,9400.0,9645.0,2244.0,6.44,4.28,230.8,233.9
ДАЛЬНЕВОСТОЧНЫЙ ФЕДЕРАЛЬНЫЙ ОКРУГ,2021,4,33502.0,9007.0,10335.0,2199.0,6.59,4.35,233.3,232.6
ДАЛЬНЕВОСТОЧНЫЙ ФЕДЕРАЛЬНЫЙ ОКРУГ,2021,5,28120.0,7569.0,8445.0,1771.0,6.64,4.41,235.5,237.6
ДАЛЬНЕВОСТОЧНЫЙ ФЕДЕРАЛЬНЫЙ ОКРУГ,2021,6,35126.0,12345.0,10284.0,2794.0,6.42,4.45,235.4,238.2
ДАЛЬНЕВОСТОЧНЫЙ ФЕДЕРАЛЬНЫЙ ОКРУГ,2021,7,31451.0,7729.0,9331.0,1765.0,6.75,4.44,238.7,236.8
ДАЛЬНЕВОСТОЧНЫЙ ФЕДЕРАЛЬНЫЙ ОКРУГ,2021,8,30639.0,8435.0,9080.0,1919.0,6.83,4.8,240.9,240.0
ДАЛЬНЕВОСТОЧНЫЙ ФЕДЕРАЛЬНЫЙ ОКРУГ,2021,9,32264.0,9769.0,9199.0,2208.0,6.78,4.5,243.9,240.8
ДАЛЬНЕВОСТОЧНЫЙ ФЕДЕРАЛЬНЫЙ ОКРУГ,2021,10,33260.0,10222.0,9402.0,2299.0,6.49,3.81,245.5,242.9
ДАЛЬНЕВОСТОЧНЫЙ ФЕДЕРАЛЬНЫЙ ОКРУГ,2021,11,34992.0,11822.0,9565.0,2601.0,6.35,3.79,249.0,245.7
ДАЛЬНЕВОСТОЧНЫЙ ФЕДЕРАЛЬНЫЙ ОКРУГ,2021,12,44133.0,14983.0,11711.0,3177.0,6.32,3.73,248.7,245.4
ДАЛЬНЕВОСТОЧНЫЙ ФЕДЕРАЛЬНЫЙ ОКРУГ,2022,1,23502.0,8608.0,6179.0,1861.0,6.41,3.85,252.1,248.7
ДАЛЬНЕВОСТОЧНЫЙ ФЕДЕРАЛЬНЫЙ ОКРУГ,2022,2,32566.0,12428.0,8320.0,2526.0,6.47,3.78,252.7,250.5
ДАЛЬНЕВОСТОЧНЫЙ ФЕДЕРАЛЬНЫЙ ОКРУГ,2022,3,41678.0,16936.0,10904.0,3806.0,6.12,3.39,253.2,251.1
ДАЛЬНЕВОСТОЧНЫЙ ФЕДЕРАЛЬНЫЙ ОКРУГ,2022,4,17235.0,7928.0,4504.0,1682.0,4.34,3.54,242.2,253.2
ДАЛЬНЕВОСТОЧНЫЙ ФЕДЕРАЛЬНЫЙ ОКРУГ,2022,5,11034.0,5521.0,2824.0,1018.0,5.2,3.75,246.3,263.6
ДАЛЬНЕВОСТОЧНЫЙ ФЕДЕРАЛЬНЫЙ ОКРУГ,2022,6,16986.0,7374.0,4349.0,1302.0,5.7,3.51,251.8,271.4
ДАЛЬНЕВОСТОЧНЫЙ ФЕДЕРАЛЬНЫЙ ОКРУГ,2022,7,23577.0,9879.0,6065.0,1808.0,6.11,3.3,253.0,264.1
ДАЛЬНЕВОСТОЧНЫЙ ФЕДЕРАЛЬНЫЙ ОКРУГ,2022,8,33531.0,12853.0,8297.0,2303.0,5.89,3.17,254.1,262.7
ДАЛЬНЕВОСТОЧНЫЙ ФЕДЕРАЛЬНЫЙ ОКРУГ,2022,9,37055.0,14013.0,9040.0,2417.0,5.98,3.33,260.4,271.4
ДАЛЬНЕВОСТОЧНЫЙ ФЕДЕРАЛЬНЫЙ ОКРУГ,2022,10,31406.0,9807.0,8087.0,1842.0,6.45,3.26,259.7,266.9
ДАЛЬНЕВОСТОЧНЫЙ ФЕДЕРАЛЬНЫЙ ОКРУГ,2022,11,31930.0,10606.0,8030.0,1964.0,6.45,3.07,261.5,272.9
ДАЛЬНЕВОСТОЧНЫЙ ФЕДЕРАЛЬНЫЙ ОКРУГ,2022,12,44441.0,17693.0,10447.0,3136.0,6.24,3.45,268.2,281.5
ДАЛЬНЕВОСТОЧНЫЙ ФЕДЕРАЛЬНЫЙ ОКРУГ,2023,1,19479.0,6351.0,4980.0,1215.0,6.69,3.75,261.1,272.9
ДАЛЬНЕВОСТОЧНЫЙ ФЕДЕРАЛЬНЫЙ ОКРУГ,2023,2,28680.0,10484.0,7052.0,2011.0,6.78,3.93,266.0,271.8
ДАЛЬНЕВОСТОЧНЫЙ ФЕДЕРАЛЬНЫЙ ОКРУГ,2023,3,38906.0,14149.0,9474.0,2698.0,6.74,4.41,264.4,271.5
ДАЛЬНЕВОСТОЧНЫЙ ФЕДЕРАЛЬНЫЙ ОКРУГ,2023,4,37375.0,12326.0,9245.0,2416.0,6.97,4.31,265.3,270.4
ДАЛЬНЕВОСТОЧНЫЙ ФЕДЕРАЛЬНЫЙ ОКРУГ,2023,5,42341.0,14345.0,10301.0,2770.0,6.84,4.47,266.3,273.3
ДАЛЬНЕВОСТОЧНЫЙ ФЕДЕРАЛЬНЫЙ ОКРУГ,2023,6,45233.0,15370.0,10890.0,2960.0,6.82,4.52,268.4,274.0
ДАЛЬНЕВОСТОЧНЫЙ ФЕДЕРАЛЬНЫЙ ОКРУГ,2023,7,45875.0,15941.0,10947.0,3132.0,6.88,4.68,269.2,273.0
ДАЛЬНЕВОСТОЧНЫЙ ФЕДЕРАЛЬНЫЙ ОКРУГ,2023,8,56642.0,21954.0,13130.0,4251.0,6.85,4.82,273.2,281.9
ДАЛЬНЕВОСТОЧНЫЙ ФЕДЕРАЛЬНЫЙ ОКРУГ,2023,9,63300.0,27539.0,14329.0,5193.0,6.75,4.66,275.6,283.0
ДАЛЬНЕВОСТОЧНЫЙ ФЕДЕРАЛЬНЫЙ ОКРУГ,2023,10,53190.0,22266.0,12620.0,4333.0,6.84,4.85,270.9,279.1
ДАЛЬНЕВОСТОЧНЫЙ ФЕДЕРАЛЬНЫЙ ОКРУГ,2023,11,50530.0,23729.0,11969.0,4708.0,6.56,4.77,271.9,280.9
ДАЛЬНЕВОСТОЧНЫЙ ФЕДЕРАЛЬНЫЙ ОКРУГ,2023,12,58976.0,30985.0,13534.0,6071.0,6.35,4.72,271.3,279.1
ДАЛЬНЕВОСТОЧНЫЙ ФЕДЕРАЛЬНЫЙ ОКРУГ,2024,1,21310.0,8722.0,5175.0,1655.0,6.34,4.55,262.7,275.1
ДАЛЬНЕВОСТОЧНЫЙ ФЕДЕРАЛЬНЫЙ ОКРУГ,2024,2,23797.0,9298.0,5974.0,1735.0,7.3,4.87,263.9,274.3
ДАЛЬНЕВОСТОЧНЫЙ ФЕДЕРАЛЬНЫЙ ОКРУГ,2024,3,30059.0,14140.0,7149.0,2594.0,6.6,4.71,268.4,277.2
ДАЛЬНЕВОСТОЧНЫЙ ФЕДЕРАЛЬНЫЙ ОКРУГ,2024,4,33639.0,16276.0,7966.0,2931.0,6.28,4.6,266.2,273.5
ДАЛЬНЕВОСТОЧНЫЙ ФЕДЕРАЛЬНЫЙ ОКРУГ,2024,5,39296.0,21135.0,9782.0,3924.0,6.37,4.77,273.2,281.5
ДАЛЬНЕВОСТОЧНЫЙ ФЕДЕРАЛЬНЫЙ ОКРУГ,2024,6,52105.0,30794.0,12681.0,5838.0,6.27,5.24,282.8,293.1
ДАЛЬНЕВОСТОЧНЫЙ ФЕДЕРАЛЬНЫЙ ОКРУГ,2024,7,34709.0,14874.0,9061.0,2610.0,6.46,3.33,254.0,253.8
ДАЛЬНЕВОСТОЧНЫЙ ФЕДЕРАЛЬНЫЙ ОКРУГ,2024,8,33441.0,15240.0,8360.0,2674.0,6.16,3.95,255.2,262.6
ДАЛЬНЕВОСТОЧНЫЙ ФЕДЕРАЛЬНЫЙ ОКРУГ,2024,9,31607.0,15426.0,7585.0,2690.0,6.07,4.2,260.5,266.7
ДАЛЬНЕВОСТОЧНЫЙ ФЕДЕРАЛЬНЫЙ ОКРУГ,2024,10,29372.0,15383.0,7193.0,2668.0,6.79,4.02,255.8,263.6
ДАЛЬНЕВОСТОЧНЫЙ ФЕДЕРАЛЬНЫЙ ОКРУГ,2024,11,23746.0,15838.0,5528.0,2740.0,5.76,3.66,255.5,259.8
ДАЛЬНЕВОСТОЧНЫЙ ФЕДЕРАЛЬНЫЙ ОКРУГ,2024,12,25643.0,18315.0,5619.0,3248.0,5.39,3.83,258.4,264.8
ДАЛЬНЕВОСТОЧНЫЙ ФЕДЕРАЛЬНЫЙ ОКРУГ,2025,1,10125.0,7272.0,2296.0,1260.0,6.15,4.71,259.7,269.4
ДАЛЬНЕВОСТОЧНЫЙ ФЕДЕРАЛЬНЫЙ ОКРУГ,2025,2,17362.0,12456.0,3736.0,2172.0,5.0,3.69,258.1,264.3
ДАЛЬНЕВОСТОЧНЫЙ ФЕДЕРАЛЬНЫЙ ОКРУГ,2025,3,20298.0,14350.0,4221.0,2505.0,5.03,3.81,260.0,265.3
ДАЛЬНЕВОСТОЧНЫЙ ФЕДЕРАЛЬНЫЙ ОКРУГ,2025,4,24486.0,14778.0,5036.0,2529.0,4.88,3.84,259.4,266.9
ДАЛЬНЕВОСТОЧНЫЙ ФЕДЕРАЛЬНЫЙ ОКРУГ,2025,5,25619.0,14169.0,5472.0,2382.0,4.85,4.02,258.1,268.7
ДАЛЬНЕВОСТОЧНЫЙ ФЕДЕРАЛЬНЫЙ ОКРУГ,2025,6,29194.0,15934.0,6342.0,2703.0,4.74,3.84,257.0,265.3
ДАЛЬНЕВОСТОЧНЫЙ ФЕДЕРАЛЬНЫЙ ОКРУГ,2025,7,34023.0,19173.0,7022.0,3191.0,4.66,3.87,258.7,266.8
ДАЛЬНЕВОСТОЧНЫЙ ФЕДЕРАЛЬНЫЙ ОКРУГ,2025,8,35043.0,19599.0,7210.0,3251.0,4.91,3.92,259.8,269.6
ДАЛЬНЕВОСТОЧНЫЙ ФЕДЕРАЛЬНЫЙ ОКРУГ,2025,9,32575.0,18032.0,6860.0,3028.0,5.45,4.31,259.6,270.9
ДАЛЬНЕВОСТОЧНЫЙ ФЕДЕРАЛЬНЫЙ ОКРУГ,2025,10,36164.0,20356.0,7522.0,3366.0,5.67,4.43,262.3,274.1
ДАЛЬНЕВОСТОЧНЫЙ ФЕДЕРАЛЬНЫЙ ОКРУГ,2025,11,32643.0,20400.0,6511.0,3388.0,5.69,4.4,266.6,277.2
ДАЛЬНЕВОСТОЧНЫЙ ФЕДЕРАЛЬНЫЙ ОКРУГ,2025,12,54187.0,33594.0,10302.0,5613.0,5.51,4.46,270.1,279.3
ДАЛЬНЕВОСТОЧНЫЙ ФЕДЕРАЛЬНЫЙ ОКРУГ,2026,1,25428.0,15797.0,4872.0,2646.0,5.79,4.77,276.2,287.7
ДАЛЬНЕВОСТОЧНЫЙ ФЕДЕРАЛЬНЫЙ ОКРУГ,2026,2,27600.0,14525.0,5536.0,2437.0,5.72,3.73,249.5,256.1
ДАЛЬНЕВОСТОЧНЫЙ ФЕДЕРАЛЬНЫЙ ОКРУГ,2026,3,30721.0,15959.0,6144.0,2630.0,5.75,3.92,248.8,255.2
ДАЛЬНЕВОСТОЧНЫЙ ФЕДЕРАЛЬНЫЙ ОКРУГ,2026,4,36063.0,19856.0,7119.0,3309.0,5.75,3.72,245.9,250.2
ДАЛЬНЕВОСТОЧНЫЙ ФЕДЕРАЛЬНЫЙ ОКРУГ,2026,5,28236.0,12722.0,5617.0,2115.0,6.07,3.97,249.5,256.8
ДАЛЬНЕВОСТОЧНЫЙ ФЕДЕРАЛЬНЫЙ ОКРУГ,2026,6,33666.0,15218.0,6620.0,2548.0,6.43,4.86,261.7,274.1
ДАЛЬНЕВОСТОЧНЫЙ ФЕДЕРАЛЬНЫЙ ОКРУГ,2026,7,32216.0,14059.0,6477.0,2343.0,6.48,4.23,248.5,258.2
Еврейская автономная область,2019,1,141.0,23.0,74.0,10.0,9.92,10.22,200.9,203.3
Еврейская автономная область,2019,2,211.0,33.0,99.0,9.0,10.34,10.25,216.2,249.8
Еврейская автономная область,2019,3,133.0,7.0,75.0,3.0,10.69,10.51,210.5,125.0
Еврейская автономная область,2019,4,169.0,6.0,97.0,3.0,10.63,10.7,197.5,177.6
Еврейская автономная область,2019,5,164.0,8.0,83.0,5.0,11.0,10.3,222.0,174.9
Еврейская автономная область,2019,6,146.0,12.0,84.0,5.0,10.38,10.63,196.4,207.9
Еврейская автономная область,2019,7,188.0,25.0,101.0,9.0,10.19,9.99,219.4,243.1
Еврейская автономная область,2019,8,185.0,23.0,98.0,9.0,10.14,9.85,218.9,222.8
Еврейская автономная область,2019,9,140.0,11.0,81.0,6.0,9.79,9.79,207.5,168.8
Еврейская автономная область,2019,10,184.0,18.0,98.0,6.0,9.42,9.48,206.8,141.8
Еврейская автономная область,2019,11,174.0,21.0,87.0,7.0,9.33,9.64,221.8,203.4
Еврейская автономная область,2019,12,229.0,16.0,120.0,6.0,9.25,8.55,213.6,229.2
Еврейская автономная область,2020,1,177.0,42.0,89.0,13.0,8.69,7.4,211.1,217.9
Еврейская автономная область,2020,2,199.0,40.0,84.0,15.0,8.61,6.54,206.8,203.8
Еврейская автономная область,2020,3,262.0,43.0,119.0,12.0,7.77,6.04,207.4,198.9
Еврейская автономная область,2020,4,199.0,30.0,106.0,9.0,7.44,4.4,208.0,224.9
Еврейская автономная область,2020,5,219.0,45.0,92.0,14.0,7.04,4.45,215.0,220.2
Еврейская автономная область,2020,6,222.0,52.0,100.0,15.0,7.1,4.15,210.6,204.7
Еврейская автономная область,2020,7,260.0,36.0,125.0,13.0,7.65,4.88,209.3,218.7
Еврейская автономная область,2020,8,265.0,47.0,120.0,15.0,7.09,5.36,213.5,215.8
Еврейская автономная область,2020,9,249.0,58.0,119.0,18.0,7.14,5.22,201.8,195.4
Еврейская автономная область,2020,10,302.0,57.0,144.0,19.0,7.15,5.48,207.5,228.6
Еврейская автономная область,2020,11,274.0,48.0,110.0,12.0,7.2,4.97,224.2,239.1
Еврейская автономная область,2020,12,314.0,74.0,138.0,21.0,6.76,4.32,213.2,232.4
Еврейская автономная область,2021,1,185.0,35.0,77.0,11.0,7.13,5.19,233.9,221.9
Еврейская автономная область,2021,2,218.0,28.0,94.0,10.0,6.92,3.47,216.9,198.2
Еврейская автономная область,2021,3,303.0,71.0,130.0,22.0,6.25,4.02,214.6,214.0
Еврейская автономная область,2021,4,342.0,70.0,131.0,17.0,7.15,4.71,228.3,231.8
Еврейская автономная область,2021,5,315.0,42.0,125.0,15.0,7.1,5.74,229.1,279.1
Еврейская автономная область,2021,6,395.0,111.0,147.0,30.0,6.82,4.05,232.5,221.5
Еврейская автономная область,2021,7,338.0,45.0,124.0,9.0,6.82,4.69,237.0,240.9
Еврейская автономная область,2021,8,308.0,41.0,128.0,8.0,7.0,1.97,239.9,294.0
Еврейская автономная область,2021,9,335.0,52.0,124.0,14.0,7.39,4.54,242.8,217.2
Еврейская автономная область,2021,10,310.0,54.0,122.0,13.0,7.51,2.64,248.5,224.3
Еврейская автономная область,2021,11,349.0,105.0,113.0,24.0,6.69,4.4,256.5,261.8
Еврейская автономная область,2021,12,418.0,93.0,149.0,23.0,7.34,3.61,247.9,224.6
Еврейская автономная область,2022,1,284.0,96.0,81.0,14.0,6.74,5.26,230.5,197.8
Еврейская автономная область,2022,2,387.0,95.0,132.0,24.0,7.24,3.25,258.8,258.9
Еврейская автономная область,2022,3,394.0,128.0,126.0,33.0,6.26,2.92,246.0,257.5
Еврейская автономная область,2022,4,172.0,56.0,56.0,13.0,6.74,2.02,241.1,216.4
Еврейская автономная область,2022,5,165.0,84.0,47.0,14.0,4.89,3.74,250.6,283.5
Еврейская автономная область,2022,6,167.0,83.0,53.0,17.0,5.67,2.83,267.7,271.5
Еврейская автономная область,2022,7,306.0,162.0,94.0,31.0,5.66,2.69,253.2,257.4
Еврейская автономная область,2022,8,341.0,165.0,111.0,35.0,5.84,3.08,249.4,264.6
Еврейская автономная область,2022,9,418.0,193.0,125.0,34.0,6.23,3.5,267.2,288.6
Еврейская автономная область,2022,10,320.0,83.0,107.0,21.0,7.0,3.35,253.4,276.2
Еврейская автономная область,2022,11,341.0,95.0,106.0,22.0,6.6,1.94,254.3,273.0
Еврейская автономная область,2022,12,493.0,200.0,147.0,42.0,6.32,2.82,260.1,284.1
Еврейская автономная область,2023,1,207.0,45.0,62.0,10.0,7.78,2.1,271.9,255.4
Еврейская автономная область,2023,2,278.0,69.0,86.0,14.0,7.36,4.45,250.2,294.6
Еврейская автономная область,2023,3,503.0,171.0,138.0,33.0,7.73,4.53,272.6,304.1
Еврейская автономная область,2023,4,412.0,105.0,121.0,24.0,8.84,4.81,262.7,268.2
Еврейская автономная область,2023,5,590.0,254.0,155.0,43.0,6.84,4.36,279.0,294.9
Еврейская автономная область,2023,6,451.0,133.0,143.0,28.0,8.39,4.27,260.0,251.3
Еврейская автономная область,2023,7,587.0,195.0,143.0,40.0,6.93,4.05,270.6,274.0
Еврейская автономная область,2023,8,675.0,278.0,174.0,53.0,7.34,4.65,260.9,274.8
Еврейская автономная область,2023,9,633.0,338.0,167.0,66.0,6.76,4.12,269.1,273.3
Еврейская автономная область,2023,10,454.0,186.0,133.0,36.0,8.09,3.93,271.7,286.2
Еврейская автономная область,2023,11,447.0,247.0,124.0,51.0,6.86,4.79,277.0,287.3
Еврейская автономная область,2023,12,636.0,365.0,179.0,76.0,6.48,4.79,267.4,288.7
Еврейская автономная область,2024,1,183.0,74.0,50.0,14.0,7.69,5.15,264.5,294.0
Еврейская автономная область,2024,2,260.0,117.0,79.0,22.0,7.76,5.03,248.0,268.4
Еврейская автономная область,2024,3,340.0,137.0,102.0,27.0,7.84,4.53,257.6,256.0
Еврейская автономная область,2024,4,376.0,160.0,108.0,32.0,6.37,3.63,259.6,279.6
Еврейская автономная область,2024,5,488.0,298.0,134.0,57.0,7.2,5.38,270.8,279.0
Еврейская автономная область,2024,6,509.0,334.0,151.0,72.0,6.57,5.12,269.6,286.9
Еврейская автономная область,2024,7,445.0,226.0,119.0,42.0,6.31,2.88,244.8,246.2
Еврейская автономная область,2024,8,365.0,247.0,100.0,45.0,6.12,3.83,274.6,281.6
Еврейская автономная область,2024,9,306.0,138.0,85.0,28.0,6.89,3.98,261.1,268.4
Еврейская автономная область,2024,10,336.0,186.0,83.0,32.0,6.79,4.44,269.3,289.0
Еврейская автономная область,2024,11,209.0,157.0,48.0,26.0,5.38,3.15,258.5,255.7
Еврейская автономная область,2024,12,208.0,146.0,52.0,28.0,6.22,3.25,248.7,264.0
Еврейская автономная область,2025,1,76.0,54.0,22.0,9.0,6.67,3.49,264.5,269.9
Еврейская автономная область,2025,2,220.0,170.0,55.0,28.0,6.8,3.74,257.3,265.4
Еврейская автономная область,2025,3,254.0,199.0,55.0,35.0,5.19,3.69,268.7,281.7
Еврейская автономная область,2025,4,271.0,183.0,57.0,31.0,4.85,3.68,263.5,264.8
Еврейская автономная область,2025,5,263.0,187.0,64.0,34.0,5.35,3.85,268.7,264.8
Еврейская автономная область,2025,6,216.0,117.0,53.0,21.0,6.01,3.48,258.1,275.0
Еврейская автономная область,2025,7,360.0,253.0,73.0,42.0,5.96,4.83,271.4,271.2
Еврейская автономная область,2025,8,340.0,228.0,81.0,40.0,5.65,3.68,259.0,263.3
Еврейская автономная область,2025,9,339.0,233.0,73.0,42.0,5.11,3.64,255.9,259.7
Еврейская автономная область,2025,10,347.0,240.0,76.0,40.0,5.46,3.74,258.7,264.3
Еврейская автономная область,2025,11,370.0,290.0,74.0,49.0,4.42,3.36,256.1,266.9
Еврейская автономная область,2025,12,627.0,454.0,138.0,79.0,5.25,3.83,265.3,269.2
Еврейская автономная область,2026,1,258.0,174.0,58.0,31.0,6.46,4.88,271.5,295.7
Еврейская автономная область,2026,2,400.0,213.0,88.0,35.0,6.83,2.67,254.2,248.4
Еврейская автономная область,2026,3,293.0,165.0,62.0,26.0,7.07,5.49,244.0,260.1
Еврейская автономная область,2026,4,465.0,292.0,97.0,46.0,5.41,3.08,250.9,257.3
Еврейская автономная область,2026,5,321.0,182.0,80.0,33.0,5.76,3.15,246.3,247.1
Еврейская автономная область,2026,6,454.0,258.0,92.0,44.0,6.89,3.98,263.3,266.0
Еврейская автономная область,2026,7,534.0,331.0,114.0,57.0,5.53,2.67,245.7,241.0
Забайкальский край,2019,1,879.0,180.0,437.0,72.0,9.89,9.75,199.4,192.7
Забайкальский край,2019,2,1166.0,166.0,579.0,69.0,10.14,10.11,202.5,202.8
Забайкальский край,2019,3,1110.0,173.0,586.0,70.0,10.54,10.21,195.7,181.8
Забайкальский край,2019,4,1279.0,216.0,631.0,81.0,10.69,10.33,196.1,176.0
Забайкальский край,2019,5,1021.0,221.0,493.0,75.0,10.58,10.31,203.9,227.0
Забайкальский край,2019,6,1088.0,244.0,558.0,81.0,10.38,10.14,203.7,224.8
Забайкальский край,2019,7,1231.0,213.0,624.0,89.0,10.35,10.35,201.4,190.7
Забайкальский край,2019,8,1310.0,265.0,690.0,117.0,9.84,9.7,198.2,195.6
Забайкальский край,2019,9,1382.0,284.0,666.0,111.0,9.71,9.32,199.1,195.4
Забайкальский край,2019,10,1426.0,312.0,717.0,133.0,9.42,9.04,198.8,199.6
Забайкальский край,2019,11,1525.0,352.0,718.0,119.0,9.26,8.62,201.3,224.2
Забайкальский край,2019,12,1557.0,279.0,779.0,108.0,9.2,8.36,196.3,205.7
Забайкальский край,2020,1,1083.0,372.0,492.0,143.0,7.54,4.63,205.9,215.3
Забайкальский край,2020,2,1540.0,552.0,685.0,194.0,6.91,4.08,202.8,211.8
Забайкальский край,2020,3,1623.0,373.0,766.0,131.0,7.92,5.57,206.6,224.8
Забайкальский край,2020,4,1616.0,236.0,739.0,83.0,7.9,4.19,207.9,212.6
Забайкальский край,2020,5,1207.0,298.0,550.0,110.0,7.02,4.7,203.0,198.3
Забайкальский край,2020,6,1606.0,440.0,698.0,151.0,7.29,5.23,213.4,207.2
Забайкальский край,2020,7,1948.0,489.0,860.0,164.0,7.07,5.12,207.1,209.2
Забайкальский край,2020,8,1980.0,436.0,855.0,153.0,7.02,5.11,202.3,193.8
Забайкальский край,2020,9,2651.0,563.0,1111.0,171.0,7.2,5.57,209.0,214.6
Забайкальский край,2020,10,2605.0,585.0,1069.0,174.0,7.11,5.55,212.5,204.4
Забайкальский край,2020,11,2263.0,440.0,939.0,135.0,7.21,5.54,216.7,215.0
Забайкальский край,2020,12,2484.0,580.0,990.0,181.0,7.01,4.83,213.4,225.8
Забайкальский край,2021,1,1315.0,428.0,508.0,126.0,6.71,4.89,215.7,229.2
Забайкальский край,2021,2,1928.0,554.0,761.0,165.0,6.46,4.28,215.8,217.1
Забайкальский край,2021,3,2758.0,701.0,1050.0,201.0,6.56,4.5,223.1,226.9
Забайкальский край,2021,4,3076.0,743.0,1132.0,203.0,6.8,5.1,226.2,233.2
Забайкальский край,2021,5,2508.0,659.0,873.0,170.0,6.81,5.19,233.4,239.1
Забайкальский край,2021,6,2857.0,819.0,955.0,200.0,6.7,5.16,231.5,238.8
Забайкальский край,2021,7,2532.0,409.0,959.0,119.0,6.96,4.64,234.3,231.2
Забайкальский край,2021,8,2706.0,608.0,974.0,152.0,7.32,5.73,232.8,232.5
Забайкальский край,2021,9,2870.0,801.0,970.0,200.0,7.08,4.89,241.2,238.4
Забайкальский край,2021,10,2994.0,783.0,1009.0,208.0,6.9,4.33,239.5,240.9
Забайкальский край,2021,11,3034.0,820.0,994.0,221.0,6.64,3.79,242.4,240.1
Забайкальский край,2021,12,3802.0,1107.0,1204.0,262.0,7.14,4.87,243.4,246.4
Забайкальский край,2022,1,1835.0,531.0,578.0,137.0,7.24,4.76,250.0,258.6
Забайкальский край,2022,2,2770.0,831.0,844.0,196.0,6.94,4.35,251.7,255.8
Забайкальский край,2022,3,3771.0,1275.0,1124.0,322.0,6.72,3.94,254.1,261.7
Забайкальский край,2022,4,1229.0,514.0,380.0,114.0,5.37,4.82,245.3,261.6
Забайкальский край,2022,5,880.0,327.0,261.0,59.0,6.08,3.8,239.7,281.2
Забайкальский край,2022,6,1415.0,548.0,443.0,107.0,5.74,3.79,241.0,261.0
Забайкальский край,2022,7,1789.0,551.0,539.0,104.0,6.48,3.41,256.7,293.6
Забайкальский край,2022,8,3001.0,1061.0,855.0,199.0,5.81,2.74,250.9,268.2
Забайкальский край,2022,9,3257.0,995.0,906.0,177.0,6.69,3.71,262.6,288.5
Забайкальский край,2022,10,2848.0,844.0,837.0,156.0,6.55,3.54,260.0,276.6
Забайкальский край,2022,11,2937.0,829.0,832.0,156.0,6.89,3.19,263.0,274.7
Забайкальский край,2022,12,4133.0,1514.0,1067.0,277.0,6.62,3.45,270.5,293.2
Забайкальский край,2023,1,1738.0,432.0,518.0,90.0,7.29,3.21,259.4,265.9
Забайкальский край,2023,2,2690.0,968.0,752.0,195.0,7.23,4.45,268.1,279.4
Забайкальский край,2023,3,3652.0,1293.0,986.0,262.0,6.98,4.53,261.9,273.0
Забайкальский край,2023,4,3634.0,1083.0,990.0,221.0,7.03,4.56,262.7,280.3
Забайкальский край,2023,5,3913.0,1098.0,1053.0,221.0,7.19,4.73,259.7,276.7
Забайкальский край,2023,6,4386.0,1379.0,1117.0,274.0,7.09,4.62,269.9,281.2
Забайкальский край,2023,7,4271.0,1264.0,1136.0,259.0,7.42,5.18,272.8,284.0
Забайкальский край,2023,8,5411.0,2052.0,1360.0,401.0,7.04,4.89,276.7,288.7
Забайкальский край,2023,9,6062.0,2585.0,1439.0,483.0,6.84,4.76,271.2,277.0
Забайкальский край,2023,10,5111.0,2054.0,1319.0,423.0,7.34,4.95,274.5,281.4
Забайкальский край,2023,11,4754.0,2071.0,1189.0,417.0,6.77,4.91,272.5,282.1
Забайкальский край,2023,12,4989.0,2318.0,1270.0,478.0,6.73,4.83,271.8,279.0
Забайкальский край,2024,1,2002.0,813.0,553.0,164.0,7.2,4.88,269.6,288.9
Забайкальский край,2024,2,2209.0,860.0,628.0,174.0,7.89,4.83,267.4,283.2
Забайкальский край,2024,3,2898.0,1442.0,722.0,269.0,7.06,4.77,274.5,289.0
Забайкальский край,2024,4,3315.0,1540.0,905.0,313.0,6.85,4.59,268.7,273.9
Забайкальский край,2024,5,3540.0,1898.0,1013.0,371.0,6.65,5.09,276.1,283.2
Забайкальский край,2024,6,4658.0,2659.0,1325.0,538.0,6.62,5.41,284.6,296.2
Забайкальский край,2024,7,3298.0,1310.0,960.0,244.0,7.63,3.98,263.2,269.1
Забайкальский край,2024,8,2973.0,1242.0,900.0,239.0,6.37,4.22,263.1,272.3
Забайкальский край,2024,9,3248.0,1553.0,887.0,284.0,6.3,4.58,263.8,270.3
Забайкальский край,2024,10,2986.0,1662.0,819.0,300.0,6.73,4.07,257.7,263.9
Забайкальский край,2024,11,2414.0,1611.0,619.0,296.0,6.44,3.99,254.9,259.1
Забайкальский край,2024,12,2850.0,2179.0,647.0,406.0,5.48,3.69,261.4,262.7
Забайкальский край,2025,1,1299.0,1072.0,294.0,191.0,4.64,3.46,258.3,262.7
Забайкальский край,2025,2,1776.0,1344.0,373.0,236.0,4.95,3.71,260.6,263.3
Забайкальский край,2025,3,2102.0,1476.0,456.0,263.0,5.12,4.06,269.3,274.1
Забайкальский край,2025,4,2749.0,1733.0,578.0,298.0,5.19,3.95,266.8,274.6
Забайкальский край,2025,5,2565.0,1362.0,630.0,240.0,5.42,4.6,270.5,287.7
Забайкальский край,2025,6,2888.0,1547.0,682.0,262.0,4.87,4.09,258.1,266.9
Забайкальский край,2025,7,3414.0,1954.0,746.0,339.0,5.07,4.18,267.8,278.6
Забайкальский край,2025,8,3780.0,2325.0,796.0,387.0,5.1,4.03,262.8,269.0
Забайкальский край,2025,9,3403.0,1940.0,743.0,340.0,5.1,4.06,264.3,270.4
Забайкальский край,2025,10,4211.0,2786.0,885.0,466.0,5.74,4.48,266.1,276.0
Забайкальский край,2025,11,3723.0,2513.0,760.0,421.0,5.43,4.15,266.9,276.7
Забайкальский край,2025,12,6544.0,4556.0,1261.0,780.0,5.56,4.38,277.4,283.1
Забайкальский край,2026,1,3216.0,2272.0,617.0,391.0,5.76,4.75,285.6,293.2
Забайкальский край,2026,2,3151.0,1952.0,644.0,341.0,5.58,3.95,257.6,264.0
Забайкальский край,2026,3,3570.0,1949.0,721.0,333.0,5.56,3.87,254.9,262.4
Забайкальский край,2026,4,4055.0,2409.0,817.0,407.0,5.91,3.85,251.5,251.4
Забайкальский край,2026,5,3025.0,1433.0,602.0,245.0,6.06,4.11,254.7,263.5
Забайкальский край,2026,6,4231.0,2012.0,813.0,338.0,6.29,4.46,265.0,272.6
Забайкальский край,2026,7,3875.0,1752.0,777.0,301.0,6.68,4.19,250.4,258.7
Ивановская область,2019,1,696.0,184.0,405.0,84.0,9.82,9.53,202.7,215.5
Ивановская область,2019,2,946.0,210.0,567.0,99.0,10.24,9.99,193.5,197.2
Ивановская область,2019,3,1002.0,258.0,602.0,119.0,10.44,10.11,208.0,221.7
Ивановская область,2019,4,1096.0,267.0,619.0,111.0,10.61,10.06,193.6,225.3
Ивановская область,2019,5,826.0,258.0,463.0,102.0,10.52,10.19,207.2,219.5
Ивановская область,2019,6,951.0,236.0,541.0,97.0,10.3,9.72,208.5,222.6
Ивановская область,2019,7,980.0,257.0,565.0,105.0,10.19,9.67,200.9,201.0
Ивановская область,2019,8,986.0,237.0,623.0,114.0,9.97,9.65,195.6,197.4
Ивановская область,2019,9,1051.0,285.0,615.0,120.0,9.64,9.35,206.9,219.7
Ивановская область,2019,10,1159.0,297.0,659.0,112.0,9.54,9.01,206.8,220.8
Ивановская область,2019,11,1147.0,283.0,672.0,114.0,9.18,8.53,209.2,221.4
Ивановская область,2019,12,1566.0,358.0,824.0,134.0,9.04,8.49,210.9,229.3
Ивановская область,2020,1,848.0,179.0,467.0,70.0,9.14,8.57,210.1,231.7
Ивановская область,2020,2,1061.0,209.0,602.0,87.0,8.87,8.04,209.4,209.5
Ивановская область,2020,3,1237.0,210.0,668.0,83.0,8.93,8.35,201.4,202.2
Ивановская область,2020,4,869.0,172.0,483.0,65.0,8.7,7.0,207.6,222.5
Ивановская область,2020,5,845.0,253.0,438.0,103.0,7.6,5.53,210.2,206.8
Ивановская область,2020,6,1208.0,293.0,648.0,133.0,7.9,6.25,210.1,204.4
Ивановская область,2020,7,1523.0,555.0,792.0,204.0,7.45,6.08,212.2,224.7
Ивановская область,2020,8,1752.0,578.0,862.0,195.0,7.3,5.75,207.7,212.3
Ивановская область,2020,9,2089.0,594.0,1084.0,201.0,7.38,6.09,214.0,223.6
Ивановская область,2020,10,2209.0,623.0,1119.0,234.0,7.35,5.75,215.0,220.2
Ивановская область,2020,11,1910.0,549.0,947.0,194.0,7.43,5.93,217.2,224.0
Ивановская область,2020,12,2170.0,662.0,1049.0,228.0,7.24,5.73,215.9,220.3
Ивановская область,2021,1,1035.0,297.0,484.0,106.0,7.44,5.58,217.2,217.7
Ивановская область,2021,2,1556.0,386.0,742.0,140.0,7.53,6.24,227.1,228.6
Ивановская область,2021,3,1874.0,460.0,886.0,160.0,7.17,5.81,224.5,236.5
Ивановская область,2021,4,2221.0,588.0,981.0,192.0,7.41,6.15,237.1,251.7
Ивановская область,2021,5,1679.0,538.0,710.0,142.0,7.32,5.68,242.3,255.8
Ивановская область,2021,6,2169.0,694.0,883.0,195.0,7.17,5.45,243.2,262.0
Ивановская область,2021,7,1764.0,352.0,790.0,121.0,7.92,6.66,233.4,238.8
Ивановская область,2021,8,1713.0,433.0,789.0,138.0,7.78,6.36,233.0,242.3
Ивановская область,2021,9,2023.0,510.0,868.0,168.0,7.64,5.51,236.6,236.5
Ивановская область,2021,10,2079.0,562.0,861.0,175.0,7.77,5.88,240.0,236.6
Ивановская область,2021,11,1987.0,654.0,849.0,205.0,7.9,6.36,243.1,248.6
Ивановская область,2021,12,2453.0,718.0,995.0,220.0,8.24,6.19,238.6,238.6
Ивановская область,2022,1,1262.0,408.0,483.0,129.0,8.34,6.18,246.3,254.1
Ивановская область,2022,2,2108.0,688.0,702.0,193.0,8.65,6.34,261.1,266.9
Ивановская область,2022,3,1938.0,692.0,730.0,206.0,8.79,5.74,254.9,261.5
Ивановская область,2022,4,511.0,244.0,223.0,71.0,8.21,6.03,254.6,279.6
Ивановская область,2022,5,510.0,315.0,175.0,65.0,6.34,3.71,257.6,277.1
Ивановская область,2022,6,949.0,481.0,341.0,95.0,6.75,3.86,257.0,297.5
Ивановская область,2022,7,1193.0,570.0,422.0,105.0,6.6,3.56,257.4,285.2
Ивановская область,2022,8,2115.0,913.0,714.0,177.0,6.95,3.93,264.4,281.6
Ивановская область,2022,9,2295.0,806.0,746.0,155.0,7.1,3.05,276.8,303.8
Ивановская область,2022,10,2057.0,534.0,709.0,118.0,8.27,5.06,260.8,286.7
Ивановская область,2022,11,2061.0,744.0,719.0,144.0,7.69,4.59,268.1,293.9
Ивановская область,2022,12,2968.0,1278.0,909.0,231.0,6.86,3.38,276.0,304.2
Ивановская область,2023,1,1114.0,419.0,383.0,98.0,8.29,5.35,263.3,293.0
Ивановская область,2023,2,1783.0,598.0,621.0,138.0,8.58,5.29,268.2,296.9
Ивановская область,2023,3,2332.0,777.0,830.0,186.0,8.7,5.7,271.9,288.0
Ивановская область,2023,4,2345.0,755.0,814.0,158.0,9.05,6.29,262.8,279.9
Ивановская область,2023,5,2415.0,684.0,823.0,146.0,9.0,6.31,279.9,302.5
Ивановская область,2023,6,2517.0,646.0,862.0,140.0,9.08,5.65,274.7,301.6
Ивановская область,2023,7,2763.0,929.0,880.0,205.0,8.44,5.91,273.6,283.1
Ивановская область,2023,8,3657.0,1314.0,1174.0,311.0,8.48,5.85,273.3,291.4
Ивановская область,2023,9,3717.0,1551.0,1161.0,348.0,8.5,6.18,285.0,298.0
Ивановская область,2023,10,3032.0,1053.0,1006.0,255.0,9.52,6.36,275.9,296.7
Ивановская область,2023,11,2996.0,1321.0,966.0,270.0,8.82,6.15,279.6,303.0
Ивановская область,2023,12,2898.0,1214.0,878.0,260.0,8.82,6.05,286.4,310.8
Ивановская область,2024,1,1052.0,412.0,359.0,90.0,9.75,6.83,269.6,287.1
Ивановская область,2024,2,1517.0,514.0,538.0,99.0,10.53,7.86,274.1,307.6
Ивановская область,2024,3,1702.0,715.0,541.0,134.0,8.97,5.95,288.5,319.2
Ивановская область,2024,4,1954.0,800.0,627.0,164.0,9.25,6.22,286.3,308.2
Ивановская область,2024,5,2331.0,1046.0,689.0,212.0,8.62,6.01,297.3,319.6
Ивановская область,2024,6,2927.0,1518.0,931.0,335.0,8.41,6.57,288.7,306.2
Ивановская область,2024,7,1526.0,445.0,558.0,82.0,11.13,6.39,275.8,310.0
Ивановская область,2024,8,1573.0,574.0,507.0,103.0,9.71,6.28,287.6,333.5
Ивановская область,2024,9,1735.0,666.0,481.0,109.0,11.39,8.04,267.3,326.5
Ивановская область,2024,10,1652.0,636.0,515.0,111.0,11.55,6.01,279.1,320.8
Ивановская область,2024,11,909.0,371.0,310.0,74.0,10.76,6.41,290.5,321.8
Ивановская область,2024,12,963.0,488.0,319.0,96.0,9.82,5.89,295.2,323.1
Ивановская область,2025,1,420.0,259.0,141.0,47.0,10.93,6.02,301.1,329.5
Ивановская область,2025,2,945.0,589.0,278.0,112.0,8.94,6.16,298.5,317.6
Ивановская область,2025,3,1110.0,553.0,272.0,96.0,8.88,6.43,297.0,309.7
Ивановская область,2025,4,1056.0,517.0,307.0,94.0,8.22,6.17,298.1,315.2
Ивановская область,2025,5,1153.0,510.0,323.0,99.0,8.3,6.43,294.9,312.7
Ивановская область,2025,6,1308.0,707.0,317.0,88.0,10.15,10.48,290.3,290.1
Ивановская область,2025,7,1328.0,586.0,390.0,112.0,8.29,5.99,292.2,312.2
Ивановская область,2025,8,1517.0,735.0,411.0,131.0,8.35,6.17,296.9,322.1
Ивановская область,2025,9,1679.0,725.0,415.0,123.0,10.01,7.77,291.0,319.5
Ивановская область,2025,10,1739.0,782.0,463.0,132.0,9.59,7.8,290.5,315.8
Ивановская область,2025,11,1878.0,901.0,499.0,169.0,9.26,6.87,293.1,316.0
Ивановская область,2025,12,2991.0,1492.0,766.0,271.0,8.16,6.14,300.4,316.9
Ивановская область,2026,1,1592.0,823.0,385.0,152.0,7.87,6.27,303.0,325.2
Ивановская область,2026,2,1113.0,307.0,349.0,61.0,11.45,7.32,260.7,303.5
Ивановская область,2026,3,1313.0,487.0,388.0,89.0,10.71,7.77,271.5,300.4
Ивановская область,2026,4,1491.0,511.0,450.0,103.0,11.6,7.87,267.1,294.1
Ивановская область,2026,5,1335.0,401.0,383.0,79.0,11.79,8.59,265.8,302.1
Ивановская область,2026,6,2340.0,811.0,602.0,151.0,9.63,7.4,291.3,308.4
Ивановская область,2026,7,1359.0,310.0,440.0,63.0,12.64,8.41,260.8,292.7
Иркутская область,2019,1,2091.0,548.0,1187.0,274.0,9.92,9.68,185.7,183.6
Иркутская область,2019,2,3083.0,613.0,1668.0,303.0,10.23,9.98,193.2,194.4
Иркутская область,2019,3,2966.0,601.0,1615.0,279.0,10.5,10.2,193.1,187.0
Иркутская область,2019,4,3494.0,684.0,1882.0,308.0,10.71,10.25,198.0,194.9
Иркутская область,2019,5,2773.0,566.0,1485.0,251.0,10.7,9.98,197.5,197.3
Иркутская область,2019,6,3175.0,580.0,1715.0,261.0,10.46,9.8,198.2,197.7
Иркутская область,2019,7,3143.0,555.0,1719.0,250.0,10.29,9.86,201.4,204.4
Иркутская область,2019,8,3608.0,794.0,1920.0,337.0,10.04,9.57,199.4,193.3
Иркутская область,2019,9,3780.0,824.0,1969.0,342.0,9.79,9.36,198.7,192.0
Иркутская область,2019,10,4332.0,907.0,2280.0,401.0,9.54,8.95,196.5,190.0
Иркутская область,2019,11,4082.0,844.0,2082.0,350.0,9.38,8.79,197.5,201.8
Иркутская область,2019,12,5263.0,941.0,2589.0,387.0,9.24,8.57,195.7,190.8
Иркутская область,2020,1,2735.0,604.0,1300.0,233.0,9.05,8.16,201.1,216.7
Иркутская область,2020,2,3503.0,627.0,1708.0,246.0,9.06,8.26,201.6,214.3
Иркутская область,2020,3,4225.0,702.0,2060.0,280.0,9.02,8.27,201.1,202.5
Иркутская область,2020,4,3797.0,450.0,1871.0,193.0,8.93,7.57,203.3,208.2
Иркутская область,2020,5,3072.0,762.0,1495.0,309.0,8.11,5.91,199.1,205.3
Иркутская область,2020,6,4528.0,1055.0,2133.0,440.0,8.07,6.27,204.7,190.4
Иркутская область,2020,7,5083.0,1158.0,2383.0,445.0,7.77,6.14,203.8,198.9
Иркутская область,2020,8,5623.0,1337.0,2597.0,514.0,7.59,6.13,204.9,204.9
Иркутская область,2020,9,7111.0,1486.0,3193.0,546.0,7.67,6.04,203.9,201.8
Иркутская область,2020,10,7165.0,1625.0,3122.0,568.0,7.64,5.94,207.3,200.7
Иркутская область,2020,11,7011.0,1470.0,2928.0,464.0,7.6,6.27,210.0,206.0
Иркутская область,2020,12,7570.0,1359.0,3232.0,473.0,7.65,5.93,209.9,209.8
Иркутская область,2021,1,3257.0,699.0,1373.0,212.0,7.62,6.3,215.5,222.9
Иркутская область,2021,2,5288.0,970.0,2194.0,309.0,7.48,5.97,218.3,224.2
Иркутская область,2021,3,6892.0,1150.0,2842.0,330.0,7.41,6.11,221.9,227.8
Иркутская область,2021,4,7951.0,1614.0,3119.0,424.0,7.59,6.31,227.6,246.0
Иркутская область,2021,5,6970.0,1243.0,2675.0,340.0,7.72,5.82,227.4,237.3
Иркутская область,2021,6,7563.0,1912.0,2853.0,517.0,7.5,5.7,228.6,240.7
Иркутская область,2021,7,6562.0,768.0,2532.0,205.0,7.77,6.04,229.4,247.5
Иркутская область,2021,8,6824.0,1182.0,2610.0,301.0,7.89,6.7,234.9,254.5
Иркутская область,2021,9,7357.0,1318.0,2585.0,331.0,8.1,6.72,236.4,239.9
Иркутская область,2021,10,7345.0,1364.0,2655.0,331.0,8.11,6.3,239.1,238.2
Иркутская область,2021,11,7061.0,1479.0,2523.0,413.0,8.21,6.34,240.8,243.9
Иркутская область,2021,12,9366.0,2124.0,3276.0,576.0,8.47,6.64,244.1,244.5
Иркутская область,2022,1,4294.0,1157.0,1492.0,329.0,8.63,6.43,247.9,255.7
Иркутская область,2022,2,6581.0,1623.0,2208.0,445.0,8.97,6.32,250.9,260.1
Иркутская область,2022,3,8425.0,2761.0,2849.0,863.0,8.98,5.86,259.0,255.2
Иркутская область,2022,4,2211.0,962.0,773.0,245.0,9.4,6.65,254.2,269.3
Иркутская область,2022,5,1611.0,699.0,525.0,152.0,8.74,5.98,250.2,280.5
Иркутская область,2022,6,3464.0,1193.0,1063.0,218.0,8.14,5.18,253.9,271.3
Иркутская область,2022,7,4804.0,1471.0,1592.0,288.0,8.07,4.72,256.6,283.7
Иркутская область,2022,8,6418.0,1552.0,2087.0,307.0,8.01,4.42,258.0,287.5
Иркутская область,2022,9,8387.0,1956.0,2637.0,411.0,8.25,4.87,265.5,287.3
Иркутская область,2022,10,7550.0,1585.0,2431.0,339.0,8.43,4.85,263.3,280.4
Иркутская область,2022,11,7166.0,1609.0,2292.0,365.0,8.59,4.87,271.1,293.9
Иркутская область,2022,12,10987.0,3277.0,3321.0,727.0,8.37,5.3,273.6,292.1
Иркутская область,2023,1,4365.0,1093.0,1390.0,236.0,9.05,5.58,272.6,298.3
Иркутская область,2023,2,6673.0,1822.0,2052.0,408.0,8.99,5.83,279.2,302.0
Иркутская область,2023,3,9197.0,2566.0,2866.0,664.0,8.89,5.94,276.1,298.8
Иркутская область,2023,4,9315.0,2265.0,2919.0,553.0,9.21,6.29,276.4,292.7
Иркутская область,2023,5,10154.0,2310.0,3069.0,544.0,9.09,6.15,280.5,309.9
Иркутская область,2023,6,9901.0,2475.0,2977.0,558.0,8.98,6.03,280.6,307.7
Иркутская область,2023,7,9572.0,2339.0,2858.0,565.0,8.94,6.04,281.3,297.3
Иркутская область,2023,8,13205.0,4167.0,3743.0,973.0,8.65,6.05,285.7,301.7
Иркутская область,2023,9,14468.0,5535.0,4111.0,1290.0,8.42,6.05,293.2,308.4
Иркутская область,2023,10,11881.0,4130.0,3524.0,944.0,9.16,6.47,289.0,305.1
Иркутская область,2023,11,11419.0,4767.0,3329.0,1085.0,8.66,6.36,296.2,311.3
Иркутская область,2023,12,11486.0,4925.0,3405.0,1215.0,8.54,6.32,297.0,313.7
Иркутская область,2024,1,3885.0,1380.0,1282.0,327.0,9.07,6.2,289.5,312.7
Иркутская область,2024,2,5424.0,1686.0,1822.0,435.0,9.61,6.64,290.9,314.4
Иркутская область,2024,3,6787.0,2504.0,2289.0,654.0,9.1,6.58,292.2,311.1
Иркутская область,2024,4,6577.0,2228.0,2076.0,515.0,9.38,6.64,291.8,307.4
Иркутская область,2024,5,7670.0,3190.0,2594.0,730.0,8.89,6.44,297.8,315.9
Иркутская область,2024,6,11836.0,6303.0,3774.0,1400.0,8.21,6.56,305.8,319.9
Иркутская область,2024,7,5823.0,1143.0,2208.0,282.0,10.73,6.78,288.2,310.4
Иркутская область,2024,8,5685.0,1678.0,1892.0,423.0,9.82,6.56,293.5,322.6
Иркутская область,2024,9,5545.0,1963.0,1784.0,542.0,9.53,6.45,300.9,326.1
Иркутская область,2024,10,5180.0,1964.0,1621.0,420.0,10.69,6.14,297.8,326.9
Иркутская область,2024,11,3684.0,1774.0,1113.0,364.0,9.81,6.25,299.6,323.4
Иркутская область,2024,12,3535.0,1883.0,1103.0,435.0,9.43,6.69,302.2,328.0
Иркутская область,2025,1,1314.0,727.0,445.0,163.0,10.16,6.27,300.4,329.7
Иркутская область,2025,2,2386.0,1425.0,679.0,306.0,8.24,6.17,308.7,329.0
Иркутская область,2025,3,2772.0,1383.0,741.0,276.0,8.66,6.09,307.3,327.9
Иркутская область,2025,4,3685.0,1767.0,1003.0,340.0,8.05,6.19,305.1,325.9
Иркутская область,2025,5,3937.0,1912.0,1043.0,358.0,8.01,6.02,314.0,331.8
Иркутская область,2025,6,4329.0,1920.0,1111.0,379.0,7.87,6.21,308.1,326.9
Иркутская область,2025,7,5214.0,2204.0,1235.0,420.0,7.59,6.11,313.0,334.5
Иркутская область,2025,8,5651.0,2395.0,1392.0,455.0,8.01,6.13,305.9,326.9
Иркутская область,2025,9,5543.0,2359.0,1369.0,439.0,8.6,6.33,297.6,330.9
Иркутская область,2025,10,6578.0,3016.0,1600.0,542.0,8.47,6.08,300.8,330.1
Иркутская область,2025,11,6241.0,3214.0,1488.0,570.0,8.11,5.92,305.3,332.8
Иркутская область,2025,12,10777.0,5383.0,2415.0,969.0,7.81,6.0,312.1,336.7
Иркутская область,2026,1,5659.0,2939.0,1253.0,540.0,7.79,5.95,318.2,336.9
Иркутская область,2026,2,3839.0,1226.0,1048.0,240.0,10.68,6.7,281.1,329.6
Иркутская область,2026,3,4262.0,1441.0,1150.0,248.0,10.3,7.19,282.8,315.2
Иркутская область,2026,4,4887.0,1530.0,1290.0,268.0,10.66,7.01,285.2,317.6
Иркутская область,2026,5,4709.0,1307.0,1251.0,233.0,11.04,7.78,279.6,318.8
Иркутская область,2026,6,6711.0,2300.0,1627.0,422.0,9.3,6.84,297.3,328.3
Иркутская область,2026,7,4997.0,1250.0,1388.0,240.0,11.58,7.88,279.0,316.3
Кабардино-Балкарская Республика,2019,1,303.0,94.0,157.0,40.0,9.9,10.05,202.6,217.9
Кабардино-Балкарская Республика,2019,2,452.0,70.0,229.0,30.0,10.31,10.51,208.3,230.5
Кабардино-Балкарская Республика,2019,3,532.0,102.0,226.0,32.0,10.51,10.4,228.7,255.1
Кабардино-Балкарская Республика,2019,4,517.0,135.0,252.0,47.0,10.59,10.28,217.5,230.4
Кабардино-Балкарская Республика,2019,5,404.0,126.0,191.0,42.0,10.56,10.05,215.8,226.4
Кабардино-Балкарская Республика,2019,6,469.0,98.0,240.0,39.0,10.2,9.79,222.0,223.6
Кабардино-Балкарская Республика,2019,7,564.0,78.0,234.0,35.0,10.31,9.94,218.8,195.4
Кабардино-Балкарская Республика,2019,8,525.0,91.0,253.0,33.0,10.06,9.54,226.1,243.8
Кабардино-Балкарская Республика,2019,9,521.0,156.0,243.0,49.0,9.91,9.3,224.9,235.9
Кабардино-Балкарская Республика,2019,10,545.0,137.0,250.0,51.0,9.58,9.08,233.0,258.6
Кабардино-Балкарская Республика,2019,11,616.0,132.0,292.0,46.0,9.31,8.33,228.1,229.6
Кабардино-Балкарская Республика,2019,12,715.0,131.0,340.0,48.0,9.24,8.65,217.4,252.8
Кабардино-Балкарская Республика,2020,1,326.0,61.0,155.0,25.0,9.08,8.46,219.4,214.5
Кабардино-Балкарская Республика,2020,2,568.0,129.0,267.0,45.0,8.82,8.06,218.4,238.6
Кабардино-Балкарская Республика,2020,3,569.0,139.0,256.0,49.0,9.01,8.61,233.4,259.6
Кабардино-Балкарская Республика,2020,4,449.0,70.0,217.0,28.0,8.79,8.28,219.6,231.7
Кабардино-Балкарская Республика,2020,5,439.0,156.0,208.0,53.0,7.26,5.71,221.7,217.3
Кабардино-Балкарская Республика,2020,6,722.0,159.0,313.0,53.0,8.0,6.49,230.0,251.2
Кабардино-Балкарская Республика,2020,7,821.0,227.0,354.0,70.0,7.47,6.2,217.5,220.2
Кабардино-Балкарская Республика,2020,8,927.0,296.0,400.0,95.0,7.13,5.3,224.7,232.0
Кабардино-Балкарская Республика,2020,9,963.0,216.0,443.0,63.0,7.38,5.73,230.4,249.9
Кабардино-Балкарская Республика,2020,10,1142.0,246.0,497.0,72.0,7.18,5.69,232.9,234.6
Кабардино-Балкарская Республика,2020,11,1023.0,178.0,470.0,55.0,7.37,6.04,221.3,232.1
Кабардино-Балкарская Республика,2020,12,1076.0,159.0,494.0,51.0,7.06,5.84,225.2,246.2
Кабардино-Балкарская Республика,2021,1,581.0,65.0,276.0,26.0,6.66,5.85,223.5,222.7
Кабардино-Балкарская Республика,2021,2,842.0,146.0,393.0,43.0,6.59,5.87,230.2,235.7
Кабардино-Балкарская Республика,2021,3,1134.0,198.0,497.0,58.0,6.48,5.71,242.2,255.4
Кабардино-Балкарская Республика,2021,4,1169.0,237.0,486.0,60.0,6.99,6.35,245.5,260.3
Кабардино-Балкарская Республика,2021,5,815.0,182.0,322.0,42.0,7.27,4.87,245.3,265.9
Кабардино-Балкарская Республика,2021,6,1127.0,242.0,434.0,60.0,6.96,5.15,249.8,270.4
Кабардино-Балкарская Республика,2021,7,1078.0,97.0,447.0,20.0,7.28,6.22,243.7,241.9
Кабардино-Балкарская Республика,2021,8,1002.0,153.0,448.0,41.0,7.7,6.75,240.1,240.7
Кабардино-Балкарская Республика,2021,9,1011.0,118.0,438.0,32.0,7.83,6.64,248.1,276.2
Кабардино-Балкарская Республика,2021,10,1163.0,195.0,478.0,40.0,7.81,5.13,251.0,271.5
Кабардино-Балкарская Республика,2021,11,1122.0,206.0,408.0,39.0,8.26,5.87,264.1,277.1
Кабардино-Балкарская Республика,2021,12,1408.0,247.0,540.0,46.0,8.29,4.86,268.8,320.4
Кабардино-Балкарская Республика,2022,1,772.0,146.0,299.0,40.0,8.71,5.71,258.1,265.7
Кабардино-Балкарская Республика,2022,2,1067.0,279.0,420.0,65.0,8.88,6.26,264.7,295.5
Кабардино-Балкарская Республика,2022,3,1141.0,293.0,467.0,75.0,9.04,5.28,260.4,272.2
Кабардино-Балкарская Республика,2022,4,331.0,117.0,207.0,26.0,8.46,5.14,232.6,292.4
Кабардино-Балкарская Республика,2022,5,274.0,149.0,144.0,22.0,6.01,2.57,249.1,297.5
Кабардино-Балкарская Республика,2022,6,638.0,286.0,230.0,36.0,6.51,3.04,259.2,305.8
Кабардино-Балкарская Республика,2022,7,760.0,281.0,321.0,41.0,6.97,3.32,267.2,318.3
Кабардино-Балкарская Республика,2022,8,1162.0,360.0,460.0,56.0,7.31,3.7,266.8,328.1
Кабардино-Балкарская Республика,2022,9,1197.0,283.0,448.0,42.0,7.73,2.21,279.6,335.1
Кабардино-Балкарская Республика,2022,10,1150.0,189.0,451.0,31.0,8.53,3.5,272.2,338.3
Кабардино-Балкарская Республика,2022,11,1279.0,350.0,481.0,53.0,7.74,2.74,274.3,328.0
Кабардино-Балкарская Республика,2022,12,1696.0,478.0,595.0,73.0,7.52,2.54,280.7,332.7
Кабардино-Балкарская Республика,2023,1,840.0,177.0,306.0,27.0,9.32,4.59,288.4,345.0
Кабардино-Балкарская Республика,2023,2,1241.0,355.0,434.0,53.0,8.51,4.04,287.5,339.7
Кабардино-Балкарская Республика,2023,3,1498.0,410.0,549.0,82.0,9.08,4.91,283.7,324.3
Кабардино-Балкарская Республика,2023,4,1524.0,440.0,521.0,79.0,9.34,6.36,294.5,324.0
Кабардино-Балкарская Республика,2023,5,1416.0,277.0,494.0,56.0,9.95,6.67,283.3,302.4
Кабардино-Балкарская Республика,2023,6,1622.0,260.0,564.0,55.0,9.95,5.88,284.0,305.9
Кабардино-Балкарская Республика,2023,7,1613.0,446.0,546.0,83.0,9.42,6.25,296.7,318.8
Кабардино-Балкарская Республика,2023,8,1975.0,617.0,627.0,129.0,8.96,5.52,297.0,315.1
Кабардино-Балкарская Республика,2023,9,2350.0,890.0,720.0,195.0,8.89,5.84,296.3,316.8
Кабардино-Балкарская Республика,2023,10,1856.0,677.0,636.0,142.0,9.81,6.24,300.4,331.4
Кабардино-Балкарская Республика,2023,11,1902.0,691.0,606.0,150.0,9.6,6.28,304.1,329.5
Кабардино-Балкарская Республика,2023,12,1830.0,781.0,611.0,163.0,8.59,5.97,302.5,335.4
Кабардино-Балкарская Республика,2024,1,608.0,245.0,237.0,48.0,10.86,6.47,303.6,330.8
Кабардино-Балкарская Республика,2024,2,852.0,278.0,325.0,59.0,10.07,6.12,291.4,331.5
Кабардино-Балкарская Республика,2024,3,874.0,321.0,311.0,63.0,8.99,6.69,295.9,339.5
Кабардино-Балкарская Республика,2024,4,1033.0,393.0,357.0,71.0,9.69,6.74,299.2,327.7
Кабардино-Балкарская Республика,2024,5,1356.0,600.0,429.0,105.0,9.07,6.19,301.5,334.4
Кабардино-Балкарская Республика,2024,6,1386.0,769.0,433.0,157.0,7.99,6.2,306.4,323.4
Кабардино-Балкарская Республика,2024,7,827.0,233.0,319.0,45.0,11.18,6.04,287.3,337.5
Кабардино-Балкарская Республика,2024,8,945.0,373.0,308.0,78.0,10.59,6.82,301.1,340.4
Кабардино-Балкарская Республика,2024,9,771.0,301.0,247.0,54.0,11.53,5.81,310.7,339.8
Кабардино-Балкарская Республика,2024,10,683.0,306.0,239.0,49.0,12.08,5.83,295.3,334.9
Кабардино-Балкарская Республика,2024,11,661.0,413.0,197.0,71.0,10.6,6.32,318.3,349.6
Кабардино-Балкарская Республика,2024,12,532.0,328.0,180.0,56.0,10.28,6.19,306.6,342.3
Кабардино-Балкарская Республика,2025,1,173.0,96.0,80.0,16.0,12.58,6.26,294.7,335.0
Кабардино-Балкарская Республика,2025,2,366.0,237.0,151.0,44.0,8.7,5.92,304.1,346.2
Кабардино-Балкарская Республика,2025,3,731.0,509.0,223.0,124.0,8.1,6.07,314.5,345.7
Кабардино-Балкарская Республика,2025,4,678.0,477.0,231.0,122.0,6.88,6.11,320.9,343.0
Кабардино-Балкарская Республика,2025,5,701.0,460.0,208.0,96.0,6.92,6.1,319.8,335.8
Кабардино-Балкарская Республика,2025,6,689.0,410.0,190.0,76.0,6.82,6.29,324.5,339.9
Кабардино-Балкарская Республика,2025,7,796.0,522.0,233.0,107.0,7.32,6.2,322.0,338.8
Кабардино-Балкарская Республика,2025,8,921.0,588.0,286.0,149.0,7.59,5.98,323.3,338.6
Кабардино-Балкарская Республика,2025,9,650.0,438.0,218.0,91.0,7.89,5.93,321.7,348.1
Кабардино-Балкарская Республика,2025,10,962.0,570.0,250.0,115.0,7.99,6.38,326.3,337.3
Кабардино-Балкарская Республика,2025,11,1464.0,596.0,256.0,128.0,8.72,6.52,242.9,342.5
Кабардино-Балкарская Республика,2025,12,1905.0,1295.0,505.0,322.0,7.1,6.31,329.5,343.2
Кабардино-Балкарская Республика,2026,1,1096.0,782.0,292.0,183.0,6.82,6.06,334.8,348.2
Кабардино-Балкарская Республика,2026,2,435.0,180.0,130.0,34.0,9.51,6.39,308.7,339.4
Кабардино-Балкарская Республика,2026,3,551.0,346.0,177.0,78.0,8.87,6.81,312.2,334.0
Кабардино-Балкарская Республика,2026,4,671.0,347.0,200.0,90.0,9.4,6.3,305.2,341.5
Кабардино-Балкарская Республика,2026,5,496.0,248.0,158.0,57.0,10.38,6.81,297.9,330.0
Кабардино-Балкарская Республика,2026,6,808.0,419.0,201.0,90.0,9.4,7.24,322.6,337.8
Кабардино-Балкарская Республика,2026,7,648.0,336.0,169.0,64.0,10.55,7.14,303.8,331.4
Калининградская область,2019,1,1163.0,376.0,647.0,210.0,9.92,9.82,197.0,206.1
Калининградская область,2019,2,1555.0,461.0,869.0,284.0,10.17,10.11,198.2,185.9
Калининградская область,2019,3,1570.0,504.0,864.0,295.0,10.26,10.27,202.9,201.0
Калининградская область,2019,4,1568.0,473.0,867.0,277.0,10.54,10.37,200.9,196.7
Калининградская область,2019,5,1348.0,483.0,725.0,252.0,10.4,10.2,194.4,189.7
Калининградская область,2019,6,1470.0,500.0,802.0,270.0,10.25,10.05,207.7,204.0
Калининградская область,2019,7,1305.0,349.0,735.0,195.0,10.21,10.23,203.1,199.9
Калининградская область,2019,8,1576.0,568.0,854.0,310.0,9.77,9.44,206.1,203.3
Калининградская область,2019,9,1590.0,576.0,816.0,284.0,9.6,9.21,205.8,209.5
Калининградская область,2019,10,1831.0,646.0,952.0,332.0,9.24,8.91,203.3,206.2
Калининградская область,2019,11,1666.0,592.0,860.0,288.0,9.24,8.83,203.8,208.7
Калининградская область,2019,12,2304.0,759.0,1100.0,345.0,9.07,8.52,206.9,210.1
Калининградская область,2020,1,1316.0,457.0,678.0,233.0,8.92,8.22,203.6,206.5
Калининградская область,2020,2,1739.0,591.0,887.0,282.0,8.77,8.27,208.9,210.8
Калининградская область,2020,3,1992.0,650.0,1003.0,351.0,8.71,8.07,203.3,211.7
Калининградская область,2020,4,1323.0,377.0,662.0,176.0,8.18,7.09,215.4,218.9
Калининградская область,2020,5,1724.0,728.0,880.0,368.0,7.57,6.22,201.2,197.5
Калининградская область,2020,6,2054.0,921.0,1024.0,471.0,7.56,6.36,207.2,205.8
Калининградская область,2020,7,2505.0,1114.0,1220.0,512.0,7.26,6.38,209.3,209.7
Калининградская область,2020,8,2985.0,1410.0,1438.0,642.0,7.12,6.16,207.1,213.7
Калининградская область,2020,9,3518.0,1516.0,1614.0,651.0,7.13,6.17,215.3,215.8
Калининградская область,2020,10,3479.0,1363.0,1599.0,568.0,7.25,6.04,211.9,215.0
Калининградская область,2020,11,3186.0,1057.0,1459.0,445.0,7.3,6.04,214.6,210.1
Калининградская область,2020,12,3257.0,1061.0,1414.0,413.0,7.0,5.9,214.6,221.9
Калининградская область,2021,1,1535.0,498.0,664.0,195.0,6.93,5.84,221.8,228.3
Калининградская область,2021,2,2476.0,832.0,1049.0,311.0,6.81,5.77,223.2,228.3
Калининградская область,2021,3,3110.0,1039.0,1250.0,378.0,6.9,5.8,228.0,234.9
Калининградская область,2021,4,3561.0,1477.0,1409.0,543.0,7.11,5.91,230.0,232.1
Калининградская область,2021,5,3191.0,1240.0,1222.0,422.0,7.19,5.77,239.5,242.6
Калининградская область,2021,6,3369.0,1465.0,1218.0,477.0,6.98,5.68,239.3,248.8
Калининградская область,2021,7,2627.0,747.0,997.0,260.0,7.44,6.11,238.9,244.4
Калининградская область,2021,8,2843.0,889.0,1042.0,310.0,7.57,6.56,240.4,241.6
Калининградская область,2021,9,2817.0,947.0,1033.0,316.0,7.74,6.84,237.5,240.2
Калининградская область,2021,10,2864.0,936.0,996.0,311.0,7.72,6.35,246.4,247.7
Калининградская область,2021,11,3052.0,1045.0,1061.0,365.0,7.76,6.21,249.6,246.8
Калининградская область,2021,12,3867.0,1308.0,1238.0,393.0,7.88,6.14,254.8,253.1
Калининградская область,2022,1,2047.0,714.0,622.0,199.0,8.22,6.48,262.4,271.1
Калининградская область,2022,2,2821.0,926.0,861.0,256.0,8.38,6.55,255.4,256.9
Калининградская область,2022,3,2991.0,1061.0,907.0,305.0,8.42,6.29,269.3,270.2
Калининградская область,2022,4,886.0,368.0,290.0,98.0,8.84,5.94,266.7,278.0
Калининградская область,2022,5,676.0,347.0,229.0,72.0,7.14,5.11,258.3,290.4
Калининградская область,2022,6,1152.0,497.0,328.0,98.0,7.39,4.74,257.4,298.6
Калининградская область,2022,7,1630.0,555.0,471.0,115.0,7.73,4.85,257.9,272.0
Калининградская область,2022,8,2201.0,658.0,609.0,143.0,7.73,5.06,265.3,289.8
Калининградская область,2022,9,2530.0,868.0,736.0,197.0,7.34,4.56,272.9,299.1
Калининградская область,2022,10,2341.0,604.0,694.0,138.0,8.11,4.51,267.4,280.3
Калининградская область,2022,11,2309.0,562.0,662.0,151.0,8.0,4.64,271.6,282.8
Калининградская область,2022,12,3498.0,1164.0,930.0,255.0,7.56,4.49,284.0,298.7
Калининградская область,2023,1,1492.0,431.0,420.0,90.0,8.44,5.63,282.7,290.3
Калининградская область,2023,2,2334.0,755.0,690.0,186.0,8.17,5.9,286.4,312.0
Калининградская область,2023,3,3183.0,1059.0,931.0,266.0,8.14,5.89,282.8,295.8
Калининградская область,2023,4,3352.0,1094.0,989.0,304.0,8.42,6.46,277.0,274.3
Калининградская область,2023,5,3517.0,1075.0,1009.0,267.0,8.37,6.2,279.2,292.5
Калининградская область,2023,6,4009.0,1340.0,1122.0,339.0,8.28,6.55,287.1,292.8
Калининградская область,2023,7,3809.0,1350.0,1090.0,340.0,8.01,6.0,286.3,292.3
Калининградская область,2023,8,5272.0,2031.0,1468.0,529.0,7.93,6.06,288.3,295.1
Калининградская область,2023,9,6147.0,2706.0,1672.0,657.0,7.79,6.09,292.3,299.0
Калининградская область,2023,10,5441.0,2455.0,1580.0,631.0,7.75,6.26,290.7,293.4
Калининградская область,2023,11,4988.0,2410.0,1391.0,571.0,7.89,6.4,291.3,293.2
Калининградская область,2023,12,5329.0,2655.0,1479.0,620.0,7.59,6.38,295.5,303.5
Калининградская область,2024,1,1677.0,622.0,548.0,159.0,8.13,6.25,283.9,287.9
Калининградская область,2024,2,2201.0,773.0,719.0,204.0,9.0,6.77,293.7,300.0
Калининградская область,2024,3,3187.0,1256.0,1003.0,313.0,8.34,6.34,287.3,306.0
Калининградская область,2024,4,3457.0,1389.0,1059.0,357.0,8.05,6.34,294.9,304.0
Калининградская область,2024,5,3873.0,1794.0,1184.0,441.0,8.23,6.39,300.2,305.3
Калининградская область,2024,6,5908.0,3133.0,1666.0,744.0,7.18,6.18,308.2,312.6
Калининградская область,2024,7,2671.0,867.0,854.0,198.0,9.5,6.09,285.3,297.1
Калининградская область,2024,8,2977.0,1345.0,804.0,295.0,8.48,6.41,298.7,314.9
Калининградская область,2024,9,2732.0,1251.0,739.0,275.0,8.41,5.92,302.5,318.7
Калининградская область,2024,10,2232.0,897.0,650.0,190.0,9.95,6.09,301.5,319.2
Калининградская область,2024,11,1803.0,816.0,536.0,187.0,8.83,5.94,303.6,323.6
Калининградская область,2024,12,2160.0,1359.0,604.0,337.0,9.13,6.73,296.9,311.8
Калининградская область,2025,1,848.0,542.0,257.0,120.0,8.45,6.18,298.2,318.0
Калининградская область,2025,2,1691.0,1075.0,430.0,241.0,7.83,6.12,311.1,322.9
Калининградская область,2025,3,2125.0,1247.0,535.0,283.0,7.7,6.17,308.8,316.7
Калининградская область,2025,4,2235.0,1319.0,548.0,281.0,6.96,5.94,316.0,321.5
Калининградская область,2025,5,2389.0,1402.0,574.0,312.0,7.34,6.13,310.6,319.2
Калининградская область,2025,6,2383.0,1255.0,587.0,287.0,7.63,6.05,309.0,322.7
Калининградская область,2025,7,2676.0,1539.0,648.0,332.0,7.3,5.96,307.6,319.0
Калининградская область,2025,8,2915.0,1652.0,668.0,354.0,7.35,6.16,313.4,321.8
Калининградская область,2025,9,3402.0,1725.0,698.0,369.0,8.07,6.34,285.0,321.4
Калининградская область,2025,10,3702.0,2234.0,863.0,478.0,7.85,6.34,307.8,320.3
Калининградская область,2025,11,3934.0,2628.0,912.0,560.0,7.42,6.06,316.3,327.2
Калининградская область,2025,12,6085.0,3685.0,1365.0,779.0,7.12,5.86,315.9,326.1
Калининградская область,2026,1,3201.0,1748.0,688.0,361.0,7.29,5.91,318.1,329.0
Калининградская область,2026,2,1791.0,872.0,469.0,200.0,9.23,6.71,294.2,314.6
Калининградская область,2026,3,2595.0,1431.0,667.0,307.0,8.66,6.54,297.8,321.6
Калининградская область,2026,4,2968.0,1575.0,717.0,323.0,9.52,7.21,296.5,323.7
Калининградская область,2026,5,2539.0,1272.0,616.0,263.0,9.36,7.33,295.8,317.5
Калининградская область,2026,6,3648.0,1927.0,839.0,391.0,8.35,6.65,304.5,321.2
Калининградская область,2026,7,2890.0,1361.0,685.0,279.0,9.59,6.69,294.6,319.5
Калужская область,2019,1,1322.0,465.0,624.0,190.0,9.84,9.76,210.9,204.4
Калужская область,2019,2,1825.0,495.0,851.0,233.0,10.15,10.0,213.0,202.9
Калужская область,2019,3,1855.0,582.0,890.0,247.0,10.47,10.3,216.1,219.6
Калужская область,2019,4,1903.0,591.0,888.0,251.0,10.56,10.21,214.6,204.8
Калужская область,2019,5,1564.0,520.0,680.0,210.0,10.49,10.0,215.3,224.2
Калужская область,2019,6,1745.0,642.0,812.0,249.0,10.24,9.77,216.8,218.2
Калужская область,2019,7,1721.0,435.0,810.0,193.0,10.28,9.97,216.8,212.2
Калужская область,2019,8,1915.0,640.0,901.0,278.0,9.77,9.34,222.1,212.9
Калужская область,2019,9,1968.0,664.0,934.0,285.0,9.59,9.13,220.0,212.3
Калужская область,2019,10,2226.0,697.0,1012.0,282.0,9.36,8.91,222.6,215.5
Калужская область,2019,11,2341.0,757.0,1044.0,299.0,9.21,8.69,219.2,222.0
Калужская область,2019,12,2875.0,801.0,1262.0,330.0,9.05,8.37,218.3,218.2
Калужская область,2020,1,1434.0,510.0,620.0,192.0,8.97,8.38,217.9,228.4
Калужская область,2020,2,2283.0,739.0,956.0,277.0,8.89,8.38,220.5,221.3
Калужская область,2020,3,2574.0,789.0,1080.0,305.0,8.78,8.13,223.7,228.1
Калужская область,2020,4,1530.0,366.0,685.0,141.0,8.32,6.78,218.1,221.9
Калужская область,2020,5,1413.0,554.0,627.0,218.0,6.93,4.84,211.7,208.1
Калужская область,2020,6,2149.0,855.0,917.0,336.0,7.58,6.29,205.6,203.6
Калужская область,2020,7,2711.0,973.0,1143.0,353.0,7.28,5.78,217.8,208.9
Калужская область,2020,8,2955.0,1006.0,1273.0,378.0,7.23,5.67,218.2,212.6
Калужская область,2020,9,3611.0,1141.0,1458.0,376.0,7.35,5.88,219.7,211.9
Калужская область,2020,10,3776.0,1156.0,1516.0,375.0,7.3,6.13,224.7,228.8
Калужская область,2020,11,3479.0,946.0,1375.0,302.0,7.39,5.97,230.0,230.4
Калужская область,2020,12,3782.0,1003.0,1445.0,295.0,7.22,5.75,224.9,223.1
Калужская область,2021,1,1829.0,684.0,650.0,170.0,7.02,5.93,241.6,248.2
Калужская область,2021,2,2849.0,965.0,1055.0,229.0,7.1,6.04,232.9,235.5
Калужская область,2021,3,3595.0,1039.0,1285.0,256.0,7.16,6.08,240.9,253.1
Калужская область,2021,4,3781.0,1120.0,1392.0,325.0,7.26,5.69,238.8,236.1
Калужская область,2021,5,3328.0,1047.0,1227.0,335.0,7.26,5.64,248.1,256.0
Калужская область,2021,6,3938.0,1347.0,1349.0,337.0,7.17,5.51,247.8,260.1
Калужская область,2021,7,3099.0,676.0,1176.0,215.0,7.68,6.47,248.9,247.9
Калужская область,2021,8,3471.0,1173.0,1303.0,440.0,7.64,6.53,248.4,242.3
Калужская область,2021,9,3553.0,1043.0,1176.0,262.0,7.7,6.34,254.8,255.1
Калужская область,2021,10,3676.0,964.0,1251.0,265.0,7.86,6.18,259.3,259.3
Калужская область,2021,11,3672.0,1234.0,1181.0,317.0,7.71,5.89,258.0,259.9
Калужская область,2021,12,4674.0,1690.0,1481.0,447.0,8.05,6.35,265.9,263.0
Калужская область,2022,1,2072.0,623.0,639.0,145.0,8.6,6.44,268.2,266.0
Калужская область,2022,2,3237.0,1020.0,917.0,233.0,8.77,6.41,268.5,259.1
Калужская область,2022,3,3187.0,980.0,1055.0,281.0,8.86,5.89,272.7,275.2
Калужская область,2022,4,1011.0,579.0,381.0,179.0,7.86,6.1,249.7,263.6
Калужская область,2022,5,836.0,530.0,232.0,99.0,5.81,3.18,272.7,288.0
Калужская область,2022,6,1763.0,864.0,424.0,123.0,6.13,3.18,265.4,289.1
Калужская область,2022,7,2410.0,968.0,697.0,168.0,6.81,3.67,280.9,301.4
Калужская область,2022,8,3152.0,1072.0,878.0,172.0,6.97,2.9,284.5,315.9
Калужская область,2022,9,3648.0,1384.0,984.0,232.0,6.76,2.87,291.4,317.5
Калужская область,2022,10,3162.0,789.0,903.0,142.0,8.17,3.9,287.4,310.5
Калужская область,2022,11,3183.0,890.0,859.0,177.0,7.86,3.4,283.2,308.4
Калужская область,2022,12,4754.0,1860.0,1203.0,320.0,6.96,2.94,291.0,311.1
Калужская область,2023,1,1868.0,484.0,519.0,93.0,8.67,5.21,286.2,300.3
Калужская область,2023,2,2879.0,970.0,800.0,196.0,8.43,5.06,294.3,301.2
Калужская область,2023,3,3944.0,1355.0,1118.0,286.0,8.59,5.76,294.7,305.5
Калужская область,2023,4,4043.0,1138.0,1109.0,248.0,8.87,5.8,292.1,306.2
Калужская область,2023,5,4093.0,1323.0,1112.0,260.0,8.58,5.89,295.8,312.7
Калужская область,2023,6,4191.0,1284.0,1148.0,248.0,9.0,6.7,291.8,311.5
Калужская область,2023,7,4352.0,1443.0,1184.0,308.0,8.58,6.18,291.1,310.6
Калужская область,2023,8,5292.0,1911.0,1428.0,386.0,8.32,5.83,297.8,315.0
Калужская область,2023,9,6204.0,2112.0,1570.0,411.0,8.3,5.77,302.4,322.2
Калужская область,2023,10,4471.0,1652.0,1229.0,350.0,8.52,6.18,291.2,307.3
Калужская область,2023,11,4775.0,1880.0,1259.0,365.0,8.81,6.33,300.2,317.3
Калужская область,2023,12,5045.0,2391.0,1360.0,481.0,8.23,6.16,305.6,317.4
Калужская область,2024,1,1729.0,645.0,508.0,129.0,9.05,5.9,291.0,312.5
Калужская область,2024,2,2250.0,608.0,691.0,122.0,9.8,6.52,300.4,323.1
Калужская область,2024,3,2738.0,1076.0,772.0,198.0,8.72,6.38,301.7,321.7
Калужская область,2024,4,3031.0,1104.0,896.0,205.0,8.9,6.65,301.9,321.1
Калужская область,2024,5,3547.0,1596.0,1046.0,306.0,8.46,6.1,304.5,317.8
Калужская область,2024,6,4952.0,2551.0,1397.0,491.0,7.83,6.25,310.9,323.0
Калужская область,2024,7,2416.0,630.0,787.0,90.0,10.81,7.02,291.9,320.5
Калужская область,2024,8,2501.0,862.0,700.0,139.0,9.62,6.36,304.8,327.9
Калужская область,2024,9,2492.0,959.0,693.0,160.0,9.32,5.98,305.9,331.2
Калужская область,2024,10,2400.0,1065.0,692.0,192.0,10.02,6.18,301.8,331.3
Калужская область,2024,11,1904.0,1092.0,542.0,213.0,9.23,6.26,307.9,321.0
Калужская область,2024,12,1572.0,857.0,429.0,145.0,8.89,6.02,301.2,320.1
Калужская область,2025,1,726.0,459.0,201.0,78.0,8.59,5.92,309.4,329.8
Калужская область,2025,2,1474.0,841.0,381.0,152.0,7.53,6.05,322.3,342.1
Калужская область,2025,3,1702.0,1038.0,385.0,175.0,7.81,6.0,320.6,332.7
Калужская область,2025,4,2116.0,1058.0,492.0,183.0,7.84,6.27,313.8,327.6
Калужская область,2025,5,1789.0,855.0,427.0,142.0,7.91,6.06,310.5,331.0
Калужская область,2025,6,1828.0,932.0,429.0,163.0,8.27,7.18,310.3,325.5
Калужская область,2025,7,2298.0,1125.0,520.0,203.0,7.9,6.36,311.3,326.1
Калужская область,2025,8,2323.0,1171.0,533.0,199.0,8.39,6.21,305.0,322.8
Калужская область,2025,9,2373.0,1049.0,549.0,180.0,8.37,6.25,300.5,326.6
Калужская область,2025,10,3018.0,1487.0,715.0,273.0,8.86,6.36,300.9,323.7
Калужская область,2025,11,2766.0,1417.0,646.0,236.0,8.27,6.1,309.5,334.6
Калужская область,2025,12,4587.0,2203.0,1003.0,372.0,8.1,6.28,310.1,333.9
Калужская область,2026,1,2242.0,1100.0,516.0,196.0,8.04,6.19,305.8,329.1
Калужская область,2026,2,1505.0,538.0,393.0,92.0,10.92,7.13,283.7,317.0
Калужская область,2026,3,1866.0,601.0,526.0,114.0,10.67,6.89,274.1,314.6
Калужская область,2026,4,2306.0,820.0,594.0,140.0,10.66,7.77,280.0,318.3
Калужская область,2026,5,1889.0,644.0,493.0,113.0,10.62,6.84,286.4,312.0
Калужская область,2026,6,3260.0,1428.0,747.0,235.0,8.98,6.53,297.4,325.5
Калужская область,2026,7,2287.0,852.0,573.0,141.0,11.31,8.1,281.3,317.9
Камчатский край,2019,1,427.0,121.0,169.0,40.0,9.75,9.7,199.5,180.3
Камчатский край,2019,2,623.0,153.0,265.0,60.0,10.3,10.42,186.3,172.0
Камчатский край,2019,3,597.0,196.0,243.0,57.0,10.64,10.6,195.8,175.1
Камчатский край,2019,4,729.0,191.0,327.0,76.0,10.63,10.24,205.5,207.2
Камчатский край,2019,5,554.0,151.0,247.0,59.0,10.69,10.32,194.3,199.7
Камчатский край,2019,6,653.0,212.0,273.0,79.0,10.66,10.46,190.5,175.8
Камчатский край,2019,7,562.0,150.0,239.0,55.0,10.32,10.07,197.9,187.7
Камчатский край,2019,8,679.0,161.0,280.0,54.0,10.27,9.5,206.5,185.7
Камчатский край,2019,9,621.0,191.0,248.0,70.0,9.71,9.55,196.6,171.8
Камчатский край,2019,10,845.0,197.0,328.0,62.0,9.84,9.69,204.0,183.1
Камчатский край,2019,11,804.0,220.0,323.0,64.0,9.38,8.88,209.7,202.1
Камчатский край,2019,12,875.0,192.0,357.0,68.0,9.29,8.6,202.4,194.7
Камчатский край,2020,1,469.0,96.0,193.0,36.0,9.13,8.34,199.6,197.7
Камчатский край,2020,2,667.0,152.0,259.0,48.0,8.8,8.17,228.7,226.4
Камчатский край,2020,3,866.0,237.0,318.0,71.0,8.87,8.36,205.9,212.9
Камчатский край,2020,4,675.0,134.0,258.0,42.0,8.44,7.64,208.8,190.4
Камчатский край,2020,5,637.0,228.0,246.0,73.0,7.91,6.35,197.2,185.2
Камчатский край,2020,6,801.0,240.0,316.0,80.0,7.87,6.01,199.8,189.9
Камчатский край,2020,7,1100.0,377.0,407.0,114.0,7.57,6.2,199.6,201.7
Камчатский край,2020,8,1051.0,465.0,365.0,120.0,7.34,6.22,194.1,198.9
Камчатский край,2020,9,1210.0,419.0,429.0,111.0,7.46,6.11,203.3,196.7
Камчатский край,2020,10,1344.0,454.0,462.0,123.0,7.31,6.1,205.8,200.9
Камчатский край,2020,11,1474.0,431.0,517.0,128.0,7.62,6.25,215.0,204.5
Камчатский край,2020,12,1593.0,493.0,535.0,126.0,7.29,5.6,216.2,215.3
Камчатский край,2021,1,784.0,263.0,251.0,71.0,7.33,5.69,227.1,216.0
Камчатский край,2021,2,1104.0,357.0,351.0,86.0,7.35,6.26,216.8,198.9
Камчатский край,2021,3,1363.0,416.0,433.0,100.0,7.23,5.63,240.1,236.0
Камчатский край,2021,4,1492.0,345.0,455.0,86.0,7.47,5.76,226.5,226.0
Камчатский край,2021,5,1235.0,323.0,368.0,78.0,7.5,5.57,234.3,234.4
Камчатский край,2021,6,1324.0,409.0,395.0,98.0,7.23,5.38,224.1,213.9
Камчатский край,2021,7,1140.0,307.0,319.0,67.0,7.94,6.77,240.3,232.9
Камчатский край,2021,8,1295.0,356.0,367.0,88.0,7.7,6.09,237.1,228.7
Камчатский край,2021,9,1421.0,326.0,384.0,74.0,8.25,6.32,248.8,239.0
Камчатский край,2021,10,1460.0,377.0,407.0,91.0,7.8,6.67,247.7,233.5
Камчатский край,2021,11,1718.0,458.0,439.0,93.0,8.17,6.74,251.7,237.7
Камчатский край,2021,12,2031.0,571.0,482.0,112.0,8.16,5.99,248.6,227.5
Камчатский край,2022,1,1001.0,218.0,262.0,44.0,8.04,5.1,256.9,261.5
Камчатский край,2022,2,1612.0,523.0,357.0,83.0,7.95,6.07,262.7,267.4
Камчатский край,2022,3,1678.0,421.0,417.0,87.0,8.57,5.74,267.0,274.6
Камчатский край,2022,4,579.0,218.0,161.0,49.0,6.49,6.28,247.6,265.4
Камчатский край,2022,5,444.0,247.0,116.0,47.0,7.6,4.85,242.6,266.9
Камчатский край,2022,6,743.0,296.0,200.0,52.0,7.14,3.56,254.1,280.8
Камчатский край,2022,7,977.0,399.0,265.0,75.0,7.13,4.05,252.6,272.9
Камчатский край,2022,8,1375.0,404.0,327.0,73.0,7.75,4.25,256.0,259.9
Камчатский край,2022,9,1455.0,522.0,335.0,78.0,7.28,3.47,272.0,293.0
Камчатский край,2022,10,1254.0,338.0,316.0,57.0,7.24,2.68,271.6,297.5
Камчатский край,2022,11,1629.0,448.0,369.0,82.0,8.03,3.77,275.8,312.3
Камчатский край,2022,12,1825.0,589.0,421.0,96.0,7.36,3.49,279.3,305.0
Камчатский край,2023,1,916.0,230.0,217.0,43.0,8.37,4.96,270.2,295.1
Камчатский край,2023,2,1372.0,416.0,291.0,64.0,8.82,5.96,284.0,299.3
Камчатский край,2023,3,1422.0,374.0,321.0,59.0,8.79,5.43,277.2,291.9
Камчатский край,2023,4,1465.0,277.0,352.0,53.0,9.07,5.44,276.8,301.7
Камчатский край,2023,5,1375.0,347.0,347.0,76.0,9.03,5.92,272.4,281.5
Камчатский край,2023,6,1670.0,483.0,401.0,96.0,8.81,5.79,285.3,299.8
Камчатский край,2023,7,1719.0,520.0,392.0,106.0,8.53,5.9,270.0,277.1
Камчатский край,2023,8,2154.0,801.0,485.0,152.0,7.96,5.52,280.4,289.7
Камчатский край,2023,9,2250.0,902.0,476.0,161.0,8.17,5.26,284.5,301.8
Камчатский край,2023,10,2104.0,849.0,497.0,163.0,8.51,5.39,269.3,281.1
Камчатский край,2023,11,1969.0,770.0,448.0,136.0,8.53,5.66,286.9,302.6
Камчатский край,2023,12,2098.0,955.0,487.0,174.0,8.59,6.08,277.1,292.0
Камчатский край,2024,1,867.0,267.0,202.0,47.0,8.05,5.4,262.9,289.1
Камчатский край,2024,2,831.0,275.0,208.0,47.0,10.24,5.51,277.9,310.6
Камчатский край,2024,3,1108.0,436.0,265.0,75.0,8.87,5.35,266.2,272.8
Камчатский край,2024,4,1093.0,425.0,268.0,85.0,8.83,5.71,273.6,293.1
Камчатский край,2024,5,1281.0,651.0,326.0,121.0,8.16,6.12,272.8,287.0
Камчатский край,2024,6,1814.0,957.0,438.0,185.0,7.97,5.73,280.2,292.3
Камчатский край,2024,7,1046.0,302.0,281.0,50.0,9.12,5.22,252.6,271.2
Камчатский край,2024,8,1070.0,450.0,250.0,72.0,8.61,5.07,257.4,271.2
Камчатский край,2024,9,949.0,457.0,217.0,69.0,8.63,6.58,274.6,287.0
Камчатский край,2024,10,967.0,292.0,231.0,49.0,10.93,6.85,270.7,316.5
Камчатский край,2024,11,730.0,438.0,161.0,71.0,9.59,7.41,270.3,274.8
Камчатский край,2024,12,598.0,338.0,146.0,56.0,9.79,6.11,280.4,315.7
Камчатский край,2025,1,268.0,173.0,72.0,30.0,9.37,5.13,269.3,291.3
Камчатский край,2025,2,535.0,358.0,123.0,60.0,5.87,4.19,268.4,277.1
Камчатский край,2025,3,671.0,475.0,138.0,80.0,6.48,5.07,272.6,288.1
Камчатский край,2025,4,649.0,424.0,147.0,73.0,6.63,4.58,263.4,274.7
Камчатский край,2025,5,793.0,355.0,182.0,64.0,6.4,5.66,265.9,280.6
Камчатский край,2025,6,750.0,407.0,172.0,72.0,6.51,5.02,278.2,293.2
Камчатский край,2025,7,1112.0,567.0,237.0,92.0,6.33,5.32,284.1,311.4
Камчатский край,2025,8,1039.0,557.0,212.0,88.0,6.46,5.24,281.3,307.2
Камчатский край,2025,9,1126.0,577.0,224.0,96.0,8.33,5.97,269.7,298.3
Камчатский край,2025,10,1323.0,687.0,286.0,121.0,7.1,5.32,283.9,300.2
Камчатский край,2025,11,1103.0,688.0,227.0,110.0,7.94,5.41,274.3,294.9
Камчатский край,2025,12,1691.0,895.0,357.0,150.0,7.87,5.55,287.6,315.9
Камчатский край,2026,1,770.0,452.0,153.0,71.0,7.23,5.66,291.7,318.2
Камчатский край,2026,2,769.0,341.0,184.0,54.0,9.18,4.24,251.8,272.4
Камчатский край,2026,3,921.0,404.0,210.0,66.0,8.92,6.1,262.1,281.7
Камчатский край,2026,4,1136.0,503.0,249.0,79.0,9.39,6.66,256.0,272.2
Камчатский край,2026,5,1205.0,524.0,247.0,86.0,8.52,4.95,261.7,282.2
Камчатский край,2026,6,1168.0,557.0,256.0,94.0,8.96,5.89,274.4,301.2
Камчатский край,2026,7,1094.0,500.0,245.0,82.0,10.17,7.42,261.4,287.6
Карачаево-Черкесская Республика,2019,1,164.0,17.0,92.0,8.0,10.33,10.49,218.8,213.5
Карачаево-Черкесская Республика,2019,2,231.0,33.0,136.0,17.0,10.18,8.57,229.0,224.9
Карачаево-Черкесская Республика,2019,3,269.0,52.0,133.0,18.0,10.47,9.75,230.2,262.2
Карачаево-Черкесская Республика,2019,4,310.0,25.0,151.0,11.0,10.96,10.69,223.6,177.4
Карачаево-Черкесская Республика,2019,5,214.0,23.0,123.0,12.0,11.08,9.85,233.7,185.5
Карачаево-Черкесская Республика,2019,6,243.0,21.0,137.0,11.0,10.42,9.29,233.9,270.2
Карачаево-Черкесская Республика,2019,7,258.0,18.0,134.0,10.0,10.45,9.4,236.1,220.7
Карачаево-Черкесская Республика,2019,8,290.0,38.0,153.0,16.0,9.94,9.62,228.7,239.9
Карачаево-Черкесская Республика,2019,9,314.0,97.0,142.0,28.0,9.74,9.1,227.5,244.9
Карачаево-Черкесская Республика,2019,10,280.0,41.0,153.0,17.0,9.81,9.51,231.2,172.5
Карачаево-Черкесская Республика,2019,11,318.0,43.0,166.0,14.0,9.58,9.12,236.6,254.0
Карачаево-Черкесская Республика,2019,12,410.0,51.0,212.0,21.0,9.24,7.8,223.8,218.6
Карачаево-Черкесская Республика,2020,1,209.0,57.0,110.0,20.0,9.22,8.46,220.9,205.3
Карачаево-Черкесская Республика,2020,2,282.0,56.0,144.0,16.0,9.36,8.91,233.7,192.6
Карачаево-Черкесская Республика,2020,3,300.0,29.0,160.0,14.0,9.26,8.29,240.4,231.9
Карачаево-Черкесская Республика,2020,4,268.0,28.0,134.0,10.0,9.26,8.43,231.7,216.6
Карачаево-Черкесская Республика,2020,5,199.0,70.0,100.0,23.0,6.92,3.83,227.1,210.6
Карачаево-Черкесская Республика,2020,6,331.0,89.0,147.0,33.0,8.24,6.72,234.1,242.6
Карачаево-Черкесская Республика,2020,7,443.0,108.0,204.0,37.0,7.66,6.04,229.0,233.2
Карачаево-Черкесская Республика,2020,8,520.0,135.0,250.0,51.0,7.35,4.71,231.1,216.3
Карачаево-Черкесская Республика,2020,9,581.0,97.0,293.0,35.0,7.51,6.41,227.6,186.8
Карачаево-Черкесская Республика,2020,10,715.0,158.0,339.0,47.0,7.58,6.21,239.8,219.6
Карачаево-Черкесская Республика,2020,11,554.0,79.0,275.0,24.0,7.72,6.77,223.8,176.3
Карачаево-Черкесская Республика,2020,12,717.0,142.0,335.0,44.0,7.5,5.92,238.1,215.4
Карачаево-Черкесская Республика,2021,1,323.0,47.0,158.0,16.0,7.32,6.22,236.3,219.5
Карачаево-Черкесская Республика,2021,2,479.0,96.0,227.0,32.0,6.73,5.63,243.8,228.6
Карачаево-Черкесская Республика,2021,3,792.0,97.0,359.0,28.0,6.21,5.82,245.7,245.3
Карачаево-Черкесская Республика,2021,4,999.0,119.0,439.0,32.0,6.37,5.51,252.9,264.9
Карачаево-Черкесская Республика,2021,5,614.0,82.0,270.0,20.0,7.8,5.77,252.2,276.2
Карачаево-Черкесская Республика,2021,6,676.0,123.0,286.0,33.0,7.37,5.54,260.2,267.0
Карачаево-Черкесская Республика,2021,7,808.0,71.0,350.0,16.0,6.83,6.03,257.3,260.8
Карачаево-Черкесская Республика,2021,8,810.0,95.0,343.0,19.0,7.12,6.48,264.0,288.9
Карачаево-Черкесская Республика,2021,9,982.0,88.0,425.0,21.0,7.27,6.3,262.1,276.6
Карачаево-Черкесская Республика,2021,10,1011.0,99.0,405.0,22.0,8.09,6.87,264.7,277.1
Карачаево-Черкесская Республика,2021,11,909.0,111.0,351.0,25.0,8.56,5.59,268.2,249.2
Карачаево-Черкесская Республика,2021,12,1179.0,185.0,420.0,43.0,8.72,5.13,269.9,275.1
Карачаево-Черкесская Республика,2022,1,608.0,94.0,203.0,20.0,8.99,5.94,275.0,288.7
Карачаево-Черкесская Республика,2022,2,737.0,83.0,272.0,21.0,9.9,7.62,280.6,241.2
Карачаево-Черкесская Республика,2022,3,1047.0,134.0,382.0,42.0,10.34,5.51,281.5,271.5
Карачаево-Черкесская Республика,2022,4,261.0,65.0,119.0,15.0,10.78,4.97,282.4,300.7
Карачаево-Черкесская Республика,2022,5,122.0,39.0,55.0,9.0,10.1,4.24,263.3,292.2
Карачаево-Черкесская Республика,2022,6,323.0,78.0,122.0,16.0,8.34,2.73,284.3,313.1
Карачаево-Черкесская Республика,2022,7,692.0,204.0,208.0,19.0,9.24,5.17,264.7,220.3
Карачаево-Черкесская Республика,2022,8,1009.0,120.0,303.0,25.0,9.59,2.59,282.8,335.5
Карачаево-Черкесская Республика,2022,9,1156.0,269.0,369.0,44.0,8.72,2.73,296.1,319.7
Карачаево-Черкесская Республика,2022,10,1346.0,151.0,427.0,27.0,9.12,2.74,297.8,336.9
Карачаево-Черкесская Республика,2022,11,1265.0,248.0,411.0,48.0,8.86,3.82,295.7,324.6
Карачаево-Черкесская Республика,2022,12,1438.0,387.0,400.0,74.0,8.09,3.53,288.6,307.3
Карачаево-Черкесская Республика,2023,1,810.0,151.0,272.0,26.0,9.56,4.89,297.2,329.9
Карачаево-Черкесская Республика,2023,2,952.0,162.0,301.0,33.0,9.75,5.1,311.3,334.2
Карачаево-Черкесская Республика,2023,3,1067.0,209.0,344.0,44.0,9.85,5.6,300.7,344.0
Карачаево-Черкесская Республика,2023,4,1055.0,224.0,350.0,46.0,9.78,6.02,307.7,330.0
Карачаево-Черкесская Республика,2023,5,1360.0,251.0,438.0,54.0,10.16,5.74,309.1,324.8
Карачаево-Черкесская Республика,2023,6,1231.0,173.0,422.0,39.0,10.04,5.5,307.4,323.3
Карачаево-Черкесская Республика,2023,7,1344.0,216.0,434.0,45.0,9.56,5.29,300.9,322.2
Карачаево-Черкесская Республика,2023,8,1669.0,370.0,530.0,78.0,8.86,5.26,300.9,313.2
Карачаево-Черкесская Республика,2023,9,1806.0,446.0,533.0,96.0,9.91,5.95,308.0,322.4
Карачаево-Черкесская Республика,2023,10,1725.0,436.0,559.0,95.0,9.9,5.63,305.2,330.3
Карачаево-Черкесская Республика,2023,11,1490.0,492.0,526.0,102.0,9.18,5.65,306.1,344.6
Карачаево-Черкесская Республика,2023,12,1467.0,525.0,490.0,111.0,9.82,5.91,309.8,323.3
Карачаево-Черкесская Республика,2024,1,634.0,179.0,234.0,36.0,10.33,5.95,310.3,337.1
Карачаево-Черкесская Республика,2024,2,785.0,224.0,286.0,41.0,10.85,6.36,294.5,303.9
Карачаево-Черкесская Республика,2024,3,586.0,186.0,240.0,42.0,9.86,6.19,301.2,325.6
Карачаево-Черкесская Республика,2024,4,823.0,244.0,291.0,59.0,9.84,6.1,303.6,328.1
Карачаево-Черкесская Республика,2024,5,795.0,259.0,293.0,55.0,9.99,5.85,313.8,341.1
Карачаево-Черкесская Республика,2024,6,1120.0,592.0,392.0,126.0,8.47,5.7,315.4,331.1
Карачаево-Черкесская Республика,2024,7,623.0,135.0,262.0,28.0,12.68,6.83,299.9,341.6
Карачаево-Черкесская Республика,2024,8,741.0,298.0,268.0,65.0,10.95,5.7,313.1,346.3
Карачаево-Черкесская Республика,2024,9,574.0,219.0,222.0,51.0,11.31,5.87,297.4,323.5
Карачаево-Черкесская Республика,2024,10,668.0,318.0,202.0,65.0,11.41,6.18,317.9,342.3
Карачаево-Черкесская Республика,2024,11,435.0,237.0,175.0,52.0,11.56,6.25,300.4,323.5
Карачаево-Черкесская Республика,2024,12,368.0,210.0,144.0,50.0,11.23,5.94,310.6,341.9
Карачаево-Черкесская Республика,2025,1,147.0,88.0,65.0,19.0,10.58,5.68,292.6,333.7
Карачаево-Черкесская Республика,2025,2,295.0,145.0,106.0,31.0,10.78,6.0,311.8,336.4
Карачаево-Черкесская Республика,2025,3,338.0,210.0,125.0,42.0,8.92,5.88,325.1,347.2
Карачаево-Черкесская Республика,2025,4,409.0,169.0,137.0,34.0,9.23,5.81,323.2,344.1
Карачаево-Черкесская Республика,2025,5,361.0,185.0,135.0,40.0,8.99,5.93,303.3,325.6
Карачаево-Черкесская Республика,2025,6,488.0,271.0,143.0,55.0,9.97,5.69,327.1,342.7
Карачаево-Черкесская Республика,2025,7,508.0,249.0,142.0,49.0,8.92,5.61,319.3,346.5
Карачаево-Черкесская Республика,2025,8,626.0,359.0,167.0,67.0,8.7,5.77,318.2,337.6
Карачаево-Черкесская Республика,2025,9,589.0,393.0,161.0,76.0,8.56,5.87,317.7,337.3
Карачаево-Черкесская Республика,2025,10,743.0,438.0,188.0,86.0,9.17,5.86,327.3,347.8
Карачаево-Черкесская Республика,2025,11,685.0,443.0,167.0,86.0,7.72,5.85,332.9,347.7
Карачаево-Черкесская Республика,2025,12,1123.0,775.0,281.0,159.0,8.17,6.4,326.6,338.8
Карачаево-Черкесская Республика,2026,1,547.0,383.0,140.0,80.0,7.69,5.82,320.7,334.3
Карачаево-Черкесская Республика,2026,2,483.0,256.0,129.0,51.0,10.14,6.59,325.7,345.6
Карачаево-Черкесская Республика,2026,3,421.0,142.0,118.0,28.0,10.66,6.13,307.9,336.6
Карачаево-Черкесская Республика,2026,4,364.0,118.0,108.0,23.0,12.17,7.35,288.8,320.9
Карачаево-Черкесская Республика,2026,5,371.0,170.0,118.0,35.0,10.3,5.75,309.1,329.9
Карачаево-Черкесская Республика,2026,6,663.0,338.0,161.0,65.0,9.25,6.74,326.2,343.7
Карачаево-Черкесская Республика,2026,7,647.0,264.0,178.0,55.0,10.79,6.78,301.2,310.5
Кемеровская область - Кузбасс,2019,1,2303.0,525.0,1429.0,259.0,9.88,9.66,189.9,198.1
Кемеровская область - Кузбасс,2019,2,3280.0,669.0,2039.0,332.0,10.14,9.82,192.3,200.3
Кемеровская область - Кузбасс,2019,3,3121.0,645.0,1970.0,320.0,10.5,10.22,192.4,196.8
Кемеровская область - Кузбасс,2019,4,3452.0,632.0,2121.0,328.0,10.63,10.12,192.5,195.4
Кемеровская область - Кузбасс,2019,5,2622.0,509.0,1637.0,268.0,10.65,10.13,191.2,188.2
Кемеровская область - Кузбасс,2019,6,3115.0,649.0,1811.0,293.0,10.46,10.0,190.7,202.4
Кемеровская область - Кузбасс,2019,7,3357.0,626.0,2051.0,300.0,10.38,9.93,196.3,204.4
Кемеровская область - Кузбасс,2019,8,3438.0,747.0,2045.0,345.0,10.1,9.72,196.0,204.0
Кемеровская область - Кузбасс,2019,9,3573.0,821.0,2114.0,396.0,9.76,9.24,198.2,198.6
Кемеровская область - Кузбасс,2019,10,4272.0,920.0,2500.0,412.0,9.57,9.07,194.0,195.7
Кемеровская область - Кузбасс,2019,11,3845.0,809.0,2242.0,373.0,9.27,8.58,196.9,204.3
Кемеровская область - Кузбасс,2019,12,4995.0,1112.0,2853.0,491.0,9.09,8.29,197.5,202.1
Кемеровская область - Кузбасс,2020,1,2451.0,558.0,1427.0,254.0,9.05,8.4,195.5,204.3
Кемеровская область - Кузбасс,2020,2,3454.0,778.0,1920.0,323.0,8.99,8.17,196.0,211.7
Кемеровская область - Кузбасс,2020,3,4148.0,891.0,2302.0,398.0,8.91,8.08,195.4,205.8
Кемеровская область - Кузбасс,2020,4,3806.0,685.0,2215.0,318.0,8.7,7.28,198.8,205.7
Кемеровская область - Кузбасс,2020,5,3020.0,845.0,1642.0,360.0,7.96,6.24,198.8,210.9
Кемеровская область - Кузбасс,2020,6,4165.0,1125.0,2306.0,504.0,7.98,6.13,196.5,194.0
Кемеровская область - Кузбасс,2020,7,5337.0,1530.0,2822.0,645.0,7.58,5.86,198.9,200.6
Кемеровская область - Кузбасс,2020,8,5544.0,1768.0,2978.0,723.0,7.33,5.75,199.6,206.8
Кемеровская область - Кузбасс,2020,9,6754.0,1967.0,3562.0,796.0,7.42,5.76,202.6,201.6
Кемеровская область - Кузбасс,2020,10,7440.0,2027.0,3826.0,799.0,7.48,5.75,203.7,202.3
Кемеровская область - Кузбасс,2020,11,6448.0,1519.0,3282.0,536.0,7.5,5.67,204.4,206.4
Кемеровская область - Кузбасс,2020,12,7141.0,1617.0,3572.0,579.0,7.51,5.72,207.6,209.2
Кемеровская область - Кузбасс,2021,1,3129.0,803.0,1528.0,294.0,7.54,5.86,211.8,211.3
Кемеровская область - Кузбасс,2021,2,5269.0,1377.0,2561.0,485.0,7.43,5.7,209.2,211.0
Кемеровская область - Кузбасс,2021,3,6877.0,1876.0,3167.0,606.0,7.46,6.01,212.3,214.0
Кемеровская область - Кузбасс,2021,4,7193.0,1834.0,3329.0,610.0,7.54,5.79,221.6,232.7
Кемеровская область - Кузбасс,2021,5,5891.0,1409.0,2706.0,434.0,7.58,5.73,221.7,240.7
Кемеровская область - Кузбасс,2021,6,7672.0,2591.0,3282.0,756.0,7.24,5.53,231.1,245.9
Кемеровская область - Кузбасс,2021,7,5649.0,1015.0,2653.0,352.0,7.88,6.2,228.1,235.9
Кемеровская область - Кузбасс,2021,8,6276.0,1290.0,2760.0,424.0,8.01,6.64,225.7,233.9
Кемеровская область - Кузбасс,2021,9,6484.0,1433.0,2808.0,439.0,7.95,6.37,229.8,244.7
Кемеровская область - Кузбасс,2021,10,6535.0,1323.0,2827.0,405.0,8.14,6.28,235.5,240.8
Кемеровская область - Кузбасс,2021,11,6876.0,1785.0,2751.0,499.0,7.94,5.95,236.1,244.5
Кемеровская область - Кузбасс,2021,12,8212.0,2142.0,3354.0,665.0,8.3,6.14,239.3,244.4
Кемеровская область - Кузбасс,2022,1,4048.0,1252.0,1566.0,375.0,8.26,5.83,247.8,255.1
Кемеровская область - Кузбасс,2022,2,6147.0,1879.0,2365.0,542.0,8.56,5.81,247.4,254.5
Кемеровская область - Кузбасс,2022,3,7367.0,2696.0,2862.0,854.0,8.63,5.55,248.1,253.3
Кемеровская область - Кузбасс,2022,4,1915.0,1004.0,730.0,234.0,9.26,7.07,233.6,235.1
Кемеровская область - Кузбасс,2022,5,1456.0,724.0,560.0,170.0,8.31,5.23,244.7,267.9
Кемеровская область - Кузбасс,2022,6,2713.0,1041.0,1000.0,207.0,7.88,4.56,251.5,288.0
Кемеровская область - Кузбасс,2022,7,4251.0,1624.0,1559.0,315.0,7.64,4.06,251.1,280.8
Кемеровская область - Кузбасс,2022,8,6098.0,1874.0,2154.0,377.0,8.04,4.35,253.2,281.0
Кемеровская область - Кузбасс,2022,9,7022.0,2277.0,2456.0,440.0,7.69,3.67,261.3,299.4
Кемеровская область - Кузбасс,2022,10,6433.0,1751.0,2357.0,346.0,7.97,3.46,260.9,305.3
Кемеровская область - Кузбасс,2022,11,6664.0,1961.0,2344.0,407.0,8.25,4.14,264.4,299.1
Кемеровская область - Кузбасс,2022,12,9576.0,3603.0,3017.0,720.0,7.76,3.94,271.9,297.9
Кемеровская область - Кузбасс,2023,1,3587.0,986.0,1313.0,229.0,8.95,5.09,263.7,289.5
Кемеровская область - Кузбасс,2023,2,5720.0,1657.0,1928.0,381.0,9.24,5.66,265.3,287.1
Кемеровская область - Кузбасс,2023,3,7455.0,2240.0,2537.0,524.0,9.12,5.76,268.5,295.0
Кемеровская область - Кузбасс,2023,4,8158.0,2446.0,2797.0,592.0,9.24,5.99,268.1,292.0
Кемеровская область - Кузбасс,2023,5,8210.0,2321.0,2818.0,560.0,9.46,6.41,267.7,293.6
Кемеровская область - Кузбасс,2023,6,8303.0,2304.0,2759.0,544.0,9.35,6.29,269.2,295.1
Кемеровская область - Кузбасс,2023,7,8699.0,2971.0,2759.0,697.0,8.99,5.98,271.7,295.3
Кемеровская область - Кузбасс,2023,8,11273.0,4572.0,3529.0,1104.0,8.71,5.92,274.1,295.7
Кемеровская область - Кузбасс,2023,9,13211.0,5736.0,3831.0,1277.0,8.85,6.02,283.3,297.5
Кемеровская область - Кузбасс,2023,10,10279.0,4717.0,3081.0,1059.0,9.17,6.26,281.8,302.6
Кемеровская область - Кузбасс,2023,11,9101.0,4374.0,2737.0,984.0,9.02,6.33,287.9,307.0
Кемеровская область - Кузбасс,2023,12,9028.0,4854.0,2611.0,1054.0,8.85,6.39,287.7,305.7
Кемеровская область - Кузбасс,2024,1,3157.0,1635.0,1045.0,377.0,8.93,5.83,280.5,305.5
Кемеровская область - Кузбасс,2024,2,3998.0,1633.0,1385.0,368.0,10.47,6.63,272.1,302.0
Кемеровская область - Кузбасс,2024,3,5489.0,2736.0,1649.0,555.0,9.33,6.74,279.0,303.1
Кемеровская область - Кузбасс,2024,4,5367.0,2496.0,1710.0,548.0,9.41,6.42,285.8,311.2
Кемеровская область - Кузбасс,2024,5,6919.0,3596.0,2104.0,815.0,9.02,6.3,292.3,318.2
Кемеровская область - Кузбасс,2024,6,9498.0,5892.0,2674.0,1275.0,8.16,6.46,299.5,314.6
Кемеровская область - Кузбасс,2024,7,3996.0,1042.0,1533.0,224.0,12.01,6.99,275.2,320.3
Кемеровская область - Кузбасс,2024,8,4378.0,1611.0,1396.0,331.0,10.91,6.66,285.7,326.3
Кемеровская область - Кузбасс,2024,9,4360.0,2084.0,1340.0,426.0,10.08,6.47,292.4,323.4
Кемеровская область - Кузбасс,2024,10,4069.0,1880.0,1311.0,390.0,11.72,6.71,281.8,320.5
Кемеровская область - Кузбасс,2024,11,3372.0,2014.0,1065.0,451.0,10.4,7.11,288.2,319.0
Кемеровская область - Кузбасс,2024,12,2828.0,1665.0,910.0,350.0,10.53,6.7,284.1,315.4
Кемеровская область - Кузбасс,2025,1,1210.0,733.0,397.0,144.0,9.48,5.98,299.0,330.0
Кемеровская область - Кузбасс,2025,2,1980.0,1281.0,579.0,239.0,8.78,6.41,296.9,322.4
Кемеровская область - Кузбасс,2025,3,2490.0,1644.0,747.0,330.0,8.23,6.15,301.6,325.9
Кемеровская область - Кузбасс,2025,4,3174.0,1631.0,965.0,324.0,8.2,5.89,293.3,321.8
Кемеровская область - Кузбасс,2025,5,3008.0,1575.0,824.0,291.0,8.33,6.17,298.5,329.1
Кемеровская область - Кузбасс,2025,6,3297.0,1739.0,913.0,333.0,8.14,5.95,301.7,332.6
Кемеровская область - Кузбасс,2025,7,3548.0,1886.0,966.0,358.0,8.0,6.03,300.9,329.1
Кемеровская область - Кузбасс,2025,8,4721.0,2557.0,1254.0,460.0,8.23,6.0,295.5,325.5
Кемеровская область - Кузбасс,2025,9,4705.0,2442.0,1275.0,454.0,9.17,6.59,290.6,330.4
Кемеровская область - Кузбасс,2025,10,5504.0,3021.0,1468.0,551.0,8.88,6.44,296.2,330.2
Кемеровская область - Кузбасс,2025,11,5615.0,3296.0,1439.0,598.0,8.6,6.39,301.0,333.9
Кемеровская область - Кузбасс,2025,12,8351.0,4616.0,2110.0,874.0,8.19,6.17,302.6,332.7
Кемеровская область - Кузбасс,2026,1,4285.0,2367.0,1023.0,426.0,8.16,6.12,305.2,328.1
Кемеровская область - Кузбасс,2026,2,3234.0,1202.0,963.0,218.0,10.47,6.76,276.8,325.6
Кемеровская область - Кузбасс,2026,3,4093.0,1442.0,1231.0,264.0,10.89,6.97,273.2,322.4
Кемеровская область - Кузбасс,2026,4,3823.0,1195.0,1257.0,229.0,11.53,6.87,263.0,319.1
Кемеровская область - Кузбасс,2026,5,3674.0,1129.0,1117.0,205.0,11.81,7.54,265.7,315.0
Кемеровская область - Кузбасс,2026,6,5585.0,2270.0,1503.0,411.0,9.77,6.46,287.3,328.0
Кемеровская область - Кузбасс,2026,7,4252.0,1240.0,1321.0,233.0,12.11,7.93,259.6,307.5
Кировская область,2019,1,1349.0,375.0,883.0,215.0,9.86,9.47,210.7,221.3
Кировская область,2019,2,1680.0,391.0,1109.0,219.0,10.31,10.21,216.3,214.5
Кировская область,2019,3,1852.0,423.0,1195.0,236.0,10.46,10.1,217.9,225.3
Кировская область,2019,4,1822.0,445.0,1157.0,239.0,10.51,9.97,220.7,230.0
Кировская область,2019,5,1479.0,406.0,976.0,213.0,10.53,9.75,223.4,231.7
Кировская область,2019,6,1500.0,351.0,1002.0,175.0,10.22,9.3,220.3,226.6
Кировская область,2019,7,1845.0,470.0,1190.0,255.0,10.19,9.67,218.1,219.9
Кировская область,2019,8,1891.0,410.0,1238.0,222.0,9.79,9.19,218.7,213.1
Кировская область,2019,9,1913.0,480.0,1237.0,249.0,9.57,8.85,219.1,228.5
Кировская область,2019,10,2093.0,527.0,1358.0,266.0,9.35,8.4,217.0,229.2
Кировская область,2019,11,2153.0,488.0,1375.0,236.0,9.34,8.8,219.9,231.8
Кировская область,2019,12,2941.0,629.0,1818.0,320.0,9.1,8.39,219.4,228.9
Кировская область,2020,1,1471.0,380.0,909.0,177.0,8.92,8.09,216.9,222.8
Кировская область,2020,2,1975.0,437.0,1244.0,218.0,8.94,8.3,211.9,218.9
Кировская область,2020,3,2224.0,437.0,1351.0,197.0,8.86,8.28,216.7,219.8
Кировская область,2020,4,1909.0,368.0,1221.0,189.0,8.58,6.92,217.6,217.9
Кировская область,2020,5,1740.0,516.0,1081.0,274.0,7.9,5.93,214.0,211.2
Кировская область,2020,6,2336.0,790.0,1403.0,396.0,7.58,5.99,212.6,217.9
Кировская область,2020,7,2931.0,996.0,1717.0,477.0,7.26,5.72,218.5,218.8
Кировская область,2020,8,3154.0,996.0,1841.0,470.0,7.26,5.6,221.2,220.7
Кировская область,2020,9,3867.0,1164.0,2203.0,507.0,7.21,5.77,218.4,222.8
Кировская область,2020,10,4194.0,1177.0,2338.0,497.0,7.25,5.61,222.2,222.1
Кировская область,2020,11,3610.0,788.0,2100.0,323.0,7.46,5.84,219.1,223.6
Кировская область,2020,12,4050.0,973.0,2345.0,410.0,7.3,5.82,219.5,217.3
Кировская область,2021,1,1694.0,444.0,957.0,169.0,7.3,5.76,217.1,219.8
Кировская область,2021,2,2716.0,589.0,1530.0,225.0,7.32,5.85,222.3,239.3
Кировская область,2021,3,3402.0,752.0,1862.0,304.0,7.35,5.76,230.8,239.8
Кировская область,2021,4,3627.0,783.0,1935.0,282.0,7.44,5.81,230.2,237.4
Кировская область,2021,5,3196.0,690.0,1647.0,238.0,7.44,5.48,243.5,268.4
Кировская область,2021,6,3547.0,1071.0,1731.0,325.0,7.25,5.47,242.8,258.0
Кировская область,2021,7,2916.0,480.0,1559.0,193.0,7.62,5.8,240.3,251.8
Кировская область,2021,8,2828.0,592.0,1483.0,213.0,7.84,6.44,241.9,252.8
Кировская область,2021,9,3164.0,617.0,1602.0,207.0,7.78,6.19,247.7,246.5
Кировская область,2021,10,3209.0,636.0,1617.0,202.0,7.9,5.72,251.2,264.8
Кировская область,2021,11,3141.0,887.0,1515.0,278.0,7.75,5.92,249.8,259.5
Кировская область,2021,12,4119.0,1054.0,1899.0,366.0,8.13,6.02,256.9,262.4
Кировская область,2022,1,1781.0,429.0,839.0,141.0,8.29,5.76,253.2,270.5
Кировская область,2022,2,2738.0,818.0,1205.0,259.0,8.16,5.0,261.9,268.5
Кировская область,2022,3,3442.0,1256.0,1548.0,441.0,8.36,5.38,268.6,275.8
Кировская область,2022,4,823.0,393.0,346.0,115.0,8.34,6.03,264.9,290.5
Кировская область,2022,5,530.0,232.0,228.0,48.0,8.29,4.09,261.8,280.8
Кировская область,2022,6,1384.0,600.0,514.0,109.0,6.46,2.87,266.6,295.1
Кировская область,2022,7,1910.0,717.0,778.0,158.0,7.0,3.17,273.0,300.5
Кировская область,2022,8,2871.0,1059.0,1145.0,218.0,7.12,3.71,275.7,298.5
Кировская область,2022,9,3388.0,1251.0,1260.0,255.0,6.92,3.11,286.4,318.2
Кировская область,2022,10,2993.0,852.0,1203.0,193.0,7.44,3.32,281.4,318.7
Кировская область,2022,11,3123.0,1152.0,1169.0,261.0,6.76,2.53,289.8,322.9
Кировская область,2022,12,5345.0,2536.0,1768.0,543.0,5.82,2.46,299.8,323.9
Кировская область,2023,1,1828.0,595.0,677.0,130.0,7.89,4.32,286.6,318.7
Кировская область,2023,2,2969.0,1030.0,1103.0,238.0,8.03,4.86,293.4,317.8
Кировская область,2023,3,3858.0,1236.0,1468.0,319.0,8.46,5.65,291.0,316.5
Кировская область,2023,4,3945.0,1280.0,1429.0,307.0,8.59,6.05,285.1,299.9
Кировская область,2023,5,3744.0,1359.0,1349.0,336.0,8.42,6.11,295.9,315.1
Кировская область,2023,6,3874.0,1223.0,1410.0,308.0,8.5,5.96,287.9,312.1
Кировская область,2023,7,4071.0,1412.0,1430.0,350.0,8.43,5.93,294.2,311.9
Кировская область,2023,8,5767.0,2357.0,1932.0,581.0,8.25,5.88,293.7,312.5
Кировская область,2023,9,6137.0,2725.0,1920.0,623.0,8.22,5.66,299.9,318.0
Кировская область,2023,10,4330.0,1713.0,1480.0,408.0,9.05,5.83,296.1,313.5
Кировская область,2023,11,4288.0,2075.0,1399.0,461.0,8.42,6.12,296.9,314.2
Кировская область,2023,12,4443.0,2147.0,1368.0,438.0,8.47,6.22,300.3,316.9
Кировская область,2024,1,1328.0,526.0,502.0,118.0,8.95,5.9,290.2,312.4
Кировская область,2024,2,2103.0,804.0,715.0,173.0,9.48,6.43,289.4,312.6
Кировская область,2024,3,2576.0,1158.0,852.0,253.0,8.72,6.24,296.8,316.6
Кировская область,2024,4,3036.0,1375.0,937.0,295.0,8.15,5.45,299.9,317.4
Кировская область,2024,5,3269.0,1771.0,1095.0,395.0,7.94,5.7,304.9,324.3
Кировская область,2024,6,4775.0,3018.0,1456.0,670.0,7.55,5.81,314.0,326.7
Кировская область,2024,7,2190.0,576.0,839.0,107.0,10.53,6.51,288.8,315.6
Кировская область,2024,8,2665.0,1196.0,851.0,244.0,9.05,5.64,303.0,333.0
Кировская область,2024,9,2453.0,1284.0,741.0,252.0,8.66,5.23,308.7,333.3
Кировская область,2024,10,2665.0,1452.0,823.0,307.0,9.74,5.54,308.3,331.2
Кировская область,2024,11,2120.0,1410.0,661.0,299.0,8.88,6.03,319.5,334.9
Кировская область,2024,12,2050.0,1294.0,622.0,281.0,8.29,6.14,312.7,335.2
Кировская область,2025,1,751.0,528.0,230.0,122.0,8.21,5.91,311.8,326.5
Кировская область,2025,2,1607.0,1127.0,435.0,233.0,7.73,5.89,321.2,334.8
Кировская область,2025,3,1783.0,1271.0,466.0,248.0,7.17,5.89,317.4,330.0
Кировская область,2025,4,1965.0,1186.0,513.0,240.0,7.76,5.65,321.7,332.2
Кировская область,2025,5,1774.0,1113.0,469.0,222.0,7.45,5.79,314.9,332.0
Кировская область,2025,6,2014.0,1233.0,511.0,242.0,7.72,6.05,315.9,331.1
Кировская область,2025,7,2289.0,1312.0,608.0,261.0,7.79,5.7,309.9,327.8
Кировская область,2025,8,2671.0,1428.0,704.0,283.0,7.77,5.26,316.0,338.0
Кировская область,2025,9,2703.0,1568.0,715.0,312.0,7.61,5.65,310.9,333.6
Кировская область,2025,10,3203.0,1713.0,858.0,330.0,8.06,5.85,306.4,329.8
Кировская область,2025,11,3545.0,2161.0,895.0,409.0,8.05,6.24,307.2,330.4
Кировская область,2025,12,5944.0,3548.0,1495.0,742.0,7.53,5.92,315.6,332.5
Кировская область,2026,1,2866.0,1698.0,720.0,347.0,7.63,6.19,309.9,324.9
Кировская область,2026,2,2064.0,765.0,614.0,151.0,10.6,7.19,282.8,313.3
Кировская область,2026,3,2161.0,884.0,633.0,180.0,10.24,6.54,292.1,324.4
Кировская область,2026,4,2603.0,1118.0,735.0,226.0,10.17,6.26,292.8,326.3
Кировская область,2026,5,2435.0,1150.0,651.0,228.0,9.78,6.69,295.4,324.0
Кировская область,2026,6,3826.0,2113.0,940.0,385.0,8.57,6.3,310.5,337.3
Кировская область,2026,7,2794.0,1130.0,797.0,232.0,10.6,7.07,284.1,320.4
Костромская область,2019,1,522.0,132.0,347.0,69.0,9.76,9.35,208.1,218.9
Костромская область,2019,2,762.0,171.0,481.0,85.0,10.19,10.06,206.7,195.3
Костромская область,2019,3,771.0,185.0,491.0,97.0,10.51,9.88,212.8,206.4
Костромская область,2019,4,770.0,149.0,468.0,79.0,10.69,10.47,218.0,200.6
Костромская область,2019,5,633.0,164.0,386.0,76.0,10.43,10.04,218.5,205.0
Костромская область,2019,6,666.0,156.0,445.0,84.0,10.25,9.74,208.6,199.9
Костромская область,2019,7,701.0,121.0,468.0,64.0,10.26,9.78,208.9,180.9
Костромская область,2019,8,729.0,197.0,472.0,93.0,9.79,9.39,215.9,228.5
Костромская область,2019,9,838.0,174.0,521.0,94.0,9.48,8.89,221.3,210.5
Костромская область,2019,10,882.0,231.0,521.0,105.0,9.3,8.8,223.9,229.3
Костромская область,2019,11,871.0,214.0,540.0,106.0,9.29,8.75,213.0,226.2
Костромская область,2019,12,1132.0,286.0,667.0,131.0,8.98,8.5,217.6,226.5
Костромская область,2020,1,652.0,169.0,373.0,74.0,8.87,8.06,223.7,224.8
Костромская область,2020,2,876.0,205.0,512.0,83.0,9.0,8.44,222.4,238.9
Костромская область,2020,3,990.0,220.0,549.0,101.0,8.96,8.5,218.0,229.9
Костромская область,2020,4,673.0,164.0,404.0,75.0,8.62,7.74,223.5,229.0
Костромская область,2020,5,651.0,172.0,401.0,90.0,7.81,5.96,210.8,201.1
Костромская область,2020,6,1012.0,356.0,554.0,154.0,7.55,6.03,216.6,223.2
Костромская область,2020,7,1150.0,371.0,633.0,154.0,7.18,5.54,219.9,222.1
Костромская область,2020,8,1263.0,379.0,694.0,147.0,7.29,5.96,219.2,218.9
Костромская область,2020,9,1595.0,491.0,851.0,180.0,7.18,5.96,216.2,210.7
Костромская область,2020,10,1553.0,438.0,827.0,178.0,7.37,6.3,223.9,219.7
Костромская область,2020,11,1453.0,384.0,779.0,153.0,7.23,6.04,219.1,223.7
Костромская область,2020,12,1616.0,381.0,856.0,138.0,7.21,6.23,230.1,223.4
Костромская область,2021,1,764.0,226.0,375.0,68.0,7.09,5.65,226.4,229.1
Костромская область,2021,2,1134.0,244.0,594.0,88.0,7.12,6.01,234.8,245.6
Костромская область,2021,3,1334.0,345.0,694.0,135.0,7.12,5.81,235.7,249.1
Костромская область,2021,4,1628.0,467.0,786.0,155.0,7.15,5.6,241.2,255.7
Костромская область,2021,5,1342.0,316.0,644.0,99.0,7.55,5.6,242.1,258.1
Костромская область,2021,6,1534.0,433.0,701.0,129.0,7.25,5.57,244.9,252.5
Костромская область,2021,7,1464.0,275.0,709.0,93.0,7.36,5.8,246.4,240.6
Костромская область,2021,8,1449.0,308.0,684.0,111.0,7.75,6.45,243.3,249.5
Костромская область,2021,9,1473.0,362.0,689.0,127.0,7.66,6.01,254.2,258.6
Костромская область,2021,10,1652.0,478.0,729.0,146.0,7.77,6.26,250.8,250.1
Костромская область,2021,11,1474.0,446.0,628.0,139.0,7.87,6.07,258.8,252.9
Костромская область,2021,12,1817.0,531.0,773.0,161.0,8.1,6.27,255.7,250.6
Костромская область,2022,1,876.0,278.0,369.0,90.0,8.06,6.0,258.3,264.7
Костромская область,2022,2,1420.0,502.0,545.0,144.0,8.34,6.15,274.0,285.5
Костромская область,2022,3,1670.0,617.0,689.0,208.0,8.48,6.04,270.5,275.5
Костромская область,2022,4,498.0,215.0,224.0,59.0,8.17,5.23,268.8,276.5
Костромская область,2022,5,405.0,255.0,143.0,55.0,7.08,4.85,263.7,271.1
Костромская область,2022,6,665.0,314.0,261.0,61.0,6.98,4.37,270.0,280.0
Костромская область,2022,7,931.0,341.0,351.0,72.0,7.05,4.39,283.3,300.5
Костромская область,2022,8,1359.0,421.0,514.0,84.0,7.43,3.94,282.9,323.7
Костромская область,2022,9,1467.0,439.0,536.0,92.0,7.39,3.66,283.3,299.1
Костромская область,2022,10,1385.0,373.0,546.0,85.0,7.83,4.11,289.4,302.3
Костромская область,2022,11,1272.0,409.0,488.0,97.0,7.69,4.29,291.3,325.5
Костромская область,2022,12,1978.0,730.0,666.0,159.0,7.23,4.19,289.1,317.4
Костромская область,2023,1,752.0,271.0,285.0,62.0,8.19,5.66,283.2,299.2
Костромская область,2023,2,1319.0,505.0,462.0,123.0,8.44,5.66,284.9,312.3
Костромская область,2023,3,1643.0,559.0,619.0,145.0,8.45,5.66,292.3,304.9
Костромская область,2023,4,1669.0,561.0,645.0,151.0,8.54,6.2,289.3,303.6
Костромская область,2023,5,1647.0,539.0,605.0,146.0,8.65,6.21,289.5,298.0
Костромская область,2023,6,1966.0,609.0,703.0,158.0,8.7,6.56,290.0,313.6
Костромская область,2023,7,1910.0,643.0,697.0,171.0,8.65,6.2,286.5,301.2
Костромская область,2023,8,2593.0,972.0,908.0,262.0,8.33,5.99,290.2,299.5
Костромская область,2023,9,3006.0,1246.0,960.0,296.0,8.31,5.89,299.3,307.9
Костромская область,2023,10,2166.0,878.0,710.0,211.0,8.65,6.3,299.2,300.2
Костромская область,2023,11,2140.0,1012.0,712.0,244.0,8.46,6.37,296.7,308.2
Костромская область,2023,12,2182.0,1170.0,671.0,274.0,8.11,6.44,300.2,317.0
Костромская область,2024,1,771.0,320.0,263.0,77.0,8.77,6.08,286.5,308.5
Костромская область,2024,2,924.0,257.0,352.0,65.0,10.2,6.16,288.5,307.2
Костромская область,2024,3,1240.0,527.0,403.0,121.0,8.47,6.89,306.0,323.0
Костромская область,2024,4,1469.0,646.0,510.0,155.0,8.92,6.3,298.0,312.6
Костромская область,2024,5,1538.0,752.0,559.0,191.0,8.15,6.11,299.0,314.1
Костромская область,2024,6,2054.0,1138.0,715.0,270.0,8.05,6.39,304.4,312.2
Костромская область,2024,7,1185.0,297.0,448.0,67.0,10.29,6.13,283.4,322.1
Костромская область,2024,8,1208.0,496.0,401.0,103.0,9.46,6.3,304.5,327.6
Костромская область,2024,9,1269.0,597.0,406.0,126.0,9.31,6.96,305.4,331.8
Костромская область,2024,10,1165.0,569.0,386.0,116.0,9.24,5.81,301.5,327.5
Костромская область,2024,11,1071.0,547.0,329.0,127.0,10.77,6.1,299.6,324.1
Костромская область,2024,12,1076.0,592.0,348.0,140.0,8.91,6.82,304.0,318.9
Костромская область,2025,1,481.0,265.0,166.0,60.0,9.15,5.89,296.9,313.0
Костромская область,2025,2,726.0,425.0,228.0,97.0,8.15,6.23,308.1,327.4
Костромская область,2025,3,836.0,516.0,222.0,105.0,7.53,5.97,322.6,333.8
Костромская область,2025,4,887.0,543.0,259.0,106.0,7.78,5.95,309.8,320.8
Костромская область,2025,5,823.0,503.0,224.0,101.0,7.45,5.97,321.0,326.5
Костромская область,2025,6,795.0,419.0,233.0,87.0,8.07,5.83,313.1,330.1
Костромская область,2025,7,1006.0,511.0,286.0,109.0,8.78,6.38,303.3,320.9
Костромская область,2025,8,1112.0,537.0,322.0,116.0,7.98,5.74,304.9,326.2
Костромская область,2025,9,1211.0,778.0,326.0,152.0,8.7,7.25,304.2,321.1
Костромская область,2025,10,1424.0,770.0,394.0,157.0,8.74,6.0,295.5,319.9
Костромская область,2025,11,1493.0,791.0,390.0,162.0,8.78,6.67,309.9,329.1
Костромская область,2025,12,2538.0,1399.0,674.0,301.0,7.95,6.25,307.1,321.6
Костромская область,2026,1,1291.0,821.0,321.0,161.0,8.32,6.33,315.7,333.4
Костромская область,2026,2,939.0,433.0,298.0,91.0,11.05,6.73,286.2,325.1
Костромская область,2026,3,925.0,352.0,302.0,76.0,11.21,7.41,281.9,304.3
Костромская область,2026,4,1176.0,546.0,348.0,107.0,11.41,8.64,286.4,318.8
Костромская область,2026,5,1054.0,466.0,305.0,93.0,9.87,6.33,284.7,308.2
Костромская область,2026,6,1746.0,894.0,468.0,183.0,8.42,6.45,306.2,332.6
Костромская область,2026,7,952.0,334.0,358.0,72.0,12.7,7.27,264.4,301.5
Краснодарский край,2019,1,4624.0,1521.0,2452.0,861.0,10.0,9.81,213.4,212.9
Краснодарский край,2019,2,5960.0,2096.0,3113.0,1138.0,10.37,10.24,219.4,220.2
Краснодарский край,2019,3,6074.0,2146.0,3077.0,1133.0,10.54,10.29,218.2,214.7
Краснодарский край,2019,4,6172.0,2075.0,3245.0,1130.0,10.64,10.38,220.2,217.1
Краснодарский край,2019,5,5251.0,1891.0,2681.0,1036.0,10.63,10.27,219.6,216.4
Краснодарский край,2019,6,5846.0,2147.0,3069.0,1200.0,10.41,10.1,223.6,221.4
Краснодарский край,2019,7,5947.0,2047.0,3119.0,1112.0,10.28,9.92,222.7,215.7
Краснодарский край,2019,8,6777.0,2385.0,3437.0,1217.0,10.01,9.61,224.5,221.0
Краснодарский край,2019,9,6984.0,2410.0,3450.0,1226.0,9.74,9.3,217.1,221.4
Краснодарский край,2019,10,7572.0,2610.0,3679.0,1285.0,9.55,9.09,223.4,219.0
Краснодарский край,2019,11,7740.0,2800.0,3892.0,1437.0,9.3,8.81,221.0,218.3
Краснодарский край,2019,12,10053.0,3112.0,4858.0,1563.0,9.16,8.59,222.0,224.7
Краснодарский край,2020,1,5181.0,1841.0,2468.0,931.0,9.12,8.63,226.2,231.3
Краснодарский край,2020,2,6936.0,2469.0,3437.0,1256.0,8.97,8.31,228.0,233.5
Краснодарский край,2020,3,8376.0,2903.0,3931.0,1389.0,8.93,8.34,223.6,227.8
Краснодарский край,2020,4,5272.0,1534.0,2530.0,770.0,8.83,7.77,226.6,224.6
Краснодарский край,2020,5,6901.0,2828.0,3117.0,1436.0,7.99,6.33,221.4,214.6
Краснодарский край,2020,6,8652.0,3914.0,4251.0,1964.0,7.76,6.51,221.0,217.7
Краснодарский край,2020,7,10170.0,4746.0,4819.0,2197.0,7.47,6.22,222.0,223.0
Краснодарский край,2020,8,10380.0,4761.0,4976.0,2265.0,7.35,6.15,222.3,220.1
Краснодарский край,2020,9,13502.0,5702.0,6229.0,2587.0,7.42,6.37,226.6,227.2
Краснодарский край,2020,10,15134.0,6012.0,6813.0,2710.0,7.38,6.11,231.1,228.8
Краснодарский край,2020,11,13911.0,5543.0,6166.0,2424.0,7.35,6.17,230.3,228.4
Краснодарский край,2020,12,15747.0,5385.0,6825.0,2357.0,7.47,6.2,233.4,231.0
Краснодарский край,2021,1,7777.0,2904.0,3304.0,1226.0,7.36,6.18,235.8,235.3
Краснодарский край,2021,2,11561.0,4256.0,4889.0,1747.0,7.3,6.22,238.9,240.6
Краснодарский край,2021,3,14485.0,5023.0,5841.0,1897.0,7.31,6.16,241.5,248.3
Краснодарский край,2021,4,16856.0,6037.0,6627.0,2229.0,7.33,6.07,248.1,253.6
Краснодарский край,2021,5,14073.0,5091.0,5275.0,1778.0,7.37,5.9,251.1,257.4
Краснодарский край,2021,6,17374.0,6626.0,6238.0,2073.0,7.34,6.01,257.8,267.4
Краснодарский край,2021,7,14501.0,3645.0,5079.0,1070.0,7.94,6.8,256.7,269.3
Краснодарский край,2021,8,14027.0,3728.0,4781.0,1066.0,8.12,6.94,260.9,272.6
Краснодарский край,2021,9,14098.0,3964.0,4587.0,1067.0,8.18,6.95,259.8,261.0
Краснодарский край,2021,10,14807.0,4253.0,4652.0,1088.0,8.21,6.96,262.0,266.8
Краснодарский край,2021,11,14002.0,4221.0,4322.0,1139.0,8.12,6.59,267.9,274.5
Краснодарский край,2021,12,19063.0,6652.0,5637.0,1743.0,7.99,5.94,270.8,275.1
Краснодарский край,2022,1,10268.0,4323.0,2941.0,1112.0,7.8,5.63,274.9,277.8
Краснодарский край,2022,2,15200.0,6012.0,3983.0,1494.0,8.16,5.62,281.5,281.4
Краснодарский край,2022,3,17615.0,8426.0,5268.0,2410.0,7.75,5.22,281.5,282.9
Краснодарский край,2022,4,6609.0,4231.0,1868.0,1026.0,6.45,4.18,280.1,297.0
Краснодарский край,2022,5,5761.0,3587.0,1416.0,731.0,5.95,3.28,290.7,306.4
Краснодарский край,2022,6,10170.0,5951.0,2450.0,1157.0,5.06,2.77,295.6,316.4
Краснодарский край,2022,7,14178.0,7720.0,3367.0,1504.0,5.4,2.76,303.2,323.1
Краснодарский край,2022,8,18930.0,9270.0,4375.0,1723.0,5.91,3.09,304.5,325.0
Краснодарский край,2022,9,21034.0,10636.0,4875.0,2001.0,5.76,2.93,310.4,329.2
Краснодарский край,2022,10,19885.0,8973.0,4657.0,1663.0,6.12,3.02,311.2,334.2
Краснодарский край,2022,11,20509.0,9998.0,4770.0,1939.0,6.06,3.01,310.0,328.8
Краснодарский край,2022,12,35981.0,22232.0,7624.0,4078.0,5.1,2.82,317.4,334.5
Краснодарский край,2023,1,15490.0,8317.0,3433.0,1491.0,6.18,3.47,316.0,336.7
Краснодарский край,2023,2,20275.0,10591.0,4497.0,1971.0,6.68,4.06,317.6,339.6
Краснодарский край,2023,3,27325.0,15034.0,6109.0,2847.0,6.87,4.84,318.6,339.4
Краснодарский край,2023,4,24007.0,11420.0,5597.0,2267.0,7.89,5.93,315.0,336.1
Краснодарский край,2023,5,26181.0,12967.0,6113.0,2605.0,7.81,5.96,320.0,337.4
Краснодарский край,2023,6,26577.0,12081.0,6252.0,2413.0,7.91,5.89,316.5,335.5
Краснодарский край,2023,7,27183.0,12571.0,6318.0,2508.0,7.75,5.8,316.7,335.8
Краснодарский край,2023,8,36083.0,17846.0,8166.0,3514.0,7.48,5.49,319.4,337.5
Краснодарский край,2023,9,41091.0,23008.0,9283.0,4492.0,7.22,5.45,321.4,336.5
Краснодарский край,2023,10,37376.0,21165.0,8599.0,4099.0,7.46,5.64,322.9,340.0
Краснодарский край,2023,11,33693.0,20333.0,7906.0,3933.0,7.19,5.7,323.9,336.7
Краснодарский край,2023,12,38230.0,23780.0,8726.0,4597.0,7.05,5.74,326.4,339.2
Краснодарский край,2024,1,14079.0,8114.0,3429.0,1567.0,7.66,5.68,318.1,335.1
Краснодарский край,2024,2,14298.0,7543.0,3778.0,1467.0,8.27,6.09,316.9,336.6
Краснодарский край,2024,3,18176.0,9908.0,4661.0,1903.0,7.91,6.29,321.5,338.8
Краснодарский край,2024,4,21938.0,12360.0,5401.0,2360.0,7.8,6.21,324.2,338.3
Краснодарский край,2024,5,23860.0,14251.0,5988.0,2725.0,7.45,6.09,327.8,339.6
Краснодарский край,2024,6,35545.0,22866.0,8703.0,4397.0,7.08,6.11,329.8,338.9
Краснодарский край,2024,7,14486.0,5550.0,4131.0,1020.0,9.66,6.68,315.9,340.3
Краснодарский край,2024,8,15219.0,6810.0,3838.0,1240.0,8.87,6.64,322.9,342.3
Краснодарский край,2024,9,16011.0,8080.0,3726.0,1448.0,8.6,6.55,324.9,340.5
Краснодарский край,2024,10,13903.0,7501.0,3475.0,1359.0,9.0,6.2,325.7,344.4
Краснодарский край,2024,11,11683.0,7131.0,2950.0,1349.0,8.55,6.16,326.3,341.2
Краснодарский край,2024,12,12235.0,8025.0,2917.0,1481.0,8.16,6.17,327.5,344.8
Краснодарский край,2025,1,4755.0,3248.0,1255.0,621.0,7.8,5.86,326.1,338.3
Краснодарский край,2025,2,8225.0,5578.0,1913.0,1060.0,7.19,5.93,329.2,342.6
Краснодарский край,2025,3,10588.0,6894.0,2366.0,1287.0,7.06,5.84,334.5,344.8
Краснодарский край,2025,4,11376.0,6545.0,2482.0,1192.0,7.05,5.91,333.6,344.4
Краснодарский край,2025,5,10423.0,6066.0,2228.0,1107.0,7.05,5.9,333.4,345.2
Краснодарский край,2025,6,12696.0,7727.0,2667.0,1417.0,6.94,5.83,332.8,344.7
Краснодарский край,2025,7,14698.0,8409.0,3023.0,1529.0,6.78,5.61,333.1,344.0
Краснодарский край,2025,8,15279.0,8584.0,3163.0,1562.0,6.89,5.87,331.1,343.1
Краснодарский край,2025,9,16367.0,9684.0,3361.0,1787.0,7.26,6.08,328.7,341.5
Краснодарский край,2025,10,19682.0,11683.0,3986.0,2128.0,7.38,6.26,327.4,344.1
Краснодарский край,2025,11,19406.0,11971.0,3945.0,2223.0,7.2,6.22,333.7,346.2
Краснодарский край,2025,12,32820.0,19840.0,6510.0,3653.0,6.96,6.1,337.1,347.2
Краснодарский край,2026,1,16952.0,10824.0,3347.0,1961.0,6.99,6.15,336.2,346.5
Краснодарский край,2026,2,12602.0,6902.0,2674.0,1245.0,8.74,6.41,318.4,345.2
Краснодарский край,2026,3,11576.0,5786.0,2550.0,1038.0,8.87,7.04,317.2,340.3
Краснодарский край,2026,4,11481.0,4600.0,2534.0,835.0,9.9,7.78,308.2,333.3
Краснодарский край,2026,5,10466.0,4405.0,2366.0,793.0,9.59,7.29,306.4,328.7
Краснодарский край,2026,6,15258.0,7150.0,3174.0,1292.0,8.45,6.68,318.5,337.3
Краснодарский край,2026,7,11959.0,5290.0,2692.0,956.0,9.42,7.01,308.8,333.1
Красноярский край,2019,1,3360.0,1033.0,1807.0,494.0,9.87,9.62,197.6,192.3
Красноярский край,2019,2,4630.0,1457.0,2447.0,652.0,10.17,9.9,195.1,196.9
Красноярский край,2019,3,4486.0,1317.0,2319.0,564.0,10.49,10.17,196.7,194.8
Красноярский край,2019,4,4638.0,1264.0,2465.0,560.0,10.68,10.4,198.3,197.1
Красноярский край,2019,5,4108.0,1157.0,2125.0,477.0,10.64,10.15,199.2,198.8
Красноярский край,2019,6,4587.0,1413.0,2290.0,581.0,10.38,10.0,199.2,194.1
Красноярский край,2019,7,4564.0,1110.0,2459.0,495.0,10.37,10.04,197.2,193.4
Красноярский край,2019,8,5281.0,1511.0,2700.0,642.0,10.04,9.6,202.7,201.4
Красноярский край,2019,9,5135.0,1406.0,2587.0,599.0,9.7,9.27,205.2,209.1
Красноярский край,2019,10,5706.0,1491.0,2863.0,619.0,9.59,9.21,203.3,210.9
Красноярский край,2019,11,5874.0,1526.0,2842.0,597.0,9.34,8.79,201.5,205.7
Красноярский край,2019,12,7826.0,2048.0,3851.0,788.0,9.15,8.46,196.7,202.6
Красноярский край,2020,1,4081.0,1067.0,1973.0,412.0,9.04,8.34,198.4,202.9
Красноярский край,2020,2,5577.0,1348.0,2723.0,541.0,8.96,8.25,199.2,205.3
Красноярский край,2020,3,6729.0,1568.0,3232.0,593.0,8.94,8.28,199.6,208.2
Красноярский край,2020,4,5027.0,1023.0,2476.0,457.0,8.82,7.92,201.0,197.0
Красноярский край,2020,5,4613.0,1388.0,2202.0,574.0,8.07,6.49,201.4,197.3
Красноярский край,2020,6,6585.0,2211.0,3071.0,890.0,7.84,6.36,201.6,197.1
Красноярский край,2020,7,8469.0,3093.0,3849.0,1143.0,7.58,6.19,201.5,201.7
Красноярский край,2020,8,9061.0,3298.0,3989.0,1176.0,7.38,6.03,203.5,200.7
Красноярский край,2020,9,10973.0,3845.0,4890.0,1370.0,7.47,6.08,204.7,207.3
Красноярский край,2020,10,12277.0,4382.0,5323.0,1526.0,7.41,6.15,207.2,206.1
Красноярский край,2020,11,10239.0,2847.0,4482.0,998.0,7.55,6.05,207.8,211.1
Красноярский край,2020,12,11408.0,3067.0,4906.0,1059.0,7.62,6.05,208.7,214.0
Красноярский край,2021,1,5108.0,1528.0,2165.0,504.0,7.42,5.88,214.1,217.5
Красноярский край,2021,2,7881.0,2105.0,3278.0,703.0,7.46,5.97,212.0,211.8
Красноярский край,2021,3,10439.0,2936.0,4224.0,919.0,7.43,6.09,218.3,229.1
Красноярский край,2021,4,11390.0,3089.0,4599.0,960.0,7.49,5.84,222.6,236.1
Красноярский край,2021,5,9506.0,2714.0,3646.0,753.0,7.49,5.73,226.0,234.7
Красноярский край,2021,6,11588.0,4150.0,4162.0,1073.0,7.35,5.68,231.7,238.5
Красноярский край,2021,7,8926.0,2075.0,3427.0,539.0,7.81,6.4,232.6,243.6
Красноярский край,2021,8,9094.0,2400.0,3493.0,677.0,7.93,6.71,229.6,237.0
Красноярский край,2021,9,9997.0,2929.0,3681.0,788.0,7.99,6.64,234.0,241.8
Красноярский край,2021,10,10539.0,2955.0,3806.0,827.0,8.01,6.49,237.2,243.3
Красноярский край,2021,11,11085.0,3439.0,3786.0,930.0,8.02,6.5,241.2,247.4
Красноярский край,2021,12,13599.0,4369.0,4545.0,1141.0,8.13,6.44,246.2,251.5
Красноярский край,2022,1,6536.0,2478.0,2113.0,641.0,8.29,6.48,250.5,257.6
Красноярский край,2022,2,10241.0,3754.0,3230.0,997.0,8.45,6.35,254.3,263.1
Красноярский край,2022,3,11899.0,5001.0,4008.0,1501.0,8.52,6.02,256.1,256.5
Красноярский край,2022,4,3312.0,1983.0,1067.0,494.0,8.45,6.37,256.5,270.4
Красноярский край,2022,5,2707.0,1558.0,838.0,338.0,8.07,5.7,253.1,268.4
Красноярский край,2022,6,5538.0,2523.0,1651.0,509.0,8.17,5.63,251.3,269.0
Красноярский край,2022,7,7545.0,3222.0,2329.0,656.0,7.9,5.11,256.4,270.7
Красноярский край,2022,8,10711.0,4152.0,3179.0,830.0,7.73,4.93,261.3,278.6
Красноярский край,2022,9,12148.0,4618.0,3551.0,903.0,7.75,4.7,263.5,281.8
Красноярский край,2022,10,11487.0,3712.0,3433.0,795.0,8.13,5.05,268.6,292.5
Красноярский край,2022,11,10745.0,4178.0,3289.0,925.0,8.04,5.11,271.1,289.4
Красноярский край,2022,12,15146.0,6564.0,4194.0,1327.0,7.7,4.99,276.9,293.4
Красноярский край,2023,1,6024.0,1946.0,1854.0,406.0,8.86,5.73,273.5,299.3
Красноярский край,2023,2,9075.0,3128.0,2701.0,660.0,8.86,5.9,278.1,294.7
Красноярский край,2023,3,13057.0,5011.0,3681.0,1046.0,8.73,6.11,278.8,298.7
Красноярский край,2023,4,12906.0,4764.0,3712.0,1067.0,8.94,6.3,282.2,297.2
Красноярский край,2023,5,13097.0,4749.0,3793.0,1010.0,8.93,6.32,282.7,302.6
Красноярский край,2023,6,14311.0,5188.0,4122.0,1097.0,8.95,6.43,281.9,300.2
Красноярский край,2023,7,14033.0,5538.0,3977.0,1185.0,8.67,6.25,281.3,297.3
Красноярский край,2023,8,18895.0,8574.0,5098.0,1770.0,8.47,6.2,285.4,299.9
Красноярский край,2023,9,20612.0,10775.0,5414.0,2219.0,8.52,6.34,291.1,303.7
Красноярский край,2023,10,14960.0,7167.0,4238.0,1479.0,8.95,6.57,289.9,305.2
Красноярский край,2023,11,14252.0,7433.0,3942.0,1528.0,8.84,6.55,290.6,308.0
Красноярский край,2023,12,14388.0,7324.0,3869.0,1531.0,8.48,6.83,292.6,311.3
Красноярский край,2024,1,5189.0,2172.0,1562.0,430.0,8.9,6.76,283.3,316.3
Красноярский край,2024,2,6347.0,2376.0,2021.0,510.0,9.32,6.7,280.8,305.4
Красноярский край,2024,3,9034.0,4081.0,2575.0,853.0,8.62,6.65,287.8,306.6
Красноярский край,2024,4,9251.0,4106.0,2560.0,828.0,8.59,6.47,293.0,313.2
Красноярский край,2024,5,11103.0,5745.0,3074.0,1158.0,8.32,6.5,295.9,315.2
Красноярский край,2024,6,16142.0,10190.0,4256.0,2096.0,7.52,6.27,303.5,317.0
Красноярский край,2024,7,6405.0,1547.0,2053.0,299.0,10.5,6.23,276.8,317.9
Красноярский край,2024,8,7377.0,2627.0,2102.0,509.0,9.62,6.77,288.7,330.1
Красноярский край,2024,9,7252.0,2936.0,1881.0,540.0,8.79,6.51,291.2,325.8
Красноярский край,2024,10,5879.0,2331.0,1748.0,433.0,10.59,6.87,285.4,320.9
Красноярский край,2024,11,3940.0,1843.0,1185.0,365.0,11.07,6.59,288.7,326.2
Красноярский край,2024,12,4035.0,2241.0,1126.0,436.0,9.41,6.72,304.8,335.6
Красноярский край,2025,1,1610.0,900.0,498.0,182.0,9.66,5.99,294.6,325.4
Красноярский край,2025,2,3032.0,1742.0,835.0,356.0,7.75,6.04,300.6,324.6
Красноярский край,2025,3,3687.0,2070.0,935.0,408.0,7.96,6.3,301.4,320.4
Красноярский край,2025,4,5682.0,2646.0,1417.0,510.0,7.26,6.41,297.3,327.3
Красноярский край,2025,5,5418.0,2483.0,1315.0,463.0,7.28,6.24,296.3,325.9
Красноярский край,2025,6,5847.0,2549.0,1450.0,502.0,7.24,6.06,297.9,324.3
Красноярский край,2025,7,6139.0,2809.0,1484.0,524.0,7.41,5.96,302.4,334.3
Красноярский край,2025,8,6568.0,3228.0,1660.0,613.0,8.02,6.64,295.6,324.6
Красноярский край,2025,9,7122.0,3493.0,1750.0,657.0,7.96,6.58,298.7,328.5
Красноярский край,2025,10,8730.0,4168.0,2100.0,777.0,7.98,6.27,298.7,327.6
Красноярский край,2025,11,8283.0,4547.0,1978.0,852.0,7.66,6.1,301.4,329.0
Красноярский край,2025,12,14245.0,7790.0,3188.0,1432.0,7.61,6.28,306.8,330.5
Красноярский край,2026,1,7316.0,4271.0,1619.0,772.0,7.45,6.33,310.8,333.0
Красноярский край,2026,2,5476.0,2029.0,1466.0,389.0,9.55,6.42,278.8,321.2
Красноярский край,2026,3,6417.0,2263.0,1709.0,438.0,9.91,6.89,278.3,322.1
Красноярский край,2026,4,6984.0,2406.0,1840.0,439.0,9.94,7.49,281.0,316.5
Красноярский край,2026,5,6654.0,2350.0,1730.0,433.0,9.99,7.06,279.1,319.2
Красноярский край,2026,6,8684.0,3512.0,2136.0,658.0,9.2,7.1,290.8,322.5
Красноярский край,2026,7,6845.0,2197.0,1856.0,413.0,10.67,7.95,273.6,315.1
Курганская область,2019,1,689.0,124.0,458.0,72.0,9.89,9.55,219.9,221.2
Курганская область,2019,2,906.0,146.0,555.0,78.0,10.14,10.13,223.0,224.7
Курганская область,2019,3,941.0,150.0,610.0,71.0,10.52,10.36,218.3,224.2
Курганская область,2019,4,1037.0,174.0,653.0,79.0,10.57,10.06,225.3,228.2
Курганская область,2019,5,898.0,189.0,575.0,91.0,10.49,10.21,218.4,217.7
Курганская область,2019,6,967.0,176.0,623.0,84.0,10.37,10.21,221.9,225.6
Курганская область,2019,7,1096.0,170.0,713.0,85.0,10.38,9.82,217.8,216.2
Курганская область,2019,8,1238.0,206.0,790.0,109.0,9.93,9.47,219.5,216.2
Курганская область,2019,9,1051.0,180.0,693.0,100.0,9.79,9.15,223.8,220.9
Курганская область,2019,10,1429.0,270.0,846.0,105.0,9.5,8.99,227.0,224.2
Курганская область,2019,11,1188.0,201.0,737.0,101.0,9.34,8.54,219.4,219.0
Курганская область,2019,12,1396.0,229.0,912.0,116.0,9.2,8.73,218.3,232.8
Курганская область,2020,1,854.0,157.0,515.0,60.0,9.22,8.7,222.0,246.4
Курганская область,2020,2,1105.0,174.0,694.0,82.0,8.99,8.19,222.0,234.0
Курганская область,2020,3,1318.0,265.0,793.0,116.0,8.96,8.36,223.8,225.7
Курганская область,2020,4,1062.0,162.0,690.0,83.0,8.79,8.01,221.0,211.2
Курганская область,2020,5,1055.0,318.0,635.0,156.0,7.79,6.19,220.2,213.5
Курганская область,2020,6,1235.0,342.0,755.0,175.0,7.85,6.27,213.9,218.6
Курганская область,2020,7,1623.0,414.0,986.0,197.0,7.58,5.93,219.1,210.3
Курганская область,2020,8,1627.0,383.0,933.0,157.0,7.42,6.07,221.5,223.3
Курганская область,2020,9,2090.0,388.0,1246.0,173.0,7.59,5.92,221.1,220.6
Курганская область,2020,10,2411.0,645.0,1301.0,249.0,7.33,5.83,226.8,224.0
Курганская область,2020,11,1853.0,395.0,1051.0,164.0,7.57,6.32,227.6,227.4
Курганская область,2020,12,2076.0,407.0,1167.0,172.0,7.6,5.95,231.1,223.4
Курганская область,2021,1,885.0,221.0,515.0,98.0,7.34,5.9,224.6,231.7
Курганская область,2021,2,1552.0,350.0,902.0,157.0,7.34,5.92,232.7,231.3
Курганская область,2021,3,2056.0,660.0,1148.0,319.0,7.06,5.8,232.8,238.2
Курганская область,2021,4,2096.0,689.0,1139.0,294.0,7.22,5.71,237.9,240.5
Курганская область,2021,5,1794.0,448.0,954.0,185.0,7.31,5.11,244.4,255.3
Курганская область,2021,6,2177.0,768.0,1070.0,290.0,6.98,5.04,247.2,262.4
Курганская область,2021,7,1807.0,430.0,957.0,170.0,7.58,5.87,247.7,270.9
Курганская область,2021,8,1909.0,413.0,983.0,174.0,7.83,5.88,257.3,261.3
Курганская область,2021,9,2030.0,588.0,1008.0,217.0,7.63,5.8,255.4,267.8
Курганская область,2021,10,1843.0,449.0,981.0,197.0,7.82,5.61,249.3,250.8
Курганская область,2021,11,2181.0,640.0,1052.0,258.0,7.64,5.4,251.8,259.2
Курганская область,2021,12,2439.0,695.0,1188.0,276.0,8.03,5.62,258.2,269.5
Курганская область,2022,1,1204.0,442.0,590.0,171.0,7.71,5.31,266.0,273.7
Курганская область,2022,2,1924.0,648.0,898.0,259.0,8.15,5.27,260.1,258.6
Курганская область,2022,3,2272.0,984.0,1138.0,404.0,8.0,5.38,263.1,267.3
Курганская область,2022,4,497.0,279.0,285.0,83.0,8.05,5.96,257.5,289.8
Курганская область,2022,5,331.0,152.0,199.0,44.0,7.43,3.65,239.0,289.3
Курганская область,2022,6,853.0,361.0,411.0,102.0,7.43,4.29,251.9,276.3
Курганская область,2022,7,1228.0,494.0,622.0,141.0,7.44,4.23,267.3,307.2
Курганская область,2022,8,1752.0,623.0,852.0,168.0,7.48,4.58,271.9,306.6
Курганская область,2022,9,2273.0,853.0,958.0,222.0,7.54,4.53,275.1,305.9
Курганская область,2022,10,1869.0,542.0,885.0,155.0,8.24,4.57,277.9,294.3
Курганская область,2022,11,1918.0,697.0,896.0,200.0,7.88,4.34,276.8,299.9
Курганская область,2022,12,2854.0,1270.0,1161.0,357.0,7.35,4.4,278.6,296.2
Курганская область,2023,1,1182.0,340.0,556.0,112.0,8.79,5.29,272.5,303.7
Курганская область,2023,2,1826.0,656.0,804.0,210.0,8.59,5.51,280.5,304.2
Курганская область,2023,3,2407.0,872.0,1064.0,268.0,8.44,5.87,278.6,304.9
Курганская область,2023,4,2619.0,924.0,1092.0,285.0,9.0,6.19,277.1,294.0
Курганская область,2023,5,2613.0,933.0,1091.0,300.0,8.92,6.43,282.6,300.2
Курганская область,2023,6,2852.0,963.0,1149.0,297.0,8.9,6.02,287.4,305.4
Курганская область,2023,7,2865.0,1124.0,1201.0,341.0,8.76,6.13,282.6,304.2
Курганская область,2023,8,3902.0,1704.0,1453.0,501.0,8.36,6.01,283.7,298.3
Курганская область,2023,9,4468.0,2205.0,1619.0,642.0,8.42,6.18,296.4,312.1
Курганская область,2023,10,3313.0,1535.0,1230.0,443.0,8.95,6.42,288.6,299.5
Курганская область,2023,11,3045.0,1739.0,1144.0,498.0,8.54,6.1,291.6,301.7
Курганская область,2023,12,3342.0,1929.0,1191.0,554.0,8.54,6.22,298.5,310.6
Курганская область,2024,1,1012.0,473.0,456.0,141.0,9.18,6.25,282.8,310.8
Курганская область,2024,2,1458.0,703.0,586.0,183.0,9.62,6.22,285.7,306.8
Курганская область,2024,3,1758.0,912.0,677.0,257.0,8.8,6.44,292.2,316.8
Курганская область,2024,4,1743.0,903.0,680.0,259.0,8.91,6.31,296.7,309.5
Курганская область,2024,5,2422.0,1343.0,899.0,382.0,8.61,6.23,297.8,316.1
Курганская область,2024,6,3418.0,2074.0,1185.0,582.0,8.25,6.53,302.7,314.9
Курганская область,2024,7,1668.0,568.0,670.0,137.0,10.95,6.41,290.0,312.1
Курганская область,2024,8,1785.0,723.0,699.0,185.0,10.01,6.3,294.4,318.4
Курганская область,2024,9,1563.0,859.0,542.0,207.0,9.18,6.12,306.8,326.2
Курганская область,2024,10,1554.0,822.0,587.0,215.0,10.46,5.79,291.6,316.7
Курганская область,2024,11,1114.0,677.0,394.0,179.0,8.99,5.71,304.2,322.3
Курганская область,2024,12,1067.0,803.0,410.0,237.0,8.86,6.39,300.6,319.3
Курганская область,2025,1,455.0,324.0,163.0,93.0,8.05,6.0,317.3,330.6
Курганская область,2025,2,1050.0,767.0,340.0,185.0,8.43,6.36,313.5,326.9
Курганская область,2025,3,1109.0,742.0,370.0,189.0,8.02,6.15,311.8,326.5
Курганская область,2025,4,1210.0,746.0,379.0,169.0,7.81,5.92,306.1,328.5
Курганская область,2025,5,1184.0,695.0,353.0,155.0,7.79,6.01,307.9,324.5
Курганская область,2025,6,1291.0,745.0,378.0,163.0,7.87,5.82,309.5,325.7
Курганская область,2025,7,1519.0,883.0,421.0,193.0,7.63,6.16,312.4,333.4
Курганская область,2025,8,1776.0,1096.0,510.0,233.0,7.59,5.7,310.2,330.9
Курганская область,2025,9,1767.0,1038.0,513.0,228.0,8.95,7.27,308.7,333.5
Курганская область,2025,10,2039.0,1055.0,582.0,225.0,9.75,6.12,299.7,328.9
Курганская область,2025,11,2305.0,1236.0,647.0,270.0,10.03,6.18,302.5,329.2
Курганская область,2025,12,3847.0,2095.0,1021.0,446.0,8.49,6.38,310.1,331.4
Курганская область,2026,1,1908.0,1131.0,490.0,233.0,7.81,6.12,314.8,332.6
Курганская область,2026,2,1248.0,478.0,415.0,108.0,10.49,6.24,288.4,329.6
Курганская область,2026,3,1467.0,490.0,468.0,102.0,11.08,6.97,282.4,329.6
Курганская область,2026,4,1531.0,475.0,471.0,98.0,11.83,8.58,283.5,312.3
Курганская область,2026,5,1479.0,531.0,459.0,115.0,10.71,8.03,284.6,325.0
Курганская область,2026,6,2251.0,951.0,611.0,185.0,9.27,6.89,303.5,323.4
Курганская область,2026,7,1582.0,566.0,502.0,125.0,11.2,7.68,274.2,294.5
Курская область,2019,1,1122.0,340.0,641.0,168.0,9.84,9.72,210.8,207.1
Курская область,2019,2,1264.0,310.0,731.0,151.0,10.2,10.14,212.8,206.5
Курская область,2019,3,1261.0,266.0,743.0,125.0,10.59,10.42,213.9,229.7
Курская область,2019,4,1208.0,292.0,699.0,139.0,10.57,10.17,209.3,207.3
Курская область,2019,5,1022.0,303.0,594.0,138.0,10.51,10.3,207.9,219.9
Курская область,2019,6,1111.0,305.0,611.0,136.0,10.28,10.03,217.3,226.6
Курская область,2019,7,1260.0,257.0,719.0,127.0,10.13,9.73,207.7,214.4
Курская область,2019,8,1326.0,317.0,765.0,136.0,9.84,9.71,216.3,216.1
Курская область,2019,9,1360.0,345.0,766.0,159.0,9.65,9.42,214.3,218.6
Курская область,2019,10,1630.0,402.0,896.0,182.0,9.41,8.92,215.7,218.4
Курская область,2019,11,1722.0,510.0,888.0,168.0,9.07,8.13,206.8,213.8
Курская область,2019,12,1962.0,415.0,1036.0,170.0,9.12,8.65,208.1,204.3
Курская область,2020,1,1064.0,288.0,561.0,104.0,9.03,8.55,212.3,223.0
Курская область,2020,2,1646.0,409.0,821.0,145.0,8.92,8.44,219.5,220.3
Курская область,2020,3,1759.0,463.0,920.0,177.0,8.83,8.23,215.5,221.7
Курская область,2020,4,1197.0,272.0,683.0,116.0,8.37,7.68,205.1,221.1
Курская область,2020,5,1106.0,294.0,588.0,122.0,7.23,5.2,212.9,204.8
Курская область,2020,6,1627.0,509.0,873.0,185.0,7.36,6.24,206.7,213.6
Курская область,2020,7,2367.0,588.0,1176.0,208.0,7.32,6.2,206.6,214.4
Курская область,2020,8,2320.0,752.0,1155.0,263.0,6.97,5.67,214.6,222.3
Курская область,2020,9,2856.0,781.0,1442.0,288.0,7.38,6.27,219.1,216.9
Курская область,2020,10,2716.0,853.0,1288.0,282.0,7.16,5.93,222.6,228.6
Курская область,2020,11,2268.0,612.0,1077.0,205.0,7.16,5.82,223.9,232.5
Курская область,2020,12,2635.0,775.0,1182.0,235.0,7.14,6.19,230.3,231.9
Курская область,2021,1,1371.0,430.0,610.0,137.0,7.4,6.75,233.1,229.1
Курская область,2021,2,1787.0,426.0,771.0,135.0,7.08,5.85,230.0,236.5
Курская область,2021,3,2421.0,649.0,1123.0,244.0,7.16,6.29,235.6,240.7
Курская область,2021,4,2610.0,805.0,1084.0,236.0,7.27,5.94,234.2,245.8
Курская область,2021,5,2179.0,608.0,878.0,166.0,7.25,5.49,243.8,253.2
Курская область,2021,6,2574.0,854.0,1031.0,236.0,6.98,5.12,239.6,239.6
Курская область,2021,7,2354.0,409.0,1004.0,110.0,7.47,6.35,242.7,237.0
Курская область,2021,8,2154.0,462.0,939.0,149.0,7.6,6.06,242.5,243.2
Курская область,2021,9,2456.0,558.0,978.0,162.0,7.52,5.8,243.9,243.1
Курская область,2021,10,2690.0,751.0,1060.0,214.0,7.55,5.65,250.6,254.0
Курская область,2021,11,3010.0,938.0,1087.0,267.0,7.37,5.28,255.3,253.1
Курская область,2021,12,3347.0,912.0,1202.0,265.0,7.69,5.12,255.5,243.0
Курская область,2022,1,1748.0,624.0,586.0,171.0,7.84,5.24,265.3,257.5
Курская область,2022,2,2393.0,801.0,772.0,196.0,8.15,5.4,265.8,259.4
Курская область,2022,3,2628.0,956.0,986.0,294.0,8.15,5.09,264.0,264.0
Курская область,2022,4,799.0,456.0,286.0,119.0,6.76,5.44,252.5,257.5
Курская область,2022,5,844.0,525.0,208.0,80.0,5.29,2.66,271.4,290.3
Курская область,2022,6,1220.0,706.0,344.0,101.0,5.39,3.3,275.0,293.7
Курская область,2022,7,1511.0,549.0,523.0,94.0,6.59,3.57,266.3,304.9
Курская область,2022,8,2185.0,752.0,690.0,130.0,6.17,2.57,282.2,312.7
Курская область,2022,9,2405.0,830.0,763.0,140.0,6.72,3.05,283.0,297.4
Курская область,2022,10,2337.0,675.0,743.0,131.0,7.3,3.84,281.7,302.1
Курская область,2022,11,2628.0,868.0,758.0,171.0,7.1,3.43,288.8,313.0
Курская область,2022,12,4049.0,1490.0,1078.0,278.0,6.26,2.94,283.0,310.8
Курская область,2023,1,1514.0,500.0,459.0,84.0,7.87,5.07,287.2,315.8
Курская область,2023,2,2524.0,783.0,778.0,159.0,8.0,5.16,281.4,298.8
Курская область,2023,3,3193.0,956.0,1006.0,205.0,8.09,5.76,285.2,301.5
Курская область,2023,4,3138.0,1005.0,943.0,202.0,8.6,6.59,287.1,308.9
Курская область,2023,5,2834.0,665.0,957.0,166.0,8.74,6.21,288.1,311.1
Курская область,2023,6,3250.0,839.0,1048.0,202.0,8.62,6.24,286.7,314.7
Курская область,2023,7,3333.0,1039.0,1014.0,227.0,8.43,6.43,291.1,311.1
Курская область,2023,8,4590.0,1646.0,1377.0,394.0,8.17,6.02,289.5,304.2
Курская область,2023,9,5478.0,2417.0,1525.0,521.0,7.52,5.59,298.2,309.1
Курская область,2023,10,4184.0,1910.0,1242.0,430.0,7.9,5.86,298.2,312.1
Курская область,2023,11,4077.0,1786.0,1213.0,429.0,8.09,5.87,297.4,317.5
Курская область,2023,12,3666.0,1702.0,1069.0,377.0,7.96,6.0,302.2,319.5
Курская область,2024,1,1190.0,427.0,394.0,107.0,9.35,6.32,281.5,304.4
Курская область,2024,2,1903.0,711.0,647.0,150.0,9.46,6.96,287.6,309.7
Курская область,2024,3,2421.0,1054.0,756.0,216.0,8.5,6.44,293.3,317.1
Курская область,2024,4,2485.0,901.0,760.0,193.0,8.54,6.09,290.1,311.5
Курская область,2024,5,2790.0,1289.0,860.0,277.0,7.95,5.87,299.5,320.2
Курская область,2024,6,4249.0,2324.0,1184.0,500.0,7.72,6.3,308.4,319.0
Курская область,2024,7,1996.0,563.0,653.0,110.0,9.89,5.99,287.0,311.6
Курская область,2024,8,1966.0,672.0,569.0,116.0,8.15,6.02,295.6,315.4
Курская область,2024,9,1691.0,765.0,446.0,122.0,8.49,6.08,309.2,331.5
Курская область,2024,10,2419.0,1066.0,665.0,187.0,9.04,6.76,311.2,337.3
Курская область,2024,11,1760.0,1027.0,518.0,210.0,8.57,6.63,294.5,309.0
Курская область,2024,12,1603.0,965.0,440.0,203.0,8.77,6.47,306.7,326.3
Курская область,2025,1,829.0,607.0,226.0,123.0,8.08,5.99,312.5,325.5
Курская область,2025,2,1454.0,918.0,376.0,196.0,7.68,6.22,321.9,335.6
Курская область,2025,3,1567.0,1071.0,365.0,207.0,7.46,6.04,316.8,324.0
Курская область,2025,4,1780.0,1006.0,452.0,208.0,6.99,5.65,303.3,310.1
Курская область,2025,5,2086.0,1229.0,478.0,234.0,6.57,5.54,308.8,322.6
Курская область,2025,6,2097.0,1176.0,532.0,250.0,6.85,5.54,298.6,311.1
Курская область,2025,7,2483.0,1271.0,584.0,266.0,6.88,5.98,305.7,314.1
Курская область,2025,8,2683.0,1423.0,639.0,279.0,6.72,5.79,306.6,322.6
Курская область,2025,9,2995.0,1619.0,692.0,301.0,6.86,6.27,307.9,328.0
Курская область,2025,10,3679.0,2172.0,855.0,402.0,7.15,6.43,303.7,323.0
Курская область,2025,11,3732.0,2153.0,838.0,406.0,7.07,6.13,306.8,326.9
Курская область,2025,12,5221.0,2550.0,1160.0,466.0,7.08,6.2,311.3,328.2
Курская область,2026,1,2791.0,1401.0,623.0,254.0,7.1,6.24,307.3,327.2
Курская область,2026,2,1862.0,572.0,481.0,110.0,8.78,7.38,284.3,323.7
Курская область,2026,3,2376.0,908.0,576.0,172.0,8.74,6.14,291.1,315.5
Курская область,2026,4,2353.0,1017.0,562.0,200.0,9.17,6.94,287.3,304.6
Курская область,2026,5,2023.0,758.0,469.0,134.0,9.09,7.07,295.6,308.7
Курская область,2026,6,3087.0,1297.0,660.0,230.0,8.37,6.32,304.0,323.8
Курская область,2026,7,2248.0,773.0,531.0,137.0,9.24,6.96,292.4,327.8
Ленинградская область,2019,1,2747.0,1107.0,1172.0,438.0,9.9,9.75,205.0,212.4
Ленинградская область,2019,2,3812.0,1595.0,1555.0,637.0,10.17,10.1,210.7,216.9
Ленинградская область,2019,3,3834.0,1545.0,1638.0,633.0,10.53,10.31,212.8,218.6
Ленинградская область,2019,4,3971.0,1595.0,1703.0,632.0,10.52,10.22,212.8,216.5
Ленинградская область,2019,5,3236.0,1443.0,1323.0,547.0,10.53,10.18,215.6,220.5
Ленинградская область,2019,6,3500.0,1571.0,1427.0,579.0,10.29,9.87,217.9,223.5
Ленинградская область,2019,7,3547.0,1349.0,1475.0,499.0,10.2,9.7,218.5,223.5
Ленинградская область,2019,8,3591.0,1293.0,1447.0,477.0,9.96,9.54,218.8,228.8
Ленинградская область,2019,9,3697.0,1447.0,1496.0,524.0,9.62,9.24,218.0,225.1
Ленинградская область,2019,10,4642.0,1722.0,1841.0,610.0,9.42,9.06,219.6,222.9
Ленинградская область,2019,11,4591.0,1829.0,1802.0,630.0,9.18,8.78,218.1,224.6
Ленинградская область,2019,12,5338.0,1928.0,2151.0,671.0,8.93,8.23,214.6,226.8
Ленинградская область,2020,1,3452.0,1376.0,1353.0,480.0,8.77,8.28,221.4,230.2
Ленинградская область,2020,2,4542.0,1680.0,1804.0,591.0,8.79,8.19,216.8,222.9
Ленинградская область,2020,3,5444.0,2105.0,2011.0,672.0,8.72,8.22,218.4,225.2
Ленинградская область,2020,4,3462.0,1147.0,1345.0,366.0,8.43,7.09,218.3,225.1
Ленинградская область,2020,5,3737.0,1816.0,1415.0,599.0,7.44,5.94,217.3,220.7
Ленинградская область,2020,6,4967.0,2338.0,1819.0,760.0,7.51,6.13,224.7,227.7
Ленинградская область,2020,7,5775.0,2875.0,2117.0,878.0,7.19,6.13,219.5,225.7
Ленинградская область,2020,8,6299.0,2860.0,2215.0,855.0,7.16,6.03,224.6,229.8
Ленинградская область,2020,9,8061.0,3138.0,2844.0,915.0,7.31,6.16,224.5,236.6
Ленинградская область,2020,10,8571.0,3537.0,3042.0,1040.0,7.22,6.01,225.6,234.2
Ленинградская область,2020,11,7816.0,2618.0,2742.0,793.0,7.34,5.93,227.9,239.6
Ленинградская область,2020,12,8795.0,3053.0,3041.0,872.0,7.31,5.97,229.5,243.3
Ленинградская область,2021,1,4324.0,1754.0,1451.0,485.0,7.21,6.15,232.6,242.3
Ленинградская область,2021,2,6459.0,2578.0,2078.0,665.0,7.13,6.06,237.0,249.4
Ленинградская область,2021,3,7521.0,2559.0,2423.0,663.0,7.22,5.88,241.5,260.3
Ленинградская область,2021,4,8628.0,3292.0,2701.0,829.0,7.1,5.62,242.2,260.2
Ленинградская область,2021,5,6898.0,2618.0,2080.0,596.0,7.11,5.39,245.6,259.3
Ленинградская область,2021,6,8284.0,3404.0,2364.0,780.0,6.91,5.15,251.2,256.9
Ленинградская область,2021,7,5864.0,1607.0,1811.0,382.0,7.69,6.28,249.4,262.8
Ленинградская область,2021,8,6362.0,2173.0,1884.0,500.0,7.68,6.53,250.9,262.8
Ленинградская область,2021,9,6775.0,2379.0,2038.0,539.0,7.5,6.03,249.8,261.3
Ленинградская область,2021,10,7670.0,2759.0,2170.0,640.0,7.43,5.57,260.2,272.2
Ленинградская область,2021,11,8169.0,3230.0,2194.0,708.0,7.36,5.41,267.6,281.8
Ленинградская область,2021,12,9568.0,4170.0,2548.0,905.0,7.4,5.68,269.9,286.3
Ленинградская область,2022,1,5207.0,2446.0,1343.0,546.0,7.2,5.3,273.1,283.0
Ленинградская область,2022,2,7236.0,3435.0,1796.0,748.0,7.6,5.64,269.5,280.1
Ленинградская область,2022,3,7296.0,3789.0,1952.0,914.0,7.33,4.98,281.6,291.4
Ленинградская область,2022,4,2422.0,1524.0,618.0,308.0,6.98,5.36,280.5,302.9
Ленинградская область,2022,5,2313.0,1529.0,487.0,251.0,6.08,4.31,279.9,306.1
Ленинградская область,2022,6,4321.0,2820.0,872.0,439.0,4.9,2.92,293.2,313.6
Ленинградская область,2022,7,5321.0,3028.0,1085.0,460.0,5.26,2.75,302.6,327.3
Ленинградская область,2022,8,7020.0,3810.0,1442.0,571.0,5.29,2.65,297.9,320.4
Ленинградская область,2022,9,7915.0,4261.0,1615.0,617.0,5.27,2.48,302.0,327.5
Ленинградская область,2022,10,6498.0,2746.0,1475.0,480.0,6.04,2.37,297.3,325.3
Ленинградская область,2022,11,6900.0,3397.0,1531.0,572.0,5.53,2.15,302.3,329.5
Ленинградская область,2022,12,10587.0,5613.0,2185.0,878.0,5.15,2.03,306.2,330.0
Ленинградская область,2023,1,4283.0,1913.0,959.0,305.0,6.69,3.89,300.6,328.3
Ленинградская область,2023,2,6263.0,2971.0,1428.0,503.0,7.02,4.19,297.8,325.1
Ленинградская область,2023,3,7598.0,3405.0,1803.0,624.0,7.42,4.95,302.3,324.7
Ленинградская область,2023,4,7973.0,2918.0,1898.0,575.0,7.93,5.55,294.1,323.5
Ленинградская область,2023,5,8229.0,3331.0,1995.0,654.0,7.93,5.74,297.4,322.3
Ленинградская область,2023,6,8484.0,3079.0,2074.0,622.0,8.12,5.72,298.6,322.1
Ленинградская область,2023,7,8818.0,3502.0,2047.0,699.0,7.87,5.81,302.5,325.0
Ленинградская область,2023,8,11486.0,5159.0,2581.0,966.0,7.66,5.72,302.8,320.5
Ленинградская область,2023,9,13255.0,6764.0,2887.0,1242.0,7.51,5.59,304.7,325.2
Ленинградская область,2023,10,10101.0,4965.0,2363.0,935.0,8.07,6.0,305.4,322.9
Ленинградская область,2023,11,9519.0,5061.0,2247.0,971.0,7.9,5.96,308.5,326.5
Ленинградская область,2023,12,9995.0,5449.0,2287.0,1074.0,7.74,5.98,308.4,325.1
Ленинградская область,2024,1,3640.0,1796.0,884.0,331.0,7.83,5.81,307.3,323.1
Ленинградская область,2024,2,4480.0,2153.0,1140.0,409.0,8.7,6.08,303.9,326.3
Ленинградская область,2024,3,6540.0,3442.0,1552.0,648.0,8.02,5.92,309.2,323.1
Ленинградская область,2024,4,6008.0,2987.0,1538.0,609.0,8.11,5.96,303.2,316.4
Ленинградская область,2024,5,6676.0,3215.0,1761.0,735.0,7.66,5.9,310.9,330.6
Ленинградская область,2024,6,10295.0,5929.0,2471.0,1212.0,7.28,6.14,317.6,327.9
Ленинградская область,2024,7,4210.0,1441.0,1189.0,250.0,10.09,5.79,298.0,331.1
Ленинградская область,2024,8,4795.0,2110.0,1150.0,371.0,8.86,6.18,305.1,328.8
Ленинградская область,2024,9,4753.0,2249.0,1114.0,389.0,8.61,6.24,311.8,336.9
Ленинградская область,2024,10,4962.0,2801.0,1137.0,457.0,9.44,6.53,310.0,330.7
Ленинградская область,2024,11,3506.0,2139.0,863.0,382.0,9.37,6.4,312.7,336.7
Ленинградская область,2024,12,3886.0,2444.0,898.0,429.0,8.95,6.91,313.1,327.3
Ленинградская область,2025,1,1857.0,1321.0,476.0,260.0,7.61,5.93,313.5,331.0
Ленинградская область,2025,2,3415.0,2151.0,710.0,363.0,7.57,6.13,322.9,335.0
Ленинградская область,2025,3,3793.0,2206.0,769.0,378.0,7.39,5.98,318.4,334.9
Ленинградская область,2025,4,4274.0,2314.0,869.0,417.0,7.78,5.8,309.7,330.4
Ленинградская область,2025,5,4133.0,2261.0,833.0,372.0,7.23,6.04,321.4,334.3
Ленинградская область,2025,6,4939.0,2785.0,994.0,510.0,7.24,6.1,321.0,334.9
Ленинградская область,2025,7,5067.0,2889.0,1021.0,483.0,7.19,5.89,317.9,332.8
Ленинградская область,2025,8,5748.0,3399.0,1132.0,549.0,7.52,5.93,318.7,337.5
Ленинградская область,2025,9,6687.0,3889.0,1349.0,676.0,7.68,6.06,310.7,331.0
Ленинградская область,2025,10,7356.0,3955.0,1481.0,636.0,8.3,6.04,313.1,337.2
Ленинградская область,2025,11,8201.0,4802.0,1592.0,778.0,7.64,5.86,318.2,338.3
Ленинградская область,2025,12,13125.0,7430.0,2570.0,1292.0,7.56,6.18,319.4,335.1
Ленинградская область,2026,1,7219.0,4246.0,1343.0,712.0,7.28,6.21,320.6,334.3
Ленинградская область,2026,2,4350.0,1723.0,1032.0,313.0,10.65,7.17,293.2,329.3
Ленинградская область,2026,3,5091.0,2233.0,1159.0,409.0,10.26,7.45,294.8,323.5
Ленинградская область,2026,4,5442.0,2161.0,1289.0,412.0,10.48,6.95,287.6,326.7
Ленинградская область,2026,5,5244.0,2244.0,1219.0,401.0,10.14,6.97,288.3,323.1
Ленинградская область,2026,6,7265.0,3567.0,1485.0,598.0,8.64,6.34,308.0,332.8
Ленинградская область,2026,7,4884.0,1993.0,1180.0,359.0,10.84,7.8,283.8,317.1
Липецкая область,2019,1,1075.0,268.0,631.0,133.0,9.93,9.83,212.3,205.0
Липецкая область,2019,2,1386.0,389.0,800.0,189.0,10.18,9.97,213.0,206.8
Липецкая область,2019,3,1211.0,296.0,669.0,139.0,10.41,10.35,228.5,232.9
Липецкая область,2019,4,1323.0,372.0,778.0,156.0,10.47,10.11,224.7,224.4
Липецкая область,2019,5,937.0,260.0,524.0,122.0,10.6,10.17,212.7,203.1
Липецкая область,2019,6,1163.0,364.0,627.0,148.0,10.16,9.59,224.4,233.8
Липецкая область,2019,7,1251.0,299.0,728.0,130.0,10.33,10.08,219.5,214.6
Липецкая область,2019,8,1353.0,303.0,786.0,143.0,9.9,9.21,225.2,222.5
Липецкая область,2019,9,1397.0,360.0,767.0,155.0,9.77,9.49,219.5,227.5
Липецкая область,2019,10,1515.0,462.0,821.0,173.0,9.43,8.99,217.8,226.6
Липецкая область,2019,11,1564.0,380.0,852.0,175.0,9.21,8.78,219.6,222.3
Липецкая область,2019,12,1927.0,460.0,1040.0,192.0,8.95,8.34,217.1,223.6
Липецкая область,2020,1,1108.0,302.0,578.0,112.0,8.92,8.18,229.3,234.4
Липецкая область,2020,2,1509.0,400.0,735.0,141.0,8.98,8.38,220.3,230.2
Липецкая область,2020,3,1625.0,406.0,819.0,140.0,8.84,8.28,223.7,235.7
Липецкая область,2020,4,1171.0,231.0,664.0,120.0,8.35,7.37,219.6,228.6
Липецкая область,2020,5,1111.0,400.0,618.0,182.0,7.17,5.54,215.3,200.1
Липецкая область,2020,6,1697.0,600.0,904.0,282.0,7.53,6.19,215.5,214.1
Липецкая область,2020,7,2320.0,802.0,1228.0,354.0,7.1,5.87,219.3,217.5
Липецкая область,2020,8,2435.0,824.0,1218.0,342.0,7.12,5.85,223.1,222.6
Липецкая область,2020,9,2812.0,872.0,1402.0,351.0,7.12,5.97,226.3,228.0
Липецкая область,2020,10,3084.0,936.0,1478.0,351.0,7.27,6.02,227.3,225.0
Липецкая область,2020,11,2632.0,774.0,1223.0,287.0,7.23,5.93,227.0,217.8
Липецкая область,2020,12,3038.0,896.0,1396.0,308.0,7.01,5.85,228.4,225.9
Липецкая область,2021,1,1285.0,357.0,629.0,132.0,6.99,5.72,230.2,223.3
Липецкая область,2021,2,2017.0,631.0,929.0,208.0,6.98,5.9,231.0,237.8
Липецкая область,2021,3,2659.0,772.0,1200.0,252.0,6.95,5.98,239.7,241.9
Липецкая область,2021,4,2860.0,847.0,1247.0,243.0,7.2,5.77,240.1,251.7
Липецкая область,2021,5,2138.0,632.0,938.0,202.0,7.28,5.43,247.3,259.6
Липецкая область,2021,6,2765.0,1011.0,1158.0,309.0,6.84,5.37,249.4,254.3
Липецкая область,2021,7,2425.0,507.0,1052.0,165.0,7.33,6.19,246.7,246.4
Липецкая область,2021,8,2585.0,627.0,1063.0,191.0,7.61,6.1,251.5,252.0
Липецкая область,2021,9,2642.0,809.0,1092.0,243.0,7.47,6.43,251.8,248.2
Липецкая область,2021,10,2590.0,687.0,1043.0,202.0,7.66,6.09,255.4,258.3
Липецкая область,2021,11,2596.0,771.0,1030.0,232.0,7.7,5.82,256.8,259.4
Липецкая область,2021,12,3150.0,907.0,1169.0,248.0,8.01,5.74,263.0,268.9
Липецкая область,2022,1,1422.0,482.0,522.0,127.0,8.23,6.13,262.7,265.0
Липецкая область,2022,2,2392.0,726.0,838.0,193.0,8.13,5.14,269.7,276.0
Липецкая область,2022,3,2593.0,865.0,955.0,260.0,8.37,4.98,277.1,276.5
Липецкая область,2022,4,745.0,374.0,266.0,94.0,7.69,5.99,271.5,276.8
Липецкая область,2022,5,634.0,379.0,196.0,65.0,6.64,3.84,280.4,289.0
Липецкая область,2022,6,970.0,457.0,322.0,83.0,6.24,3.58,274.5,294.5
Липецкая область,2022,7,1666.0,643.0,553.0,125.0,6.81,3.24,287.3,311.6
Липецкая область,2022,8,2398.0,891.0,762.0,137.0,6.7,3.18,286.7,316.5
Липецкая область,2022,9,2537.0,860.0,789.0,141.0,7.07,3.33,286.5,315.8
Липецкая область,2022,10,2200.0,533.0,701.0,93.0,8.08,4.26,274.0,298.5
Липецкая область,2022,11,2410.0,764.0,757.0,139.0,7.41,3.04,286.0,303.6
Липецкая область,2022,12,3533.0,1336.0,1060.0,243.0,6.89,3.48,289.7,310.4
Липецкая область,2023,1,1246.0,339.0,425.0,68.0,8.5,4.65,280.9,308.8
Липецкая область,2023,2,2298.0,742.0,758.0,150.0,8.46,5.37,291.2,312.6
Липецкая область,2023,3,2829.0,879.0,940.0,187.0,8.41,5.55,290.1,313.0
Липецкая область,2023,4,2642.0,720.0,867.0,152.0,8.73,5.99,289.6,308.8
Липецкая область,2023,5,2792.0,797.0,915.0,171.0,8.73,6.24,290.1,313.1
Липецкая область,2023,6,3014.0,848.0,999.0,191.0,9.04,6.38,288.4,308.3
Липецкая область,2023,7,3214.0,1055.0,1029.0,248.0,8.61,6.08,288.7,302.7
Липецкая область,2023,8,4474.0,1793.0,1299.0,368.0,8.36,6.04,299.3,320.2
Липецкая область,2023,9,4805.0,2046.0,1437.0,471.0,8.43,6.16,294.4,311.3
Липецкая область,2023,10,3592.0,1406.0,1188.0,340.0,8.73,6.35,289.4,301.5
Липецкая область,2023,11,3580.0,1582.0,1101.0,374.0,8.79,6.35,300.5,318.5
Липецкая область,2023,12,3712.0,1930.0,1094.0,455.0,8.15,6.17,297.0,310.9
Липецкая область,2024,1,1231.0,568.0,420.0,143.0,8.96,5.98,288.7,310.7
Липецкая область,2024,2,1610.0,626.0,558.0,144.0,9.41,6.04,299.1,326.8
Липецкая область,2024,3,2257.0,1110.0,674.0,233.0,8.85,6.59,303.7,314.0
Липецкая область,2024,4,2474.0,1314.0,772.0,282.0,8.58,6.2,298.2,315.9
Липецкая область,2024,5,2695.0,1388.0,859.0,327.0,8.45,6.28,299.3,308.4
Липецкая область,2024,6,4001.0,2479.0,1190.0,568.0,7.73,6.3,310.7,319.2
Липецкая область,2024,7,2046.0,498.0,680.0,97.0,11.55,5.82,286.0,332.0
Липецкая область,2024,8,2244.0,956.0,672.0,206.0,8.86,6.33,300.7,325.1
Липецкая область,2024,9,2074.0,832.0,572.0,181.0,9.4,5.87,303.3,324.0
Липецкая область,2024,10,1938.0,984.0,590.0,204.0,10.06,6.0,301.1,323.1
Липецкая область,2024,11,1496.0,920.0,429.0,183.0,9.18,6.42,308.9,327.7
Липецкая область,2024,12,1491.0,907.0,435.0,211.0,9.03,6.31,301.3,327.5
Липецкая область,2025,1,666.0,439.0,202.0,83.0,8.56,6.1,322.0,338.5
Липецкая область,2025,2,1182.0,723.0,341.0,163.0,8.07,6.16,309.0,318.1
Липецкая область,2025,3,1311.0,810.0,338.0,172.0,7.61,6.11,321.3,325.9
Липецкая область,2025,4,1584.0,852.0,391.0,157.0,8.36,6.94,309.9,320.4
Липецкая область,2025,5,1304.0,777.0,336.0,151.0,7.77,6.33,314.4,327.3
Липецкая область,2025,6,1566.0,845.0,412.0,179.0,8.13,5.94,307.9,326.2
Липецкая область,2025,7,1795.0,927.0,458.0,188.0,8.06,6.06,308.0,323.9
Липецкая область,2025,8,2047.0,1100.0,539.0,225.0,7.98,6.09,305.1,327.9
Липецкая область,2025,9,2135.0,1170.0,537.0,235.0,8.51,6.82,300.8,318.3
Липецкая область,2025,10,2853.0,1616.0,722.0,318.0,8.57,6.65,309.8,327.1
Липецкая область,2025,11,2484.0,1468.0,651.0,314.0,8.3,6.38,307.3,324.9
Липецкая область,2025,12,4258.0,2129.0,989.0,435.0,8.69,6.52,310.2,326.7
Липецкая область,2026,1,2070.0,1093.0,487.0,208.0,8.19,6.68,307.4,331.4
Липецкая область,2026,2,1439.0,531.0,432.0,111.0,10.27,7.01,280.1,303.8
Липецкая область,2026,3,1824.0,633.0,527.0,119.0,10.25,7.25,290.6,315.8
Липецкая область,2026,4,1709.0,585.0,499.0,122.0,10.49,7.13,282.0,319.8
Липецкая область,2026,5,1805.0,608.0,527.0,109.0,10.82,7.76,289.5,309.7
Липецкая область,2026,6,2670.0,1081.0,652.0,199.0,9.7,6.66,297.2,325.0
Липецкая область,2026,7,1683.0,428.0,497.0,93.0,11.92,8.37,279.0,300.9
Магаданская область,2019,1,229.0,59.0,113.0,25.0,10.1,9.99,194.0,175.1
Магаданская область,2019,2,371.0,100.0,167.0,35.0,10.28,10.11,196.9,204.8
Магаданская область,2019,3,340.0,96.0,148.0,35.0,10.54,10.49,205.2,204.5
Магаданская область,2019,4,377.0,89.0,161.0,31.0,10.59,10.06,204.6,181.9
Магаданская область,2019,5,317.0,106.0,135.0,36.0,10.71,10.33,209.2,196.9
Магаданская область,2019,6,347.0,117.0,146.0,41.0,10.34,10.13,191.4,194.1
Магаданская область,2019,7,418.0,119.0,181.0,44.0,10.4,10.03,199.5,196.4
Магаданская область,2019,8,428.0,148.0,192.0,53.0,10.11,9.95,203.8,195.1
Магаданская область,2019,9,472.0,186.0,193.0,51.0,9.64,9.15,201.6,215.2
Магаданская область,2019,10,538.0,183.0,217.0,57.0,9.56,9.11,212.5,213.5
Магаданская область,2019,11,524.0,174.0,221.0,49.0,9.47,9.29,193.7,194.5
Магаданская область,2019,12,621.0,211.0,219.0,48.0,9.38,8.98,216.9,232.6
Магаданская область,2020,1,317.0,92.0,126.0,29.0,9.05,7.92,221.9,202.7
Магаданская область,2020,2,378.0,100.0,152.0,30.0,9.17,7.94,214.6,209.3
Магаданская область,2020,3,466.0,109.0,176.0,30.0,9.25,8.92,202.7,176.4
Магаданская область,2020,4,346.0,119.0,131.0,30.0,8.88,8.32,206.2,222.9
Магаданская область,2020,5,328.0,102.0,143.0,39.0,7.94,5.44,190.8,174.3
Магаданская область,2020,6,502.0,189.0,216.0,61.0,7.75,6.19,196.8,202.0
Магаданская область,2020,7,645.0,247.0,264.0,78.0,7.55,6.1,205.4,199.3
Магаданская область,2020,8,682.0,273.0,242.0,76.0,7.22,6.08,204.4,217.0
Магаданская область,2020,9,843.0,364.0,293.0,102.0,7.34,6.02,207.9,209.6
Магаданская область,2020,10,941.0,358.0,343.0,104.0,6.81,6.05,203.8,206.7
Магаданская область,2020,11,788.0,181.0,294.0,50.0,6.25,5.79,212.9,220.8
Магаданская область,2020,12,1211.0,300.0,436.0,83.0,5.8,5.78,212.1,212.9
Магаданская область,2021,1,576.0,181.0,182.0,41.0,6.17,5.75,220.5,223.7
Магаданская область,2021,2,744.0,242.0,251.0,57.0,6.27,6.24,218.1,216.4
Магаданская область,2021,3,787.0,199.0,257.0,52.0,6.09,5.98,223.0,210.9
Магаданская область,2021,4,923.0,268.0,296.0,66.0,5.81,6.03,224.0,226.1
Магаданская область,2021,5,741.0,149.0,227.0,37.0,6.48,6.09,225.9,244.4
Магаданская область,2021,6,954.0,355.0,267.0,75.0,5.79,5.42,228.9,236.1
Магаданская область,2021,7,945.0,247.0,273.0,60.0,7.0,6.9,243.1,262.4
Магаданская область,2021,8,864.0,265.0,268.0,70.0,6.91,6.68,232.8,242.8
Магаданская область,2021,9,756.0,208.0,229.0,47.0,6.67,6.8,241.4,239.6
Магаданская область,2021,10,947.0,206.0,284.0,49.0,6.22,6.28,241.1,250.7
Магаданская область,2021,11,973.0,250.0,275.0,55.0,5.87,6.8,242.1,235.3
Магаданская область,2021,12,1307.0,343.0,344.0,68.0,5.51,7.17,221.5,198.7
Магаданская область,2022,1,502.0,199.0,126.0,42.0,7.91,6.29,256.7,259.1
Магаданская область,2022,2,657.0,234.0,156.0,39.0,8.83,6.95,234.5,230.8
Магаданская область,2022,3,803.0,253.0,214.0,57.0,9.18,6.39,267.5,262.7
Магаданская область,2022,4,129.0,72.0,46.0,15.0,9.6,6.31,248.6,272.5
Магаданская область,2022,5,113.0,45.0,38.0,9.0,10.52,4.9,236.9,262.2
Магаданская область,2022,6,363.0,202.0,94.0,37.0,8.09,5.74,248.2,267.5
Магаданская область,2022,7,623.0,276.0,150.0,43.0,5.27,3.59,235.3,275.6
Магаданская область,2022,8,1037.0,289.0,248.0,50.0,5.95,4.69,244.9,279.1
Магаданская область,2022,9,927.0,288.0,220.0,49.0,5.91,3.82,256.8,287.6
Магаданская область,2022,10,749.0,183.0,181.0,30.0,5.29,3.74,253.9,293.2
Магаданская область,2022,11,831.0,269.0,203.0,44.0,5.8,4.07,260.2,287.6
Магаданская область,2022,12,993.0,368.0,214.0,55.0,6.2,4.84,263.2,287.5
Магаданская область,2023,1,532.0,133.0,125.0,21.0,6.9,4.47,271.4,319.3
Магаданская область,2023,2,651.0,124.0,163.0,25.0,7.28,4.94,263.5,296.5
Магаданская область,2023,3,803.0,227.0,200.0,44.0,7.14,6.71,255.6,291.3
Магаданская область,2023,4,660.0,127.0,171.0,27.0,6.62,5.78,253.0,290.5
Магаданская область,2023,5,934.0,202.0,233.0,38.0,6.63,6.22,267.4,321.6
Магаданская область,2023,6,850.0,244.0,216.0,48.0,6.46,6.13,265.3,314.1
Магаданская область,2023,7,830.0,261.0,206.0,49.0,7.49,6.27,269.8,296.1
Магаданская область,2023,8,1040.0,401.0,244.0,78.0,7.21,6.0,260.3,286.7
Магаданская область,2023,9,1218.0,549.0,266.0,95.0,6.88,6.1,288.2,320.1
Магаданская область,2023,10,1058.0,300.0,244.0,54.0,7.38,6.4,273.4,322.2
Магаданская область,2023,11,975.0,371.0,224.0,64.0,7.18,6.16,262.3,293.0
Магаданская область,2023,12,862.0,249.0,195.0,49.0,7.27,6.19,266.2,315.3
Магаданская область,2024,1,319.0,93.0,81.0,17.0,7.56,5.82,262.0,330.5
Магаданская область,2024,2,451.0,110.0,115.0,22.0,8.32,6.89,255.2,291.3
Магаданская область,2024,3,561.0,193.0,129.0,35.0,6.94,6.38,273.4,319.7
Магаданская область,2024,4,487.0,151.0,115.0,28.0,7.42,5.91,262.9,308.2
Магаданская область,2024,5,678.0,265.0,171.0,57.0,7.28,6.72,280.0,332.8
Магаданская область,2024,6,874.0,420.0,200.0,83.0,6.88,6.29,269.9,304.6
Магаданская область,2024,7,556.0,99.0,132.0,17.0,10.07,6.7,262.2,275.8
Магаданская область,2024,8,507.0,124.0,128.0,20.0,7.52,5.46,256.8,319.5
Магаданская область,2024,9,525.0,139.0,116.0,27.0,7.94,7.15,276.6,334.8
Магаданская область,2024,10,517.0,160.0,130.0,28.0,8.33,6.62,264.2,330.4
Магаданская область,2024,11,301.0,112.0,74.0,22.0,9.41,7.36,271.4,339.8
Магаданская область,2024,12,249.0,121.0,64.0,23.0,8.36,5.85,274.9,301.2
Магаданская область,2025,1,125.0,69.0,32.0,12.0,8.53,5.72,272.8,308.8
Магаданская область,2025,2,188.0,64.0,41.0,12.0,7.92,5.89,230.4,340.2
Магаданская область,2025,3,230.0,130.0,49.0,21.0,7.21,5.66,284.1,322.2
Магаданская область,2025,4,407.0,133.0,88.0,19.0,7.83,5.8,264.7,311.2
Магаданская область,2025,5,503.0,196.0,117.0,32.0,6.28,5.89,266.3,327.9
Магаданская область,2025,6,538.0,127.0,116.0,23.0,6.66,8.24,254.2,268.0
Магаданская область,2025,7,597.0,258.0,120.0,37.0,6.93,6.77,267.0,307.3
Магаданская область,2025,8,571.0,217.0,119.0,34.0,7.02,5.87,273.0,326.3
Магаданская область,2025,9,634.0,325.0,128.0,52.0,6.35,5.83,273.7,320.8
Магаданская область,2025,10,722.0,307.0,140.0,42.0,6.45,6.59,273.1,319.5
Магаданская область,2025,11,672.0,288.0,134.0,49.0,8.06,6.98,271.2,313.5
Магаданская область,2025,12,875.0,341.0,178.0,56.0,6.42,6.06,274.7,330.1
Магаданская область,2026,1,407.0,216.0,81.0,32.0,6.76,6.01,287.1,338.2
Магаданская область,2026,2,577.0,149.0,127.0,26.0,9.23,7.67,238.7,268.6
Магаданская область,2026,3,508.0,108.0,113.0,23.0,7.27,6.76,246.5,297.4
Магаданская область,2026,4,533.0,142.0,115.0,25.0,8.82,9.41,261.3,305.4
Магаданская область,2026,5,518.0,108.0,114.0,21.0,8.49,8.85,254.4,293.7
Магаданская область,2026,6,754.0,235.0,147.0,39.0,7.77,8.42,258.2,312.8
Магаданская область,2026,7,631.0,203.0,135.0,33.0,8.62,5.37,252.0,293.9
Московская область,2019,1,14357.0,5676.0,4631.0,1647.0,9.86,9.6,213.6,217.4
Московская область,2019,2,19942.0,7831.0,6079.0,2133.0,10.09,9.85,218.9,220.3
Московская область,2019,3,19627.0,7557.0,5991.0,2070.0,10.38,10.03,220.0,223.1
Московская область,2019,4,21421.0,8305.0,6448.0,2201.0,10.43,9.95,221.3,221.2
Московская область,2019,5,16296.0,7078.0,4912.0,1818.0,10.4,9.84,215.9,212.0
Московская область,2019,6,18437.0,7208.0,5522.0,1957.0,10.23,9.68,221.8,224.2
Московская область,2019,7,19020.0,6591.0,5585.0,1694.0,10.12,9.44,222.1,226.7
Московская область,2019,8,20373.0,7683.0,6069.0,2022.0,9.81,9.23,224.3,227.1
Московская область,2019,9,19904.0,8036.0,5796.0,2007.0,9.65,9.05,224.4,227.8
Московская область,2019,10,23851.0,8985.0,6869.0,2296.0,9.35,8.67,225.9,230.5
Московская область,2019,11,24223.0,9004.0,7080.0,2306.0,9.15,8.53,223.7,228.6
Московская область,2019,12,31600.0,10733.0,9058.0,2702.0,8.92,8.07,224.3,232.8
Московская область,2020,1,18338.0,7223.0,5114.0,1753.0,8.85,8.17,223.2,234.8
Московская область,2020,2,25275.0,9025.0,7063.0,2103.0,8.8,8.15,226.3,238.9
Московская область,2020,3,29742.0,10484.0,8079.0,2420.0,8.68,7.97,226.2,237.8
Московская область,2020,4,15127.0,4449.0,4361.0,1098.0,8.55,6.93,226.4,233.0
Московская область,2020,5,14564.0,6317.0,4159.0,1596.0,7.33,5.26,219.1,221.5
Московская область,2020,6,23289.0,8803.0,6573.0,2155.0,7.7,6.02,219.9,221.1
Московская область,2020,7,31432.0,12597.0,8496.0,2824.0,7.41,5.81,226.0,230.8
Московская область,2020,8,33960.0,13537.0,9209.0,2960.0,7.26,5.73,224.9,230.4
Московская область,2020,9,42202.0,15279.0,11189.0,3158.0,7.41,5.92,226.8,234.8
Московская область,2020,10,44694.0,15681.0,11692.0,3174.0,7.4,5.83,230.1,236.1
Московская область,2020,11,42000.0,14438.0,10867.0,2967.0,7.47,5.9,230.5,237.1
Московская область,2020,12,46691.0,14875.0,11982.0,3114.0,7.48,5.74,232.0,236.4
Московская область,2021,1,22960.0,9544.0,5761.0,1908.0,7.28,5.88,234.1,239.4
Московская область,2021,2,35506.0,13786.0,8741.0,2689.0,7.38,5.94,237.2,243.8
Московская область,2021,3,43060.0,15661.0,10235.0,2901.0,7.39,5.95,240.7,250.5
Московская область,2021,4,48574.0,17236.0,11336.0,3077.0,7.4,5.88,246.8,258.1
Московская область,2021,5,36798.0,13531.0,8592.0,2477.0,7.4,5.72,246.4,256.0
Московская область,2021,6,46326.0,19373.0,10194.0,3393.0,7.22,5.57,251.9,262.5
Московская область,2021,7,34423.0,9530.0,8149.0,1773.0,7.96,6.5,251.1,263.2
Московская область,2021,8,35888.0,12387.0,8149.0,2154.0,7.92,6.46,252.2,262.0
Московская область,2021,9,39093.0,14191.0,8642.0,2519.0,7.79,6.36,254.2,262.4
Московская область,2021,10,41506.0,14619.0,8963.0,2547.0,7.75,6.0,257.5,264.4
Московская область,2021,11,42362.0,16487.0,8811.0,2792.0,7.61,5.83,262.3,270.0
Московская область,2021,12,54621.0,20549.0,10842.0,3403.0,7.88,5.95,266.2,274.6
Московская область,2022,1,28635.0,12820.0,5602.0,2173.0,7.97,6.2,269.5,274.6
Московская область,2022,2,42228.0,18005.0,7994.0,2956.0,8.08,5.94,274.1,282.4
Московская область,2022,3,36992.0,16225.0,7743.0,3069.0,8.39,5.89,275.2,282.3
Московская область,2022,4,13184.0,8238.0,2758.0,1386.0,7.8,5.89,268.7,282.5
Московская область,2022,5,14686.0,11086.0,2486.0,1549.0,4.82,2.87,283.9,296.7
Московская область,2022,6,24517.0,16164.0,4045.0,2030.0,5.25,3.06,283.5,300.3
Московская область,2022,7,29917.0,16781.0,5202.0,2134.0,5.78,3.01,288.5,308.0
Московская область,2022,8,39132.0,20139.0,6608.0,2523.0,5.84,2.83,290.9,315.0
Московская область,2022,9,41967.0,20032.0,7157.0,2525.0,6.18,2.94,291.5,315.1
Московская область,2022,10,32415.0,11123.0,6050.0,1482.0,7.16,3.1,286.9,315.6
Московская область,2022,11,37373.0,15627.0,6638.0,2180.0,6.71,2.9,290.5,315.3
Московская область,2022,12,53711.0,25553.0,9008.0,3317.0,6.19,2.76,297.4,320.2
Московская область,2023,1,21621.0,8446.0,3983.0,1206.0,7.89,4.88,289.9,314.5
Московская область,2023,2,34291.0,14340.0,6125.0,2039.0,8.07,5.3,294.7,309.9
Московская область,2023,3,43550.0,17173.0,8049.0,2599.0,8.29,5.54,293.0,312.4
Московская область,2023,4,45211.0,15327.0,8366.0,2387.0,8.7,6.06,290.5,308.7
Московская область,2023,5,43557.0,15572.0,8352.0,2440.0,8.53,6.16,293.9,309.7
Московская область,2023,6,48977.0,17282.0,9182.0,2716.0,8.54,6.06,295.4,312.1
Московская область,2023,7,49310.0,19500.0,9137.0,2987.0,8.35,6.12,298.5,316.1
Московская область,2023,8,63014.0,26986.0,11338.0,4164.0,8.2,5.97,300.8,315.6
Московская область,2023,9,68928.0,33323.0,12410.0,4915.0,7.95,5.77,306.1,320.5
Московская область,2023,10,54049.0,24811.0,10193.0,3705.0,8.51,6.25,302.0,318.2
Московская область,2023,11,51870.0,26849.0,9833.0,4000.0,8.34,6.17,305.9,320.9
Московская область,2023,12,56524.0,31639.0,10331.0,4655.0,8.11,6.16,311.3,324.1
Московская область,2024,1,18937.0,8826.0,4010.0,1378.0,8.65,6.15,300.2,315.4
Московская область,2024,2,25140.0,10232.0,5315.0,1551.0,9.58,6.5,297.7,315.1
Московская область,2024,3,35321.0,17919.0,6839.0,2540.0,8.62,6.34,306.3,320.9
Московская область,2024,4,35412.0,17519.0,6998.0,2558.0,8.73,6.35,305.5,320.4
Московская область,2024,5,39858.0,22063.0,8280.0,3268.0,8.24,6.33,311.7,325.8
Московская область,2024,6,56000.0,32354.0,11517.0,5003.0,7.8,6.24,317.3,326.8
Московская область,2024,7,25139.0,7981.0,5836.0,1054.0,10.96,6.48,298.4,326.9
Московская область,2024,8,26057.0,12054.0,5135.0,1567.0,9.94,6.78,309.7,332.7
Московская область,2024,9,25883.0,13367.0,4926.0,1796.0,9.25,6.47,312.9,332.0
Московская область,2024,10,28441.0,14730.0,5292.0,1935.0,10.02,6.42,304.5,333.7
Московская область,2024,11,20874.0,12537.0,3988.0,1732.0,8.91,6.12,312.5,331.1
Московская область,2024,12,21370.0,13875.0,3982.0,1974.0,8.4,5.95,313.0,333.5
Московская область,2025,1,11575.0,8469.0,2223.0,1273.0,8.07,6.33,313.5,328.1
Московская область,2025,2,20841.0,15008.0,3597.0,2193.0,7.61,6.24,316.8,329.2
Московская область,2025,3,22316.0,15484.0,3754.0,2248.0,7.82,6.45,316.3,328.5
Московская область,2025,4,23790.0,14433.0,3906.0,2003.0,7.9,6.41,314.5,327.5
Московская область,2025,5,23981.0,15746.0,3855.0,2161.0,7.71,6.46,315.7,325.6
Московская область,2025,6,22909.0,14311.0,3726.0,1906.0,7.89,6.54,318.8,330.8
Московская область,2025,7,26864.0,16101.0,4347.0,2183.0,7.89,6.53,314.5,328.8
Московская область,2025,8,29364.0,17808.0,4766.0,2375.0,8.0,6.63,312.5,328.7
Московская область,2025,9,31101.0,19100.0,5069.0,2564.0,8.45,6.91,308.5,327.5
Московская область,2025,10,37856.0,22400.0,6183.0,2990.0,8.75,6.87,307.2,327.9
Московская область,2025,11,39030.0,24179.0,6219.0,3168.0,8.5,6.75,312.9,332.0
Московская область,2025,12,58888.0,35305.0,9153.0,4668.0,8.06,6.56,317.4,333.3
Московская область,2026,1,31940.0,19778.0,4849.0,2591.0,8.04,6.74,315.6,330.0
Московская область,2026,2,20445.0,8289.0,3758.0,1133.0,10.95,7.62,286.2,316.3
Московская область,2026,3,25867.0,11427.0,4452.0,1484.0,10.86,8.08,289.2,316.5
Московская область,2026,4,27890.0,11399.0,4998.0,1529.0,11.34,8.11,285.3,312.1
Московская область,2026,5,27088.0,11609.0,4627.0,1534.0,11.06,8.33,286.1,309.8
Московская область,2026,6,39613.0,18833.0,6212.0,2427.0,9.55,7.44,297.5,320.6
Московская область,2026,7,26398.0,9941.0,4762.0,1374.0,11.43,8.11,284.0,311.9
Мурманская область,2019,1,1025.0,429.0,502.0,151.0,9.85,9.92,199.7,209.9
Мурманская область,2019,2,1137.0,358.0,612.0,149.0,10.19,10.17,183.2,172.9
Мурманская область,2019,3,1173.0,453.0,598.0,160.0,10.38,10.27,186.1,186.3
Мурманская область,2019,4,1319.0,451.0,659.0,182.0,10.52,10.3,190.6,194.3
Мурманская область,2019,5,1055.0,347.0,545.0,134.0,10.56,10.28,188.2,182.0
Мурманская область,2019,6,1225.0,476.0,590.0,191.0,10.27,10.01,199.5,200.3
Мурманская область,2019,7,1243.0,443.0,610.0,161.0,10.31,9.98,185.9,192.0
Мурманская область,2019,8,1290.0,562.0,565.0,204.0,9.85,9.41,192.9,193.2
Мурманская область,2019,9,1379.0,510.0,660.0,195.0,9.63,9.3,189.7,194.2
Мурманская область,2019,10,1524.0,533.0,704.0,201.0,9.53,9.16,202.4,209.0
Мурманская область,2019,11,1605.0,583.0,757.0,210.0,9.25,8.84,194.9,203.6
Мурманская область,2019,12,1766.0,551.0,807.0,180.0,9.08,8.47,185.1,184.1
Мурманская область,2020,1,939.0,359.0,429.0,109.0,8.98,8.59,195.2,206.0
Мурманская область,2020,2,1275.0,444.0,587.0,144.0,8.85,8.3,199.9,210.7
Мурманская область,2020,3,1510.0,509.0,723.0,178.0,8.92,8.5,191.7,199.6
Мурманская область,2020,4,979.0,344.0,464.0,118.0,8.44,7.32,193.0,201.8
Мурманская область,2020,5,1375.0,648.0,604.0,228.0,7.47,6.17,189.9,187.5
Мурманская область,2020,6,1916.0,947.0,871.0,336.0,7.35,6.11,191.6,188.7
Мурманская область,2020,7,2256.0,1108.0,991.0,370.0,7.24,6.14,198.3,201.0
Мурманская область,2020,8,2422.0,1132.0,981.0,363.0,7.22,6.16,203.2,202.7
Мурманская область,2020,9,2898.0,1417.0,1163.0,431.0,7.06,6.05,202.7,207.3
Мурманская область,2020,10,2938.0,1244.0,1225.0,387.0,7.07,5.87,195.1,200.8
Мурманская область,2020,11,2448.0,957.0,1053.0,296.0,7.26,6.02,203.9,207.6
Мурманская область,2020,12,2610.0,888.0,1093.0,275.0,7.42,6.1,208.1,208.7
Мурманская область,2021,1,1275.0,480.0,506.0,146.0,7.17,5.84,206.2,217.4
Мурманская область,2021,2,1854.0,712.0,760.0,204.0,7.23,6.0,212.4,221.3
Мурманская область,2021,3,2434.0,828.0,927.0,224.0,7.21,5.84,219.3,219.6
Мурманская область,2021,4,2613.0,909.0,955.0,231.0,7.28,5.84,224.4,237.0
Мурманская область,2021,5,2361.0,860.0,894.0,226.0,7.18,5.61,219.4,224.8
Мурманская область,2021,6,3036.0,1367.0,1034.0,331.0,6.83,5.28,224.2,232.5
Мурманская область,2021,7,2232.0,687.0,813.0,172.0,7.55,6.05,226.1,234.4
Мурманская область,2021,8,2288.0,800.0,825.0,203.0,7.71,6.53,223.7,229.0
Мурманская область,2021,9,2422.0,880.0,843.0,209.0,7.71,6.49,234.2,249.7
Мурманская область,2021,10,2551.0,830.0,917.0,207.0,7.69,6.16,231.0,237.7
Мурманская область,2021,11,2734.0,939.0,912.0,227.0,7.71,5.84,237.1,247.5
Мурманская область,2021,12,3223.0,1102.0,1105.0,262.0,8.02,6.36,240.7,251.9
Мурманская область,2022,1,1711.0,654.0,545.0,154.0,8.05,5.96,244.8,246.7
Мурманская область,2022,2,2227.0,787.0,693.0,168.0,8.48,6.47,246.5,252.4
Мурманская область,2022,3,2932.0,1100.0,933.0,288.0,8.33,5.41,252.7,274.8
Мурманская область,2022,4,807.0,383.0,281.0,89.0,8.54,6.32,240.2,272.7
Мурманская область,2022,5,707.0,422.0,230.0,83.0,6.57,3.98,263.2,292.3
Мурманская область,2022,6,1269.0,586.0,420.0,114.0,6.58,3.1,258.5,279.9
Мурманская область,2022,7,1921.0,858.0,598.0,164.0,7.11,4.27,257.2,282.9
Мурманская область,2022,8,2609.0,1081.0,777.0,198.0,6.91,3.87,257.2,284.7
Мурманская область,2022,9,2933.0,1332.0,799.0,221.0,6.69,3.5,269.0,290.6
Мурманская область,2022,10,2829.0,889.0,871.0,182.0,7.41,3.52,263.2,301.4
Мурманская область,2022,11,2564.0,882.0,780.0,170.0,7.07,2.78,270.1,306.5
Мурманская область,2022,12,3390.0,1456.0,918.0,254.0,6.69,3.07,273.6,303.1
Мурманская область,2023,1,1415.0,443.0,410.0,79.0,8.15,4.12,258.7,288.3
Мурманская область,2023,2,2039.0,625.0,622.0,117.0,8.89,5.17,268.5,295.2
Мурманская область,2023,3,2835.0,1071.0,835.0,216.0,8.53,5.34,264.7,303.3
Мурманская область,2023,4,2687.0,759.0,843.0,178.0,9.24,6.21,266.1,301.1
Мурманская область,2023,5,2958.0,1017.0,902.0,219.0,8.88,6.11,271.2,286.9
Мурманская область,2023,6,3399.0,1059.0,1026.0,231.0,9.21,6.38,263.5,283.5
Мурманская область,2023,7,3305.0,1274.0,946.0,278.0,8.77,6.35,271.7,288.1
Мурманская область,2023,8,4144.0,1682.0,1139.0,371.0,8.63,6.18,269.5,289.9
Мурманская область,2023,9,4058.0,1885.0,1082.0,361.0,8.36,5.88,275.6,296.3
Мурманская область,2023,10,3638.0,1518.0,1052.0,316.0,9.71,6.66,267.9,284.1
Мурманская область,2023,11,3759.0,1678.0,1016.0,337.0,9.49,6.38,278.4,297.9
Мурманская область,2023,12,3674.0,1871.0,1001.0,368.0,8.87,6.52,280.0,300.1
Мурманская область,2024,1,1361.0,600.0,394.0,110.0,9.66,7.57,260.5,290.9
Мурманская область,2024,2,1685.0,570.0,546.0,124.0,10.65,6.06,272.8,303.6
Мурманская область,2024,3,2187.0,1017.0,650.0,197.0,9.24,6.22,274.4,304.1
Мурманская область,2024,4,2224.0,916.0,706.0,199.0,9.53,6.1,259.0,292.9
Мурманская область,2024,5,2764.0,1277.0,816.0,250.0,9.47,7.08,272.0,302.7
Мурманская область,2024,6,3684.0,2142.0,970.0,422.0,8.08,6.29,288.5,307.3
Мурманская область,2024,7,2000.0,590.0,617.0,110.0,11.31,6.14,262.4,309.0
Мурманская область,2024,8,2077.0,818.0,622.0,155.0,10.23,6.07,260.6,299.9
Мурманская область,2024,9,1909.0,738.0,540.0,140.0,10.42,6.84,273.4,317.8
Мурманская область,2024,10,1906.0,836.0,576.0,157.0,11.0,6.64,272.4,311.3
Мурманская область,2024,11,1205.0,673.0,368.0,123.0,10.17,6.96,266.7,294.4
Мурманская область,2024,12,1101.0,670.0,328.0,124.0,10.14,6.45,265.0,291.8
Мурманская область,2025,1,630.0,430.0,208.0,95.0,8.59,5.79,267.9,290.4
Мурманская область,2025,2,908.0,509.0,264.0,100.0,7.91,5.63,276.4,291.2
Мурманская область,2025,3,1053.0,709.0,273.0,130.0,8.83,6.54,287.8,307.6
Мурманская область,2025,4,1332.0,670.0,381.0,127.0,8.8,5.68,267.7,296.2
Мурманская область,2025,5,1373.0,741.0,388.0,142.0,7.95,6.04,273.5,293.6
Мурманская область,2025,6,1617.0,901.0,432.0,185.0,8.36,5.8,282.6,307.1
Мурманская область,2025,7,2292.0,1339.0,596.0,259.0,7.23,5.37,273.0,289.5
Мурманская область,2025,8,2418.0,1376.0,600.0,248.0,7.83,5.8,283.1,308.0
Мурманская область,2025,9,2227.0,1247.0,560.0,221.0,7.76,6.12,278.2,300.4
Мурманская область,2025,10,2264.0,1246.0,585.0,218.0,8.01,5.6,277.1,311.8
Мурманская область,2025,11,2253.0,1327.0,570.0,242.0,8.82,6.47,280.0,312.4
Мурманская область,2025,12,3770.0,2155.0,875.0,393.0,8.03,5.85,289.3,311.8
Мурманская область,2026,1,1768.0,1111.0,400.0,194.0,8.11,6.74,297.5,321.1
Мурманская область,2026,2,1563.0,592.0,470.0,123.0,11.39,7.32,247.8,288.5
Мурманская область,2026,3,1756.0,633.0,567.0,132.0,11.17,6.9,242.1,277.5
Мурманская область,2026,4,1826.0,723.0,587.0,155.0,11.41,6.97,247.7,284.3
Мурманская область,2026,5,1994.0,801.0,594.0,154.0,10.01,7.08,254.9,298.7
Мурманская область,2026,6,2549.0,1196.0,690.0,224.0,9.45,6.5,272.9,303.8
Мурманская область,2026,7,2135.0,791.0,617.0,158.0,10.99,8.09,257.5,297.9
Нижегородская область,2019,1,2985.0,770.0,1663.0,361.0,9.86,9.61,195.6,196.0
Нижегородская область,2019,2,4101.0,986.0,2202.0,415.0,10.09,9.9,203.2,199.8
Нижегородская область,2019,3,3991.0,950.0,2161.0,422.0,10.34,10.05,206.1,208.6
Нижегородская область,2019,4,4093.0,962.0,2241.0,400.0,10.51,10.19,203.9,202.9
Нижегородская область,2019,5,3233.0,681.0,1783.0,298.0,10.51,9.99,208.6,208.7
Нижегородская область,2019,6,3704.0,958.0,1894.0,366.0,10.21,9.79,209.1,217.6
Нижегородская область,2019,7,3965.0,797.0,2159.0,333.0,10.13,9.68,208.9,213.8
Нижегородская область,2019,8,4312.0,1002.0,2299.0,389.0,9.77,9.15,208.4,219.3
Нижегородская область,2019,9,4474.0,1171.0,2299.0,471.0,9.58,8.92,209.9,217.5
Нижегородская область,2019,10,5102.0,1125.0,2645.0,463.0,9.42,8.86,208.8,216.6
Нижегородская область,2019,11,5274.0,1257.0,2710.0,503.0,9.22,8.63,211.4,218.6
Нижегородская область,2019,12,6888.0,1489.0,3485.0,549.0,9.07,8.27,209.9,221.9
Нижегородская область,2020,1,3503.0,844.0,1739.0,307.0,8.92,8.06,213.2,237.1
Нижегородская область,2020,2,4974.0,1263.0,2478.0,467.0,8.84,8.16,206.4,217.5
Нижегородская область,2020,3,6025.0,1426.0,2947.0,509.0,8.83,8.12,208.7,224.4
Нижегородская область,2020,4,4038.0,698.0,2114.0,278.0,8.59,6.93,209.9,216.7
Нижегородская область,2020,5,3736.0,1121.0,1823.0,411.0,7.82,6.25,208.7,217.3
Нижегородская область,2020,6,5300.0,1543.0,2537.0,584.0,7.57,5.84,209.8,219.4
Нижегородская область,2020,7,6715.0,2105.0,3112.0,776.0,7.4,5.91,212.1,217.1
Нижегородская область,2020,8,7662.0,2462.0,3507.0,884.0,7.31,5.71,213.7,219.5
Нижегородская область,2020,9,9178.0,2590.0,4181.0,829.0,7.38,5.99,215.9,219.5
Нижегородская область,2020,10,10086.0,3128.0,4414.0,1011.0,7.29,5.91,217.0,219.7
Нижегородская область,2020,11,8582.0,2260.0,3852.0,724.0,7.33,5.81,222.3,230.6
Нижегородская область,2020,12,9976.0,2573.0,4334.0,825.0,7.21,5.82,219.2,229.5
Нижегородская область,2021,1,4295.0,1349.0,1776.0,382.0,7.35,6.03,217.0,217.0
Нижегородская область,2021,2,7113.0,2105.0,2962.0,577.0,7.24,6.01,222.4,232.4
Нижегородская область,2021,3,8314.0,2253.0,3502.0,647.0,7.13,5.83,226.8,238.4
Нижегородская область,2021,4,9169.0,2596.0,3775.0,710.0,7.35,6.04,229.3,239.4
Нижегородская область,2021,5,7564.0,2401.0,2969.0,684.0,7.39,5.82,235.1,244.5
Нижегородская область,2021,6,9339.0,3630.0,3523.0,1032.0,7.05,5.62,239.5,248.5
Нижегородская область,2021,7,7554.0,1667.0,3116.0,486.0,7.61,6.38,240.0,248.7
Нижегородская область,2021,8,7369.0,1802.0,2953.0,522.0,7.78,6.6,243.5,248.0
Нижегородская область,2021,9,7977.0,2476.0,3047.0,688.0,7.79,6.58,241.9,241.7
Нижегородская область,2021,10,8737.0,2557.0,3219.0,707.0,7.95,6.48,248.8,248.8
Нижегородская область,2021,11,8666.0,2622.0,3251.0,780.0,7.82,6.31,245.3,249.1
Нижегородская область,2021,12,10865.0,3434.0,3709.0,909.0,8.02,6.29,254.3,260.2
Нижегородская область,2022,1,5441.0,2070.0,1753.0,540.0,8.26,6.62,261.1,264.3
Нижегородская область,2022,2,7967.0,2883.0,2581.0,711.0,8.51,6.66,256.7,262.5
Нижегородская область,2022,3,8261.0,2897.0,2823.0,799.0,8.87,5.97,258.7,260.2
Нижегородская область,2022,4,2316.0,977.0,816.0,227.0,8.5,6.1,250.6,275.4
Нижегородская область,2022,5,1880.0,983.0,578.0,179.0,7.1,4.33,262.8,291.7
Нижегородская область,2022,6,3812.0,1697.0,1183.0,318.0,7.12,4.58,261.8,289.6
Нижегородская область,2022,7,5331.0,2004.0,1654.0,375.0,7.42,4.65,265.3,288.3
Нижегородская область,2022,8,6669.0,2148.0,2065.0,385.0,7.79,4.73,265.6,293.5
Нижегородская область,2022,9,7735.0,2802.0,2287.0,489.0,7.43,4.42,274.1,298.2
Нижегородская область,2022,10,7275.0,1969.0,2305.0,363.0,7.94,4.53,267.2,297.7
Нижегородская область,2022,11,7648.0,2538.0,2316.0,491.0,7.72,4.54,272.7,292.8
Нижегородская область,2022,12,10435.0,3903.0,3063.0,754.0,7.46,4.39,277.6,300.6
Нижегородская область,2023,1,4548.0,1497.0,1381.0,323.0,8.3,5.59,269.0,290.1
Нижегородская область,2023,2,6956.0,2526.0,2113.0,516.0,8.48,5.9,277.5,299.0
Нижегородская область,2023,3,9222.0,3151.0,2811.0,683.0,8.53,5.96,276.5,296.5
Нижегородская область,2023,4,9152.0,3042.0,2679.0,644.0,8.78,6.21,274.2,293.6
Нижегородская область,2023,5,9355.0,3279.0,2813.0,706.0,8.46,6.12,273.8,287.9
Нижегородская область,2023,6,10828.0,3598.0,3229.0,792.0,8.58,6.29,276.5,297.1
Нижегородская область,2023,7,11797.0,4660.0,3349.0,987.0,8.36,6.21,279.4,296.6
Нижегородская область,2023,8,15129.0,6619.0,4139.0,1402.0,8.16,6.25,280.7,295.2
Нижегородская область,2023,9,16281.0,7821.0,4400.0,1563.0,8.19,6.06,285.8,300.0
Нижегородская область,2023,10,13227.0,5915.0,3641.0,1222.0,8.82,6.34,280.4,296.1
Нижегородская область,2023,11,12967.0,6227.0,3509.0,1269.0,8.54,6.23,286.4,299.9
Нижегородская область,2023,12,12650.0,6366.0,3322.0,1233.0,8.41,6.36,291.2,309.9
Нижегородская область,2024,1,4446.0,1772.0,1289.0,362.0,8.85,6.42,281.9,302.4
Нижегородская область,2024,2,5989.0,2208.0,1736.0,446.0,9.6,6.19,273.2,306.0
Нижегородская область,2024,3,7703.0,3784.0,2079.0,716.0,8.78,6.21,291.5,310.2
Нижегородская область,2024,4,7985.0,3472.0,2245.0,662.0,8.77,6.28,287.0,305.9
Нижегородская область,2024,5,9150.0,4806.0,2516.0,871.0,8.36,6.22,293.6,313.6
Нижегородская область,2024,6,12084.0,6866.0,3198.0,1301.0,8.01,6.27,297.1,311.0
Нижегородская область,2024,7,6091.0,1511.0,1976.0,242.0,10.47,6.02,274.1,312.9
Нижегородская область,2024,8,6298.0,2311.0,1872.0,432.0,9.88,6.33,286.9,324.2
Нижегородская область,2024,9,6940.0,3019.0,1868.0,539.0,9.81,6.44,288.4,318.7
Нижегородская область,2024,10,6769.0,2965.0,1873.0,542.0,10.14,6.69,284.1,315.0
Нижегородская область,2024,11,4615.0,2502.0,1351.0,472.0,10.06,6.49,289.2,315.4
Нижегородская область,2024,12,4372.0,2572.0,1255.0,508.0,9.4,6.05,287.4,318.2
Нижегородская область,2025,1,2394.0,1643.0,625.0,314.0,8.91,6.16,299.4,313.6
Нижегородская область,2025,2,3500.0,2328.0,936.0,450.0,8.31,6.21,303.2,320.0
Нижегородская область,2025,3,3767.0,2399.0,923.0,441.0,8.6,6.11,302.1,322.2
Нижегородская область,2025,4,4649.0,2746.0,1132.0,525.0,8.13,6.11,298.6,311.5
Нижегородская область,2025,5,4088.0,2334.0,999.0,440.0,8.11,6.38,305.9,322.1
Нижегородская область,2025,6,5141.0,3124.0,1236.0,564.0,8.04,6.55,300.8,315.3
Нижегородская область,2025,7,5660.0,3230.0,1351.0,600.0,7.94,6.25,300.7,318.5
Нижегородская область,2025,8,6824.0,4052.0,1571.0,729.0,8.29,6.27,296.6,318.7
Нижегородская область,2025,9,6946.0,4111.0,1612.0,773.0,8.32,6.36,296.0,315.6
Нижегородская область,2025,10,8651.0,4936.0,2055.0,909.0,8.73,6.51,296.0,320.3
Нижегородская область,2025,11,8704.0,5467.0,2083.0,1038.0,8.39,6.39,296.1,320.5
Нижегородская область,2025,12,13981.0,8401.0,3149.0,1536.0,8.33,6.58,302.7,322.9
Нижегородская область,2026,1,7622.0,4763.0,1662.0,862.0,8.32,6.85,303.2,318.5
Нижегородская область,2026,2,5270.0,2355.0,1367.0,432.0,11.21,7.41,272.2,309.2
Нижегородская область,2026,3,6163.0,2714.0,1584.0,498.0,10.88,7.18,272.1,304.9
Нижегородская область,2026,4,6241.0,2410.0,1622.0,452.0,10.81,6.86,274.9,310.3
Нижегородская область,2026,5,5582.0,2392.0,1434.0,445.0,10.68,7.18,276.2,314.3
Нижегородская область,2026,6,8894.0,4104.0,2036.0,732.0,9.55,7.34,294.1,319.4
Нижегородская область,2026,7,6876.0,2777.0,1785.0,517.0,11.0,7.64,273.2,304.5
Новгородская область,2019,1,560.0,193.0,335.0,98.0,9.97,9.7,197.7,193.4
Новгородская область,2019,2,781.0,259.0,424.0,119.0,9.99,9.63,204.7,209.0
Новгородская область,2019,3,750.0,252.0,426.0,112.0,10.41,9.91,213.2,225.2
Новгородская область,2019,4,826.0,267.0,477.0,128.0,10.64,10.09,206.3,210.2
Новгородская область,2019,5,583.0,208.0,340.0,95.0,10.54,9.86,206.1,219.0
Новгородская область,2019,6,734.0,273.0,405.0,114.0,10.45,10.3,212.2,215.9
Новгородская область,2019,7,749.0,221.0,434.0,103.0,10.11,9.82,212.0,218.4
Новгородская область,2019,8,721.0,190.0,420.0,89.0,9.9,9.19,202.5,214.0
Новгородская область,2019,9,876.0,245.0,491.0,110.0,9.64,9.5,205.3,199.9
Новгородская область,2019,10,988.0,310.0,550.0,130.0,9.57,9.19,204.3,210.6
Новгородская область,2019,11,958.0,291.0,536.0,126.0,9.34,8.86,210.2,214.8
Новгородская область,2019,12,1070.0,282.0,627.0,123.0,9.01,8.57,207.3,223.1
Новгородская область,2020,1,666.0,176.0,374.0,75.0,8.99,8.1,211.3,233.8
Новгородская область,2020,2,881.0,223.0,488.0,87.0,9.0,8.67,209.7,223.3
Новгородская область,2020,3,1030.0,274.0,575.0,99.0,8.81,8.06,208.6,222.4
Новгородская область,2020,4,762.0,146.0,448.0,56.0,8.63,7.9,209.9,239.3
Новгородская область,2020,5,820.0,301.0,422.0,120.0,7.5,6.17,213.1,206.9
Новгородская область,2020,6,1038.0,388.0,535.0,148.0,7.49,6.08,210.8,222.6
Новгородская область,2020,7,1220.0,393.0,628.0,141.0,7.32,6.18,211.8,210.0
Новгородская область,2020,8,1274.0,462.0,635.0,165.0,7.22,6.09,219.9,228.8
Новгородская область,2020,9,1690.0,505.0,908.0,203.0,7.36,6.36,211.4,225.9
Новгородская область,2020,10,1763.0,478.0,892.0,169.0,7.4,6.35,219.5,226.7
Новгородская область,2020,11,1526.0,441.0,778.0,154.0,7.29,5.97,215.6,223.0
Новгородская область,2020,12,1653.0,446.0,843.0,147.0,7.34,5.99,220.5,236.0
Новгородская область,2021,1,667.0,140.0,349.0,51.0,7.59,5.7,215.9,225.2
Новгородская область,2021,2,1067.0,351.0,502.0,109.0,7.22,6.03,227.5,231.3
Новгородская область,2021,3,1436.0,434.0,687.0,142.0,7.04,5.71,231.8,245.9
Новгородская область,2021,4,1638.0,423.0,751.0,117.0,7.28,5.59,238.6,251.5
Новгородская область,2021,5,1328.0,423.0,605.0,121.0,7.21,5.48,239.4,260.1
Новгородская область,2021,6,1537.0,542.0,648.0,137.0,6.87,5.3,242.3,243.5
Новгородская область,2021,7,1184.0,180.0,574.0,58.0,7.53,6.34,237.7,256.2
Новгородская область,2021,8,1249.0,271.0,558.0,80.0,7.69,6.75,237.2,250.5
Новгородская область,2021,9,1314.0,420.0,564.0,116.0,7.44,6.02,235.0,236.1
Новгородская область,2021,10,1460.0,446.0,609.0,124.0,7.36,5.57,249.7,260.5
Новгородская область,2021,11,1475.0,385.0,593.0,105.0,7.69,5.64,244.8,255.9
Новгородская область,2021,12,1814.0,484.0,668.0,139.0,7.97,5.57,256.8,262.4
Новгородская область,2022,1,942.0,345.0,335.0,91.0,8.07,6.23,265.4,261.0
Новгородская область,2022,2,1411.0,565.0,524.0,164.0,7.9,5.87,272.2,287.8
Новгородская область,2022,3,1306.0,583.0,534.0,201.0,7.75,5.28,260.6,264.2
Новгородская область,2022,4,389.0,226.0,146.0,60.0,7.33,5.29,257.1,277.4
Новгородская область,2022,5,284.0,146.0,114.0,30.0,6.95,4.92,269.0,293.4
Новгородская область,2022,6,729.0,382.0,228.0,69.0,5.66,2.94,270.8,291.6
Новгородская область,2022,7,899.0,342.0,301.0,60.0,6.55,3.46,280.4,317.9
Новгородская область,2022,8,1304.0,512.0,450.0,107.0,6.26,2.87,283.4,309.5
Новгородская область,2022,9,1394.0,627.0,488.0,123.0,5.69,2.64,285.8,324.2
Новгородская область,2022,10,1206.0,374.0,432.0,93.0,6.94,3.27,278.1,300.2
Новгородская область,2022,11,1339.0,518.0,458.0,122.0,6.4,2.62,278.7,312.4
Новгородская область,2022,12,2043.0,903.0,621.0,177.0,6.04,2.61,290.5,315.6
Новгородская область,2023,1,730.0,222.0,260.0,46.0,7.89,4.36,278.4,311.7
Новгородская область,2023,2,1171.0,522.0,407.0,124.0,7.5,4.87,292.6,320.7
Новгородская область,2023,3,1387.0,505.0,480.0,127.0,7.97,5.03,289.7,320.1
Новгородская область,2023,4,1434.0,426.0,531.0,106.0,8.71,6.0,282.6,302.8
Новгородская область,2023,5,1550.0,494.0,529.0,112.0,8.36,5.71,287.2,318.2
Новгородская область,2023,6,1733.0,623.0,593.0,168.0,8.47,6.19,286.8,307.2
Новгородская область,2023,7,1725.0,707.0,609.0,184.0,7.91,5.8,288.1,307.2
Новгородская область,2023,8,2235.0,897.0,716.0,212.0,8.24,5.96,287.8,301.2
Новгородская область,2023,9,2305.0,1022.0,750.0,246.0,7.94,5.71,292.4,307.5
Новгородская область,2023,10,1902.0,877.0,576.0,184.0,8.81,6.44,294.5,319.0
Новгородская область,2023,11,1995.0,894.0,603.0,215.0,8.74,6.27,292.0,300.7
Новгородская область,2023,12,2446.0,1298.0,705.0,283.0,7.94,6.1,302.9,314.7
Новгородская область,2024,1,718.0,317.0,233.0,71.0,8.35,6.04,300.4,321.0
Новгородская область,2024,2,742.0,227.0,280.0,52.0,10.39,6.47,279.6,299.8
Новгородская область,2024,3,1095.0,469.0,388.0,104.0,8.51,6.1,295.7,319.3
Новгородская область,2024,4,1273.0,513.0,447.0,132.0,9.18,7.02,279.6,301.7
Новгородская область,2024,5,1408.0,698.0,470.0,169.0,7.92,6.22,301.1,314.7
Новгородская область,2024,6,2114.0,1337.0,666.0,314.0,7.36,6.32,303.5,318.0
Новгородская область,2024,7,918.0,213.0,357.0,49.0,10.07,5.67,277.7,307.8
Новгородская область,2024,8,856.0,355.0,302.0,74.0,10.1,7.02,293.5,325.3
Новгородская область,2024,9,1040.0,475.0,337.0,106.0,8.91,6.02,295.2,320.7
Новгородская область,2024,10,963.0,475.0,318.0,100.0,9.35,5.79,301.7,329.4
Новгородская область,2024,11,733.0,398.0,241.0,78.0,10.59,6.52,294.4,314.0
Новгородская область,2024,12,694.0,341.0,217.0,65.0,9.23,6.0,308.9,336.4
Новгородская область,2025,1,261.0,132.0,84.0,27.0,9.24,6.28,296.9,330.2
Новгородская область,2025,2,636.0,362.0,188.0,76.0,7.99,6.6,316.1,329.8
Новгородская область,2025,3,680.0,438.0,189.0,96.0,7.17,5.81,313.5,329.9
Новгородская область,2025,4,654.0,350.0,196.0,76.0,7.47,6.11,309.9,324.8
Новгородская область,2025,5,593.0,331.0,167.0,71.0,7.83,5.92,299.7,312.0
Новгородская область,2025,6,798.0,491.0,229.0,107.0,8.19,6.53,301.8,320.8
Новгородская область,2025,7,865.0,500.0,255.0,121.0,7.82,6.34,304.8,318.6
Новгородская область,2025,8,1023.0,604.0,252.0,123.0,7.4,5.81,314.4,331.7
Новгородская область,2025,9,1228.0,709.0,314.0,146.0,8.69,6.59,306.5,320.7
Новгородская область,2025,10,1241.0,734.0,341.0,155.0,8.84,6.74,295.7,313.9
Новгородская область,2025,11,1474.0,940.0,386.0,202.0,8.01,6.05,307.6,326.3
Новгородская область,2025,12,1965.0,1191.0,491.0,256.0,7.55,6.13,310.2,323.0
Новгородская область,2026,1,1022.0,654.0,262.0,133.0,7.87,5.97,306.0,325.7
Новгородская область,2026,2,852.0,320.0,277.0,79.0,11.75,8.84,271.4,284.4
Новгородская область,2026,3,994.0,384.0,305.0,75.0,11.93,8.18,274.9,309.2
Новгородская область,2026,4,1015.0,421.0,300.0,91.0,11.38,7.22,280.8,313.2
Новгородская область,2026,5,931.0,436.0,275.0,91.0,10.37,7.12,277.9,308.8
Новгородская область,2026,6,1461.0,749.0,380.0,144.0,9.28,6.49,300.8,321.9
Новгородская область,2026,7,909.0,327.0,294.0,65.0,12.34,7.76,273.7,315.3
Новосибирская область,2019,1,4078.0,1202.0,2093.0,579.0,9.92,9.76,212.5,217.6
Новосибирская область,2019,2,5083.0,1524.0,2508.0,703.0,10.15,10.03,216.1,213.5
Новосибирская область,2019,3,5318.0,1464.0,2620.0,672.0,10.39,10.15,217.7,221.8
Новосибирская область,2019,4,5705.0,1658.0,2799.0,722.0,10.59,10.29,219.3,221.4
Новосибирская область,2019,5,4554.0,1448.0,2203.0,629.0,10.53,10.12,221.8,222.6
Новосибирская область,2019,6,5227.0,1697.0,2516.0,735.0,10.27,9.81,219.0,219.4
Новосибирская область,2019,7,5318.0,1420.0,2639.0,617.0,10.21,9.6,221.0,222.7
Новосибирская область,2019,8,5882.0,1584.0,2912.0,688.0,9.94,9.33,221.3,224.3
Новосибирская область,2019,9,6082.0,1859.0,2863.0,766.0,9.75,9.16,219.1,228.3
Новосибирская область,2019,10,6684.0,1873.0,3163.0,747.0,9.48,8.95,220.5,222.7
Новосибирская область,2019,11,6652.0,2039.0,3086.0,812.0,9.24,8.59,218.9,224.5
Новосибирская область,2019,12,9043.0,2415.0,4191.0,984.0,9.09,8.35,218.1,229.0
Новосибирская область,2020,1,4500.0,1278.0,2034.0,482.0,8.92,7.97,218.3,226.2
Новосибирская область,2020,2,6381.0,1674.0,2888.0,649.0,8.96,8.16,217.5,231.9
Новосибирская область,2020,3,7795.0,2074.0,3437.0,772.0,8.8,8.02,220.3,234.9
Новосибирская область,2020,4,6816.0,1399.0,3197.0,562.0,8.38,7.22,216.6,220.4
Новосибирская область,2020,5,5794.0,1831.0,2604.0,724.0,7.79,6.33,221.5,226.2
Новосибирская область,2020,6,6772.0,2592.0,3086.0,1065.0,7.69,6.36,219.5,224.4
Новосибирская область,2020,7,9054.0,3138.0,4014.0,1212.0,7.32,6.09,222.1,222.0
Новосибирская область,2020,8,9506.0,3350.0,4187.0,1246.0,7.15,5.93,220.5,225.8
Новосибирская область,2020,9,11770.0,4688.0,5025.0,1700.0,7.21,5.73,223.6,228.9
Новосибирская область,2020,10,13468.0,4463.0,5721.0,1623.0,7.28,5.93,223.3,227.3
Новосибирская область,2020,11,12660.0,3703.0,5288.0,1358.0,7.41,5.96,224.9,227.6
Новосибирская область,2020,12,13912.0,3790.0,5847.0,1316.0,7.32,5.83,222.8,226.4
Новосибирская область,2021,1,5951.0,1926.0,2411.0,657.0,7.29,5.79,225.4,230.9
Новосибирская область,2021,2,9905.0,3206.0,3984.0,1064.0,7.27,5.88,227.3,233.7
Новосибирская область,2021,3,12736.0,4242.0,5039.0,1383.0,7.23,5.88,232.7,240.1
Новосибирская область,2021,4,14025.0,4380.0,5369.0,1374.0,7.35,5.78,234.9,245.7
Новосибирская область,2021,5,11071.0,3703.0,4086.0,1063.0,7.31,5.71,239.7,251.8
Новосибирская область,2021,6,13531.0,5167.0,4938.0,1604.0,7.0,5.37,244.7,253.9
Новосибирская область,2021,7,10535.0,2540.0,4037.0,792.0,7.59,6.05,242.6,249.3
Новосибирская область,2021,8,11038.0,3218.0,4008.0,973.0,7.76,6.42,246.1,258.4
Новосибирская область,2021,9,12212.0,3727.0,4272.0,1118.0,7.77,6.39,247.9,253.8
Новосибирская область,2021,10,12657.0,4264.0,4373.0,1223.0,7.71,6.26,247.2,250.8
Новосибирская область,2021,11,13231.0,4997.0,4500.0,1463.0,7.57,6.03,252.1,253.3
Новосибирская область,2021,12,15860.0,5450.0,5269.0,1622.0,7.88,6.16,258.7,262.2
Новосибирская область,2022,1,7495.0,2948.0,2452.0,856.0,8.03,5.87,262.9,261.5
Новосибирская область,2022,2,11908.0,4573.0,3662.0,1259.0,8.27,6.32,263.1,268.8
Новосибирская область,2022,3,13257.0,6555.0,4363.0,2055.0,7.83,5.69,266.8,269.9
Новосибирская область,2022,4,3255.0,1843.0,1118.0,524.0,8.04,6.05,263.5,280.2
Новосибирская область,2022,5,2758.0,1497.0,785.0,338.0,7.68,5.78,271.4,289.8
Новосибирская область,2022,6,5248.0,2603.0,1525.0,548.0,7.3,5.28,269.5,285.5
Новосибирская область,2022,7,7956.0,3740.0,2220.0,780.0,7.52,5.28,270.9,286.5
Новосибирская область,2022,8,10018.0,4270.0,2827.0,942.0,7.6,5.25,273.9,291.1
Новосибирская область,2022,9,12126.0,5022.0,3284.0,1049.0,7.58,5.13,279.9,300.0
Новосибирская область,2022,10,10143.0,3166.0,3025.0,713.0,8.17,5.38,280.2,299.1
Новосибирская область,2022,11,11165.0,4389.0,3161.0,972.0,7.82,5.14,283.9,301.5
Новосибирская область,2022,12,16314.0,7126.0,4396.0,1595.0,7.5,4.91,290.6,307.0
Новосибирская область,2023,1,6122.0,2417.0,1648.0,511.0,8.15,5.62,283.1,291.5
Новосибирская область,2023,2,9617.0,4047.0,2659.0,922.0,8.29,5.69,288.3,302.2
Новосибирская область,2023,3,13835.0,5870.0,3703.0,1332.0,8.25,5.83,287.1,302.8
Новосибирская область,2023,4,14240.0,5820.0,3936.0,1311.0,8.33,6.04,288.4,304.9
Новосибирская область,2023,5,13790.0,5895.0,3857.0,1349.0,8.35,6.1,292.7,308.2
Новосибирская область,2023,6,14937.0,5745.0,4026.0,1277.0,8.47,6.28,291.5,306.4
Новосибирская область,2023,7,15343.0,6653.0,4130.0,1501.0,8.11,6.12,296.2,311.1
Новосибирская область,2023,8,20881.0,9978.0,5521.0,2273.0,7.97,5.97,299.7,312.5
Новосибирская область,2023,9,24406.0,12952.0,6420.0,2907.0,7.83,5.99,302.6,315.3
Новосибирская область,2023,10,18049.0,9504.0,4822.0,2132.0,8.21,6.32,301.1,314.7
Новосибирская область,2023,11,17655.0,9879.0,4679.0,2256.0,8.12,6.33,302.3,313.8
Новосибирская область,2023,12,18975.0,11118.0,4950.0,2505.0,7.78,6.41,306.2,319.2
Новосибирская область,2024,1,5881.0,3202.0,1696.0,733.0,8.44,6.36,301.6,314.8
Новосибирская область,2024,2,7651.0,3755.0,2233.0,879.0,8.9,6.34,296.0,312.0
Новосибирская область,2024,3,10925.0,5775.0,2935.0,1264.0,8.02,6.25,305.6,318.2
Новосибирская область,2024,4,11447.0,5556.0,3030.0,1180.0,8.29,6.38,304.1,319.8
Новосибирская область,2024,5,12939.0,7146.0,3362.0,1544.0,8.08,6.39,311.8,325.8
Новосибирская область,2024,6,19427.0,12154.0,4881.0,2579.0,7.55,6.45,312.6,321.6
Новосибирская область,2024,7,7131.0,2370.0,2170.0,480.0,10.62,6.86,297.4,327.2
Новосибирская область,2024,8,7956.0,3425.0,2218.0,733.0,9.63,6.38,305.3,332.3
Новосибирская область,2024,9,8342.0,4214.0,2183.0,868.0,8.78,6.02,307.4,329.6
Новосибирская область,2024,10,7593.0,3919.0,2123.0,818.0,9.59,6.22,305.2,327.3
Новосибирская область,2024,11,6323.0,3610.0,1696.0,788.0,9.5,6.49,308.4,326.7
Новосибирская область,2024,12,6915.0,4424.0,1810.0,944.0,8.62,6.55,314.3,330.6
Новосибирская область,2025,1,2248.0,1514.0,594.0,304.0,8.25,6.22,314.3,328.0
Новосибирская область,2025,2,4360.0,2797.0,1116.0,593.0,7.65,6.04,312.8,327.9
Новосибирская область,2025,3,5370.0,3645.0,1290.0,731.0,7.72,6.19,319.3,333.1
Новосибирская область,2025,4,6226.0,3711.0,1473.0,713.0,7.46,5.89,316.0,331.8
Новосибирская область,2025,5,5617.0,3269.0,1286.0,610.0,7.5,5.9,318.6,334.8
Новосибирская область,2025,6,6479.0,3892.0,1484.0,754.0,7.47,6.04,318.0,333.3
Новосибирская область,2025,7,7363.0,4257.0,1661.0,796.0,7.67,6.12,317.1,334.5
Новосибирская область,2025,8,8308.0,4774.0,1868.0,901.0,7.4,5.95,314.7,332.3
Новосибирская область,2025,9,8468.0,4722.0,1943.0,888.0,8.4,6.6,309.3,333.5
Новосибирская область,2025,10,11056.0,6469.0,2480.0,1190.0,8.05,6.6,313.1,331.5
Новосибирская область,2025,11,10588.0,6607.0,2329.0,1237.0,7.84,6.37,317.8,334.3
Новосибирская область,2025,12,16770.0,10288.0,3713.0,1976.0,7.78,6.3,319.2,334.7
Новосибирская область,2026,1,8016.0,4947.0,1741.0,914.0,7.73,6.43,320.3,335.6
Новосибирская область,2026,2,5990.0,2608.0,1439.0,474.0,10.32,7.24,290.1,327.8
Новосибирская область,2026,3,6680.0,2901.0,1686.0,529.0,10.07,7.76,295.0,327.6
Новосибирская область,2026,4,7396.0,3048.0,1878.0,578.0,10.42,7.12,289.9,325.3
Новосибирская область,2026,5,6789.0,2674.0,1666.0,489.0,10.31,7.05,289.9,321.5
Новосибирская область,2026,6,9496.0,4230.0,2174.0,802.0,9.12,6.71,301.7,329.2
Новосибирская область,2026,7,7704.0,2968.0,1956.0,554.0,10.68,7.53,289.7,322.0
Омская область,2019,1,1855.0,224.0,1081.0,94.0,9.93,9.58,210.0,227.5
Омская область,2019,2,2712.0,343.0,1553.0,127.0,10.21,10.06,220.0,240.0
Омская область,2019,3,2598.0,341.0,1534.0,136.0,10.45,10.06,215.5,215.2
Омская область,2019,4,2929.0,431.0,1693.0,163.0,10.68,10.38,217.5,223.3
Омская область,2019,5,2295.0,403.0,1339.0,155.0,10.64,10.19,219.1,217.4
Омская область,2019,6,2559.0,435.0,1445.0,166.0,10.41,9.79,216.8,225.6
Омская область,2019,7,2978.0,499.0,1677.0,169.0,10.38,9.81,220.5,226.3
Омская область,2019,8,3065.0,446.0,1760.0,170.0,10.07,9.6,220.6,223.5
Омская область,2019,9,3235.0,505.0,1824.0,193.0,9.8,9.22,221.5,224.1
Омская область,2019,10,3454.0,529.0,1931.0,196.0,9.43,8.72,218.7,208.7
Омская область,2019,11,3376.0,565.0,1869.0,199.0,9.28,8.56,219.9,239.1
Омская область,2019,12,4214.0,538.0,2297.0,185.0,9.1,8.2,218.9,233.5
Омская область,2020,1,2347.0,399.0,1281.0,138.0,9.12,8.38,221.3,229.5
Омская область,2020,2,3248.0,522.0,1724.0,174.0,9.01,8.39,222.3,245.2
Омская область,2020,3,3784.0,595.0,1978.0,211.0,8.88,8.0,217.0,233.4
Омская область,2020,4,2963.0,339.0,1576.0,122.0,8.44,7.13,215.3,229.3
Омская область,2020,5,2816.0,582.0,1529.0,218.0,7.84,6.06,214.3,218.6
Омская область,2020,6,3489.0,609.0,1913.0,260.0,8.21,6.14,219.2,220.6
Омская область,2020,7,4677.0,932.0,2440.0,315.0,7.66,5.53,223.2,228.1
Омская область,2020,8,5220.0,1051.0,2670.0,370.0,7.48,5.64,222.6,231.1
Омская область,2020,9,6039.0,1311.0,3034.0,465.0,7.44,5.66,223.0,222.8
Омская область,2020,10,6336.0,1417.0,3158.0,488.0,7.4,5.47,223.4,221.5
Омская область,2020,11,5338.0,922.0,2578.0,320.0,7.55,5.56,226.9,222.1
Омская область,2020,12,6630.0,1120.0,3121.0,340.0,7.54,6.0,228.8,229.9
Омская область,2021,1,2695.0,432.0,1260.0,140.0,7.53,5.69,225.1,225.2
Омская область,2021,2,4488.0,875.0,2031.0,253.0,7.42,5.58,234.6,247.9
Омская область,2021,3,5362.0,1012.0,2421.0,288.0,7.4,5.63,234.0,253.4
Омская область,2021,4,6143.0,1174.0,2633.0,314.0,7.5,5.39,239.5,261.8
Омская область,2021,5,4822.0,899.0,2119.0,251.0,7.6,5.37,242.2,261.3
Омская область,2021,6,6317.0,1485.0,2504.0,354.0,7.47,5.25,244.9,259.8
Омская область,2021,7,5432.0,662.0,2259.0,165.0,7.89,6.25,250.9,261.4
Омская область,2021,8,5807.0,945.0,2345.0,218.0,7.99,6.55,244.1,252.9
Омская область,2021,9,5977.0,1102.0,2273.0,265.0,7.98,6.4,247.7,238.5
Омская область,2021,10,6031.0,947.0,2325.0,226.0,8.11,6.4,248.9,247.7
Омская область,2021,11,5612.0,1220.0,2086.0,260.0,7.9,5.69,257.2,264.7
Омская область,2021,12,7683.0,1434.0,2753.0,347.0,8.09,5.53,259.1,265.5
Омская область,2022,1,3685.0,746.0,1269.0,166.0,8.4,5.62,262.2,268.4
Омская область,2022,2,5055.0,1053.0,1743.0,249.0,8.73,6.07,266.1,279.9
Омская область,2022,3,5591.0,1339.0,1919.0,352.0,9.17,5.75,267.8,276.2
Омская область,2022,4,1482.0,598.0,536.0,149.0,8.24,5.37,263.1,280.7
Омская область,2022,5,1495.0,620.0,504.0,118.0,7.53,4.07,271.5,290.2
Омская область,2022,6,2867.0,990.0,938.0,161.0,7.29,3.82,269.4,299.4
Омская область,2022,7,3691.0,967.0,1246.0,163.0,7.7,3.23,274.6,312.0
Омская область,2022,8,5275.0,1443.0,1665.0,227.0,7.54,3.71,279.7,314.6
Омская область,2022,9,5840.0,1451.0,1916.0,256.0,7.6,3.26,278.7,310.0
Омская область,2022,10,5115.0,1016.0,1734.0,200.0,8.06,4.08,275.3,310.6
Омская область,2022,11,5341.0,1272.0,1731.0,258.0,7.85,3.22,283.4,308.6
Омская область,2022,12,7792.0,2266.0,2280.0,415.0,7.59,3.3,288.7,319.6
Омская область,2023,1,2922.0,621.0,998.0,126.0,8.93,4.69,284.5,319.6
Омская область,2023,2,4990.0,1080.0,1576.0,220.0,8.71,5.03,288.4,319.2
Омская область,2023,3,7011.0,1523.0,2131.0,291.0,9.02,6.05,287.9,308.5
Омская область,2023,4,6906.0,1226.0,2172.0,255.0,9.16,6.18,288.2,316.1
Омская область,2023,5,6802.0,1479.0,2115.0,294.0,8.95,6.4,290.5,313.3
Омская область,2023,6,7510.0,1649.0,2245.0,334.0,9.06,5.93,293.5,322.7
Омская область,2023,7,7160.0,1738.0,2174.0,374.0,8.85,6.18,290.3,311.5
Омская область,2023,8,9886.0,2841.0,2873.0,659.0,8.84,5.93,296.1,314.5
Омская область,2023,9,10554.0,3691.0,3033.0,771.0,8.84,6.0,295.6,314.5
Омская область,2023,10,7556.0,2585.0,2237.0,586.0,9.6,6.42,298.1,317.3
Омская область,2023,11,7943.0,2947.0,2328.0,674.0,9.1,6.22,301.4,321.3
Омская область,2023,12,7243.0,3096.0,2005.0,634.0,8.88,6.31,304.6,323.2
Омская область,2024,1,3034.0,973.0,897.0,201.0,9.01,6.44,298.0,319.3
Омская область,2024,2,3539.0,1186.0,1128.0,241.0,10.11,6.88,287.8,315.7
Омская область,2024,3,4563.0,1758.0,1288.0,321.0,9.51,7.0,298.3,323.5
Омская область,2024,4,4594.0,1709.0,1330.0,347.0,9.53,6.21,298.7,323.0
Омская область,2024,5,6093.0,2673.0,1758.0,541.0,8.42,6.01,305.6,333.2
Омская область,2024,6,7836.0,3917.0,2113.0,797.0,8.3,6.19,308.0,326.2
Омская область,2024,7,4124.0,978.0,1306.0,168.0,10.97,5.61,293.1,334.5
Омская область,2024,8,4375.0,1698.0,1282.0,334.0,9.72,5.69,298.2,330.5
Омская область,2024,9,4194.0,1820.0,1147.0,337.0,9.55,6.58,302.6,326.0
Омская область,2024,10,3912.0,1582.0,1139.0,278.0,11.29,6.52,301.2,333.1
Омская область,2024,11,2919.0,1377.0,861.0,292.0,10.03,6.2,305.7,326.6
Омская область,2024,12,3609.0,1915.0,1070.0,457.0,8.98,6.82,305.8,328.8
Омская область,2025,1,1385.0,744.0,373.0,144.0,8.53,5.85,306.5,327.8
Омская область,2025,2,2221.0,1211.0,565.0,224.0,8.37,6.34,311.4,328.3
Омская область,2025,3,2859.0,1554.0,710.0,292.0,7.62,5.6,317.6,339.9
Омская область,2025,4,2777.0,1254.0,702.0,228.0,7.9,5.8,312.2,335.7
Омская область,2025,5,2792.0,1410.0,671.0,247.0,7.89,5.89,315.2,331.7
Омская область,2025,6,2904.0,1396.0,736.0,263.0,8.2,5.88,311.9,339.7
Омская область,2025,7,3239.0,1529.0,788.0,274.0,8.25,5.62,310.0,340.1
Омская область,2025,8,3717.0,1772.0,912.0,302.0,8.31,5.8,306.3,336.2
Омская область,2025,9,4017.0,2008.0,989.0,362.0,8.27,6.1,306.7,334.7
Омская область,2025,10,5034.0,2368.0,1229.0,431.0,8.6,5.94,302.8,339.4
Омская область,2025,11,5497.0,3053.0,1278.0,540.0,8.13,6.24,312.6,339.2
Омская область,2025,12,8196.0,4041.0,1893.0,734.0,8.11,6.06,313.0,336.2
Омская область,2026,1,4077.0,2164.0,929.0,383.0,7.91,6.09,320.8,342.8
Омская область,2026,2,3334.0,1200.0,903.0,207.0,11.26,7.03,280.8,325.2
Омская область,2026,3,3701.0,1123.0,1016.0,204.0,11.28,7.21,281.8,321.2
Омская область,2026,4,3802.0,1059.0,1058.0,190.0,11.21,7.75,279.2,321.4
Омская область,2026,5,3708.0,1072.0,987.0,199.0,11.04,6.77,287.3,332.0
Омская область,2026,6,6045.0,2455.0,1433.0,418.0,9.38,6.94,302.1,328.7
Омская область,2026,7,4779.0,1769.0,1251.0,323.0,10.78,6.9,286.9,330.0
Оренбургская область,2019,1,2167.0,476.0,1326.0,271.0,9.85,9.48,213.3,208.7
Оренбургская область,2019,2,2827.0,602.0,1651.0,328.0,10.09,9.98,215.3,208.8
Оренбургская область,2019,3,2640.0,576.0,1610.0,359.0,10.35,9.85,216.0,208.7
Оренбургская область,2019,4,2781.0,647.0,1660.0,382.0,10.53,10.24,219.6,204.8
Оренбургская область,2019,5,2187.0,521.0,1333.0,283.0,10.56,10.11,215.1,209.9
Оренбургская область,2019,6,2690.0,706.0,1622.0,386.0,10.32,9.73,213.9,204.6
Оренбургская область,2019,7,2945.0,670.0,1725.0,375.0,10.24,9.6,221.2,218.6
Оренбургская область,2019,8,3120.0,757.0,1892.0,418.0,9.93,9.17,221.5,225.8
Оренбургская область,2019,9,3218.0,817.0,1948.0,437.0,9.66,8.76,216.4,210.4
Оренбургская область,2019,10,3659.0,845.0,2113.0,429.0,9.47,8.73,223.4,221.7
Оренбургская область,2019,11,3561.0,765.0,1957.0,392.0,9.26,8.61,212.4,211.2
Оренбургская область,2019,12,4247.0,770.0,2382.0,370.0,9.14,8.38,218.4,219.0
Оренбургская область,2020,1,2014.0,409.0,1153.0,182.0,9.09,8.23,220.9,223.5
Оренбургская область,2020,2,3004.0,623.0,1657.0,262.0,9.07,8.51,215.8,226.1
Оренбургская область,2020,3,3428.0,645.0,1947.0,304.0,8.88,7.98,219.4,226.0
Оренбургская область,2020,4,2771.0,405.0,1585.0,202.0,8.39,7.11,218.3,224.4
Оренбургская область,2020,5,2825.0,752.0,1614.0,383.0,7.61,6.11,214.2,211.4
Оренбургская область,2020,6,3669.0,1109.0,2050.0,551.0,7.72,5.95,214.9,212.8
Оренбургская область,2020,7,4802.0,1240.0,2674.0,610.0,7.48,6.27,218.5,212.3
Оренбургская область,2020,8,4870.0,1401.0,2629.0,663.0,7.28,5.75,217.5,212.3
Оренбургская область,2020,9,5820.0,1366.0,3167.0,636.0,7.42,5.9,218.5,214.0
Оренбургская область,2020,10,6425.0,1433.0,3416.0,601.0,7.43,5.87,222.1,221.9
Оренбургская область,2020,11,5566.0,1138.0,2935.0,478.0,7.49,6.03,220.1,218.2
Оренбургская область,2020,12,6613.0,1278.0,3399.0,536.0,7.5,6.0,225.0,224.6
Оренбургская область,2021,1,2826.0,780.0,1467.0,301.0,7.29,6.04,229.8,233.1
Оренбургская область,2021,2,4332.0,1006.0,2187.0,417.0,7.17,5.89,228.2,223.4
Оренбургская область,2021,3,5525.0,1156.0,2785.0,453.0,6.96,5.79,230.5,231.4
Оренбургская область,2021,4,6064.0,1412.0,3036.0,564.0,7.26,5.78,236.2,237.3
Оренбургская область,2021,5,4821.0,1306.0,2265.0,419.0,7.5,5.67,236.0,242.7
Оренбургская область,2021,6,5881.0,1643.0,2770.0,583.0,7.23,5.35,241.0,250.8
Оренбургская область,2021,7,5273.0,913.0,2541.0,375.0,7.49,5.89,242.2,247.7
Оренбургская область,2021,8,5405.0,980.0,2579.0,350.0,7.75,6.46,243.7,249.0
Оренбургская область,2021,9,5575.0,1193.0,2591.0,400.0,7.81,6.16,243.2,249.2
Оренбургская область,2021,10,5978.0,1469.0,2690.0,568.0,7.96,6.14,247.7,248.3
Оренбургская область,2021,11,6059.0,1520.0,2612.0,510.0,7.99,6.09,250.0,253.7
Оренбургская область,2021,12,7413.0,1870.0,3135.0,616.0,8.09,5.72,258.0,264.4
Оренбургская область,2022,1,3404.0,932.0,1446.0,309.0,8.59,6.41,258.1,258.7
Оренбургская область,2022,2,4769.0,1251.0,1990.0,425.0,8.57,5.8,261.7,258.9
Оренбургская область,2022,3,6496.0,2371.0,2876.0,930.0,8.58,5.93,263.5,258.1
Оренбургская область,2022,4,1844.0,1090.0,814.0,382.0,7.76,5.7,261.6,267.6
Оренбургская область,2022,5,1309.0,721.0,525.0,171.0,7.05,4.08,266.6,287.1
Оренбургская область,2022,6,2231.0,672.0,966.0,168.0,8.02,4.65,264.3,283.8
Оренбургская область,2022,7,3911.0,1080.0,1539.0,245.0,7.79,3.84,269.6,295.0
Оренбургская область,2022,8,5402.0,1561.0,2124.0,330.0,7.56,3.85,274.2,298.2
Оренбургская область,2022,9,6197.0,1598.0,2330.0,341.0,7.85,3.74,278.8,303.9
Оренбургская область,2022,10,6135.0,1448.0,2302.0,326.0,7.99,3.71,280.0,298.2
Оренбургская область,2022,11,5764.0,1487.0,2176.0,349.0,7.99,3.49,280.8,302.0
Оренбургская область,2022,12,8707.0,2562.0,2932.0,624.0,7.69,3.69,284.2,303.6
Оренбургская область,2023,1,3127.0,789.0,1144.0,190.0,9.17,5.71,286.5,300.7
Оренбургская область,2023,2,4318.0,940.0,1707.0,248.0,9.12,5.53,280.0,289.6
Оренбургская область,2023,3,6263.0,1740.0,2357.0,483.0,8.95,5.98,283.4,296.2
Оренбургская область,2023,4,6166.0,1608.0,2308.0,441.0,9.08,6.04,288.0,295.6
Оренбургская область,2023,5,6680.0,1500.0,2506.0,450.0,9.24,6.12,287.0,297.1
Оренбургская область,2023,6,7793.0,2106.0,2751.0,530.0,9.31,7.04,286.7,295.6
Оренбургская область,2023,7,7763.0,1959.0,2808.0,584.0,8.87,5.96,287.1,293.4
Оренбургская область,2023,8,10001.0,3217.0,3430.0,871.0,8.65,6.03,289.9,299.8
Оренбургская область,2023,9,12064.0,4700.0,3958.0,1251.0,8.42,5.83,295.3,307.0
Оренбургская область,2023,10,9227.0,3050.0,3236.0,838.0,9.12,6.19,293.4,301.5
Оренбургская область,2023,11,7937.0,2962.0,2762.0,842.0,8.91,6.28,297.9,311.7
Оренбургская область,2023,12,8898.0,3881.0,2913.0,1040.0,8.69,6.5,299.6,315.0
Оренбургская область,2024,1,2937.0,883.0,1035.0,236.0,9.53,6.26,294.6,310.9
Оренбургская область,2024,2,3404.0,893.0,1272.0,243.0,10.44,6.56,286.7,309.0
Оренбургская область,2024,3,4867.0,1926.0,1663.0,530.0,9.0,6.48,289.8,303.4
Оренбургская область,2024,4,4588.0,1722.0,1580.0,432.0,9.14,6.33,294.6,311.7
Оренбургская область,2024,5,5528.0,2432.0,1971.0,635.0,9.04,6.36,297.6,312.1
Оренбургская область,2024,6,8943.0,4735.0,2917.0,1200.0,8.08,6.35,306.2,316.3
Оренбургская область,2024,7,4676.0,1065.0,1735.0,247.0,11.15,6.48,293.1,319.6
Оренбургская область,2024,8,4985.0,1654.0,1672.0,392.0,9.99,6.11,296.3,318.5
Оренбургская область,2024,9,4729.0,1836.0,1528.0,428.0,9.76,6.44,301.4,323.5
Оренбургская область,2024,10,4483.0,1789.0,1481.0,405.0,10.44,6.35,297.4,324.9
Оренбургская область,2024,11,3352.0,1661.0,1074.0,399.0,10.0,6.15,301.9,324.9
Оренбургская область,2024,12,3336.0,1894.0,1031.0,453.0,9.15,6.25,303.3,321.4
Оренбургская область,2025,1,1419.0,903.0,440.0,200.0,8.7,6.24,308.8,320.8
Оренбургская область,2025,2,2489.0,1511.0,738.0,353.0,7.83,6.05,314.8,330.0
Оренбургская область,2025,3,2815.0,1327.0,813.0,309.0,8.25,6.25,314.7,325.3
Оренбургская область,2025,4,3696.0,1692.0,1051.0,380.0,7.94,6.36,313.4,324.5
Оренбургская область,2025,5,3297.0,1607.0,938.0,370.0,7.76,6.12,313.6,323.6
Оренбургская область,2025,6,3581.0,1633.0,1018.0,365.0,8.06,6.02,308.4,321.7
Оренбургская область,2025,7,4272.0,1856.0,1163.0,408.0,8.1,6.07,310.6,323.2
Оренбургская область,2025,8,5006.0,2308.0,1382.0,504.0,8.08,6.45,310.7,323.4
Оренбургская область,2025,9,5113.0,2297.0,1362.0,486.0,8.55,6.3,308.0,322.1
Оренбургская область,2025,10,6277.0,2937.0,1670.0,628.0,8.63,6.48,304.2,319.3
Оренбургская область,2025,11,6302.0,3244.0,1629.0,691.0,8.29,6.37,308.9,327.4
Оренбургская область,2025,12,10559.0,5288.0,2712.0,1196.0,7.68,6.28,313.3,326.4
Оренбургская область,2026,1,4909.0,2630.0,1274.0,588.0,8.01,6.34,314.6,327.4
Оренбургская область,2026,2,4107.0,1365.0,1033.0,272.0,12.05,7.57,281.8,310.1
Оренбургская область,2026,3,3932.0,1226.0,1165.0,271.0,11.16,7.82,284.8,313.8
Оренбургская область,2026,4,4336.0,1239.0,1284.0,267.0,11.2,7.45,281.3,306.0
Оренбургская область,2026,5,3853.0,1258.0,1119.0,268.0,10.92,7.52,284.8,307.1
Оренбургская область,2026,6,5712.0,2167.0,1504.0,453.0,9.59,7.19,299.8,317.9
Оренбургская область,2026,7,4770.0,1236.0,1384.0,281.0,11.31,7.73,288.7,310.1
Орловская область,2019,1,897.0,282.0,546.0,163.0,9.75,9.53,202.4,188.3
Орловская область,2019,2,1135.0,443.0,670.0,243.0,10.17,9.89,216.5,205.0
Орловская область,2019,3,885.0,304.0,542.0,167.0,10.44,9.97,215.6,210.8
Орловская область,2019,4,1035.0,331.0,591.0,171.0,10.5,10.18,223.6,222.0
Орловская область,2019,5,748.0,232.0,438.0,126.0,10.59,10.25,206.9,196.9
Орловская область,2019,6,931.0,310.0,547.0,176.0,10.29,9.96,219.4,204.6
Орловская область,2019,7,978.0,274.0,554.0,140.0,10.2,9.91,222.1,204.9
Орловская область,2019,8,1056.0,409.0,580.0,182.0,9.67,9.14,209.6,200.7
Орловская область,2019,9,1019.0,361.0,583.0,184.0,9.63,9.04,214.9,202.9
Орловская область,2019,10,1228.0,435.0,683.0,231.0,9.42,8.99,211.7,198.7
Орловская область,2019,11,1123.0,406.0,641.0,226.0,9.18,8.55,212.6,193.4
Орловская область,2019,12,1488.0,445.0,801.0,224.0,9.04,8.58,213.9,203.1
Орловская область,2020,1,938.0,355.0,486.0,152.0,8.95,8.42,214.8,212.9
Орловская область,2020,2,1154.0,326.0,639.0,172.0,8.98,8.18,215.0,200.5
Орловская область,2020,3,1366.0,475.0,701.0,222.0,8.71,7.98,214.5,216.0
Орловская область,2020,4,965.0,385.0,575.0,222.0,7.7,5.33,211.9,199.4
Орловская область,2020,5,1021.0,492.0,559.0,252.0,7.05,5.39,219.0,208.2
Орловская область,2020,6,1258.0,566.0,678.0,259.0,7.24,5.83,214.1,214.7
Орловская область,2020,7,1761.0,681.0,907.0,299.0,7.18,5.58,219.2,213.2
Орловская область,2020,8,1695.0,684.0,887.0,312.0,7.25,5.89,220.5,210.8
Орловская область,2020,9,2117.0,841.0,1003.0,338.0,7.06,5.83,222.9,220.4
Орловская область,2020,10,2177.0,789.0,1071.0,325.0,7.19,5.86,220.3,213.9
Орловская область,2020,11,2000.0,659.0,927.0,254.0,7.26,5.92,226.9,220.7
Орловская область,2020,12,2307.0,847.0,1054.0,339.0,6.88,5.47,229.4,227.9
Орловская область,2021,1,1187.0,489.0,562.0,202.0,6.71,5.68,226.1,216.7
Орловская область,2021,2,1516.0,586.0,686.0,223.0,7.01,5.98,231.2,223.1
Орловская область,2021,3,1766.0,626.0,776.0,217.0,7.08,5.66,233.7,236.7
Орловская область,2021,4,2152.0,721.0,891.0,232.0,7.21,5.61,245.0,246.3
Орловская область,2021,5,1497.0,536.0,639.0,168.0,7.2,5.55,246.6,239.4
Орловская область,2021,6,2037.0,978.0,840.0,336.0,6.61,5.01,236.2,228.8
Орловская область,2021,7,1557.0,322.0,696.0,109.0,7.65,5.95,243.7,243.6
Орловская область,2021,8,1630.0,389.0,699.0,137.0,7.77,6.39,244.8,236.6
Орловская область,2021,9,1937.0,593.0,788.0,184.0,7.6,5.92,251.9,240.2
Орловская область,2021,10,1828.0,495.0,751.0,176.0,7.81,5.97,245.6,230.1
Орловская область,2021,11,1950.0,690.0,767.0,220.0,7.61,5.73,245.7,233.8
Орловская область,2021,12,2373.0,761.0,902.0,249.0,7.94,5.6,250.7,241.0
Орловская область,2022,1,1054.0,418.0,436.0,155.0,8.16,5.68,255.9,237.9
Орловская область,2022,2,1774.0,792.0,619.0,235.0,8.06,5.88,259.4,249.9
Орловская область,2022,3,1906.0,881.0,756.0,313.0,8.18,5.42,264.7,259.4
Орловская область,2022,4,446.0,290.0,166.0,80.0,7.82,6.03,272.5,283.3
Орловская область,2022,5,499.0,338.0,154.0,71.0,5.92,4.17,273.0,295.5
Орловская область,2022,6,772.0,408.0,259.0,84.0,7.06,4.58,279.9,289.7
Орловская область,2022,7,1056.0,503.0,392.0,135.0,7.03,4.21,263.8,273.8
Орловская область,2022,8,1613.0,695.0,567.0,138.0,6.43,3.21,273.7,311.2
Орловская область,2022,9,1663.0,672.0,572.0,149.0,7.38,4.32,271.5,276.4
Орловская область,2022,10,1560.0,480.0,538.0,104.0,7.5,3.47,278.2,314.2
Орловская область,2022,11,1858.0,884.0,576.0,185.0,6.63,3.5,287.0,305.1
Орловская область,2022,12,2276.0,1105.0,703.0,244.0,6.54,3.55,296.2,316.0
Орловская область,2023,1,913.0,304.0,316.0,73.0,8.3,5.17,279.6,300.6
Орловская область,2023,2,1598.0,630.0,528.0,140.0,8.04,5.25,288.3,311.8
Орловская область,2023,3,2031.0,865.0,683.0,207.0,8.14,5.75,289.2,302.0
Орловская область,2023,4,1911.0,599.0,658.0,150.0,8.96,6.04,290.4,307.9
Орловская область,2023,5,2032.0,616.0,650.0,148.0,8.82,6.35,284.2,292.6
Орловская область,2023,6,2294.0,891.0,693.0,163.0,8.65,6.81,294.0,310.5
Орловская область,2023,7,2040.0,782.0,658.0,181.0,8.35,6.01,288.8,293.1
Орловская область,2023,8,2871.0,1226.0,845.0,275.0,8.13,5.8,294.8,307.2
Орловская область,2023,9,3322.0,1774.0,985.0,372.0,7.95,5.97,296.9,312.4
Орловская область,2023,10,2772.0,1437.0,835.0,334.0,8.68,6.3,291.5,304.3
Орловская область,2023,11,2285.0,1137.0,735.0,282.0,8.72,6.3,292.0,302.0
Орловская область,2023,12,2636.0,1466.0,780.0,324.0,8.44,6.41,299.2,314.9
Орловская область,2024,1,844.0,410.0,292.0,102.0,8.68,6.45,288.1,306.9
Орловская область,2024,2,1032.0,438.0,383.0,115.0,9.83,6.39,296.4,321.9
Орловская область,2024,3,1374.0,687.0,436.0,168.0,8.37,6.47,295.9,307.7
Орловская область,2024,4,1671.0,786.0,504.0,167.0,8.88,6.56,294.7,311.0
Орловская область,2024,5,1768.0,990.0,554.0,235.0,7.85,6.06,294.8,309.2
Орловская область,2024,6,2744.0,1745.0,816.0,453.0,7.32,6.18,304.8,312.7
Орловская область,2024,7,1069.0,417.0,366.0,70.0,10.79,7.04,297.2,335.6
Орловская область,2024,8,1233.0,568.0,382.0,121.0,9.19,6.54,298.1,323.5
Орловская область,2024,9,1249.0,591.0,366.0,119.0,9.12,6.21,299.8,322.9
Орловская область,2024,10,1300.0,728.0,360.0,136.0,9.61,6.0,302.1,324.9
Орловская область,2024,11,924.0,580.0,268.0,111.0,9.05,6.29,303.6,316.9
Орловская область,2024,12,941.0,633.0,263.0,123.0,8.12,5.77,304.9,324.8
Орловская область,2025,1,398.0,262.0,120.0,55.0,9.37,6.25,307.8,311.3
Орловская область,2025,2,787.0,523.0,225.0,105.0,7.49,6.16,324.0,341.4
Орловская область,2025,3,1068.0,610.0,267.0,118.0,8.01,6.08,317.0,330.6
Орловская область,2025,4,1159.0,623.0,317.0,125.0,7.8,6.18,307.5,327.0
Орловская область,2025,5,1035.0,569.0,272.0,107.0,7.94,6.07,304.3,325.5
Орловская область,2025,6,1103.0,589.0,283.0,114.0,7.29,5.91,315.0,334.6
Орловская область,2025,7,1227.0,566.0,311.0,103.0,8.52,6.39,309.8,329.3
Орловская область,2025,8,1036.0,452.0,299.0,89.0,8.52,6.7,301.2,319.5
Орловская область,2025,9,1455.0,775.0,354.0,142.0,9.07,7.84,306.6,323.2
Орловская область,2025,10,1572.0,712.0,426.0,133.0,8.12,6.12,299.6,325.2
Орловская область,2025,11,1809.0,880.0,431.0,142.0,9.02,8.47,306.0,330.2
Орловская область,2025,12,2789.0,1438.0,686.0,283.0,7.84,6.52,308.1,330.5
Орловская область,2026,1,1194.0,599.0,308.0,112.0,7.96,6.41,307.7,324.0
Орловская область,2026,2,807.0,253.0,243.0,51.0,11.08,6.77,267.3,312.0
Орловская область,2026,3,1029.0,382.0,298.0,76.0,10.08,6.92,285.0,319.1
Орловская область,2026,4,1164.0,459.0,350.0,88.0,10.26,6.27,282.8,317.3
Орловская область,2026,5,1144.0,438.0,317.0,76.0,10.44,7.24,275.1,298.2
Орловская область,2026,6,1520.0,608.0,409.0,119.0,9.09,6.41,292.5,323.0
Орловская область,2026,7,1225.0,353.0,367.0,70.0,11.5,6.85,280.5,311.7
ПРИВОЛЖСКИЙ ФЕДЕРАЛЬНЫЙ ОКРУГ,2019,1,32436.0,9041.0,18950.0,4571.0,9.87,9.58,205.2,207.3
ПРИВОЛЖСКИЙ ФЕДЕРАЛЬНЫЙ ОКРУГ,2019,2,42731.0,11713.0,24369.0,5721.0,10.14,9.94,209.2,207.6
ПРИВОЛЖСКИЙ ФЕДЕРАЛЬНЫЙ ОКРУГ,2019,3,41049.0,10980.0,23620.0,5458.0,10.41,10.08,211.1,212.0
ПРИВОЛЖСКИЙ ФЕДЕРАЛЬНЫЙ ОКРУГ,2019,4,44438.0,11843.0,25559.0,5759.0,10.56,10.14,212.3,210.0
ПРИВОЛЖСКИЙ ФЕДЕРАЛЬНЫЙ ОКРУГ,2019,5,34623.0,10037.0,19747.0,4756.0,10.53,9.99,213.7,214.7
ПРИВОЛЖСКИЙ ФЕДЕРАЛЬНЫЙ ОКРУГ,2019,6,39675.0,11207.0,22339.0,5179.0,10.29,9.72,214.1,216.0
ПРИВОЛЖСКИЙ ФЕДЕРАЛЬНЫЙ ОКРУГ,2019,7,42566.0,10342.0,24245.0,4882.0,10.19,9.63,214.3,217.1
ПРИВОЛЖСКИЙ ФЕДЕРАЛЬНЫЙ ОКРУГ,2019,8,44801.0,11472.0,25523.0,5347.0,9.87,9.24,213.9,217.3
ПРИВОЛЖСКИЙ ФЕДЕРАЛЬНЫЙ ОКРУГ,2019,9,47251.0,13119.0,26385.0,5968.0,9.64,8.96,214.2,217.9
ПРИВОЛЖСКИЙ ФЕДЕРАЛЬНЫЙ ОКРУГ,2019,10,53506.0,13973.0,29398.0,6200.0,9.37,8.69,214.4,220.3
ПРИВОЛЖСКИЙ ФЕДЕРАЛЬНЫЙ ОКРУГ,2019,11,53563.0,14243.0,28843.0,6200.0,9.21,8.48,213.4,220.3
ПРИВОЛЖСКИЙ ФЕДЕРАЛЬНЫЙ ОКРУГ,2019,12,69012.0,16510.0,37179.0,7167.0,9.09,8.32,212.2,221.0
ПРИВОЛЖСКИЙ ФЕДЕРАЛЬНЫЙ ОКРУГ,2020,1,35747.0,9415.0,19100.0,3926.0,8.99,8.17,212.8,226.8
ПРИВОЛЖСКИЙ ФЕДЕРАЛЬНЫЙ ОКРУГ,2020,2,49067.0,12356.0,25856.0,5127.0,8.93,8.17,213.4,223.5
ПРИВОЛЖСКИЙ ФЕДЕРАЛЬНЫЙ ОКРУГ,2020,3,58675.0,14782.0,30637.0,6157.0,8.79,7.92,212.6,222.2
ПРИВОЛЖСКИЙ ФЕДЕРАЛЬНЫЙ ОКРУГ,2020,4,42764.0,9177.0,23416.0,4110.0,8.39,6.98,214.4,221.3
ПРИВОЛЖСКИЙ ФЕДЕРАЛЬНЫЙ ОКРУГ,2020,5,40258.0,13170.0,21478.0,5907.0,7.61,5.9,209.6,210.6
ПРИВОЛЖСКИЙ ФЕДЕРАЛЬНЫЙ ОКРУГ,2020,6,55051.0,18796.0,29071.0,8368.0,7.66,6.04,210.7,212.5
ПРИВОЛЖСКИЙ ФЕДЕРАЛЬНЫЙ ОКРУГ,2020,7,69585.0,23653.0,35549.0,9838.0,7.36,5.85,214.4,215.5
ПРИВОЛЖСКИЙ ФЕДЕРАЛЬНЫЙ ОКРУГ,2020,8,76372.0,26698.0,38097.0,10748.0,7.23,5.75,214.9,216.6
ПРИВОЛЖСКИЙ ФЕДЕРАЛЬНЫЙ ОКРУГ,2020,9,93665.0,29328.0,46706.0,11338.0,7.27,5.8,216.1,218.6
ПРИВОЛЖСКИЙ ФЕДЕРАЛЬНЫЙ ОКРУГ,2020,10,101225.0,31223.0,49929.0,12075.0,7.28,5.78,218.0,219.1
ПРИВОЛЖСКИЙ ФЕДЕРАЛЬНЫЙ ОКРУГ,2020,11,88889.0,24610.0,43991.0,9616.0,7.35,5.77,218.8,220.9
ПРИВОЛЖСКИЙ ФЕДЕРАЛЬНЫЙ ОКРУГ,2020,12,104024.0,27202.0,50442.0,10579.0,7.28,5.7,221.4,224.1
ПРИВОЛЖСКИЙ ФЕДЕРАЛЬНЫЙ ОКРУГ,2021,1,44576.0,13249.0,21170.0,4794.0,7.22,5.82,223.3,227.8
ПРИВОЛЖСКИЙ ФЕДЕРАЛЬНЫЙ ОКРУГ,2021,2,69581.0,19294.0,32873.0,6801.0,7.23,5.88,224.3,231.5
ПРИВОЛЖСКИЙ ФЕДЕРАЛЬНЫЙ ОКРУГ,2021,3,87938.0,23254.0,40846.0,8077.0,7.15,5.81,229.4,239.0
ПРИВОЛЖСКИЙ ФЕДЕРАЛЬНЫЙ ОКРУГ,2021,4,94653.0,25556.0,43086.0,8629.0,7.32,5.73,232.5,243.2
ПРИВОЛЖСКИЙ ФЕДЕРАЛЬНЫЙ ОКРУГ,2021,5,74645.0,21867.0,32802.0,7018.0,7.35,5.47,236.8,247.8
ПРИВОЛЖСКИЙ ФЕДЕРАЛЬНЫЙ ОКРУГ,2021,6,93571.0,33000.0,39691.0,10326.0,7.07,5.34,238.6,248.2
ПРИВОЛЖСКИЙ ФЕДЕРАЛЬНЫЙ ОКРУГ,2021,7,77742.0,17025.0,35189.0,5837.0,7.52,5.89,239.0,247.4
ПРИВОЛЖСКИЙ ФЕДЕРАЛЬНЫЙ ОКРУГ,2021,8,78560.0,18553.0,34786.0,6227.0,7.79,6.21,241.0,246.3
ПРИВОЛЖСКИЙ ФЕДЕРАЛЬНЫЙ ОКРУГ,2021,9,84891.0,23496.0,36205.0,7465.0,7.69,6.06,242.5,247.8
ПРИВОЛЖСКИЙ ФЕДЕРАЛЬНЫЙ ОКРУГ,2021,10,90263.0,24554.0,37709.0,7870.0,7.75,5.87,248.1,254.4
ПРИВОЛЖСКИЙ ФЕДЕРАЛЬНЫЙ ОКРУГ,2021,11,91262.0,28871.0,36849.0,9080.0,7.69,5.76,250.2,256.9
ПРИВОЛЖСКИЙ ФЕДЕРАЛЬНЫЙ ОКРУГ,2021,12,115459.0,37367.0,44797.0,11705.0,7.89,5.74,254.3,259.4
ПРИВОЛЖСКИЙ ФЕДЕРАЛЬНЫЙ ОКРУГ,2022,1,56869.0,20470.0,21621.0,6304.0,8.09,5.92,258.8,262.5
ПРИВОЛЖСКИЙ ФЕДЕРАЛЬНЫЙ ОКРУГ,2022,2,82693.0,29882.0,30300.0,8880.0,8.21,5.75,262.5,268.3
ПРИВОЛЖСКИЙ ФЕДЕРАЛЬНЫЙ ОКРУГ,2022,3,99588.0,43098.0,38562.0,14356.0,8.13,5.53,263.6,268.6
ПРИВОЛЖСКИЙ ФЕДЕРАЛЬНЫЙ ОКРУГ,2022,4,25890.0,13700.0,9931.0,3904.0,7.8,5.66,264.3,282.4
ПРИВОЛЖСКИЙ ФЕДЕРАЛЬНЫЙ ОКРУГ,2022,5,20210.0,11501.0,6844.0,2387.0,6.86,4.3,270.4,292.9
ПРИВОЛЖСКИЙ ФЕДЕРАЛЬНЫЙ ОКРУГ,2022,6,39492.0,17539.0,13491.0,3523.0,7.05,4.26,268.5,292.1
ПРИВОЛЖСКИЙ ФЕДЕРАЛЬНЫЙ ОКРУГ,2022,7,57183.0,21966.0,19881.0,4466.0,7.36,4.12,270.3,294.3
ПРИВОЛЖСКИЙ ФЕДЕРАЛЬНЫЙ ОКРУГ,2022,8,78074.0,27168.0,27023.0,5444.0,7.24,3.9,275.4,303.9
ПРИВОЛЖСКИЙ ФЕДЕРАЛЬНЫЙ ОКРУГ,2022,9,91987.0,32495.0,30687.0,6508.0,7.16,3.6,280.1,307.4
ПРИВОЛЖСКИЙ ФЕДЕРАЛЬНЫЙ ОКРУГ,2022,10,86602.0,25534.0,29932.0,5547.0,7.6,3.7,280.6,306.2
ПРИВОЛЖСКИЙ ФЕДЕРАЛЬНЫЙ ОКРУГ,2022,11,87956.0,30863.0,29614.0,6817.0,7.44,3.77,282.4,308.1
ПРИВОЛЖСКИЙ ФЕДЕРАЛЬНЫЙ ОКРУГ,2022,12,128415.0,52306.0,40528.0,11637.0,7.01,3.77,287.6,309.2
ПРИВОЛЖСКИЙ ФЕДЕРАЛЬНЫЙ ОКРУГ,2023,1,50621.0,16091.0,17364.0,3795.0,8.27,5.15,282.6,306.8
ПРИВОЛЖСКИЙ ФЕДЕРАЛЬНЫЙ ОКРУГ,2023,2,77149.0,27698.0,25955.0,6433.0,8.35,5.4,286.8,308.7
ПРИВОЛЖСКИЙ ФЕДЕРАЛЬНЫЙ ОКРУГ,2023,3,105703.0,37877.0,34833.0,9005.0,8.37,5.63,287.7,308.6
ПРИВОЛЖСКИЙ ФЕДЕРАЛЬНЫЙ ОКРУГ,2023,4,103084.0,33254.0,34115.0,7968.0,8.7,6.07,285.6,305.9
ПРИВОЛЖСКИЙ ФЕДЕРАЛЬНЫЙ ОКРУГ,2023,5,109141.0,35974.0,35728.0,8539.0,8.55,6.13,288.7,308.2
ПРИВОЛЖСКИЙ ФЕДЕРАЛЬНЫЙ ОКРУГ,2023,6,117217.0,38347.0,37614.0,8879.0,8.56,6.15,289.1,309.8
ПРИВОЛЖСКИЙ ФЕДЕРАЛЬНЫЙ ОКРУГ,2023,7,124311.0,44457.0,39171.0,10502.0,8.36,6.08,292.1,309.1
ПРИВОЛЖСКИЙ ФЕДЕРАЛЬНЫЙ ОКРУГ,2023,8,164331.0,68201.0,49567.0,15964.0,8.12,5.93,294.5,310.7
ПРИВОЛЖСКИЙ ФЕДЕРАЛЬНЫЙ ОКРУГ,2023,9,188610.0,88130.0,54870.0,20046.0,8.0,5.84,298.7,313.3
ПРИВОЛЖСКИЙ ФЕДЕРАЛЬНЫЙ ОКРУГ,2023,10,150714.0,65811.0,45482.0,15166.0,8.5,6.16,297.7,313.0
ПРИВОЛЖСКИЙ ФЕДЕРАЛЬНЫЙ ОКРУГ,2023,11,141709.0,69113.0,42225.0,15937.0,8.38,6.22,299.4,314.1
ПРИВОЛЖСКИЙ ФЕДЕРАЛЬНЫЙ ОКРУГ,2023,12,146173.0,75733.0,42087.0,16834.0,8.12,6.25,303.3,319.1
ПРИВОЛЖСКИЙ ФЕДЕРАЛЬНЫЙ ОКРУГ,2024,1,51413.0,22488.0,16143.0,4934.0,8.54,6.21,298.8,316.4
ПРИВОЛЖСКИЙ ФЕДЕРАЛЬНЫЙ ОКРУГ,2024,2,60459.0,21922.0,19874.0,4841.0,9.48,6.39,292.6,314.1
ПРИВОЛЖСКИЙ ФЕДЕРАЛЬНЫЙ ОКРУГ,2024,3,82367.0,37928.0,24797.0,8081.0,8.59,6.34,301.8,319.5
ПРИВОЛЖСКИЙ ФЕДЕРАЛЬНЫЙ ОКРУГ,2024,4,85972.0,37832.0,25951.0,8022.0,8.54,6.2,300.9,319.1
ПРИВОЛЖСКИЙ ФЕДЕРАЛЬНЫЙ ОКРУГ,2024,5,103899.0,53571.0,31779.0,11440.0,8.13,6.12,307.0,323.0
ПРИВОЛЖСКИЙ ФЕДЕРАЛЬНЫЙ ОКРУГ,2024,6,156774.0,92811.0,44947.0,20035.0,7.62,6.23,313.9,325.1
ПРИВОЛЖСКИЙ ФЕДЕРАЛЬНЫЙ ОКРУГ,2024,7,69916.0,18935.0,24769.0,3580.0,10.49,6.25,293.9,324.3
ПРИВОЛЖСКИЙ ФЕДЕРАЛЬНЫЙ ОКРУГ,2024,8,72148.0,27026.0,22517.0,5463.0,9.64,6.23,301.1,331.3
ПРИВОЛЖСКИЙ ФЕДЕРАЛЬНЫЙ ОКРУГ,2024,9,74101.0,33193.0,21488.0,6466.0,9.29,6.37,306.7,329.6
ПРИВОЛЖСКИЙ ФЕДЕРАЛЬНЫЙ ОКРУГ,2024,10,69610.0,32395.0,21074.0,6466.0,9.97,6.12,302.0,328.7
ПРИВОЛЖСКИЙ ФЕДЕРАЛЬНЫЙ ОКРУГ,2024,11,49734.0,26953.0,15332.0,5646.0,9.5,6.17,306.8,329.9
ПРИВОЛЖСКИЙ ФЕДЕРАЛЬНЫЙ ОКРУГ,2024,12,54142.0,32729.0,15779.0,6857.0,8.82,6.31,308.1,330.9
ПРИВОЛЖСКИЙ ФЕДЕРАЛЬНЫЙ ОКРУГ,2025,1,21033.0,13333.0,6468.0,2801.0,8.82,6.21,306.2,325.1
ПРИВОЛЖСКИЙ ФЕДЕРАЛЬНЫЙ ОКРУГ,2025,2,38523.0,24443.0,10508.0,4988.0,8.11,6.14,315.2,331.3
ПРИВОЛЖСКИЙ ФЕДЕРАЛЬНЫЙ ОКРУГ,2025,3,45363.0,26988.0,11759.0,5357.0,7.96,6.15,316.4,330.4
ПРИВОЛЖСКИЙ ФЕДЕРАЛЬНЫЙ ОКРУГ,2025,4,51738.0,28283.0,13477.0,5504.0,7.86,6.12,316.0,329.7
ПРИВОЛЖСКИЙ ФЕДЕРАЛЬНЫЙ ОКРУГ,2025,5,52690.0,28832.0,13104.0,5564.0,7.67,6.05,316.8,330.7
ПРИВОЛЖСКИЙ ФЕДЕРАЛЬНЫЙ ОКРУГ,2025,6,55876.0,28864.0,14082.0,5588.0,7.8,6.15,313.6,329.5
ПРИВОЛЖСКИЙ ФЕДЕРАЛЬНЫЙ ОКРУГ,2025,7,65535.0,34333.0,16160.0,6586.0,7.84,6.17,313.8,329.3
ПРИВОЛЖСКИЙ ФЕДЕРАЛЬНЫЙ ОКРУГ,2025,8,75347.0,40730.0,18524.0,7819.0,7.95,6.23,312.4,330.2
ПРИВОЛЖСКИЙ ФЕДЕРАЛЬНЫЙ ОКРУГ,2025,9,75373.0,41214.0,18542.0,7872.0,8.31,6.43,309.8,329.1
ПРИВОЛЖСКИЙ ФЕДЕРАЛЬНЫЙ ОКРУГ,2025,10,96992.0,52411.0,23716.0,10024.0,8.46,6.47,308.8,330.4
ПРИВОЛЖСКИЙ ФЕДЕРАЛЬНЫЙ ОКРУГ,2025,11,97421.0,57599.0,23582.0,11142.0,8.2,6.38,311.0,330.9
ПРИВОЛЖСКИЙ ФЕДЕРАЛЬНЫЙ ОКРУГ,2025,12,161714.0,92932.0,37848.0,18156.0,7.85,6.31,315.4,332.6
ПРИВОЛЖСКИЙ ФЕДЕРАЛЬНЫЙ ОКРУГ,2026,1,84220.0,50517.0,19305.0,9749.0,7.86,6.38,316.6,331.5
ПРИВОЛЖСКИЙ ФЕДЕРАЛЬНЫЙ ОКРУГ,2026,2,53960.0,21846.0,14823.0,4222.0,10.74,7.22,288.6,322.8
ПРИВОЛЖСКИЙ ФЕДЕРАЛЬНЫЙ ОКРУГ,2026,3,59838.0,23725.0,16291.0,4639.0,10.76,7.53,289.2,320.9
ПРИВОЛЖСКИЙ ФЕДЕРАЛЬНЫЙ ОКРУГ,2026,4,66564.0,24034.0,18243.0,4816.0,10.8,7.42,287.5,318.9
ПРИВОЛЖСКИЙ ФЕДЕРАЛЬНЫЙ ОКРУГ,2026,5,59063.0,22233.0,15790.0,4347.0,10.53,7.42,288.4,319.3
ПРИВОЛЖСКИЙ ФЕДЕРАЛЬНЫЙ ОКРУГ,2026,6,94795.0,43457.0,22707.0,8268.0,9.06,6.99,304.3,326.1
ПРИВОЛЖСКИЙ ФЕДЕРАЛЬНЫЙ ОКРУГ,2026,7,70652.0,24976.0,19356.0,5010.0,11.04,7.74,284.7,316.4
Пензенская область,2019,1,1259.0,403.0,703.0,190.0,9.76,9.66,209.5,198.7
Пензенская область,2019,2,1606.0,502.0,907.0,227.0,10.15,10.04,216.3,222.2
Пензенская область,2019,3,1531.0,485.0,831.0,226.0,10.32,10.07,222.2,223.7
Пензенская область,2019,4,1572.0,534.0,914.0,265.0,10.53,10.21,212.4,216.1
Пензенская область,2019,5,1181.0,384.0,694.0,192.0,10.59,10.33,219.3,217.2
Пензенская область,2019,6,1600.0,485.0,872.0,245.0,10.31,9.94,221.9,224.1
Пензенская область,2019,7,1530.0,429.0,871.0,221.0,10.14,9.75,218.2,222.7
Пензенская область,2019,8,1579.0,465.0,933.0,224.0,9.89,9.32,215.4,223.4
Пензенская область,2019,9,1765.0,574.0,997.0,272.0,9.71,9.31,220.2,226.8
Пензенская область,2019,10,1866.0,526.0,1058.0,250.0,9.32,8.58,216.6,221.6
Пензенская область,2019,11,1894.0,577.0,1024.0,259.0,9.25,8.75,215.3,220.7
Пензенская область,2019,12,2184.0,588.0,1225.0,279.0,8.97,8.39,223.1,228.3
Пензенская область,2020,1,1356.0,497.0,691.0,193.0,8.83,8.22,223.2,232.5
Пензенская область,2020,2,1818.0,626.0,967.0,271.0,8.8,8.18,224.7,235.2
Пензенская область,2020,3,1975.0,622.0,1088.0,282.0,8.73,7.93,217.2,226.1
Пензенская область,2020,4,1438.0,372.0,784.0,174.0,8.24,7.76,221.2,236.8
Пензенская область,2020,5,1341.0,554.0,760.0,269.0,7.14,5.63,211.6,212.7
Пензенская область,2020,6,1834.0,749.0,1010.0,339.0,7.36,5.78,219.3,223.1
Пензенская область,2020,7,2793.0,1216.0,1439.0,523.0,6.87,5.53,224.5,228.3
Пензенская область,2020,8,2834.0,1182.0,1467.0,511.0,6.87,5.64,219.2,223.5
Пензенская область,2020,9,3654.0,1485.0,1814.0,614.0,6.95,5.67,225.6,225.4
Пензенская область,2020,10,4151.0,1632.0,2183.0,727.0,6.8,5.33,221.9,217.3
Пензенская область,2020,11,3671.0,1410.0,1885.0,650.0,6.84,5.18,227.6,223.3
Пензенская область,2020,12,4228.0,1497.0,2076.0,651.0,6.58,5.19,228.6,231.8
Пензенская область,2021,1,1796.0,813.0,870.0,315.0,6.71,5.49,227.8,224.2
Пензенская область,2021,2,2439.0,943.0,1198.0,368.0,6.79,5.36,228.9,232.7
Пензенская область,2021,3,3344.0,1177.0,1601.0,478.0,6.81,5.41,239.2,245.8
Пензенская область,2021,4,3746.0,1403.0,1708.0,517.0,6.79,5.43,244.2,251.4
Пензенская область,2021,5,2912.0,1256.0,1281.0,431.0,6.7,4.97,241.2,248.1
Пензенская область,2021,6,3931.0,1880.0,1636.0,648.0,6.48,4.92,245.9,244.2
Пензенская область,2021,7,2948.0,839.0,1298.0,303.0,7.34,5.71,249.7,251.3
Пензенская область,2021,8,3090.0,1038.0,1383.0,392.0,7.43,5.62,249.7,243.9
Пензенская область,2021,9,3440.0,1355.0,1466.0,477.0,7.23,5.68,246.2,245.4
Пензенская область,2021,10,3507.0,1267.0,1486.0,443.0,7.33,5.6,251.5,246.3
Пензенская область,2021,11,3709.0,1622.0,1548.0,613.0,7.22,5.42,253.7,246.5
Пензенская область,2021,12,4889.0,2211.0,1933.0,821.0,7.3,5.26,255.4,250.1
Пензенская область,2022,1,2247.0,1177.0,887.0,409.0,7.13,5.13,263.1,260.5
Пензенская область,2022,2,3145.0,1590.0,1188.0,548.0,7.15,4.72,266.3,266.0
Пензенская область,2022,3,3919.0,2230.0,1591.0,822.0,7.02,5.13,263.5,267.1
Пензенская область,2022,4,1010.0,635.0,374.0,191.0,6.78,5.7,274.6,293.4
Пензенская область,2022,5,769.0,558.0,232.0,119.0,5.87,4.06,269.3,278.7
Пензенская область,2022,6,1432.0,818.0,486.0,188.0,6.34,4.3,274.7,291.5
Пензенская область,2022,7,2130.0,1103.0,748.0,273.0,6.34,3.83,280.5,298.1
Пензенская область,2022,8,2944.0,1466.0,1004.0,336.0,6.15,3.29,285.5,303.7
Пензенская область,2022,9,3784.0,1842.0,1181.0,391.0,6.2,3.14,291.2,305.3
Пензенская область,2022,10,3165.0,1307.0,1039.0,322.0,6.76,3.31,290.2,303.7
Пензенская область,2022,11,3487.0,1707.0,1092.0,400.0,6.58,3.74,292.1,304.9
Пензенская область,2022,12,4839.0,2657.0,1460.0,622.0,6.13,3.49,296.5,309.2
Пензенская область,2023,1,1858.0,814.0,619.0,206.0,7.71,4.86,293.3,302.9
Пензенская область,2023,2,3245.0,1631.0,1035.0,404.0,7.54,5.06,295.6,311.6
Пензенская область,2023,3,4026.0,1880.0,1315.0,485.0,7.91,5.56,290.6,307.8
Пензенская область,2023,4,3781.0,1637.0,1278.0,442.0,8.05,5.68,295.6,306.4
Пензенская область,2023,5,4105.0,1871.0,1397.0,547.0,8.02,5.84,297.3,308.4
Пензенская область,2023,6,4348.0,1889.0,1413.0,486.0,8.15,6.04,301.0,317.4
Пензенская область,2023,7,4698.0,2337.0,1475.0,578.0,7.91,5.94,297.0,309.2
Пензенская область,2023,8,6176.0,3050.0,1862.0,758.0,7.9,6.02,298.5,309.3
Пензенская область,2023,9,6697.0,3928.0,1992.0,968.0,7.55,5.79,303.3,310.4
Пензенская область,2023,10,5571.0,3071.0,1653.0,757.0,7.88,6.1,299.9,311.2
Пензенская область,2023,11,5392.0,3311.0,1655.0,852.0,7.8,6.3,302.0,310.2
Пензенская область,2023,12,5909.0,3729.0,1656.0,932.0,7.53,6.15,293.3,316.5
Пензенская область,2024,1,1990.0,1164.0,624.0,288.0,7.91,6.14,304.6,319.3
Пензенская область,2024,2,2023.0,1021.0,690.0,260.0,9.2,6.1,295.2,305.8
Пензенская область,2024,3,2919.0,1753.0,933.0,456.0,8.29,6.39,300.1,311.8
Пензенская область,2024,4,2987.0,1777.0,913.0,439.0,7.8,6.02,300.8,314.0
Пензенская область,2024,5,3876.0,2442.0,1242.0,654.0,7.74,6.18,306.6,314.7
Пензенская область,2024,6,6692.0,4652.0,1942.0,1207.0,7.53,6.33,315.4,319.8
Пензенская область,2024,7,2107.0,739.0,802.0,192.0,10.52,6.36,292.1,316.4
Пензенская область,2024,8,2450.0,1059.0,767.0,242.0,9.42,6.29,307.9,331.8
Пензенская область,2024,9,2506.0,1233.0,766.0,275.0,8.51,6.11,309.6,328.7
Пензенская область,2024,10,2377.0,1271.0,725.0,284.0,9.97,6.36,300.9,323.0
Пензенская область,2024,11,2046.0,1279.0,614.0,296.0,8.97,6.13,312.4,333.5
Пензенская область,2024,12,1997.0,1308.0,611.0,320.0,8.3,6.23,311.6,328.3
Пензенская область,2025,1,652.0,430.0,199.0,102.0,8.3,5.99,310.3,327.5
Пензенская область,2025,2,1637.0,1172.0,452.0,279.0,7.12,5.98,326.1,336.8
Пензенская область,2025,3,1661.0,1150.0,446.0,261.0,7.54,6.47,319.2,328.8
Пензенская область,2025,4,1988.0,1322.0,505.0,293.0,7.48,6.14,317.1,327.7
Пензенская область,2025,5,1742.0,1169.0,460.0,252.0,7.25,6.13,320.9,327.8
Пензенская область,2025,6,1880.0,1131.0,512.0,245.0,7.25,5.78,314.1,328.3
Пензенская область,2025,7,2273.0,1143.0,644.0,269.0,7.62,5.87,312.2,325.6
Пензенская область,2025,8,2625.0,1425.0,687.0,302.0,7.95,6.23,313.3,327.8
Пензенская область,2025,9,2511.0,1549.0,668.0,336.0,7.67,6.14,313.7,330.4
Пензенская область,2025,10,3119.0,1766.0,833.0,367.0,8.05,6.2,309.3,330.2
Пензенская область,2025,11,3569.0,2169.0,958.0,475.0,7.79,6.26,316.2,334.1
Пензенская область,2025,12,5873.0,3519.0,1466.0,769.0,7.55,5.96,315.5,330.7
Пензенская область,2026,1,2941.0,1766.0,699.0,375.0,7.3,5.91,320.2,331.2
Пензенская область,2026,2,1692.0,648.0,503.0,138.0,10.46,6.77,287.0,317.8
Пензенская область,2026,3,1979.0,768.0,600.0,171.0,10.62,7.77,290.4,311.7
Пензенская область,2026,4,2278.0,912.0,684.0,201.0,10.81,7.37,282.9,316.8
Пензенская область,2026,5,2060.0,838.0,620.0,193.0,10.49,7.26,288.3,315.1
Пензенская область,2026,6,3287.0,1646.0,852.0,349.0,8.5,6.66,305.4,319.9
Пензенская область,2026,7,2358.0,901.0,749.0,201.0,11.41,8.02,280.9,320.4
Пермский край,2019,1,2915.0,890.0,1743.0,440.0,9.99,9.79,203.0,207.3
Пермский край,2019,2,3886.0,1366.0,2282.0,702.0,10.18,10.11,208.6,209.6
Пермский край,2019,3,3689.0,1012.0,2181.0,499.0,10.45,10.2,210.1,211.3
Пермский край,2019,4,4178.0,1130.0,2463.0,539.0,10.63,10.16,214.2,218.2
Пермский край,2019,5,3288.0,940.0,1900.0,447.0,10.58,10.03,213.7,217.2
Пермский край,2019,6,3744.0,1091.0,2145.0,492.0,10.3,9.61,212.2,215.0
Пермский край,2019,7,3797.0,938.0,2249.0,437.0,10.15,9.61,212.2,217.4
Пермский край,2019,8,4299.0,1186.0,2531.0,556.0,9.91,9.37,212.9,219.2
Пермский край,2019,9,4484.0,1281.0,2609.0,586.0,9.75,9.15,214.5,221.8
Пермский край,2019,10,5016.0,1303.0,2846.0,582.0,9.41,8.75,213.6,218.0
Пермский край,2019,11,5383.0,1541.0,2988.0,634.0,9.19,8.38,212.4,219.1
Пермский край,2019,12,6840.0,1747.0,3791.0,783.0,9.11,8.28,211.4,222.1
Пермский край,2020,1,3635.0,1112.0,1974.0,436.0,8.95,8.15,215.8,232.6
Пермский край,2020,2,4613.0,1236.0,2524.0,517.0,9.01,8.21,212.9,224.0
Пермский край,2020,3,5580.0,1401.0,3073.0,614.0,8.87,8.1,208.4,217.0
Пермский край,2020,4,3875.0,804.0,2164.0,368.0,8.71,7.16,216.8,224.1
Пермский край,2020,5,3749.0,1260.0,2016.0,570.0,7.98,6.18,207.0,205.2
Пермский край,2020,6,5494.0,2074.0,2974.0,923.0,7.75,6.27,207.1,215.8
Пермский край,2020,7,6727.0,2591.0,3559.0,1098.0,7.51,6.12,213.6,215.3
Пермский край,2020,8,7512.0,2873.0,3816.0,1153.0,7.33,6.02,212.9,218.2
Пермский край,2020,9,9264.0,3329.0,4759.0,1274.0,7.41,6.17,213.7,218.8
Пермский край,2020,10,9223.0,3038.0,4755.0,1160.0,7.46,5.96,216.9,222.1
Пермский край,2020,11,8469.0,2707.0,4338.0,1075.0,7.46,5.89,217.6,221.7
Пермский край,2020,12,9260.0,2642.0,4758.0,1030.0,7.51,5.96,218.4,220.9
Пермский край,2021,1,3963.0,1208.0,1936.0,424.0,7.35,5.93,223.2,230.3
Пермский край,2021,2,6401.0,1800.0,3178.0,633.0,7.39,5.99,221.9,232.4
Пермский край,2021,3,8723.0,2607.0,4159.0,860.0,7.29,6.03,227.9,240.9
Пермский край,2021,4,9430.0,2644.0,4420.0,921.0,7.4,5.81,233.0,247.0
Пермский край,2021,5,6892.0,2060.0,3162.0,668.0,7.55,5.73,235.9,244.4
Пермский край,2021,6,8979.0,3337.0,3937.0,1116.0,7.22,5.57,234.9,245.4
Пермский край,2021,7,7496.0,1820.0,3545.0,636.0,7.57,5.91,236.1,245.3
Пермский край,2021,8,7288.0,1824.0,3396.0,651.0,7.78,6.13,235.3,242.3
Пермский край,2021,9,7762.0,2399.0,3483.0,810.0,7.68,6.15,239.7,244.2
Пермский край,2021,10,8022.0,2261.0,3647.0,773.0,7.83,6.19,244.5,255.9
Пермский край,2021,11,8256.0,2849.0,3499.0,892.0,7.79,6.17,248.0,251.9
Пермский край,2021,12,9839.0,3386.0,4207.0,1106.0,7.9,6.03,250.8,257.0
Пермский край,2022,1,5122.0,1938.0,2095.0,657.0,8.01,6.1,252.0,251.2
Пермский край,2022,2,7457.0,2938.0,2921.0,889.0,8.1,6.08,261.6,270.7
Пермский край,2022,3,8914.0,3639.0,3732.0,1221.0,8.38,5.73,260.3,264.7
Пермский край,2022,4,2080.0,1188.0,930.0,350.0,7.85,5.96,258.5,284.7
Пермский край,2022,5,1603.0,730.0,682.0,172.0,8.51,5.74,251.7,281.6
Пермский край,2022,6,3445.0,1525.0,1369.0,324.0,7.65,5.09,257.6,285.3
Пермский край,2022,7,5100.0,2088.0,1965.0,459.0,7.79,4.9,263.7,288.7
Пермский край,2022,8,7064.0,2544.0,2730.0,561.0,7.7,4.77,269.3,297.2
Пермский край,2022,9,8400.0,3308.0,3093.0,730.0,7.47,4.48,272.2,294.7
Пермский край,2022,10,8374.0,2582.0,3212.0,614.0,7.95,4.48,275.9,297.2
Пермский край,2022,11,8214.0,3186.0,3078.0,750.0,7.8,4.56,272.6,296.0
Пермский край,2022,12,11848.0,5073.0,4225.0,1200.0,7.49,4.5,280.3,298.5
Пермский край,2023,1,5091.0,1816.0,1894.0,455.0,8.29,5.39,279.1,301.2
Пермский край,2023,2,7405.0,3133.0,2652.0,736.0,8.31,5.65,282.2,302.0
Пермский край,2023,3,9866.0,3611.0,3488.0,881.0,8.43,5.76,285.9,305.7
Пермский край,2023,4,9598.0,3503.0,3505.0,855.0,8.76,6.18,283.1,300.8
Пермский край,2023,5,10182.0,3718.0,3684.0,888.0,8.62,6.07,284.2,305.5
Пермский край,2023,6,10604.0,3914.0,3685.0,926.0,8.57,6.05,286.1,305.7
Пермский край,2023,7,10552.0,4178.0,3649.0,990.0,8.39,6.15,289.2,305.0
Пермский край,2023,8,14452.0,6942.0,4694.0,1648.0,8.04,5.91,290.4,305.0
Пермский край,2023,9,16586.0,8904.0,5134.0,2023.0,7.86,5.92,293.4,306.8
Пермский край,2023,10,12297.0,5930.0,4181.0,1422.0,8.5,6.0,292.9,311.4
Пермский край,2023,11,12185.0,6393.0,3881.0,1507.0,8.48,6.33,298.4,314.2
Пермский край,2023,12,12019.0,6722.0,3909.0,1531.0,8.48,6.33,301.0,318.4
Пермский край,2024,1,4603.0,2473.0,1572.0,552.0,8.45,6.03,297.9,314.6
Пермский край,2024,2,5524.0,2397.0,1980.0,551.0,9.62,6.41,285.8,306.7
Пермский край,2024,3,7098.0,3518.0,2338.0,788.0,8.95,6.47,292.5,312.3
Пермский край,2024,4,8037.0,3794.0,2656.0,840.0,8.58,5.92,297.9,317.7
Пермский край,2024,5,9394.0,5062.0,3014.0,1121.0,8.13,5.88,300.3,316.1
Пермский край,2024,6,13435.0,8219.0,4121.0,1844.0,7.48,6.01,310.6,322.4
Пермский край,2024,7,5922.0,1774.0,2336.0,335.0,10.55,6.22,295.8,328.0
Пермский край,2024,8,5679.0,2168.0,2055.0,480.0,10.28,6.49,291.6,324.2
Пермский край,2024,9,6510.0,2961.0,2083.0,593.0,9.37,6.19,304.5,329.5
Пермский край,2024,10,5718.0,2773.0,1974.0,570.0,9.71,5.97,303.2,331.5
Пермский край,2024,11,4323.0,2431.0,1445.0,522.0,9.32,6.16,308.0,329.7
Пермский край,2024,12,4716.0,2915.0,1491.0,624.0,8.83,6.46,308.7,328.8
Пермский край,2025,1,2209.0,1519.0,671.0,322.0,7.69,5.85,310.3,327.1
Пермский край,2025,2,3665.0,2353.0,1022.0,484.0,8.04,5.99,315.9,332.2
Пермский край,2025,3,4592.0,2946.0,1207.0,593.0,7.48,5.99,320.5,333.1
Пермский край,2025,4,5246.0,2867.0,1469.0,592.0,7.12,5.57,319.4,334.9
Пермский край,2025,5,5628.0,3052.0,1456.0,603.0,7.29,5.54,317.1,332.9
Пермский край,2025,6,5461.0,2850.0,1466.0,566.0,7.16,5.54,315.1,338.3
Пермский край,2025,7,6496.0,3598.0,1635.0,692.0,7.5,5.99,312.6,328.8
Пермский край,2025,8,7459.0,4023.0,1885.0,800.0,7.49,5.97,314.7,333.7
Пермский край,2025,9,7224.0,4207.0,1868.0,835.0,7.95,6.15,313.0,334.6
Пермский край,2025,10,9436.0,5539.0,2378.0,1099.0,7.81,6.11,314.3,333.3
Пермский край,2025,11,9014.0,5780.0,2311.0,1170.0,8.01,6.41,313.7,332.7
Пермский край,2025,12,15466.0,9470.0,3732.0,1921.0,7.64,6.31,318.7,334.1
Пермский край,2026,1,8155.0,5479.0,1908.0,1095.0,7.45,6.25,318.6,331.8
Пермский край,2026,2,5222.0,2425.0,1499.0,494.0,9.92,7.05,293.0,320.7
Пермский край,2026,3,5774.0,2611.0,1632.0,541.0,9.92,7.05,293.4,323.0
Пермский край,2026,4,6553.0,2832.0,1834.0,564.0,10.52,7.61,292.5,321.2
Пермский край,2026,5,5652.0,2434.0,1553.0,473.0,10.36,7.85,289.4,323.6
Пермский край,2026,6,9231.0,4450.0,2294.0,874.0,8.8,7.16,305.4,322.0
Пермский край,2026,7,6603.0,2806.0,1890.0,578.0,10.56,7.86,286.0,316.5
Приморский край,2019,1,2173.0,504.0,879.0,191.0,9.85,9.81,201.7,183.4
Приморский край,2019,2,2921.0,689.0,1177.0,230.0,10.13,10.17,202.1,199.5
Приморский край,2019,3,2968.0,587.0,1204.0,221.0,10.43,10.33,208.6,202.4
Приморский край,2019,4,3188.0,700.0,1263.0,259.0,10.59,10.51,213.1,217.4
Приморский край,2019,5,2364.0,509.0,942.0,163.0,10.54,10.26,206.3,213.6
Приморский край,2019,6,2900.0,633.0,1165.0,215.0,10.25,10.17,209.5,215.9
Приморский край,2019,7,3007.0,642.0,1164.0,187.0,10.22,9.58,205.9,217.6
Приморский край,2019,8,3196.0,696.0,1236.0,231.0,9.87,9.1,203.5,201.2
Приморский край,2019,9,3237.0,770.0,1245.0,243.0,9.78,9.44,208.4,209.2
Приморский край,2019,10,3423.0,746.0,1347.0,258.0,9.51,9.16,209.8,213.5
Приморский край,2019,11,3427.0,631.0,1346.0,221.0,9.32,8.81,209.3,214.8
Приморский край,2019,12,4422.0,877.0,1643.0,275.0,8.93,7.78,214.4,219.5
Приморский край,2020,1,2994.0,1214.0,1010.0,345.0,6.8,4.0,217.5,225.7
Приморский край,2020,2,4842.0,1912.0,1593.0,530.0,6.47,3.75,217.6,222.7
Приморский край,2020,3,5164.0,1733.0,1736.0,475.0,6.53,3.94,215.4,222.2
Приморский край,2020,4,4051.0,1009.0,1392.0,288.0,6.76,4.1,214.9,216.3
Приморский край,2020,5,3764.0,1274.0,1274.0,370.0,6.47,3.98,217.8,220.0
Приморский край,2020,6,4770.0,1627.0,1603.0,471.0,6.47,3.88,220.8,219.3
Приморский край,2020,7,5345.0,1539.0,1826.0,438.0,6.8,4.27,218.3,217.2
Приморский край,2020,8,5411.0,1568.0,1777.0,421.0,6.76,4.61,219.6,226.1
Приморский край,2020,9,6144.0,1921.0,2038.0,504.0,6.77,4.46,219.2,217.8
Приморский край,2020,10,6662.0,1850.0,2204.0,498.0,6.73,4.01,219.9,219.9
Приморский край,2020,11,5980.0,1866.0,1878.0,458.0,6.86,4.5,225.6,227.2
Приморский край,2020,12,8336.0,3079.0,2509.0,742.0,5.95,3.47,225.8,225.3
Приморский край,2021,1,3925.0,1431.0,1120.0,340.0,5.89,3.21,229.4,228.4
Приморский край,2021,2,6187.0,2350.0,1866.0,553.0,5.76,3.28,224.4,227.2
Приморский край,2021,3,8036.0,3127.0,2318.0,726.0,5.79,3.39,229.3,231.2
Приморский край,2021,4,8155.0,2549.0,2356.0,606.0,6.36,3.76,232.1,233.7
Приморский край,2021,5,6613.0,2040.0,1849.0,464.0,6.38,3.79,231.6,231.1
Приморский край,2021,6,8586.0,3228.0,2363.0,738.0,6.2,3.92,235.9,241.4
Приморский край,2021,7,7192.0,2231.0,1954.0,460.0,6.47,4.12,238.7,234.5
Приморский край,2021,8,6931.0,2162.0,1963.0,504.0,6.51,3.74,242.0,241.5
Приморский край,2021,9,8025.0,3004.0,2108.0,665.0,6.25,4.02,244.6,242.9
Приморский край,2021,10,7878.0,3075.0,2166.0,704.0,6.1,3.27,246.6,239.1
Приморский край,2021,11,8734.0,3531.0,2278.0,791.0,5.86,3.14,248.8,243.3
Приморский край,2021,12,11059.0,4391.0,2723.0,887.0,5.9,3.34,247.2,242.3
Приморский край,2022,1,5847.0,2436.0,1449.0,515.0,5.93,3.12,254.0,247.6
Приморский край,2022,2,8347.0,3735.0,2051.0,753.0,6.06,3.51,246.7,245.9
Приморский край,2022,3,11317.0,5474.0,2848.0,1205.0,5.57,3.1,249.5,246.8
Приморский край,2022,4,4216.0,2394.0,1046.0,501.0,3.7,2.76,240.2,250.2
Приморский край,2022,5,2741.0,1487.0,699.0,278.0,5.03,3.2,243.2,256.4
Приморский край,2022,6,3923.0,1934.0,980.0,345.0,5.47,3.41,250.7,263.2
Приморский край,2022,7,5380.0,2319.0,1302.0,415.0,6.3,3.56,251.7,256.0
Приморский край,2022,8,7011.0,3042.0,1663.0,555.0,5.96,3.16,256.9,261.0
Приморский край,2022,9,8295.0,3516.0,1951.0,635.0,5.7,2.83,257.2,262.0
Приморский край,2022,10,7012.0,2636.0,1725.0,514.0,6.11,2.98,257.6,257.8
Приморский край,2022,11,6866.0,2807.0,1657.0,542.0,6.25,3.08,259.4,261.3
Приморский край,2022,12,10021.0,4361.0,2296.0,800.0,6.19,3.57,273.1,280.8
Приморский край,2023,1,4105.0,1406.0,997.0,270.0,6.11,3.61,260.2,272.1
Приморский край,2023,2,6767.0,2640.0,1603.0,514.0,6.52,3.78,265.5,268.7
Приморский край,2023,3,9443.0,3866.0,2165.0,755.0,6.16,3.93,263.3,266.4
Приморский край,2023,4,9455.0,3605.0,2251.0,695.0,6.64,3.87,264.9,262.0
Приморский край,2023,5,9679.0,3676.0,2292.0,707.0,6.54,4.18,267.6,273.3
Приморский край,2023,6,10603.0,3897.0,2449.0,720.0,6.74,4.41,269.3,272.6
Приморский край,2023,7,9965.0,3985.0,2283.0,747.0,6.77,4.6,271.9,272.8
Приморский край,2023,8,12852.0,5544.0,2827.0,1059.0,6.6,4.66,272.6,279.7
Приморский край,2023,9,14770.0,6768.0,3295.0,1344.0,6.76,4.54,278.3,281.1
Приморский край,2023,10,11817.0,5474.0,2726.0,1084.0,6.66,4.87,270.2,276.9
Приморский край,2023,11,11280.0,5855.0,2711.0,1230.0,6.43,4.58,272.3,276.9
Приморский край,2023,12,14788.0,8079.0,3316.0,1653.0,6.61,4.55,274.9,276.7
Приморский край,2024,1,4845.0,2174.0,1137.0,422.0,6.16,4.15,264.9,269.8
Приморский край,2024,2,6046.0,2907.0,1477.0,552.0,6.75,4.89,261.3,267.7
Приморский край,2024,3,8253.0,4258.0,1851.0,792.0,5.9,4.32,264.7,270.4
Приморский край,2024,4,7898.0,4050.0,1816.0,730.0,5.98,4.61,267.4,274.9
Приморский край,2024,5,9399.0,5154.0,2306.0,1006.0,6.45,4.73,272.3,278.9
Приморский край,2024,6,12773.0,7829.0,3077.0,1550.0,6.04,5.17,280.7,289.1
Приморский край,2024,7,7945.0,3557.0,2035.0,679.0,6.21,3.25,253.0,253.0
Приморский край,2024,8,7304.0,3381.0,1780.0,644.0,6.26,3.81,251.7,258.3
Приморский край,2024,9,6954.0,3609.0,1641.0,675.0,5.63,3.97,258.1,264.2
Приморский край,2024,10,6834.0,3680.0,1627.0,676.0,6.61,3.69,253.8,256.6
Приморский край,2024,11,6042.0,4030.0,1345.0,711.0,5.32,3.53,252.1,257.7
Приморский край,2024,12,6740.0,4983.0,1438.0,893.0,5.13,3.67,256.2,260.6
Приморский край,2025,1,2566.0,1744.0,542.0,279.0,7.52,7.22,262.3,276.0
Приморский край,2025,2,4519.0,3260.0,975.0,588.0,4.53,3.48,254.2,259.1
Приморский край,2025,3,5059.0,3667.0,1052.0,673.0,4.36,3.35,252.8,256.2
Приморский край,2025,4,5330.0,3174.0,1117.0,584.0,4.45,3.69,253.9,262.6
Приморский край,2025,5,5367.0,3010.0,1121.0,526.0,4.79,3.73,252.4,260.5
Приморский край,2025,6,6314.0,3639.0,1315.0,642.0,4.24,3.53,251.0,258.7
Приморский край,2025,7,6668.0,3662.0,1365.0,640.0,4.64,3.92,253.6,261.5
Приморский край,2025,8,6845.0,3631.0,1355.0,639.0,4.66,3.9,253.0,263.0
Приморский край,2025,9,7314.0,3972.0,1508.0,693.0,5.25,4.01,255.2,266.5
Приморский край,2025,10,7341.0,4073.0,1532.0,706.0,5.49,4.25,253.2,264.5
Приморский край,2025,11,7449.0,4543.0,1484.0,792.0,5.13,4.09,259.9,269.0
Приморский край,2025,12,11503.0,6980.0,2257.0,1236.0,5.18,4.33,264.7,271.4
Приморский край,2026,1,5568.0,3345.0,1066.0,569.0,5.41,4.51,264.1,275.2
Приморский край,2026,2,6379.0,3417.0,1262.0,579.0,5.16,3.53,247.0,250.9
Приморский край,2026,3,7048.0,3595.0,1397.0,609.0,5.12,3.47,247.0,253.0
Приморский край,2026,4,7018.0,3597.0,1386.0,604.0,5.45,3.91,241.8,251.2
Приморский край,2026,5,6417.0,2819.0,1234.0,470.0,5.55,3.8,245.3,250.0
Приморский край,2026,6,7364.0,3342.0,1441.0,573.0,6.21,4.9,258.6,269.3
Приморский край,2026,7,6822.0,2929.0,1377.0,509.0,6.11,4.02,245.3,251.7
Псковская область,2019,1,490.0,120.0,293.0,65.0,9.78,9.56,194.2,215.0
Псковская область,2019,2,753.0,227.0,405.0,103.0,10.14,10.08,202.7,225.5
Псковская область,2019,3,660.0,192.0,391.0,102.0,10.42,10.45,197.9,211.9
Псковская область,2019,4,761.0,207.0,425.0,89.0,10.58,10.63,204.3,228.8
Псковская область,2019,5,592.0,188.0,325.0,84.0,10.49,10.01,205.3,216.1
Псковская область,2019,6,689.0,231.0,400.0,108.0,10.23,9.94,201.4,206.9
Псковская область,2019,7,664.0,194.0,392.0,93.0,10.14,10.03,205.0,223.5
Псковская область,2019,8,699.0,207.0,395.0,103.0,9.78,9.26,207.0,211.2
Псковская область,2019,9,664.0,200.0,386.0,104.0,9.71,9.29,202.4,214.3
Псковская область,2019,10,767.0,224.0,426.0,97.0,9.34,8.84,206.1,220.5
Псковская область,2019,11,881.0,246.0,458.0,117.0,9.15,8.7,202.9,220.1
Псковская область,2019,12,971.0,301.0,527.0,136.0,8.87,8.37,207.1,226.7
Псковская область,2020,1,607.0,222.0,333.0,97.0,8.82,8.03,195.8,210.3
Псковская область,2020,2,750.0,227.0,399.0,108.0,8.75,7.86,205.0,216.5
Псковская область,2020,3,894.0,291.0,477.0,139.0,8.78,8.35,202.6,215.4
Псковская область,2020,4,670.0,202.0,389.0,100.0,8.36,7.03,217.4,232.3
Псковская область,2020,5,579.0,260.0,321.0,134.0,7.24,5.88,201.5,198.0
Псковская область,2020,6,888.0,388.0,460.0,181.0,7.6,6.41,211.2,208.5
Псковская область,2020,7,1111.0,481.0,580.0,218.0,7.17,6.11,207.0,213.5
Псковская область,2020,8,1233.0,497.0,607.0,223.0,7.19,6.23,218.2,222.2
Псковская область,2020,9,1563.0,570.0,807.0,264.0,7.09,5.92,211.7,213.2
Псковская область,2020,10,1611.0,577.0,842.0,276.0,7.24,6.01,217.0,208.4
Псковская область,2020,11,1206.0,448.0,642.0,198.0,7.14,5.86,213.3,220.1
Псковская область,2020,12,1441.0,409.0,720.0,185.0,7.09,5.25,218.8,210.3
Псковская область,2021,1,721.0,277.0,349.0,98.0,7.16,6.11,216.6,229.9
Псковская область,2021,2,1032.0,378.0,481.0,148.0,7.04,6.08,222.7,223.0
Псковская область,2021,3,1209.0,364.0,604.0,157.0,7.06,5.78,223.5,224.7
Псковская область,2021,4,1251.0,375.0,596.0,163.0,7.28,5.71,243.0,251.9
Псковская область,2021,5,1144.0,439.0,516.0,161.0,7.08,5.43,234.8,238.7
Псковская область,2021,6,1394.0,581.0,588.0,205.0,6.67,5.08,242.2,247.9
Псковская область,2021,7,997.0,254.0,456.0,96.0,7.52,6.48,237.3,271.2
Псковская область,2021,8,1062.0,266.0,495.0,114.0,7.51,6.11,242.3,249.5
Псковская область,2021,9,1240.0,389.0,561.0,148.0,7.52,6.12,242.4,245.4
Псковская область,2021,10,1294.0,448.0,542.0,147.0,7.39,5.9,240.8,250.4
Псковская область,2021,11,1302.0,454.0,518.0,150.0,7.3,5.26,258.8,272.4
Псковская область,2021,12,1588.0,544.0,629.0,196.0,7.84,6.08,252.4,260.8
Псковская область,2022,1,834.0,366.0,303.0,108.0,7.39,5.54,261.2,258.5
Псковская область,2022,2,1105.0,368.0,422.0,124.0,8.12,5.59,259.9,272.5
Псковская область,2022,3,1381.0,596.0,522.0,192.0,7.71,5.09,265.4,283.9
Псковская область,2022,4,471.0,267.0,193.0,81.0,7.46,6.18,263.8,283.4
Псковская область,2022,5,335.0,181.0,112.0,41.0,6.15,4.47,269.9,307.2
Псковская область,2022,6,606.0,381.0,176.0,70.0,4.34,3.21,278.9,296.9
Псковская область,2022,7,660.0,291.0,240.0,63.0,5.86,3.11,273.0,312.0
Псковская область,2022,8,1080.0,483.0,335.0,100.0,6.25,3.21,283.6,310.9
Псковская область,2022,9,1373.0,600.0,424.0,118.0,6.16,3.09,283.9,325.9
Псковская область,2022,10,967.0,378.0,357.0,96.0,6.49,3.28,286.3,328.4
Псковская область,2022,11,1155.0,572.0,362.0,123.0,5.56,2.37,284.2,313.6
Псковская область,2022,12,1602.0,821.0,511.0,189.0,6.05,3.02,290.7,312.9
Псковская область,2023,1,713.0,269.0,234.0,63.0,8.08,5.45,279.7,302.2
Псковская область,2023,2,1111.0,535.0,382.0,137.0,7.39,4.9,283.0,308.9
Псковская область,2023,3,1442.0,525.0,489.0,147.0,8.52,5.86,288.0,303.4
Псковская область,2023,4,1401.0,508.0,453.0,137.0,8.75,5.64,294.8,307.3
Псковская область,2023,5,1386.0,507.0,458.0,137.0,8.28,5.68,281.2,301.0
Псковская область,2023,6,1469.0,564.0,499.0,151.0,7.99,6.02,284.3,295.7
Псковская область,2023,7,1444.0,599.0,484.0,155.0,8.27,6.37,282.1,294.8
Псковская область,2023,8,1945.0,895.0,646.0,250.0,8.05,5.91,279.9,291.1
Псковская область,2023,9,2417.0,1346.0,739.0,331.0,7.38,5.73,295.7,311.5
Псковская область,2023,10,1751.0,945.0,596.0,272.0,8.12,6.05,285.6,301.9
Псковская область,2023,11,1865.0,1027.0,614.0,293.0,8.01,6.11,289.2,302.2
Псковская область,2023,12,2006.0,1100.0,646.0,298.0,8.1,6.07,291.4,301.4
Псковская область,2024,1,630.0,300.0,242.0,91.0,8.87,6.23,268.9,288.9
Псковская область,2024,2,820.0,379.0,328.0,118.0,9.68,6.54,270.0,284.6
Псковская область,2024,3,982.0,538.0,356.0,138.0,8.68,6.34,286.9,302.4
Псковская область,2024,4,1300.0,703.0,431.0,193.0,8.5,6.32,290.2,304.5
Псковская область,2024,5,1376.0,782.0,454.0,207.0,8.26,6.37,295.2,312.7
Псковская область,2024,6,1897.0,1267.0,598.0,358.0,7.69,6.45,297.9,307.6
Псковская область,2024,7,869.0,328.0,337.0,87.0,10.79,6.91,278.6,299.6
Псковская область,2024,8,899.0,374.0,308.0,109.0,9.77,6.14,291.3,306.7
Псковская область,2024,9,975.0,476.0,295.0,113.0,9.1,6.21,291.4,317.4
Псковская область,2024,10,846.0,377.0,289.0,87.0,10.84,6.1,292.6,311.1
Псковская область,2024,11,768.0,492.0,255.0,117.0,9.11,6.18,308.2,332.4
Псковская область,2024,12,799.0,566.0,233.0,117.0,9.17,6.62,305.9,324.5
Псковская область,2025,1,274.0,177.0,96.0,50.0,10.56,7.22,291.8,301.2
Псковская область,2025,2,666.0,463.0,187.0,105.0,7.4,5.94,318.6,332.2
Псковская область,2025,3,705.0,447.0,206.0,106.0,8.13,6.34,306.8,311.2
Псковская область,2025,4,683.0,414.0,205.0,107.0,7.74,5.98,302.9,317.2
Псковская область,2025,5,794.0,460.0,223.0,115.0,7.41,5.87,301.1,305.5
Псковская область,2025,6,709.0,444.0,198.0,114.0,7.57,6.24,309.8,315.0
Псковская область,2025,7,897.0,550.0,255.0,136.0,7.82,6.11,300.0,314.0
Псковская область,2025,8,972.0,623.0,277.0,150.0,7.97,6.49,303.7,320.3
Псковская область,2025,9,1024.0,601.0,280.0,143.0,7.69,6.27,304.0,317.2
Псковская область,2025,10,1354.0,819.0,380.0,182.0,8.39,6.82,298.7,315.0
Псковская область,2025,11,1321.0,821.0,375.0,204.0,8.02,6.14,302.9,315.1
Псковская область,2025,12,2188.0,1357.0,599.0,334.0,7.54,6.12,310.0,323.2
Псковская область,2026,1,1138.0,693.0,302.0,172.0,7.52,6.25,304.4,312.7
Псковская область,2026,2,666.0,282.0,245.0,81.0,10.69,7.55,272.1,300.0
Псковская область,2026,3,968.0,495.0,291.0,120.0,9.99,6.64,292.1,308.8
Псковская область,2026,4,882.0,356.0,288.0,88.0,9.82,6.54,281.5,311.0
Псковская область,2026,5,932.0,393.0,284.0,99.0,10.83,7.02,294.9,312.6
Псковская область,2026,6,1274.0,656.0,330.0,132.0,8.99,6.95,294.7,309.8
Псковская область,2026,7,930.0,386.0,303.0,95.0,10.76,7.22,280.7,310.5
РОССИЙСКАЯ ФЕДЕРАЦИЯ,2019,1,173119.0,57334.0,81054.0,22845.0,9.88,9.65,206.9,210.4
РОССИЙСКАЯ ФЕДЕРАЦИЯ,2019,2,230600.0,74259.0,105570.0,28794.0,10.16,9.94,210.9,212.6
РОССИЙСКАЯ ФЕДЕРАЦИЯ,2019,3,227491.0,72955.0,103614.0,27961.0,10.42,10.09,212.6,215.4
РОССИЙСКАЯ ФЕДЕРАЦИЯ,2019,4,242515.0,76036.0,110319.0,28830.0,10.56,10.13,214.1,214.0
РОССИЙСКАЯ ФЕДЕРАЦИЯ,2019,5,192107.0,65352.0,86917.0,24261.0,10.54,10.04,214.2,215.9
РОССИЙСКАЯ ФЕДЕРАЦИЯ,2019,6,217713.0,72996.0,97804.0,27102.0,10.3,9.82,215.2,216.7
РОССИЙСКАЯ ФЕДЕРАЦИЯ,2019,7,226828.0,66039.0,102801.0,24224.0,10.23,9.68,215.0,218.2
РОССИЙСКАЯ ФЕДЕРАЦИЯ,2019,8,241650.0,75796.0,109793.0,28097.0,9.9,9.35,215.7,217.8
РОССИЙСКАЯ ФЕДЕРАЦИЯ,2019,9,246859.0,80880.0,110650.0,29431.0,9.67,9.12,216.2,219.9
РОССИЙСКАЯ ФЕДЕРАЦИЯ,2019,10,281688.0,87868.0,123816.0,31249.0,9.41,8.84,216.6,221.4
РОССИЙСКАЯ ФЕДЕРАЦИЯ,2019,11,284033.0,88952.0,123018.0,31105.0,9.22,8.57,215.7,221.4
РОССИЙСКАЯ ФЕДЕРАЦИЯ,2019,12,369629.0,105001.0,156603.0,35883.0,9.05,8.28,215.1,223.2
РОССИЙСКАЯ ФЕДЕРАЦИЯ,2020,1,200428.0,67566.0,83515.0,22267.0,8.85,7.99,216.7,227.4
РОССИЙСКАЯ ФЕДЕРАЦИЯ,2020,2,282875.0,89888.0,115629.0,28952.0,8.73,7.81,218.3,228.6
РОССИЙСКАЯ ФЕДЕРАЦИЯ,2020,3,329468.0,100784.0,133129.0,32553.0,8.68,7.82,217.4,228.0
РОССИЙСКАЯ ФЕДЕРАЦИЯ,2020,4,217771.0,54994.0,97453.0,19793.0,8.42,6.95,216.5,223.3
РОССИЙСКАЯ ФЕДЕРАЦИЯ,2020,5,214980.0,79975.0,93129.0,29404.0,7.56,5.79,213.6,213.7
РОССИЙСКАЯ ФЕДЕРАЦИЯ,2020,6,300654.0,112686.0,127032.0,40638.0,7.64,6.1,214.9,216.9
РОССИЙСКАЯ ФЕДЕРАЦИЯ,2020,7,383429.0,145134.0,155588.0,48275.0,7.38,5.93,217.7,220.1
РОССИЙСКАЯ ФЕДЕРАЦИЯ,2020,8,413234.0,158615.0,163914.0,51114.0,7.26,5.88,218.4,221.6
РОССИЙСКАЯ ФЕДЕРАЦИЯ,2020,9,503565.0,177791.0,198747.0,55654.0,7.32,5.94,219.7,223.3
РОССИЙСКАЯ ФЕДЕРАЦИЯ,2020,10,546199.0,187836.0,212287.0,58192.0,7.31,5.9,221.7,224.0
РОССИЙСКАЯ ФЕДЕРАЦИЯ,2020,11,491441.0,155294.0,188503.0,46869.0,7.38,5.92,223.0,225.9
РОССИЙСКАЯ ФЕДЕРАЦИЯ,2020,12,560284.0,168010.0,211564.0,50074.0,7.36,5.83,225.1,229.0
РОССИЙСКАЯ ФЕДЕРАЦИЯ,2021,1,259707.0,91382.0,95100.0,25812.0,7.23,5.86,227.7,232.2
РОССИЙСКАЯ ФЕДЕРАЦИЯ,2021,2,403303.0,135131.0,144983.0,36553.0,7.26,5.92,229.8,236.1
РОССИЙСКАЯ ФЕДЕРАЦИЯ,2021,3,501004.0,159602.0,178113.0,42493.0,7.23,5.91,233.8,244.1
РОССИЙСКАЯ ФЕДЕРАЦИЯ,2021,4,550907.0,177946.0,191426.0,46184.0,7.3,5.83,237.9,247.5
РОССИЙСКАЯ ФЕДЕРАЦИЯ,2021,5,433830.0,144413.0,148464.0,36818.0,7.3,5.62,240.4,250.9
РОССИЙСКАЯ ФЕДЕРАЦИЯ,2021,6,544951.0,214640.0,178720.0,52891.0,7.07,5.48,243.9,252.5
РОССИЙСКАЯ ФЕДЕРАЦИЯ,2021,7,433085.0,109218.0,151422.0,28229.0,7.67,6.23,242.9,250.8
РОССИЙСКАЯ ФЕДЕРАЦИЯ,2021,8,439015.0,127118.0,150792.0,32572.0,7.78,6.39,244.6,251.4
РОССИЙСКАЯ ФЕДЕРАЦИЯ,2021,9,476775.0,151108.0,157723.0,37269.0,7.73,6.24,246.8,252.9
РОССИЙСКАЯ ФЕДЕРАЦИЯ,2021,10,500588.0,160983.0,161784.0,39204.0,7.7,6.0,250.9,257.2
РОССИЙСКАЯ ФЕДЕРАЦИЯ,2021,11,510573.0,181310.0,157595.0,43329.0,7.59,5.83,254.2,261.5
РОССИЙСКАЯ ФЕДЕРАЦИЯ,2021,12,641337.0,227947.0,192410.0,54644.0,7.81,5.88,257.1,262.8
РОССИЙСКАЯ ФЕДЕРАЦИЯ,2022,1,326952.0,133068.0,94982.0,31470.0,7.87,5.93,262.2,267.4
РОССИЙСКАЯ ФЕДЕРАЦИЯ,2022,2,476900.0,187978.0,135663.0,43399.0,8.1,5.94,264.5,270.3
РОССИЙСКАЯ ФЕДЕРАЦИЯ,2022,3,521283.0,229430.0,162766.0,62337.0,8.05,5.54,266.1,271.0
РОССИЙСКАЯ ФЕДЕРАЦИЯ,2022,4,161604.0,89713.0,49371.0,20353.0,7.64,5.59,263.4,279.1
РОССИЙСКАЯ ФЕДЕРАЦИЯ,2022,5,139688.0,86860.0,36603.0,15192.0,6.17,3.81,272.3,291.8
РОССИЙСКАЯ ФЕДЕРАЦИЯ,2022,6,253458.0,133524.0,65439.0,21976.0,6.36,3.74,269.9,294.1
РОССИЙСКАЯ ФЕДЕРАЦИЯ,2022,7,341657.0,158292.0,91602.0,26669.0,6.67,3.73,274.8,297.9
РОССИЙСКАЯ ФЕДЕРАЦИЯ,2022,8,457702.0,193294.0,121868.0,32665.0,6.67,3.59,277.8,302.7
РОССИЙСКАЯ ФЕДЕРАЦИЯ,2022,9,518113.0,213433.0,136599.0,36305.0,6.71,3.49,281.3,305.8
РОССИЙСКАЯ ФЕДЕРАЦИЯ,2022,10,448354.0,144025.0,127336.0,27471.0,7.38,3.68,279.7,305.9
РОССИЙСКАЯ ФЕДЕРАЦИЯ,2022,11,470681.0,181883.0,128813.0,34688.0,7.11,3.55,283.5,306.9
РОССИЙСКАЯ ФЕДЕРАЦИЯ,2022,12,696876.0,311822.0,176247.0,57354.0,6.65,3.5,289.4,311.3
РОССИЙСКАЯ ФЕДЕРАЦИЯ,2023,1,281648.0,104650.0,77309.0,20117.0,7.86,4.82,284.9,308.8
РОССИЙСКАЯ ФЕДЕРАЦИЯ,2023,2,422392.0,164986.0,114644.0,32286.0,8.05,5.21,287.5,308.1
РОССИЙСКАЯ ФЕДЕРАЦИЯ,2023,3,569416.0,219800.0,153984.0,45324.0,8.18,5.57,287.4,307.9
РОССИЙСКАЯ ФЕДЕРАЦИЯ,2023,4,566257.0,200407.0,153343.0,41597.0,8.52,6.04,286.2,304.9
РОССИЙСКАЯ ФЕДЕРАЦИЯ,2023,5,580470.0,209975.0,157841.0,43422.0,8.4,6.06,288.9,307.6
РОССИЙСКАЯ ФЕДЕРАЦИЯ,2023,6,626742.0,221848.0,167819.0,45135.0,8.45,6.12,288.8,307.8
РОССИЙСКАЯ ФЕДЕРАЦИЯ,2023,7,646509.0,248879.0,170538.0,51153.0,8.25,6.06,291.1,308.3
РОССИЙСКАЯ ФЕДЕРАЦИЯ,2023,8,849118.0,369636.0,216074.0,75899.0,8.04,5.92,294.0,309.3
РОССИЙСКАЯ ФЕДЕРАЦИЯ,2023,9,955207.0,464767.0,238180.0,93068.0,7.92,5.83,298.7,312.7
РОССИЙСКАЯ ФЕДЕРАЦИЯ,2023,10,769637.0,360897.0,200364.0,72979.0,8.35,6.14,296.3,311.4
РОССИЙСКАЯ ФЕДЕРАЦИЯ,2023,11,726080.0,374418.0,189084.0,76799.0,8.18,6.12,299.3,313.9
РОССИЙСКАЯ ФЕДЕРАЦИЯ,2023,12,785482.0,435484.0,196869.0,86482.0,7.91,6.12,302.3,316.0
РОССИЙСКАЯ ФЕДЕРАЦИЯ,2024,1,271788.0,128446.0,75911.0,25827.0,8.4,6.1,294.8,312.9
РОССИЙСКАЯ ФЕДЕРАЦИЯ,2024,2,332817.0,139345.0,95562.0,27599.0,9.28,6.34,292.1,312.0
РОССИЙСКАЯ ФЕДЕРАЦИЯ,2024,3,447282.0,223253.0,117027.0,42173.0,8.41,6.28,299.6,316.4
РОССИЙСКАЯ ФЕДЕРАЦИЯ,2024,4,465816.0,223463.0,123233.0,43101.0,8.41,6.22,298.3,314.2
РОССИЙСКАЯ ФЕДЕРАЦИЯ,2024,5,545712.0,294109.0,146713.0,58088.0,8.06,6.16,303.7,318.8
РОССИЙСКАЯ ФЕДЕРАЦИЯ,2024,6,788497.0,474652.0,202368.0,95377.0,7.57,6.24,310.2,320.8
РОССИЙСКАЯ ФЕДЕРАЦИЯ,2024,7,355976.0,117125.0,107156.0,20693.0,10.19,6.17,289.5,314.9
РОССИЙСКАЯ ФЕДЕРАЦИЯ,2024,8,375068.0,161077.0,100122.0,28939.0,9.32,6.35,298.3,322.9
РОССИЙСКАЯ ФЕДЕРАЦИЯ,2024,9,372813.0,179703.0,94348.0,32053.0,8.94,6.25,302.8,323.9
РОССИЙСКАЯ ФЕДЕРАЦИЯ,2024,10,367067.0,185279.0,94934.0,32612.0,9.65,6.16,299.3,323.4
РОССИЙСКАЯ ФЕДЕРАЦИЯ,2024,11,274353.0,160708.0,72315.0,30053.0,9.01,6.06,302.2,321.2
РОССИЙСКАЯ ФЕДЕРАЦИЯ,2024,12,291146.0,187209.0,73364.0,35599.0,8.47,6.15,303.7,322.1
РОССИЙСКАЯ ФЕДЕРАЦИЯ,2025,1,126932.0,86449.0,32294.0,15967.0,8.35,6.13,305.5,321.6
РОССИЙСКАЯ ФЕДЕРАЦИЯ,2025,2,227090.0,150257.0,52573.0,27160.0,7.7,6.0,309.8,323.3
РОССИЙСКАЯ ФЕДЕРАЦИЯ,2025,3,257069.0,166178.0,57811.0,29916.0,7.56,6.01,310.7,323.2
РОССИЙСКАЯ ФЕДЕРАЦИЯ,2025,4,290271.0,166844.0,65247.0,29662.0,7.52,5.98,308.3,322.6
РОССИЙСКАЯ ФЕДЕРАЦИЯ,2025,5,287331.0,167354.0,63262.0,29196.0,7.47,6.04,308.6,322.6
РОССИЙСКАЯ ФЕДЕРАЦИЯ,2025,6,308949.0,175590.0,68695.0,31167.0,7.47,6.05,308.0,322.8
РОССИЙСКАЯ ФЕДЕРАЦИЯ,2025,7,355872.0,197383.0,77462.0,34450.0,7.46,6.0,307.5,323.2
РОССИЙСКАЯ ФЕДЕРАЦИЯ,2025,8,392274.0,222906.0,85094.0,38639.0,7.58,6.08,307.0,323.8
РОССИЙСКАЯ ФЕДЕРАЦИЯ,2025,9,404401.0,234655.0,87872.0,40779.0,8.03,6.44,304.5,322.9
РОССИЙСКАЯ ФЕДЕРАЦИЯ,2025,10,489610.0,277873.0,105966.0,48227.0,8.24,6.45,304.6,324.9
РОССИЙСКАЯ ФЕДЕРАЦИЯ,2025,11,501455.0,308842.0,105410.0,53450.0,7.93,6.31,309.4,328.4
РОССИЙСКАЯ ФЕДЕРАЦИЯ,2025,12,811214.0,487672.0,166509.0,85576.0,7.59,6.2,313.6,329.2
РОССИЙСКАЯ ФЕДЕРАЦИЯ,2026,1,424903.0,261270.0,84659.0,44664.0,7.64,6.35,315.3,329.6
РОССИЙСКАЯ ФЕДЕРАЦИЯ,2026,2,290222.0,127389.0,68714.0,22596.0,9.99,6.83,285.9,315.0
РОССИЙСКАЯ ФЕДЕРАЦИЯ,2026,3,330495.0,144575.0,77084.0,25265.0,10.04,7.22,286.0,311.9
РОССИЙСКАЯ ФЕДЕРАЦИЯ,2026,4,358970.0,148809.0,83850.0,26138.0,10.27,7.3,282.5,307.9
РОССИЙСКАЯ ФЕДЕРАЦИЯ,2026,5,328235.0,134989.0,75102.0,23263.0,10.18,7.39,284.0,309.8
РОССИЙСКАЯ ФЕДЕРАЦИЯ,2026,6,482695.0,229298.0,101328.0,38679.0,8.95,6.92,299.1,321.1
РОССИЙСКАЯ ФЕДЕРАЦИЯ,2026,7,363411.0,141588.0,85473.0,25120.0,10.52,7.43,280.6,307.6
Республика Адыгея (Адыгея),2019,1,198.0,46.0,130.0,30.0,9.91,9.82,216.6,201.1
Республика Адыгея (Адыгея),2019,2,249.0,54.0,155.0,38.0,10.32,10.43,222.4,225.9
Республика Адыгея (Адыгея),2019,3,283.0,67.0,163.0,40.0,10.68,10.53,213.4,223.4
Республика Адыгея (Адыгея),2019,4,330.0,77.0,190.0,41.0,10.81,10.15,220.4,225.6
Республика Адыгея (Адыгея),2019,5,274.0,77.0,154.0,40.0,10.61,10.1,212.2,204.1
Республика Адыгея (Адыгея),2019,6,295.0,81.0,173.0,45.0,10.83,10.65,221.8,245.8
Республика Адыгея (Адыгея),2019,7,340.0,83.0,204.0,39.0,10.4,10.18,221.7,261.4
Республика Адыгея (Адыгея),2019,8,379.0,71.0,218.0,40.0,9.95,9.19,221.0,232.1
Республика Адыгея (Адыгея),2019,9,400.0,134.0,238.0,77.0,9.73,9.26,221.9,220.3
Республика Адыгея (Адыгея),2019,10,443.0,88.0,239.0,44.0,9.72,9.32,224.5,229.8
Республика Адыгея (Адыгея),2019,11,407.0,131.0,201.0,60.0,9.39,9.02,204.9,212.1
Республика Адыгея (Адыгея),2019,12,551.0,102.0,288.0,53.0,9.11,7.95,219.4,222.8
Республика Адыгея (Адыгея),2020,1,264.0,83.0,150.0,37.0,9.25,8.71,213.5,226.9
Республика Адыгея (Адыгея),2020,2,350.0,110.0,195.0,53.0,9.0,8.4,221.4,225.2
Республика Адыгея (Адыгея),2020,3,398.0,144.0,215.0,62.0,8.48,7.66,222.5,245.6
Республика Адыгея (Адыгея),2020,4,337.0,72.0,187.0,34.0,7.72,8.21,218.7,203.8
Республика Адыгея (Адыгея),2020,5,271.0,73.0,155.0,42.0,6.86,6.09,213.7,206.2
Республика Адыгея (Адыгея),2020,6,394.0,165.0,208.0,80.0,7.46,6.39,227.6,223.1
Республика Адыгея (Адыгея),2020,7,550.0,199.0,276.0,91.0,6.93,6.06,232.5,229.3
Республика Адыгея (Адыгея),2020,8,594.0,233.0,319.0,114.0,6.78,5.2,220.8,221.3
Республика Адыгея (Адыгея),2020,9,767.0,207.0,387.0,100.0,6.94,5.37,224.6,230.5
Республика Адыгея (Адыгея),2020,10,746.0,212.0,378.0,103.0,7.05,5.55,233.8,230.9
Республика Адыгея (Адыгея),2020,11,766.0,255.0,358.0,102.0,7.02,6.11,231.1,239.7
Республика Адыгея (Адыгея),2020,12,845.0,234.0,411.0,94.0,6.91,6.49,230.6,228.7
Республика Адыгея (Адыгея),2021,1,415.0,146.0,185.0,54.0,7.02,6.52,244.9,254.0
Республика Адыгея (Адыгея),2021,2,561.0,125.0,234.0,56.0,6.5,5.29,236.9,243.8
Республика Адыгея (Адыгея),2021,3,609.0,156.0,297.0,66.0,6.68,5.8,237.8,239.5
Республика Адыгея (Адыгея),2021,4,792.0,210.0,326.0,66.0,7.2,6.3,251.2,264.5
Республика Адыгея (Адыгея),2021,5,572.0,174.0,259.0,64.0,7.31,5.33,238.8,243.2
Республика Адыгея (Адыгея),2021,6,818.0,169.0,345.0,55.0,7.38,6.2,249.6,256.2
Республика Адыгея (Адыгея),2021,7,711.0,81.0,326.0,26.0,7.36,6.76,246.6,260.6
Республика Адыгея (Адыгея),2021,8,850.0,158.0,328.0,44.0,7.77,6.42,249.8,262.6
Республика Адыгея (Адыгея),2021,9,794.0,121.0,310.0,31.0,7.73,5.6,258.4,269.0
Республика Адыгея (Адыгея),2021,10,667.0,150.0,248.0,33.0,8.1,6.95,261.5,262.8
Республика Адыгея (Адыгея),2021,11,665.0,149.0,249.0,46.0,8.34,6.53,267.0,268.7
Республика Адыгея (Адыгея),2021,12,985.0,302.0,335.0,82.0,8.22,6.03,276.3,285.5
Республика Адыгея (Адыгея),2022,1,445.0,140.0,142.0,36.0,8.28,6.13,264.4,296.9
Республика Адыгея (Адыгея),2022,2,912.0,235.0,296.0,66.0,7.75,3.82,282.8,290.3
Республика Адыгея (Адыгея),2022,3,840.0,289.0,271.0,82.0,8.1,4.82,281.2,283.6
Республика Адыгея (Адыгея),2022,4,267.0,146.0,87.0,38.0,6.21,4.32,273.0,292.8
Республика Адыгея (Адыгея),2022,5,167.0,102.0,47.0,22.0,6.96,4.69,305.8,334.6
Республика Адыгея (Адыгея),2022,6,519.0,261.0,114.0,50.0,6.44,3.68,292.3,319.9
Республика Адыгея (Адыгея),2022,7,614.0,351.0,169.0,66.0,5.26,2.96,291.1,315.9
Республика Адыгея (Адыгея),2022,8,842.0,378.0,239.0,78.0,6.03,2.95,304.0,334.3
Республика Адыгея (Адыгея),2022,9,1152.0,525.0,302.0,96.0,5.92,2.78,295.2,324.0
Республика Адыгея (Адыгея),2022,10,975.0,360.0,275.0,81.0,6.35,3.01,288.0,317.5
Республика Адыгея (Адыгея),2022,11,1358.0,680.0,352.0,148.0,6.29,3.43,304.4,328.3
Республика Адыгея (Адыгея),2022,12,1750.0,1156.0,434.0,238.0,5.01,3.25,313.2,328.0
Республика Адыгея (Адыгея),2023,1,820.0,409.0,212.0,87.0,6.31,3.37,315.0,331.8
Республика Адыгея (Адыгея),2023,2,1070.0,593.0,289.0,130.0,6.78,4.28,312.9,326.0
Республика Адыгея (Адыгея),2023,3,1315.0,769.0,356.0,171.0,6.63,4.71,316.9,337.1
Республика Адыгея (Адыгея),2023,4,1266.0,499.0,334.0,105.0,8.26,5.97,318.4,340.5
Республика Адыгея (Адыгея),2023,5,1289.0,625.0,375.0,150.0,7.57,5.95,312.6,337.5
Республика Адыгея (Адыгея),2023,6,1481.0,696.0,393.0,155.0,7.71,5.87,306.5,325.7
Республика Адыгея (Адыгея),2023,7,1575.0,684.0,409.0,153.0,8.07,5.84,317.4,328.1
Республика Адыгея (Адыгея),2023,8,1791.0,970.0,469.0,226.0,7.36,5.55,314.2,329.0
Республика Адыгея (Адыгея),2023,9,2335.0,1218.0,583.0,281.0,7.83,6.24,320.5,334.9
Республика Адыгея (Адыгея),2023,10,2146.0,1296.0,564.0,303.0,7.27,5.98,319.1,327.7
Республика Адыгея (Адыгея),2023,11,2036.0,1136.0,521.0,265.0,7.41,5.93,316.0,327.3
Республика Адыгея (Адыгея),2023,12,2347.0,1464.0,594.0,350.0,7.0,6.11,320.9,331.0
Республика Адыгея (Адыгея),2024,1,978.0,591.0,262.0,138.0,6.91,5.81,315.3,332.4
Республика Адыгея (Адыгея),2024,2,938.0,407.0,270.0,101.0,8.29,6.22,306.2,324.0
Республика Адыгея (Адыгея),2024,3,897.0,539.0,265.0,142.0,7.07,6.16,320.5,333.5
Республика Адыгея (Адыгея),2024,4,1141.0,660.0,303.0,144.0,7.79,6.39,318.8,331.1
Республика Адыгея (Адыгея),2024,5,1400.0,866.0,381.0,192.0,7.02,6.45,324.6,332.7
Республика Адыгея (Адыгея),2024,6,1947.0,1332.0,504.0,294.0,6.7,6.16,328.5,335.1
Республика Адыгея (Адыгея),2024,7,920.0,399.0,251.0,76.0,9.95,7.36,317.3,336.8
Республика Адыгея (Адыгея),2024,8,1044.0,570.0,265.0,126.0,7.81,6.11,322.4,336.7
Республика Адыгея (Адыгея),2024,9,998.0,574.0,254.0,120.0,7.23,6.65,327.9,348.1
Республика Адыгея (Адыгея),2024,10,861.0,550.0,240.0,120.0,8.29,5.74,325.4,337.6
Республика Адыгея (Адыгея),2024,11,699.0,476.0,184.0,101.0,7.8,6.03,331.9,343.4
Республика Адыгея (Адыгея),2024,12,644.0,453.0,177.0,102.0,8.45,6.35,321.8,341.8
Республика Адыгея (Адыгея),2025,1,282.0,200.0,83.0,47.0,7.59,5.92,325.0,350.1
Республика Адыгея (Адыгея),2025,2,594.0,422.0,144.0,94.0,7.34,5.81,330.5,346.3
Республика Адыгея (Адыгея),2025,3,793.0,594.0,176.0,119.0,6.46,5.83,337.2,348.6
Республика Адыгея (Адыгея),2025,4,790.0,588.0,180.0,123.0,6.34,5.9,341.5,344.5
Республика Адыгея (Адыгея),2025,5,775.0,491.0,183.0,100.0,6.75,5.66,333.8,344.7
Республика Адыгея (Адыгея),2025,6,1068.0,807.0,230.0,159.0,5.95,5.37,343.2,350.3
Республика Адыгея (Адыгея),2025,7,1376.0,1080.0,299.0,215.0,5.73,5.14,343.6,351.9
Республика Адыгея (Адыгея),2025,8,1113.0,749.0,246.0,154.0,6.81,5.71,332.2,341.2
Республика Адыгея (Адыгея),2025,9,1108.0,707.0,236.0,139.0,6.91,5.68,334.6,342.1
Республика Адыгея (Адыгея),2025,10,1279.0,820.0,282.0,160.0,6.69,5.61,333.5,349.8
Республика Адыгея (Адыгея),2025,11,1291.0,896.0,266.0,180.0,7.05,5.28,342.4,348.0
Республика Адыгея (Адыгея),2025,12,2865.0,2129.0,576.0,412.0,5.7,4.92,343.5,350.9
Республика Адыгея (Адыгея),2026,1,1200.0,887.0,251.0,172.0,5.92,5.28,340.6,344.1
Республика Адыгея (Адыгея),2026,2,1343.0,1160.0,275.0,217.0,6.56,5.71,337.9,346.1
Республика Адыгея (Адыгея),2026,3,927.0,582.0,208.0,105.0,7.71,5.97,326.9,345.4
Республика Адыгея (Адыгея),2026,4,782.0,465.0,189.0,91.0,8.57,6.12,316.8,349.1
Республика Адыгея (Адыгея),2026,5,840.0,469.0,182.0,94.0,8.35,6.31,312.0,332.3
Республика Адыгея (Адыгея),2026,6,1097.0,651.0,250.0,134.0,7.64,6.35,321.9,337.9
Республика Адыгея (Адыгея),2026,7,1006.0,661.0,219.0,127.0,8.27,6.98,321.6,336.6
Республика Алтай,2019,1,68.0,3.0,42.0,3.0,10.33,9.9,189.2,185.0
Республика Алтай,2019,2,109.0,22.0,72.0,10.0,10.4,10.19,188.3,198.4
Республика Алтай,2019,3,89.0,15.0,61.0,8.0,10.7,10.74,197.7,206.7
Республика Алтай,2019,4,86.0,11.0,66.0,8.0,10.94,10.12,182.0,174.4
Республика Алтай,2019,5,108.0,22.0,61.0,8.0,10.57,9.64,219.5,243.9
Республика Алтай,2019,6,136.0,41.0,70.0,13.0,10.16,9.43,243.2,283.8
Республика Алтай,2019,7,109.0,10.0,67.0,7.0,10.38,10.37,220.8,185.9
Республика Алтай,2019,8,140.0,32.0,92.0,14.0,9.98,8.79,195.5,192.5
Республика Алтай,2019,9,143.0,33.0,81.0,14.0,9.42,7.87,211.9,250.8
Республика Алтай,2019,10,113.0,31.0,65.0,15.0,9.73,9.1,218.6,241.0
Республика Алтай,2019,11,153.0,35.0,78.0,14.0,9.22,9.07,212.7,213.6
Республика Алтай,2019,12,137.0,14.0,80.0,7.0,9.13,7.26,202.6,235.5
Республика Алтай,2020,1,95.0,21.0,58.0,10.0,9.36,9.31,203.9,213.8
Республика Алтай,2020,2,106.0,12.0,61.0,8.0,9.11,7.38,199.2,180.6
Республика Алтай,2020,3,168.0,20.0,87.0,9.0,8.68,6.21,209.1,248.2
Республика Алтай,2020,4,111.0,12.0,67.0,5.0,9.15,7.25,211.3,246.0
Республика Алтай,2020,5,134.0,33.0,70.0,14.0,7.79,5.57,204.8,205.3
Республика Алтай,2020,6,180.0,63.0,87.0,20.0,7.51,6.44,209.2,225.6
Республика Алтай,2020,7,292.0,64.0,157.0,26.0,7.31,5.45,206.0,215.9
Республика Алтай,2020,8,191.0,23.0,99.0,11.0,7.21,5.92,208.7,255.6
Республика Алтай,2020,9,256.0,67.0,127.0,24.0,7.28,6.06,214.0,199.7
Республика Алтай,2020,10,346.0,56.0,166.0,20.0,6.71,4.16,213.0,213.8
Республика Алтай,2020,11,252.0,49.0,131.0,18.0,7.05,6.29,210.3,214.8
Республика Алтай,2020,12,303.0,39.0,144.0,14.0,6.89,5.58,189.2,180.0
Республика Алтай,2021,1,102.0,10.0,52.0,3.0,7.45,7.02,226.6,245.7
Республика Алтай,2021,2,169.0,24.0,78.0,10.0,6.77,5.83,230.0,246.1
Республика Алтай,2021,3,270.0,42.0,126.0,16.0,6.5,6.19,226.9,221.0
Республика Алтай,2021,4,315.0,36.0,148.0,16.0,7.3,6.14,232.1,217.9
Республика Алтай,2021,5,247.0,35.0,109.0,10.0,8.06,6.03,228.2,174.3
Республика Алтай,2021,6,355.0,103.0,143.0,27.0,7.33,5.88,228.5,235.6
Республика Алтай,2021,7,276.0,35.0,146.0,14.0,6.89,4.35,231.4,257.8
Республика Алтай,2021,8,292.0,33.0,139.0,11.0,7.21,4.37,244.1,236.4
Республика Алтай,2021,9,249.0,43.0,117.0,11.0,7.87,7.54,242.4,272.1
Республика Алтай,2021,10,330.0,27.0,136.0,8.0,8.28,7.12,241.4,242.2
Республика Алтай,2021,11,316.0,32.0,141.0,14.0,8.38,5.32,263.7,223.6
Республика Алтай,2021,12,382.0,71.0,165.0,20.0,8.64,5.95,242.4,234.4
Республика Алтай,2022,1,160.0,45.0,61.0,9.0,7.56,4.27,241.3,282.2
Республика Алтай,2022,2,201.0,42.0,93.0,17.0,8.97,5.27,251.0,235.0
Республика Алтай,2022,3,381.0,145.0,166.0,57.0,8.34,4.68,246.1,234.7
Республика Алтай,2022,4,86.0,33.0,44.0,10.0,8.7,5.27,214.1,251.5
Республика Алтай,2022,5,94.0,43.0,32.0,8.0,7.24,5.02,271.9,281.5
Республика Алтай,2022,6,197.0,96.0,65.0,13.0,4.81,1.28,258.6,264.8
Республика Алтай,2022,7,215.0,83.0,95.0,17.0,7.79,4.93,264.0,295.8
Республика Алтай,2022,8,252.0,44.0,116.0,10.0,8.4,3.93,258.4,282.2
Республика Алтай,2022,9,316.0,86.0,137.0,22.0,8.03,4.58,253.6,286.9
Республика Алтай,2022,10,349.0,98.0,120.0,19.0,7.93,4.28,261.5,294.5
Республика Алтай,2022,11,382.0,146.0,145.0,36.0,7.84,4.86,275.9,300.6
Республика Алтай,2022,12,500.0,187.0,194.0,51.0,8.07,5.23,262.5,262.1
Республика Алтай,2023,1,268.0,89.0,109.0,21.0,8.04,4.62,272.3,265.5
Республика Алтай,2023,2,316.0,81.0,124.0,23.0,8.86,5.67,270.2,261.6
Республика Алтай,2023,3,490.0,150.0,182.0,39.0,8.62,5.4,289.4,296.3
Республика Алтай,2023,4,463.0,108.0,170.0,23.0,9.26,5.66,276.7,297.4
Республика Алтай,2023,5,509.0,107.0,203.0,30.0,9.22,6.62,276.4,301.9
Республика Алтай,2023,6,454.0,76.0,186.0,18.0,9.73,6.04,287.3,300.3
Республика Алтай,2023,7,569.0,164.0,222.0,41.0,8.9,6.63,283.6,292.2
Республика Алтай,2023,8,811.0,290.0,254.0,78.0,9.0,5.86,289.2,302.9
Республика Алтай,2023,9,899.0,354.0,303.0,81.0,8.31,6.24,290.8,304.6
Республика Алтай,2023,10,763.0,319.0,267.0,75.0,9.16,6.6,283.8,278.5
Республика Алтай,2023,11,688.0,310.0,245.0,73.0,8.7,6.49,284.0,311.4
Республика Алтай,2023,12,725.0,374.0,274.0,79.0,8.46,6.22,302.1,321.1
Республика Алтай,2024,1,266.0,69.0,120.0,15.0,9.22,6.42,288.1,312.1
Республика Алтай,2024,2,425.0,113.0,203.0,25.0,8.93,6.74,277.9,322.6
Республика Алтай,2024,3,490.0,144.0,192.0,31.0,8.75,6.55,298.3,313.3
Республика Алтай,2024,4,447.0,131.0,198.0,27.0,9.02,6.0,285.6,312.2
Республика Алтай,2024,5,516.0,173.0,247.0,32.0,8.53,5.79,289.1,324.5
Республика Алтай,2024,6,795.0,400.0,316.0,78.0,8.15,7.21,307.1,324.7
Республика Алтай,2024,7,474.0,119.0,222.0,24.0,10.23,5.72,292.6,328.2
Республика Алтай,2024,8,410.0,148.0,172.0,30.0,8.6,5.71,290.2,322.4
Республика Алтай,2024,9,352.0,120.0,152.0,24.0,11.05,6.2,314.5,341.9
Республика Алтай,2024,10,287.0,104.0,141.0,23.0,11.85,7.69,273.3,295.5
Республика Алтай,2024,11,251.0,102.0,130.0,22.0,11.39,6.56,272.6,322.5
Республика Алтай,2024,12,237.0,141.0,110.0,26.0,10.91,8.55,303.2,347.0
Республика Алтай,2025,1,143.0,96.0,54.0,20.0,8.73,5.96,288.8,323.8
Республика Алтай,2025,2,233.0,138.0,105.0,29.0,7.69,5.88,302.5,336.5
Республика Алтай,2025,3,239.0,166.0,94.0,33.0,8.66,6.01,304.3,324.1
Республика Алтай,2025,4,275.0,142.0,122.0,30.0,9.7,5.99,281.6,330.0
Республика Алтай,2025,5,255.0,148.0,91.0,27.0,8.39,6.74,303.0,329.5
Республика Алтай,2025,6,367.0,244.0,121.0,49.0,6.56,5.6,299.4,320.3
Республика Алтай,2025,7,384.0,239.0,130.0,50.0,7.2,5.51,288.6,308.8
Республика Алтай,2025,8,399.0,245.0,117.0,49.0,7.12,5.44,309.6,327.7
Республика Алтай,2025,9,409.0,281.0,134.0,53.0,7.12,5.73,306.1,331.9
Республика Алтай,2025,10,515.0,350.0,134.0,72.0,7.56,6.04,310.1,323.0
Республика Алтай,2025,11,607.0,464.0,137.0,86.0,7.34,6.47,329.6,338.3
Республика Алтай,2025,12,806.0,508.0,208.0,96.0,7.59,6.52,312.9,339.3
Республика Алтай,2026,1,478.0,320.0,115.0,61.0,6.91,6.02,326.0,342.3
Республика Алтай,2026,2,326.0,180.0,104.0,36.0,7.87,6.1,300.7,327.3
Республика Алтай,2026,3,274.0,120.0,103.0,24.0,10.18,8.51,274.5,317.4
Республика Алтай,2026,4,365.0,160.0,122.0,30.0,9.02,7.4,295.1,319.4
Республика Алтай,2026,5,340.0,180.0,106.0,34.0,11.27,9.66,284.1,310.0
Республика Алтай,2026,6,583.0,362.0,130.0,64.0,8.15,6.57,317.9,343.7
Республика Алтай,2026,7,314.0,105.0,84.0,19.0,8.93,5.75,310.0,332.1
Республика Башкортостан,2019,1,5258.0,1636.0,2935.0,803.0,9.9,9.64,199.8,203.8
Республика Башкортостан,2019,2,7036.0,2069.0,3830.0,967.0,10.17,9.97,205.4,202.9
Республика Башкортостан,2019,3,6307.0,1913.0,3518.0,928.0,10.43,10.11,206.3,205.2
Республика Башкортостан,2019,4,7318.0,2131.0,4003.0,1028.0,10.61,10.28,206.1,196.2
Республика Башкортостан,2019,5,5600.0,1788.0,3058.0,849.0,10.53,9.99,209.3,208.3
Республика Башкортостан,2019,6,6474.0,1907.0,3483.0,886.0,10.33,9.94,209.8,209.3
Республика Башкортостан,2019,7,7121.0,1719.0,3846.0,810.0,10.26,9.69,211.4,214.5
Республика Башкортостан,2019,8,7149.0,1795.0,3822.0,838.0,9.96,9.41,211.6,210.4
Республика Башкортостан,2019,9,7913.0,2203.0,4208.0,988.0,9.61,8.87,208.0,205.7
Республика Башкортостан,2019,10,8828.0,2335.0,4609.0,1029.0,9.42,8.86,210.0,215.6
Республика Башкортостан,2019,11,8717.0,2252.0,4577.0,1024.0,9.24,8.57,208.6,214.9
Республика Башкортостан,2019,12,11114.0,3029.0,5833.0,1288.0,9.14,8.44,207.3,215.9
Республика Башкортостан,2020,1,5935.0,1563.0,3046.0,701.0,9.05,8.21,203.9,215.5
Республика Башкортостан,2020,2,7604.0,1778.0,3906.0,750.0,9.05,8.26,208.0,213.5
Республика Башкортостан,2020,3,9368.0,2456.0,4698.0,1018.0,8.9,8.04,208.6,217.1
Республика Башкортостан,2020,4,6937.0,1494.0,3583.0,665.0,8.34,6.86,209.2,209.6
Республика Башкортостан,2020,5,6264.0,2120.0,3126.0,950.0,7.55,6.17,206.2,205.1
Республика Башкортостан,2020,6,8905.0,2850.0,4500.0,1264.0,7.88,6.37,208.2,203.1
Республика Башкортостан,2020,7,10535.0,3338.0,5138.0,1354.0,7.58,6.03,210.8,209.6
Республика Башкортостан,2020,8,11961.0,4152.0,5749.0,1661.0,7.37,5.8,211.7,212.4
Республика Башкортостан,2020,9,15152.0,4476.0,7180.0,1686.0,7.41,6.07,211.0,216.7
Республика Башкортостан,2020,10,15550.0,4598.0,7355.0,1783.0,7.33,6.05,215.2,216.6
Республика Башкортостан,2020,11,13436.0,3604.0,6424.0,1390.0,7.41,6.09,215.4,217.1
Республика Башкортостан,2020,12,15213.0,3472.0,7227.0,1382.0,7.33,5.81,216.0,215.5
Республика Башкортостан,2021,1,7073.0,2026.0,3230.0,704.0,7.24,6.21,220.3,227.5
Республика Башкортостан,2021,2,11140.0,2711.0,5122.0,975.0,7.28,6.17,221.3,226.0
Республика Башкортостан,2021,3,13932.0,3340.0,6355.0,1216.0,7.15,6.0,223.8,230.3
Республика Башкортостан,2021,4,14935.0,3796.0,6662.0,1317.0,7.37,5.87,226.8,237.1
Республика Башкортостан,2021,5,11562.0,3185.0,4930.0,1082.0,7.51,5.78,232.5,244.7
Республика Башкортостан,2021,6,14612.0,4876.0,6194.0,1600.0,7.19,5.53,233.4,245.4
Республика Башкортостан,2021,7,12376.0,2391.0,5521.0,878.0,7.48,6.02,236.5,243.8
Республика Башкортостан,2021,8,12693.0,2818.0,5526.0,957.0,7.9,6.39,236.6,242.7
Республика Башкортостан,2021,9,13873.0,3664.0,5756.0,1141.0,7.85,6.48,240.7,247.2
Республика Башкортостан,2021,10,14054.0,3213.0,5867.0,1031.0,7.97,6.23,245.7,255.0
Республика Башкортостан,2021,11,14513.0,4039.0,5812.0,1275.0,7.93,5.94,249.2,255.5
Республика Башкортостан,2021,12,18473.0,5337.0,7217.0,1689.0,8.17,5.96,250.6,251.2
Республика Башкортостан,2022,1,9151.0,2880.0,3639.0,912.0,8.47,6.3,255.3,261.7
Республика Башкортостан,2022,2,13204.0,4304.0,5015.0,1308.0,8.7,6.33,261.4,267.9
Республика Башкортостан,2022,3,17740.0,7561.0,6852.0,2470.0,8.34,5.82,260.8,266.8
Республика Башкортостан,2022,4,4261.0,2114.0,1638.0,593.0,7.73,5.79,268.6,279.6
Республика Башкортостан,2022,5,3257.0,1625.0,1222.0,350.0,7.48,4.71,265.0,292.6
Республика Башкортостан,2022,6,6702.0,2412.0,2464.0,503.0,7.84,5.08,266.3,288.6
Республика Башкортостан,2022,7,9380.0,3041.0,3477.0,592.0,7.8,4.31,263.6,289.3
Республика Башкортостан,2022,8,13929.0,4373.0,4964.0,893.0,7.49,4.13,275.6,306.9
Республика Башкортостан,2022,9,15930.0,4999.0,5561.0,1036.0,7.4,3.66,279.4,311.3
Республика Башкортостан,2022,10,14685.0,4127.0,5208.0,899.0,7.73,3.94,281.6,308.8
Республика Башкортостан,2022,11,15814.0,5256.0,5425.0,1138.0,7.74,4.24,281.3,312.8
Республика Башкортостан,2022,12,22281.0,8594.0,7165.0,1928.0,7.24,4.11,290.3,314.9
Республика Башкортостан,2023,1,9414.0,2753.0,3293.0,682.0,8.47,5.48,285.9,312.5
Республика Башкортостан,2023,2,13442.0,4497.0,4674.0,1087.0,8.63,5.91,286.2,309.6
Республика Башкортостан,2023,3,18952.0,6811.0,6325.0,1622.0,8.41,5.79,291.2,314.0
Республика Башкортостан,2023,4,18220.0,5844.0,6110.0,1386.0,8.71,6.38,290.1,315.4
Республика Башкортостан,2023,5,19434.0,6196.0,6355.0,1432.0,8.55,6.29,292.9,317.2
Республика Башкортостан,2023,6,20225.0,6291.0,6519.0,1428.0,8.53,6.26,289.7,313.6
Республика Башкортостан,2023,7,22165.0,7326.0,7061.0,1705.0,8.37,6.32,295.7,315.0
Республика Башкортостан,2023,8,30408.0,12192.0,9245.0,2839.0,8.16,6.19,298.8,317.2
Республика Башкортостан,2023,9,34172.0,15226.0,10139.0,3466.0,8.06,6.07,302.4,318.6
Республика Башкортостан,2023,10,27737.0,12206.0,8468.0,2845.0,8.4,6.43,303.8,321.5
Республика Башкортостан,2023,11,26124.0,13414.0,7935.0,3134.0,8.13,6.37,305.8,319.1
Республика Башкортостан,2023,12,27266.0,14505.0,7953.0,3248.0,8.04,6.45,308.9,323.1
Республика Башкортостан,2024,1,10109.0,4520.0,3250.0,979.0,8.32,6.36,306.8,327.4
Республика Башкортостан,2024,2,11269.0,3829.0,3764.0,842.0,9.2,6.54,300.6,323.0
Республика Башкортостан,2024,3,14018.0,5486.0,4506.0,1192.0,8.61,6.47,307.8,324.3
Республика Башкортостан,2024,4,15363.0,6576.0,4791.0,1352.0,8.43,6.39,308.8,325.6
Республика Башкортостан,2024,5,19282.0,9313.0,6422.0,2017.0,8.12,6.31,313.8,329.6
Республика Башкортостан,2024,6,31618.0,19408.0,9468.0,4142.0,7.6,6.52,321.4,331.8
Республика Башкортостан,2024,7,13081.0,3032.0,5032.0,565.0,10.17,6.43,302.3,330.2
Республика Башкортостан,2024,8,13660.0,4718.0,4412.0,962.0,9.44,6.3,306.5,335.1
Республика Башкортостан,2024,9,13029.0,5600.0,3987.0,1099.0,9.0,6.43,312.8,332.5
Республика Башкортостан,2024,10,11441.0,5320.0,3651.0,1065.0,9.55,5.88,310.2,337.7
Республика Башкортостан,2024,11,8518.0,4536.0,2672.0,980.0,9.38,6.24,316.0,337.8
Республика Башкортостан,2024,12,10344.0,6556.0,3039.0,1406.0,8.35,6.32,320.6,338.4
Республика Башкортостан,2025,1,3028.0,1833.0,1066.0,395.0,9.49,6.45,306.7,325.7
Республика Башкортостан,2025,2,5895.0,3454.0,1807.0,721.0,8.2,6.17,318.1,336.3
Республика Башкортостан,2025,3,7260.0,3934.0,2051.0,793.0,8.21,6.23,319.4,336.4
Республика Башкортостан,2025,4,9017.0,4177.0,2586.0,814.0,8.05,6.16,323.9,340.6
Республика Башкортостан,2025,5,9119.0,4130.0,2371.0,791.0,7.68,6.09,322.9,338.8
Республика Башкортостан,2025,6,9909.0,4348.0,2581.0,856.0,7.85,6.25,318.9,337.0
Республика Башкортостан,2025,7,11343.0,5158.0,2873.0,995.0,7.71,6.19,323.3,336.6
Республика Башкортостан,2025,8,13374.0,6888.0,3386.0,1325.0,8.05,6.39,316.5,335.5
Республика Башкортостан,2025,9,12735.0,6614.0,3265.0,1278.0,8.38,6.56,316.0,336.7
Республика Башкортостан,2025,10,16267.0,8713.0,4074.0,1709.0,8.24,6.48,318.6,339.5
Республика Башкортостан,2025,11,15861.0,9020.0,3946.0,1801.0,7.96,6.13,316.9,336.0
Республика Башкортостан,2025,12,26597.0,15450.0,6412.0,3091.0,7.7,6.23,320.6,337.5
Республика Башкортостан,2026,1,14854.0,8812.0,3513.0,1773.0,7.55,6.19,323.8,337.7
Республика Башкортостан,2026,2,9173.0,4106.0,2592.0,822.0,10.29,6.86,300.7,338.0
Республика Башкортостан,2026,3,9237.0,3697.0,2734.0,792.0,10.53,7.38,296.4,329.7
Республика Башкортостан,2026,4,10243.0,3315.0,3044.0,731.0,10.83,7.63,292.6,324.5
Республика Башкортостан,2026,5,9707.0,3573.0,2686.0,743.0,10.34,7.6,296.0,327.5
Республика Башкортостан,2026,6,16759.0,7797.0,4124.0,1573.0,8.83,7.05,310.3,329.9
Республика Башкортостан,2026,7,11732.0,4104.0,3393.0,883.0,10.63,7.89,291.6,325.0
Республика Бурятия,2019,1,676.0,155.0,381.0,72.0,9.73,9.28,182.9,173.1
Республика Бурятия,2019,2,855.0,181.0,433.0,71.0,10.04,9.85,191.5,198.8
Республика Бурятия,2019,3,867.0,150.0,462.0,73.0,10.45,10.4,195.6,169.0
Республика Бурятия,2019,4,961.0,234.0,507.0,100.0,10.53,10.43,201.3,219.8
Республика Бурятия,2019,5,642.0,123.0,360.0,64.0,10.61,10.18,197.5,186.2
Республика Бурятия,2019,6,886.0,217.0,492.0,106.0,10.15,9.34,196.1,191.3
Республика Бурятия,2019,7,810.0,147.0,451.0,79.0,10.16,9.56,201.4,194.6
Республика Бурятия,2019,8,968.0,217.0,505.0,105.0,9.84,8.96,193.2,184.5
Республика Бурятия,2019,9,1055.0,261.0,547.0,116.0,9.73,9.08,196.8,195.6
Республика Бурятия,2019,10,1060.0,244.0,538.0,102.0,9.45,8.82,205.6,209.3
Республика Бурятия,2019,11,1103.0,300.0,572.0,123.0,9.3,8.66,192.3,201.4
Республика Бурятия,2019,12,1436.0,291.0,719.0,119.0,9.05,8.1,200.1,218.0
Республика Бурятия,2020,1,1104.0,523.0,485.0,203.0,6.7,4.15,211.2,217.1
Республика Бурятия,2020,2,1647.0,875.0,728.0,349.0,6.01,3.72,205.4,217.4
Республика Бурятия,2020,3,1574.0,603.0,711.0,222.0,7.21,4.74,205.4,215.8
Республика Бурятия,2020,4,1057.0,276.0,513.0,113.0,7.2,4.1,201.7,213.5
Республика Бурятия,2020,5,994.0,278.0,465.0,104.0,6.87,4.54,208.9,218.6
Республика Бурятия,2020,6,1457.0,516.0,678.0,194.0,6.61,4.33,201.4,210.3
Республика Бурятия,2020,7,1647.0,437.0,804.0,177.0,6.94,4.78,206.5,207.0
Республика Бурятия,2020,8,1690.0,456.0,761.0,159.0,6.84,5.05,208.6,215.5
Республика Бурятия,2020,9,2290.0,587.0,1042.0,218.0,6.83,4.95,210.8,217.8
Республика Бурятия,2020,10,2340.0,601.0,988.0,207.0,6.96,5.01,214.1,206.6
Республика Бурятия,2020,11,2133.0,475.0,922.0,156.0,7.15,4.96,211.3,208.7
Республика Бурятия,2020,12,2259.0,582.0,942.0,191.0,6.89,4.71,215.7,222.2
Республика Бурятия,2021,1,1145.0,363.0,479.0,118.0,6.17,3.47,217.1,219.5
Республика Бурятия,2021,2,1666.0,372.0,691.0,126.0,6.82,4.53,226.9,219.8
Республика Бурятия,2021,3,2168.0,511.0,862.0,155.0,6.59,4.5,226.0,245.0
Республика Бурятия,2021,4,2615.0,723.0,1038.0,233.0,6.47,3.89,226.8,226.3
Республика Бурятия,2021,5,2152.0,587.0,798.0,167.0,6.58,3.98,234.1,240.1
Республика Бурятия,2021,6,2605.0,971.0,909.0,242.0,6.41,4.39,232.8,240.2
Республика Бурятия,2021,7,2096.0,347.0,792.0,99.0,7.04,4.36,229.9,226.0
Республика Бурятия,2021,8,2154.0,398.0,813.0,110.0,7.22,5.42,235.0,238.3
Республика Бурятия,2021,9,2235.0,574.0,821.0,151.0,7.03,4.67,232.4,244.2
Республика Бурятия,2021,10,2632.0,643.0,915.0,174.0,6.86,3.66,237.0,241.9
Республика Бурятия,2021,11,2549.0,749.0,839.0,181.0,7.03,4.54,248.3,258.2
Республика Бурятия,2021,12,3469.0,1094.0,1126.0,280.0,6.86,4.43,247.2,261.8
Республика Бурятия,2022,1,1875.0,640.0,615.0,181.0,6.89,4.16,249.0,249.7
Республика Бурятия,2022,2,2596.0,942.0,777.0,239.0,7.15,4.47,255.1,257.2
Республика Бурятия,2022,3,3161.0,1262.0,1007.0,348.0,6.49,3.73,251.1,249.7
Республика Бурятия,2022,4,1465.0,790.0,454.0,188.0,4.48,3.88,238.4,247.2
Республика Бурятия,2022,5,778.0,445.0,239.0,87.0,4.67,3.42,252.8,282.4
Республика Бурятия,2022,6,1495.0,769.0,431.0,134.0,4.66,2.49,255.3,281.8
Республика Бурятия,2022,7,1835.0,780.0,563.0,161.0,6.03,3.13,256.5,278.9
Республика Бурятия,2022,8,2778.0,1101.0,821.0,211.0,5.78,2.72,258.3,271.7
Республика Бурятия,2022,9,2995.0,1156.0,908.0,236.0,5.78,2.68,258.6,274.7
Республика Бурятия,2022,10,2643.0,959.0,821.0,207.0,6.21,2.98,256.4,271.3
Республика Бурятия,2022,11,2781.0,949.0,868.0,195.0,6.56,2.97,255.3,275.3
Республика Бурятия,2022,12,3684.0,1567.0,1100.0,314.0,6.04,3.08,266.9,286.6
Республика Бурятия,2023,1,1776.0,534.0,593.0,132.0,7.39,3.81,253.1,265.9
Республика Бурятия,2023,2,2511.0,972.0,730.0,214.0,6.95,3.68,260.2,272.9
Республика Бурятия,2023,3,3286.0,1216.0,1002.0,268.0,6.95,4.24,258.0,275.6
Республика Бурятия,2023,4,3273.0,1150.0,977.0,269.0,6.9,4.16,260.2,265.8
Республика Бурятия,2023,5,3451.0,1069.0,1022.0,234.0,6.84,4.16,263.2,271.7
Республика Бурятия,2023,6,4038.0,1568.0,1144.0,353.0,6.55,4.25,265.2,274.6
Республика Бурятия,2023,7,4464.0,1537.0,1228.0,359.0,6.89,4.17,262.9,262.8
Республика Бурятия,2023,8,5317.0,2010.0,1444.0,427.0,6.94,4.64,273.3,283.1
Республика Бурятия,2023,9,5799.0,2113.0,1480.0,407.0,7.2,4.73,279.5,297.2
Республика Бурятия,2023,10,5170.0,1980.0,1414.0,417.0,7.02,5.04,273.7,292.5
Республика Бурятия,2023,11,5242.0,2658.0,1428.0,575.0,6.3,4.7,273.6,281.7
Республика Бурятия,2023,12,6380.0,3471.0,1661.0,748.0,6.36,4.99,278.4,287.4
Республика Бурятия,2024,1,2407.0,894.0,711.0,196.0,6.34,4.62,261.5,274.6
Республика Бурятия,2024,2,2457.0,831.0,753.0,175.0,7.36,5.11,271.1,282.5
Республика Бурятия,2024,3,3131.0,1511.0,889.0,312.0,6.68,4.78,273.7,278.5
Республика Бурятия,2024,4,3708.0,1826.0,1009.0,368.0,6.3,4.7,266.8,270.6
Республика Бурятия,2024,5,4214.0,2133.0,1275.0,429.0,6.43,4.85,283.7,298.7
Республика Бурятия,2024,6,5927.0,3810.0,1583.0,731.0,6.0,5.31,292.4,303.9
Республика Бурятия,2024,7,3944.0,1756.0,1155.0,323.0,6.02,3.28,261.5,258.4
Республика Бурятия,2024,8,3978.0,2061.0,1151.0,364.0,5.43,3.85,255.7,261.2
Республика Бурятия,2024,9,4057.0,2152.0,1015.0,365.0,5.93,4.24,264.2,266.4
Республика Бурятия,2024,10,3285.0,1849.0,869.0,316.0,6.27,3.83,255.7,261.2
Республика Бурятия,2024,11,2641.0,1931.0,668.0,338.0,5.23,3.57,258.1,259.9
Республика Бурятия,2024,12,3829.0,3108.0,867.0,555.0,4.26,3.38,255.3,259.8
Республика Бурятия,2025,1,1525.0,1242.0,349.0,224.0,5.05,3.69,263.2,265.6
Республика Бурятия,2025,2,2908.0,2421.0,625.0,413.0,4.48,3.4,252.3,254.2
Республика Бурятия,2025,3,3177.0,2463.0,649.0,408.0,4.41,3.48,257.0,257.2
Республика Бурятия,2025,4,3351.0,2302.0,729.0,389.0,4.27,3.53,255.5,261.5
Республика Бурятия,2025,5,3447.0,2272.0,780.0,375.0,4.19,3.74,259.1,265.2
Республика Бурятия,2025,6,3805.0,2470.0,908.0,406.0,4.12,3.57,255.9,264.1
Республика Бурятия,2025,7,4523.0,2821.0,958.0,447.0,4.02,3.61,260.1,266.5
Республика Бурятия,2025,8,4716.0,2879.0,1006.0,469.0,4.38,3.85,265.9,274.6
Республика Бурятия,2025,9,4239.0,2566.0,899.0,409.0,5.15,4.18,265.1,274.5
Республика Бурятия,2025,10,4863.0,2919.0,1003.0,465.0,5.38,4.26,269.3,279.4
Республика Бурятия,2025,11,4621.0,3323.0,886.0,527.0,5.28,4.44,277.0,285.8
Республика Бурятия,2025,12,8000.0,5674.0,1474.0,932.0,5.31,4.49,280.6,289.0
Республика Бурятия,2026,1,3670.0,2737.0,698.0,454.0,5.83,4.99,292.5,300.0
Республика Бурятия,2026,2,3249.0,2135.0,680.0,364.0,4.99,3.62,256.0,261.8
Республика Бурятия,2026,3,3943.0,2421.0,802.0,407.0,5.14,3.4,251.5,255.0
Республика Бурятия,2026,4,5581.0,3679.0,1104.0,624.0,4.76,3.2,245.3,247.5
Республика Бурятия,2026,5,3209.0,1464.0,647.0,246.0,5.66,4.12,257.4,265.9
Республика Бурятия,2026,6,3991.0,1765.0,786.0,291.0,6.14,4.86,271.9,290.8
Республика Бурятия,2026,7,4054.0,1588.0,787.0,260.0,5.8,4.28,249.9,265.2
Республика Дагестан,2019,1,621.0,149.0,243.0,52.0,10.09,9.92,227.1,236.8
Республика Дагестан,2019,2,818.0,206.0,325.0,60.0,9.97,9.51,223.1,228.3
Республика Дагестан,2019,3,777.0,152.0,330.0,57.0,10.57,10.48,218.8,230.2
Республика Дагестан,2019,4,1057.0,213.0,416.0,71.0,10.68,10.23,230.1,230.1
Республика Дагестан,2019,5,765.0,192.0,295.0,60.0,10.58,10.1,232.0,216.5
Республика Дагестан,2019,6,881.0,239.0,337.0,73.0,10.48,10.39,242.6,253.3
Республика Дагестан,2019,7,843.0,131.0,327.0,51.0,10.39,10.06,200.9,205.3
Республика Дагестан,2019,8,920.0,203.0,337.0,61.0,10.05,9.75,239.9,247.7
Республика Дагестан,2019,9,949.0,229.0,375.0,69.0,9.65,8.9,242.9,263.8
Республика Дагестан,2019,10,1169.0,243.0,469.0,75.0,9.47,8.25,226.9,232.0
Республика Дагестан,2019,11,1335.0,350.0,477.0,98.0,9.24,8.66,237.1,247.4
Республика Дагестан,2019,12,1566.0,318.0,608.0,93.0,9.18,8.35,236.0,236.2
Республика Дагестан,2020,1,902.0,236.0,335.0,65.0,9.12,8.45,243.0,254.6
Республика Дагестан,2020,2,1013.0,198.0,384.0,61.0,8.97,8.14,236.2,234.8
Республика Дагестан,2020,3,1097.0,217.0,430.0,71.0,8.9,7.98,238.8,244.7
Республика Дагестан,2020,4,710.0,75.0,314.0,27.0,9.21,8.96,230.4,228.8
Республика Дагестан,2020,5,594.0,155.0,242.0,55.0,8.18,6.06,236.7,218.5
Республика Дагестан,2020,6,1052.0,328.0,405.0,96.0,7.68,5.69,229.8,233.3
Республика Дагестан,2020,7,1417.0,434.0,519.0,112.0,7.7,6.3,228.0,228.5
Республика Дагестан,2020,8,1451.0,454.0,527.0,128.0,7.58,6.22,234.6,238.9
Республика Дагестан,2020,9,1793.0,531.0,646.0,134.0,7.53,6.09,236.1,228.1
Республика Дагестан,2020,10,2328.0,629.0,822.0,157.0,7.5,5.94,238.9,225.8
Республика Дагестан,2020,11,2126.0,542.0,779.0,142.0,7.51,5.78,237.4,229.5
Республика Дагестан,2020,12,2783.0,697.0,958.0,172.0,7.48,5.8,245.3,237.1
Республика Дагестан,2021,1,1238.0,325.0,444.0,82.0,7.32,5.36,238.6,240.5
Республика Дагестан,2021,2,1975.0,572.0,629.0,119.0,7.44,5.81,248.6,248.4
Республика Дагестан,2021,3,2519.0,580.0,850.0,121.0,7.02,5.73,253.3,261.7
Республика Дагестан,2021,4,2517.0,508.0,896.0,122.0,7.08,5.47,249.9,251.0
Республика Дагестан,2021,5,1933.0,335.0,630.0,77.0,7.64,5.23,254.1,245.4
Республика Дагестан,2021,6,2251.0,670.0,696.0,111.0,7.33,5.69,258.6,256.2
Республика Дагестан,2021,7,2245.0,415.0,728.0,84.0,7.56,5.81,250.7,255.8
Республика Дагестан,2021,8,2078.0,282.0,697.0,65.0,8.08,6.41,260.4,240.2
Республика Дагестан,2021,9,2570.0,602.0,815.0,109.0,7.8,6.03,262.5,263.9
Республика Дагестан,2021,10,2968.0,648.0,896.0,126.0,7.73,5.81,266.3,270.6
Республика Дагестан,2021,11,2605.0,669.0,712.0,114.0,7.81,5.53,276.5,265.4
Республика Дагестан,2021,12,2972.0,788.0,788.0,146.0,8.16,5.9,272.0,280.4
Республика Дагестан,2022,1,1624.0,605.0,406.0,113.0,8.13,6.05,275.5,278.1
Республика Дагестан,2022,2,2442.0,665.0,678.0,123.0,8.89,6.12,286.0,288.6
Республика Дагестан,2022,3,2718.0,703.0,776.0,146.0,9.26,5.53,281.8,300.3
Республика Дагестан,2022,4,794.0,468.0,292.0,84.0,9.06,5.6,281.4,301.8
Республика Дагестан,2022,5,699.0,394.0,232.0,64.0,8.53,4.11,287.7,283.9
Республика Дагестан,2022,6,1158.0,623.0,441.0,83.0,6.72,3.26,291.8,306.6
Республика Дагестан,2022,7,1602.0,702.0,579.0,95.0,7.68,4.02,290.4,304.2
Республика Дагестан,2022,8,2208.0,766.0,778.0,101.0,7.95,4.09,305.1,327.7
Республика Дагестан,2022,9,2908.0,901.0,1019.0,136.0,7.71,3.04,301.1,330.0
Республика Дагестан,2022,10,2628.0,618.0,994.0,99.0,8.63,3.49,296.8,314.5
Республика Дагестан,2022,11,3234.0,925.0,1133.0,145.0,8.09,3.05,300.1,335.2
Республика Дагестан,2022,12,4649.0,1744.0,1430.0,256.0,7.37,2.53,305.2,332.3
Республика Дагестан,2023,1,2009.0,629.0,688.0,101.0,8.7,4.38,302.0,323.2
Республика Дагестан,2023,2,2548.0,857.0,865.0,142.0,8.78,5.12,304.8,320.8
Республика Дагестан,2023,3,3361.0,1078.0,1094.0,194.0,8.99,5.01,302.0,325.4
Республика Дагестан,2023,4,3476.0,938.0,1090.0,180.0,9.71,5.8,311.6,331.8
Республика Дагестан,2023,5,3538.0,1165.0,1168.0,240.0,9.31,5.95,313.4,323.2
Республика Дагестан,2023,6,3853.0,1056.0,1338.0,191.0,9.74,6.17,313.0,314.0
Республика Дагестан,2023,7,3525.0,1033.0,1197.0,190.0,9.34,5.55,314.8,330.6
Республика Дагестан,2023,8,4457.0,1417.0,1393.0,284.0,9.26,5.73,318.7,325.9
Республика Дагестан,2023,9,5313.0,2099.0,1817.0,366.0,9.3,5.75,320.3,337.0
Республика Дагестан,2023,10,4516.0,1524.0,1785.0,279.0,10.06,5.74,315.4,328.5
Республика Дагестан,2023,11,4202.0,1902.0,1564.0,331.0,9.4,6.03,315.4,333.7
Республика Дагестан,2023,12,4955.0,2712.0,1932.0,485.0,9.04,5.89,322.0,336.5
Республика Дагестан,2024,1,1862.0,826.0,993.0,151.0,10.51,5.96,319.1,331.8
Республика Дагестан,2024,2,2212.0,847.0,1271.0,156.0,11.59,6.54,310.1,323.7
Республика Дагестан,2024,3,2172.0,1044.0,968.0,178.0,10.11,6.19,315.2,330.7
Республика Дагестан,2024,4,2023.0,942.0,931.0,174.0,10.39,5.92,318.2,337.0
Республика Дагестан,2024,5,2822.0,1540.0,1098.0,279.0,9.18,5.94,322.8,339.9
Республика Дагестан,2024,6,3594.0,2501.0,864.0,432.0,7.46,5.93,328.4,340.4
Республика Дагестан,2024,7,1864.0,849.0,489.0,140.0,10.24,6.07,311.6,340.3
Республика Дагестан,2024,8,2115.0,1168.0,509.0,186.0,9.57,5.97,323.2,344.6
Республика Дагестан,2024,9,2507.0,1513.0,613.0,252.0,9.47,5.96,322.2,341.8
Республика Дагестан,2024,10,2085.0,1285.0,521.0,188.0,9.45,5.55,324.5,345.7
Республика Дагестан,2024,11,1631.0,1144.0,460.0,188.0,9.16,5.83,322.8,341.7
Республика Дагестан,2024,12,1815.0,1452.0,451.0,236.0,7.97,5.92,329.9,345.9
Республика Дагестан,2025,1,800.0,581.0,272.0,99.0,9.35,5.83,320.9,339.7
Республика Дагестан,2025,2,1387.0,978.0,433.0,151.0,7.78,6.0,317.7,335.7
Республика Дагестан,2025,3,1472.0,1080.0,429.0,176.0,7.61,5.97,321.7,336.0
Республика Дагестан,2025,4,1481.0,934.0,464.0,157.0,8.06,6.02,317.4,338.5
Республика Дагестан,2025,5,1449.0,951.0,379.0,155.0,7.84,6.17,322.4,337.6
Республика Дагестан,2025,6,1704.0,1118.0,442.0,168.0,8.21,6.17,324.6,339.1
Республика Дагестан,2025,7,1822.0,1219.0,486.0,188.0,8.1,6.22,327.1,347.2
Республика Дагестан,2025,8,2028.0,1344.0,480.0,207.0,7.5,5.92,323.9,344.5
Республика Дагестан,2025,9,1908.0,1260.0,510.0,199.0,7.91,5.93,314.7,334.8
Республика Дагестан,2025,10,2690.0,1879.0,550.0,279.0,7.67,6.17,328.5,338.7
Республика Дагестан,2025,11,2480.0,1749.0,533.0,271.0,7.17,5.93,327.9,338.5
Республика Дагестан,2025,12,4072.0,2929.0,800.0,459.0,6.82,6.01,329.7,343.4
Республика Дагестан,2026,1,1994.0,1436.0,406.0,217.0,7.05,5.94,325.9,337.6
Республика Дагестан,2026,2,1188.0,701.0,327.0,109.0,8.7,6.07,316.3,347.6
Республика Дагестан,2026,3,1337.0,728.0,357.0,110.0,9.0,6.7,306.2,331.1
Республика Дагестан,2026,4,1305.0,707.0,343.0,107.0,8.98,6.95,306.3,329.4
Республика Дагестан,2026,5,1140.0,608.0,282.0,94.0,9.04,6.94,311.6,336.5
Республика Дагестан,2026,6,1853.0,1300.0,343.0,203.0,7.62,6.38,323.7,336.8
Республика Дагестан,2026,7,1355.0,757.0,265.0,122.0,8.65,6.5,320.4,339.0
Республика Ингушетия,2019,1,16.0,0.0,8.0,0.0,9.67,,160.4,
Республика Ингушетия,2019,2,48.0,25.0,19.0,8.0,11.0,11.15,252.9,259.4
Республика Ингушетия,2019,3,25.0,14.0,16.0,7.0,11.3,11.4,237.0,268.9
Республика Ингушетия,2019,4,17.0,6.0,7.0,1.0,10.63,10.49,260.3,299.0
Республика Ингушетия,2019,5,13.0,0.0,5.0,0.0,11.0,,210.7,
Республика Ингушетия,2019,6,23.0,7.0,12.0,3.0,10.57,10.73,240.4,309.4
Республика Ингушетия,2019,7,38.0,2.0,15.0,1.0,10.38,11.5,244.2,204.0
Республика Ингушетия,2019,8,24.0,6.0,11.0,2.0,9.62,8.55,211.4,201.7
Республика Ингушетия,2019,9,41.0,23.0,18.0,7.0,9.59,9.4,268.9,301.7
Республика Ингушетия,2019,10,61.0,22.0,23.0,6.0,9.54,8.46,241.6,292.4
Республика Ингушетия,2019,11,24.0,6.0,15.0,3.0,9.75,9.8,244.2,340.5
Республика Ингушетия,2019,12,67.0,36.0,23.0,9.0,8.96,8.56,249.1,235.7
Республика Ингушетия,2020,1,53.0,32.0,23.0,9.0,8.58,8.19,187.0,218.0
Республика Ингушетия,2020,2,80.0,13.0,22.0,5.0,9.35,9.64,133.8,293.2
Республика Ингушетия,2020,3,37.0,11.0,23.0,5.0,9.54,9.6,291.4,320.0
Республика Ингушетия,2020,4,29.0,10.0,12.0,1.0,9.27,9.3,270.4,362.0
Республика Ингушетия,2020,5,25.0,12.0,10.0,3.0,7.3,5.4,220.3,233.8
Республика Ингушетия,2020,6,93.0,50.0,42.0,14.0,7.79,7.0,261.4,295.4
Республика Ингушетия,2020,7,68.0,10.0,50.0,4.0,8.74,8.9,254.5,257.5
Республика Ингушетия,2020,8,97.0,30.0,60.0,8.0,8.0,7.24,231.6,205.7
Республика Ингушетия,2020,9,147.0,54.0,120.0,13.0,8.27,7.12,262.7,214.4
Республика Ингушетия,2020,10,139.0,38.0,118.0,7.0,7.57,3.72,246.8,170.7
Республика Ингушетия,2020,11,130.0,18.0,142.0,5.0,8.31,7.19,274.6,240.1
Республика Ингушетия,2020,12,190.0,14.0,247.0,2.0,8.63,5.7,260.7,182.8
Республика Ингушетия,2021,1,89.0,17.0,108.0,3.0,8.03,6.06,287.5,273.8
Республика Ингушетия,2021,2,97.0,34.0,92.0,5.0,7.68,6.31,253.3,229.5
Республика Ингушетия,2021,3,174.0,30.0,149.0,3.0,7.38,4.2,251.8,169.8
Республика Ингушетия,2021,4,165.0,24.0,144.0,6.0,7.86,5.23,244.5,183.5
Республика Ингушетия,2021,5,86.0,16.0,105.0,3.0,8.24,5.46,276.1,301.3
Республика Ингушетия,2021,6,119.0,6.0,155.0,1.0,8.55,5.5,282.1,330.3
Республика Ингушетия,2021,7,182.0,15.0,212.0,6.0,8.86,7.51,256.3,253.4
Республика Ингушетия,2021,8,165.0,20.0,147.0,4.0,8.43,6.83,249.3,241.7
Республика Ингушетия,2021,9,202.0,19.0,212.0,5.0,8.57,5.46,266.5,285.2
Республика Ингушетия,2021,10,187.0,30.0,246.0,4.0,8.84,7.31,273.7,243.3
Республика Ингушетия,2021,11,139.0,43.0,93.0,8.0,8.8,8.63,256.1,241.2
Республика Ингушетия,2021,12,104.0,46.0,50.0,10.0,8.09,5.62,233.9,179.0
Республика Ингушетия,2022,1,44.0,7.0,17.0,1.0,11.02,9.3,269.8,360.0
Республика Ингушетия,2022,2,130.0,22.0,66.0,3.0,9.77,3.8,260.4,124.8
Республика Ингушетия,2022,3,145.0,54.0,61.0,9.0,10.05,6.31,282.5,232.7
Республика Ингушетия,2022,4,74.0,27.0,42.0,7.0,10.76,3.24,314.9,343.4
Республика Ингушетия,2022,5,22.0,10.0,19.0,3.0,11.93,4.86,245.4,213.5
Республика Ингушетия,2022,6,50.0,15.0,21.0,2.0,6.55,2.5,318.6,361.7
Республика Ингушетия,2022,7,60.0,14.0,37.0,2.0,8.98,3.11,317.9,349.7
Республика Ингушетия,2022,8,132.0,25.0,65.0,3.0,8.03,2.3,297.5,352.7
Республика Ингушетия,2022,9,115.0,24.0,61.0,3.0,8.76,1.2,317.0,306.7
Республика Ингушетия,2022,10,123.0,15.0,60.0,4.0,10.09,6.4,285.7,321.4
Республика Ингушетия,2022,11,120.0,15.0,60.0,2.0,9.02,0.1,274.9,351.2
Республика Ингушетия,2022,12,227.0,86.0,105.0,12.0,8.69,4.59,318.4,330.5
Республика Ингушетия,2023,1,122.0,26.0,43.0,3.0,8.8,3.48,322.1,343.7
Республика Ингушетия,2023,2,117.0,14.0,57.0,4.0,10.29,5.84,304.7,269.5
Республика Ингушетия,2023,3,135.0,42.0,53.0,4.0,8.91,3.8,318.1,337.8
Республика Ингушетия,2023,4,96.0,4.0,54.0,1.0,11.37,5.7,295.9,360.0
Республика Ингушетия,2023,5,161.0,26.0,63.0,6.0,10.54,6.51,273.5,309.4
Республика Ингушетия,2023,6,214.0,62.0,87.0,11.0,9.59,5.99,312.8,303.0
Республика Ингушетия,2023,7,160.0,31.0,80.0,6.0,9.62,5.31,307.7,312.4
Республика Ингушетия,2023,8,183.0,68.0,81.0,19.0,9.44,6.01,307.1,322.7
Республика Ингушетия,2023,9,232.0,91.0,106.0,18.0,9.95,5.85,313.7,310.8
Республика Ингушетия,2023,10,246.0,55.0,127.0,9.0,10.23,5.28,298.2,310.5
Республика Ингушетия,2023,11,261.0,92.0,141.0,14.0,10.76,6.65,302.7,284.3
Республика Ингушетия,2023,12,200.0,92.0,141.0,14.0,10.96,5.77,302.7,287.2
Республика Ингушетия,2024,1,105.0,10.0,119.0,2.0,14.31,5.9,340.0,310.1
Республика Ингушетия,2024,2,196.0,56.0,161.0,8.0,10.99,5.77,334.4,343.0
Республика Ингушетия,2024,3,182.0,76.0,150.0,10.0,12.37,5.9,321.7,296.9
Республика Ингушетия,2024,4,150.0,49.0,141.0,9.0,12.45,6.66,334.0,318.3
Республика Ингушетия,2024,5,189.0,60.0,171.0,8.0,11.69,6.09,327.1,344.3
Республика Ингушетия,2024,6,140.0,77.0,78.0,11.0,8.57,5.88,331.6,336.0
Республика Ингушетия,2024,7,98.0,56.0,36.0,6.0,9.08,5.57,308.9,349.1
Республика Ингушетия,2024,8,173.0,103.0,65.0,12.0,12.1,9.99,304.3,314.4
Республика Ингушетия,2024,9,96.0,21.0,50.0,4.0,16.26,5.32,343.0,343.7
Республика Ингушетия,2024,10,164.0,78.0,70.0,10.0,15.95,8.57,298.3,266.0
Республика Ингушетия,2024,11,84.0,18.0,76.0,3.0,18.77,4.89,283.2,316.2
Республика Ингушетия,2024,12,121.0,43.0,85.0,7.0,17.81,5.26,304.8,295.1
Республика Ингушетия,2025,1,47.0,14.0,53.0,2.0,22.56,6.0,317.0,315.3
Республика Ингушетия,2025,2,86.0,47.0,70.0,10.0,16.11,6.49,321.3,325.7
Республика Ингушетия,2025,3,78.0,27.0,82.0,5.0,19.59,5.35,321.4,309.2
Республика Ингушетия,2025,4,73.0,6.0,80.0,2.0,19.72,5.99,308.8,350.8
Республика Ингушетия,2025,5,81.0,29.0,74.0,6.0,16.58,5.76,323.3,333.4
Республика Ингушетия,2025,6,72.0,22.0,72.0,4.0,17.23,7.2,284.6,299.3
Республика Ингушетия,2025,7,122.0,36.0,93.0,6.0,13.65,5.79,320.8,315.9
Республика Ингушетия,2025,8,79.0,26.0,66.0,6.0,12.6,5.71,316.4,348.6
Республика Ингушетия,2025,9,131.0,64.0,85.0,10.0,10.36,6.06,303.3,310.3
Республика Ингушетия,2025,10,110.0,46.0,78.0,6.0,11.19,5.91,325.7,340.8
Республика Ингушетия,2025,11,124.0,55.0,84.0,6.0,9.9,5.82,332.6,353.4
Республика Ингушетия,2025,12,239.0,133.0,129.0,18.0,9.47,6.35,330.7,335.1
Республика Ингушетия,2026,1,61.0,31.0,42.0,4.0,10.12,5.74,309.2,339.0
Республика Ингушетия,2026,2,112.0,54.0,80.0,6.0,13.4,9.79,286.4,331.8
Республика Ингушетия,2026,3,84.0,14.0,81.0,2.0,16.01,14.1,286.1,227.9
Республика Ингушетия,2026,4,71.0,12.0,84.0,2.0,15.5,5.96,300.0,299.1
Республика Ингушетия,2026,5,107.0,37.0,67.0,5.0,13.48,5.76,269.8,297.8
Республика Ингушетия,2026,6,99.0,27.0,77.0,5.0,12.93,5.99,336.3,332.5
Республика Ингушетия,2026,7,75.0,20.0,71.0,4.0,14.84,6.0,349.3,356.0
Республика Калмыкия,2019,1,378.0,135.0,159.0,41.0,9.87,9.98,227.1,232.6
Республика Калмыкия,2019,2,441.0,201.0,189.0,64.0,10.13,10.18,220.3,220.9
Республика Калмыкия,2019,3,373.0,133.0,156.0,35.0,10.51,10.25,230.9,260.3
Республика Калмыкия,2019,4,367.0,110.0,176.0,37.0,10.74,10.26,234.1,243.4
Республика Калмыкия,2019,5,411.0,160.0,175.0,50.0,10.45,9.98,233.2,251.7
Республика Калмыкия,2019,6,408.0,175.0,188.0,61.0,10.36,9.9,221.4,219.0
Республика Калмыкия,2019,7,360.0,86.0,186.0,34.0,10.46,10.09,218.0,224.3
Республика Калмыкия,2019,8,439.0,173.0,205.0,58.0,10.05,9.67,212.6,238.5
Республика Калмыкия,2019,9,498.0,196.0,209.0,58.0,9.88,9.51,218.6,231.4
Республика Калмыкия,2019,10,498.0,178.0,236.0,66.0,9.44,9.02,225.0,232.7
Республика Калмыкия,2019,11,578.0,167.0,249.0,53.0,9.28,8.6,228.5,252.2
Республика Калмыкия,2019,12,624.0,218.0,264.0,63.0,9.12,8.6,224.5,233.8
Республика Калмыкия,2020,1,421.0,135.0,175.0,39.0,8.98,8.75,240.5,249.6
Республика Калмыкия,2020,2,443.0,173.0,181.0,51.0,8.98,8.46,236.5,239.3
Республика Калмыкия,2020,3,525.0,251.0,188.0,64.0,8.82,8.47,256.0,272.0
Республика Калмыкия,2020,4,316.0,83.0,128.0,22.0,8.65,7.41,237.9,233.7
Республика Калмыкия,2020,5,304.0,133.0,141.0,53.0,7.46,5.86,230.0,212.7
Республика Калмыкия,2020,6,523.0,254.0,225.0,89.0,7.37,5.92,225.5,221.5
Республика Калмыкия,2020,7,731.0,355.0,282.0,103.0,6.89,5.59,220.2,221.7
Республика Калмыкия,2020,8,806.0,350.0,334.0,109.0,7.05,5.83,215.5,221.2
Республика Калмыкия,2020,9,1005.0,414.0,409.0,113.0,7.25,6.06,234.2,238.7
Республика Калмыкия,2020,10,1031.0,392.0,388.0,99.0,7.27,5.92,235.9,242.6
Республика Калмыкия,2020,11,923.0,275.0,348.0,73.0,7.48,5.9,232.5,228.0
Республика Калмыкия,2020,12,971.0,257.0,359.0,69.0,7.56,6.04,226.3,209.4
Республика Калмыкия,2021,1,467.0,235.0,166.0,63.0,7.01,5.98,234.4,235.5
Республика Калмыкия,2021,2,637.0,255.0,226.0,65.0,7.1,5.85,255.4,257.5
Республика Калмыкия,2021,3,733.0,259.0,276.0,64.0,7.0,5.89,239.0,253.9
Республика Калмыкия,2021,4,822.0,321.0,293.0,70.0,6.91,5.35,246.8,259.8
Республика Калмыкия,2021,5,683.0,245.0,230.0,51.0,7.0,4.94,248.4,242.9
Республика Калмыкия,2021,6,1142.0,560.0,355.0,115.0,6.64,5.12,262.0,268.5
Республика Калмыкия,2021,7,803.0,221.0,286.0,59.0,7.58,5.91,258.2,263.7
Республика Калмыкия,2021,8,859.0,219.0,294.0,51.0,8.01,6.66,263.4,258.9
Республика Калмыкия,2021,9,1003.0,366.0,310.0,62.0,7.55,5.86,261.6,276.8
Республика Калмыкия,2021,10,1023.0,296.0,319.0,67.0,7.88,6.18,258.9,273.3
Республика Калмыкия,2021,11,954.0,285.0,310.0,64.0,7.8,5.74,262.1,270.5
Республика Калмыкия,2021,12,1133.0,482.0,316.0,83.0,7.72,6.01,262.6,256.5
Республика Калмыкия,2022,1,598.0,197.0,153.0,34.0,8.53,5.89,260.9,276.6
Республика Калмыкия,2022,2,840.0,319.0,222.0,60.0,8.06,5.89,277.3,268.4
Республика Калмыкия,2022,3,1045.0,362.0,325.0,82.0,8.64,5.45,291.8,299.9
Республика Калмыкия,2022,4,273.0,157.0,68.0,33.0,7.87,5.09,276.5,291.8
Республика Калмыкия,2022,5,276.0,213.0,62.0,39.0,4.39,2.84,285.6,285.4
Республика Калмыкия,2022,6,425.0,313.0,103.0,50.0,6.13,4.68,298.2,311.7
Республика Калмыкия,2022,7,729.0,413.0,191.0,65.0,6.37,3.8,281.5,290.6
Республика Калмыкия,2022,8,1063.0,466.0,276.0,67.0,6.36,2.61,289.4,325.1
Республика Калмыкия,2022,9,1246.0,598.0,301.0,84.0,6.39,3.14,285.8,301.2
Республика Калмыкия,2022,10,1067.0,414.0,276.0,60.0,7.11,3.74,290.4,302.5
Республика Калмыкия,2022,11,1217.0,550.0,302.0,86.0,6.78,3.04,295.2,312.0
Республика Калмыкия,2022,12,1652.0,797.0,368.0,112.0,5.99,2.45,307.7,331.4
Республика Калмыкия,2023,1,623.0,205.0,174.0,38.0,8.35,4.55,287.8,311.0
Республика Калмыкия,2023,2,942.0,421.0,234.0,71.0,7.76,4.82,302.6,315.6
Республика Калмыкия,2023,3,1154.0,424.0,291.0,84.0,8.26,5.16,298.8,321.6
Республика Калмыкия,2023,4,1343.0,562.0,308.0,101.0,8.56,6.19,295.1,318.4
Республика Калмыкия,2023,5,1203.0,478.0,326.0,99.0,8.74,6.17,301.8,316.9
Республика Калмыкия,2023,6,1535.0,676.0,392.0,135.0,8.38,6.37,301.4,325.5
Республика Калмыкия,2023,7,1647.0,654.0,394.0,125.0,8.86,6.75,305.4,323.1
Республика Калмыкия,2023,8,2259.0,985.0,510.0,185.0,8.6,6.14,311.0,324.2
Республика Калмыкия,2023,9,2642.0,1214.0,558.0,203.0,8.42,6.08,304.4,327.4
Республика Калмыкия,2023,10,2151.0,941.0,490.0,162.0,9.0,6.67,310.1,315.3
Республика Калмыкия,2023,11,2082.0,1075.0,481.0,206.0,8.32,6.19,319.5,330.1
Республика Калмыкия,2023,12,2442.0,1628.0,470.0,253.0,8.28,6.64,313.8,325.7
Республика Калмыкия,2024,1,681.0,391.0,176.0,80.0,8.81,6.72,298.5,308.9
Республика Калмыкия,2024,2,813.0,370.0,191.0,62.0,10.67,8.13,318.8,323.6
Республика Калмыкия,2024,3,1158.0,689.0,246.0,115.0,8.52,6.71,318.8,331.8
Республика Калмыкия,2024,4,957.0,566.0,199.0,85.0,8.21,6.58,304.3,323.1
Республика Калмыкия,2024,5,1287.0,757.0,276.0,130.0,8.1,6.39,317.3,337.6
Республика Калмыкия,2024,6,2357.0,1682.0,474.0,287.0,7.52,6.36,322.3,323.5
Республика Калмыкия,2024,7,986.0,464.0,209.0,65.0,11.84,8.86,300.1,309.3
Республика Калмыкия,2024,8,1158.0,601.0,240.0,90.0,9.57,5.94,319.9,337.8
Республика Калмыкия,2024,9,1050.0,613.0,207.0,96.0,9.44,6.25,324.5,340.9
Республика Калмыкия,2024,10,1000.0,599.0,181.0,75.0,10.97,7.25,313.2,330.9
Республика Калмыкия,2024,11,642.0,410.0,144.0,71.0,8.8,5.91,320.0,336.1
Республика Калмыкия,2024,12,791.0,518.0,136.0,78.0,9.28,6.3,308.2,335.4
Республика Калмыкия,2025,1,331.0,266.0,68.0,41.0,8.51,5.93,311.3,319.2
Республика Калмыкия,2025,2,505.0,321.0,89.0,45.0,8.86,6.46,293.4,312.5
Республика Калмыкия,2025,3,852.0,608.0,142.0,82.0,8.14,7.43,326.1,324.4
Республика Калмыкия,2025,4,856.0,541.0,150.0,75.0,8.15,6.65,324.3,331.3
Республика Калмыкия,2025,5,900.0,651.0,145.0,89.0,8.17,6.8,319.6,330.8
Республика Калмыкия,2025,6,966.0,670.0,171.0,94.0,7.67,6.46,337.0,347.7
Республика Калмыкия,2025,7,1259.0,863.0,207.0,113.0,7.12,6.31,328.9,337.2
Республика Калмыкия,2025,8,1409.0,907.0,228.0,116.0,8.25,7.38,327.1,335.2
Республика Калмыкия,2025,9,1472.0,1019.0,232.0,130.0,8.72,7.2,325.1,340.8
Республика Калмыкия,2025,10,1807.0,1227.0,278.0,166.0,8.28,6.92,324.0,338.0
Республика Калмыкия,2025,11,1881.0,1364.0,274.0,173.0,7.85,6.88,327.4,339.0
Республика Калмыкия,2025,12,3287.0,2230.0,528.0,313.0,8.15,6.94,327.4,339.3
Республика Калмыкия,2026,1,1699.0,1145.0,265.0,168.0,7.65,6.09,332.1,339.3
Республика Калмыкия,2026,2,851.0,509.0,160.0,82.0,9.18,6.43,322.5,343.7
Республика Калмыкия,2026,3,1127.0,545.0,165.0,68.0,11.69,9.09,312.5,323.8
Республика Калмыкия,2026,4,928.0,417.0,189.0,61.0,9.82,7.66,309.3,328.1
Республика Калмыкия,2026,5,863.0,424.0,152.0,55.0,9.95,7.94,317.6,340.0
Республика Калмыкия,2026,6,1599.0,778.0,270.0,111.0,8.74,6.45,317.9,338.5
Республика Калмыкия,2026,7,1273.0,565.0,247.0,87.0,11.43,8.35,310.5,329.6
Республика Карелия,2019,1,737.0,254.0,437.0,123.0,9.8,9.59,194.4,202.4
Республика Карелия,2019,2,1066.0,347.0,587.0,165.0,10.15,9.91,199.3,202.8
Республика Карелия,2019,3,847.0,293.0,488.0,150.0,10.3,10.19,201.5,208.8
Республика Карелия,2019,4,969.0,346.0,547.0,155.0,10.46,9.94,203.0,211.1
Республика Карелия,2019,5,627.0,187.0,364.0,93.0,10.6,10.26,206.1,226.3
Республика Карелия,2019,6,794.0,274.0,444.0,130.0,10.12,9.94,203.3,211.9
Республика Карелия,2019,7,885.0,256.0,485.0,107.0,10.12,9.74,200.8,211.0
Республика Карелия,2019,8,924.0,291.0,502.0,144.0,9.67,9.35,203.6,209.1
Республика Карелия,2019,9,1082.0,412.0,607.0,205.0,9.68,9.45,196.6,212.9
Республика Карелия,2019,10,1128.0,367.0,615.0,174.0,9.45,9.27,202.9,210.6
Республика Карелия,2019,11,1165.0,361.0,630.0,164.0,9.29,8.85,197.9,203.0
Республика Карелия,2019,12,1495.0,475.0,798.0,217.0,9.06,8.66,206.8,211.0
Республика Карелия,2020,1,775.0,280.0,426.0,125.0,8.93,8.57,198.6,208.4
Республика Карелия,2020,2,1142.0,375.0,604.0,171.0,9.02,8.76,209.0,221.9
Республика Карелия,2020,3,1203.0,423.0,634.0,186.0,8.88,8.58,204.9,218.5
Республика Карелия,2020,4,836.0,302.0,450.0,149.0,8.45,7.9,199.7,219.3
Республика Карелия,2020,5,1030.0,493.0,524.0,216.0,7.74,6.76,199.5,203.1
Республика Карелия,2020,6,1341.0,664.0,675.0,281.0,7.32,6.28,201.4,209.3
Республика Карелия,2020,7,1525.0,770.0,761.0,325.0,7.09,6.03,198.1,198.6
Республика Карелия,2020,8,1532.0,731.0,752.0,306.0,7.12,6.17,206.0,211.5
Республика Карелия,2020,9,2179.0,893.0,1074.0,367.0,7.26,6.19,200.5,201.5
Республика Карелия,2020,10,2432.0,993.0,1174.0,392.0,7.23,6.13,205.7,204.6
Республика Карелия,2020,11,2043.0,805.0,971.0,323.0,7.19,6.23,206.5,203.3
Республика Карелия,2020,12,2097.0,658.0,950.0,243.0,7.32,6.03,216.1,214.5
Республика Карелия,2021,1,888.0,278.0,396.0,89.0,7.29,6.05,223.2,233.2
Республика Карелия,2021,2,1313.0,297.0,591.0,100.0,7.17,5.84,215.6,227.6
Республика Карелия,2021,3,1852.0,627.0,827.0,206.0,7.18,6.31,223.9,240.0
Республика Карелия,2021,4,1916.0,621.0,802.0,211.0,7.3,5.87,232.8,241.0
Республика Карелия,2021,5,1615.0,545.0,668.0,170.0,7.16,5.48,234.8,238.3
Республика Карелия,2021,6,2014.0,902.0,828.0,297.0,6.91,5.48,234.6,242.7
Республика Карелия,2021,7,1460.0,383.0,629.0,122.0,7.47,6.08,234.8,248.3
Республика Карелия,2021,8,1503.0,405.0,607.0,126.0,7.7,6.45,241.7,243.8
Республика Карелия,2021,9,1620.0,458.0,651.0,136.0,7.62,6.22,244.1,252.1
Республика Карелия,2021,10,1797.0,563.0,677.0,177.0,7.71,6.23,249.7,254.8
Республика Карелия,2021,11,1868.0,666.0,698.0,193.0,7.64,5.89,240.4,244.3
Республика Карелия,2021,12,2028.0,733.0,755.0,225.0,7.88,6.04,252.4,255.1
Республика Карелия,2022,1,1102.0,412.0,374.0,119.0,7.92,5.87,263.6,273.4
Республика Карелия,2022,2,1531.0,536.0,518.0,141.0,8.36,6.18,261.7,271.8
Республика Карелия,2022,3,1729.0,784.0,619.0,226.0,8.18,5.65,260.2,268.9
Республика Карелия,2022,4,423.0,236.0,157.0,58.0,7.54,5.52,257.1,281.1
Республика Карелия,2022,5,306.0,193.0,114.0,39.0,6.73,4.36,254.0,277.8
Республика Карелия,2022,6,718.0,328.0,217.0,57.0,6.45,2.74,264.4,295.3
Республика Карелия,2022,7,975.0,399.0,317.0,75.0,6.86,3.3,261.9,292.6
Республика Карелия,2022,8,1264.0,428.0,425.0,87.0,7.18,4.11,263.0,298.9
Республика Карелия,2022,9,1608.0,607.0,482.0,110.0,7.0,3.59,270.1,296.8
Республика Карелия,2022,10,1512.0,501.0,516.0,107.0,7.53,4.17,272.5,305.8
Республика Карелия,2022,11,1684.0,539.0,526.0,109.0,7.65,3.87,281.4,316.8
Республика Карелия,2022,12,2333.0,917.0,685.0,199.0,7.38,4.07,273.1,297.0
Республика Карелия,2023,1,957.0,326.0,312.0,66.0,8.61,5.91,272.5,306.8
Республика Карелия,2023,2,1339.0,471.0,440.0,109.0,8.74,5.61,274.5,298.3
Республика Карелия,2023,3,1876.0,747.0,547.0,159.0,8.25,6.16,276.7,309.8
Республика Карелия,2023,4,1553.0,522.0,500.0,123.0,8.71,5.98,276.1,306.3
Республика Карелия,2023,5,2120.0,595.0,640.0,137.0,8.7,5.78,281.4,312.9
Республика Карелия,2023,6,1825.0,532.0,597.0,135.0,8.81,6.11,276.7,291.3
Республика Карелия,2023,7,2017.0,710.0,626.0,171.0,8.34,5.89,280.7,301.6
Республика Карелия,2023,8,2915.0,1203.0,824.0,269.0,8.22,6.08,278.0,297.7
Республика Карелия,2023,9,3151.0,1355.0,845.0,305.0,8.32,5.75,287.7,299.0
Республика Карелия,2023,10,2507.0,1125.0,753.0,247.0,8.8,6.13,283.2,297.1
Республика Карелия,2023,11,2429.0,1118.0,705.0,244.0,8.99,6.1,289.0,296.8
Республика Карелия,2023,12,2446.0,1346.0,702.0,302.0,7.96,6.33,281.1,294.9
Республика Карелия,2024,1,842.0,407.0,271.0,99.0,8.18,6.48,274.7,292.6
Республика Карелия,2024,2,937.0,370.0,304.0,80.0,9.09,6.23,275.1,295.1
Республика Карелия,2024,3,1137.0,582.0,367.0,123.0,8.25,6.18,286.6,306.1
Республика Карелия,2024,4,1413.0,593.0,427.0,130.0,9.14,6.25,270.4,302.1
Республика Карелия,2024,5,1602.0,851.0,505.0,186.0,8.03,6.24,279.2,298.3
Республика Карелия,2024,6,2247.0,1402.0,640.0,307.0,7.56,6.6,290.6,305.3
Республика Карелия,2024,7,1034.0,280.0,377.0,59.0,10.21,5.68,267.2,306.4
Республика Карелия,2024,8,1191.0,504.0,349.0,98.0,9.54,6.81,286.3,323.5
Республика Карелия,2024,9,1070.0,536.0,332.0,108.0,8.72,6.35,283.6,312.2
Республика Карелия,2024,10,1025.0,461.0,340.0,94.0,10.81,6.63,274.3,310.2
Республика Карелия,2024,11,770.0,435.0,229.0,84.0,9.88,6.16,290.7,316.5
Республика Карелия,2024,12,765.0,455.0,227.0,88.0,11.08,8.21,291.7,318.6
Республика Карелия,2025,1,257.0,178.0,85.0,31.0,8.13,5.7,302.4,335.7
Республика Карелия,2025,2,539.0,248.0,161.0,57.0,7.52,5.98,295.2,324.8
Республика Карелия,2025,3,673.0,447.0,178.0,94.0,7.85,6.29,296.5,322.1
Республика Карелия,2025,4,723.0,355.0,215.0,81.0,7.13,6.0,286.1,315.0
Республика Карелия,2025,5,761.0,446.0,207.0,96.0,7.36,5.95,290.9,317.0
Республика Карелия,2025,6,750.0,361.0,220.0,78.0,8.25,6.56,284.3,312.7
Республика Карелия,2025,7,1046.0,414.0,281.0,83.0,7.76,6.11,279.4,320.7
Республика Карелия,2025,8,1103.0,521.0,279.0,100.0,7.56,5.87,294.3,327.4
Республика Карелия,2025,9,1377.0,687.0,352.0,135.0,8.42,6.05,289.7,320.1
Республика Карелия,2025,10,1363.0,676.0,363.0,130.0,8.23,6.16,291.4,322.6
Республика Карелия,2025,11,1504.0,829.0,378.0,161.0,7.72,6.37,293.8,322.2
Республика Карелия,2025,12,2308.0,1266.0,578.0,256.0,7.88,6.4,296.4,318.7
Республика Карелия,2026,1,1117.0,638.0,277.0,127.0,7.84,6.43,300.7,322.1
Республика Карелия,2026,2,1003.0,367.0,301.0,90.0,9.68,6.78,270.8,310.6
Республика Карелия,2026,3,1086.0,451.0,310.0,100.0,10.15,6.66,261.9,300.3
Республика Карелия,2026,4,1127.0,467.0,332.0,107.0,10.1,7.89,265.2,297.7
Республика Карелия,2026,5,1215.0,495.0,358.0,105.0,10.22,6.93,260.9,294.4
Республика Карелия,2026,6,1543.0,878.0,384.0,181.0,8.41,6.4,284.8,311.8
Республика Карелия,2026,7,1221.0,518.0,359.0,115.0,10.85,8.0,273.9,308.2
Республика Коми,2019,1,1310.0,408.0,698.0,190.0,9.77,9.66,191.2,186.6
Республика Коми,2019,2,1586.0,467.0,839.0,210.0,10.09,10.04,199.9,195.6
Республика Коми,2019,3,1335.0,383.0,691.0,170.0,10.38,10.01,199.3,189.1
Республика Коми,2019,4,1605.0,503.0,789.0,199.0,10.55,10.24,202.1,207.9
Республика Коми,2019,5,1223.0,455.0,613.0,177.0,10.57,10.33,204.8,199.6
Республика Коми,2019,6,1481.0,480.0,757.0,214.0,10.3,9.97,202.6,191.1
Республика Коми,2019,7,1646.0,451.0,843.0,211.0,10.31,10.05,209.5,204.1
Республика Коми,2019,8,1850.0,556.0,883.0,229.0,9.87,9.42,211.1,201.0
Республика Коми,2019,9,1606.0,540.0,820.0,244.0,9.75,9.51,209.4,196.9
Республика Коми,2019,10,1886.0,590.0,956.0,254.0,9.42,9.14,203.5,193.1
Республика Коми,2019,11,1852.0,522.0,924.0,225.0,9.26,8.76,206.2,211.0
Республика Коми,2019,12,2386.0,522.0,1144.0,218.0,9.04,8.64,201.0,209.4
Республика Коми,2020,1,1313.0,365.0,665.0,139.0,8.88,8.13,199.0,201.6
Республика Коми,2020,2,1598.0,322.0,810.0,141.0,9.09,8.97,207.1,206.7
Республика Коми,2020,3,1870.0,484.0,876.0,184.0,8.85,8.34,203.3,200.3
Республика Коми,2020,4,1060.0,236.0,514.0,86.0,8.51,7.22,204.7,198.7
Республика Коми,2020,5,1463.0,526.0,738.0,216.0,7.64,5.85,202.5,198.6
Республика Коми,2020,6,1992.0,637.0,1011.0,267.0,7.75,6.35,203.0,192.5
Республика Коми,2020,7,2809.0,1008.0,1345.0,408.0,7.47,6.13,204.8,197.9
Республика Коми,2020,8,3092.0,1383.0,1298.0,419.0,7.33,6.29,191.7,174.1
Республика Коми,2020,9,3249.0,1277.0,1473.0,486.0,7.19,5.99,206.9,203.8
Республика Коми,2020,10,3709.0,1310.0,1720.0,491.0,7.33,6.18,208.7,205.1
Республика Коми,2020,11,3025.0,872.0,1414.0,319.0,7.38,5.95,204.7,201.8
Республика Коми,2020,12,3255.0,839.0,1516.0,299.0,7.47,6.09,210.7,213.2
Республика Коми,2021,1,1403.0,487.0,619.0,154.0,7.27,6.09,206.9,212.9
Республика Коми,2021,2,2170.0,536.0,974.0,159.0,7.42,6.0,216.9,229.5
Республика Коми,2021,3,2995.0,835.0,1266.0,261.0,7.34,6.17,227.4,227.7
Республика Коми,2021,4,3090.0,874.0,1327.0,276.0,7.4,5.82,231.4,243.5
Республика Коми,2021,5,2490.0,789.0,1063.0,249.0,7.42,5.75,226.2,234.0
Республика Коми,2021,6,3051.0,1234.0,1262.0,375.0,7.03,5.4,229.4,241.2
Республика Коми,2021,7,2487.0,674.0,1058.0,215.0,7.65,6.24,234.3,237.8
Республика Коми,2021,8,2893.0,943.0,1094.0,243.0,7.94,6.86,214.7,190.8
Республика Коми,2021,9,2732.0,832.0,1093.0,247.0,7.66,6.12,235.0,239.1
Республика Коми,2021,10,2763.0,797.0,1155.0,237.0,7.8,6.2,240.2,248.5
Республика Коми,2021,11,2692.0,836.0,1048.0,236.0,7.93,6.15,240.4,247.4
Республика Коми,2021,12,3248.0,1076.0,1232.0,298.0,8.12,6.33,247.6,261.0
Республика Коми,2022,1,1552.0,574.0,612.0,173.0,7.98,5.77,252.0,255.7
Республика Коми,2022,2,2259.0,803.0,841.0,219.0,8.34,5.85,258.3,267.0
Республика Коми,2022,3,2849.0,1088.0,1102.0,341.0,8.47,5.41,257.4,263.6
Республика Коми,2022,4,739.0,386.0,267.0,96.0,9.49,6.76,241.5,254.5
Республика Коми,2022,5,729.0,467.0,229.0,89.0,6.96,4.17,261.3,280.9
Республика Коми,2022,6,1228.0,635.0,419.0,126.0,6.87,4.2,256.0,275.9
Республика Коми,2022,7,1915.0,871.0,655.0,157.0,7.12,4.11,261.8,294.2
Республика Коми,2022,8,2453.0,1076.0,809.0,208.0,7.04,4.26,262.5,283.9
Республика Коми,2022,9,2927.0,1085.0,952.0,213.0,7.38,4.08,263.1,283.6
Республика Коми,2022,10,2554.0,771.0,908.0,177.0,8.16,4.61,263.4,292.2
Республика Коми,2022,11,2575.0,952.0,933.0,212.0,7.87,4.38,265.7,289.9
Республика Коми,2022,12,3440.0,1381.0,1111.0,286.0,7.34,3.61,274.9,297.7
Республика Коми,2023,1,1387.0,463.0,509.0,99.0,8.55,5.22,268.7,293.8
Республика Коми,2023,2,2178.0,891.0,799.0,261.0,8.45,5.71,278.6,311.5
Республика Коми,2023,3,2863.0,1126.0,1037.0,310.0,8.46,5.76,275.4,291.8
Республика Коми,2023,4,2642.0,922.0,933.0,250.0,8.96,6.29,273.6,288.8
Республика Коми,2023,5,2694.0,812.0,961.0,216.0,9.11,6.61,270.8,293.1
Республика Коми,2023,6,3007.0,1007.0,1019.0,245.0,8.8,6.2,271.0,286.7
Республика Коми,2023,7,3383.0,1288.0,1103.0,329.0,8.9,6.58,277.1,297.6
Республика Коми,2023,8,4512.0,1922.0,1402.0,472.0,8.58,6.15,283.5,297.4
Республика Коми,2023,9,4418.0,2084.0,1335.0,469.0,8.49,5.87,290.1,309.8
Республика Коми,2023,10,3786.0,1619.0,1206.0,369.0,9.49,6.52,287.4,312.6
Республика Коми,2023,11,3019.0,1311.0,1000.0,320.0,9.53,6.31,284.2,306.6
Республика Коми,2023,12,2908.0,1491.0,979.0,347.0,9.09,6.54,292.8,311.8
Республика Коми,2024,1,1109.0,436.0,397.0,101.0,9.47,6.15,279.0,308.7
Республика Коми,2024,2,1384.0,607.0,472.0,120.0,9.47,6.34,284.7,314.9
Республика Коми,2024,3,1669.0,806.0,599.0,174.0,9.73,6.88,289.3,316.3
Республика Коми,2024,4,1977.0,921.0,627.0,183.0,9.07,6.51,286.6,306.4
Республика Коми,2024,5,1989.0,990.0,694.0,210.0,9.16,6.88,296.9,319.9
Республика Коми,2024,6,3435.0,1951.0,1088.0,425.0,8.26,6.46,302.6,318.6
Республика Коми,2024,7,1755.0,407.0,651.0,78.0,11.09,6.34,275.2,317.3
Республика Коми,2024,8,1747.0,706.0,565.0,126.0,10.41,6.98,289.0,320.3
Республика Коми,2024,9,1601.0,625.0,509.0,114.0,11.18,6.88,292.6,323.3
Республика Коми,2024,10,1779.0,757.0,573.0,139.0,10.61,6.76,290.3,320.8
Республика Коми,2024,11,1093.0,536.0,368.0,102.0,11.19,6.68,282.0,313.4
Республика Коми,2024,12,1088.0,625.0,365.0,139.0,9.89,6.25,292.6,321.5
Республика Коми,2025,1,423.0,272.0,140.0,58.0,9.61,6.27,308.5,331.0
Республика Коми,2025,2,690.0,369.0,225.0,74.0,9.36,5.83,295.5,311.0
Республика Коми,2025,3,1174.0,780.0,336.0,155.0,8.62,6.19,310.8,329.7
Республика Коми,2025,4,1278.0,730.0,355.0,140.0,7.94,6.1,306.4,325.7
Республика Коми,2025,5,1249.0,718.0,338.0,131.0,7.68,6.06,305.3,324.0
Республика Коми,2025,6,1312.0,581.0,367.0,127.0,7.93,6.04,302.0,317.2
Республика Коми,2025,7,1627.0,888.0,413.0,152.0,8.08,6.59,305.4,323.4
Республика Коми,2025,8,2006.0,1052.0,498.0,186.0,8.13,6.09,305.8,330.3
Республика Коми,2025,9,1825.0,998.0,505.0,194.0,8.23,6.31,291.6,314.8
Республика Коми,2025,10,2069.0,950.0,598.0,180.0,9.57,6.55,294.4,321.0
Республика Коми,2025,11,2015.0,1082.0,535.0,195.0,9.15,6.93,298.7,326.2
Республика Коми,2025,12,3092.0,1620.0,784.0,305.0,8.65,6.18,297.0,325.9
Республика Коми,2026,1,1649.0,1006.0,411.0,188.0,8.25,6.38,304.7,330.1
Республика Коми,2026,2,1295.0,448.0,419.0,89.0,11.33,6.17,266.7,321.4
Республика Коми,2026,3,1426.0,475.0,458.0,109.0,11.5,7.56,274.9,310.1
Республика Коми,2026,4,1589.0,522.0,505.0,105.0,11.51,8.72,275.9,311.7
Республика Коми,2026,5,1460.0,485.0,457.0,93.0,11.16,6.87,271.4,310.9
Республика Коми,2026,6,2615.0,1259.0,704.0,253.0,9.03,6.65,297.9,325.6
Республика Коми,2026,7,1847.0,686.0,573.0,141.0,11.55,7.84,273.4,307.9
Республика Крым,2019,1,401.0,135.0,184.0,60.0,10.63,10.44,230.7,212.9
Республика Крым,2019,2,579.0,260.0,264.0,114.0,10.62,10.52,231.8,229.8
Республика Крым,2019,3,665.0,248.0,294.0,109.0,10.54,10.56,235.2,237.0
Республика Крым,2019,4,786.0,265.0,352.0,115.0,10.47,10.39,235.1,236.8
Республика Крым,2019,5,613.0,172.0,284.0,87.0,10.49,10.24,236.1,227.0
Республика Крым,2019,6,778.0,289.0,345.0,130.0,10.53,10.3,237.0,227.1
Республика Крым,2019,7,601.0,140.0,280.0,64.0,10.46,10.2,239.4,245.0
Республика Крым,2019,8,749.0,175.0,343.0,82.0,10.42,9.91,236.8,237.0
Республика Крым,2019,9,743.0,184.0,315.0,70.0,10.19,9.33,233.3,238.9
Республика Крым,2019,10,828.0,234.0,372.0,98.0,10.01,9.38,228.4,225.4
Республика Крым,2019,11,961.0,283.0,404.0,115.0,9.94,9.64,225.8,225.0
Республика Крым,2019,12,1141.0,352.0,502.0,124.0,9.73,9.0,234.6,237.3
Республика Крым,2020,1,590.0,192.0,270.0,85.0,9.48,9.2,228.5,234.0
Республика Крым,2020,2,1011.0,264.0,431.0,106.0,9.26,8.55,227.6,238.9
Республика Крым,2020,3,1140.0,279.0,492.0,116.0,9.29,8.93,236.6,245.8
Республика Крым,2020,4,699.0,173.0,307.0,67.0,9.37,8.83,236.7,250.7
Республика Крым,2020,5,700.0,180.0,312.0,70.0,8.73,7.22,235.0,248.0
Республика Крым,2020,6,1351.0,553.0,586.0,224.0,8.26,6.69,241.8,241.4
Республика Крым,2020,7,1347.0,618.0,585.0,269.0,8.09,6.53,237.2,239.7
Республика Крым,2020,8,1680.0,748.0,706.0,308.0,7.91,6.58,239.6,241.1
Республика Крым,2020,9,1739.0,908.0,697.0,358.0,7.48,6.3,243.6,240.6
Республика Крым,2020,10,1878.0,862.0,758.0,332.0,7.52,6.19,240.9,241.0
Республика Крым,2020,11,2095.0,983.0,846.0,383.0,7.28,6.2,243.3,240.0
Республика Крым,2020,12,2080.0,750.0,799.0,290.0,7.7,6.1,246.4,254.2
Республика Крым,2021,1,989.0,374.0,390.0,138.0,7.7,6.04,254.6,258.6
Республика Крым,2021,2,1581.0,565.0,587.0,192.0,7.73,6.18,254.0,262.6
Республика Крым,2021,3,1891.0,668.0,719.0,250.0,7.47,5.97,249.5,253.4
Республика Крым,2021,4,2154.0,631.0,802.0,211.0,7.56,6.09,248.0,260.3
Республика Крым,2021,5,1712.0,589.0,647.0,204.0,7.52,6.15,249.1,254.2
Республика Крым,2021,6,2292.0,860.0,823.0,281.0,7.25,5.81,258.8,258.8
Республика Крым,2021,7,2291.0,836.0,801.0,277.0,7.6,6.1,257.9,263.9
Республика Крым,2021,8,1842.0,469.0,694.0,164.0,8.08,6.56,254.9,260.7
Республика Крым,2021,9,1859.0,420.0,654.0,142.0,8.51,6.75,257.0,264.4
Республика Крым,2021,10,1980.0,636.0,701.0,207.0,8.71,7.65,252.7,250.3
Республика Крым,2021,11,1904.0,712.0,606.0,202.0,8.45,7.22,260.7,266.4
Республика Крым,2021,12,2818.0,1253.0,892.0,378.0,8.55,7.45,259.9,256.2
Республика Крым,2022,1,1276.0,597.0,405.0,191.0,8.75,7.18,260.4,263.3
Республика Крым,2022,2,1724.0,630.0,567.0,199.0,8.77,6.45,261.2,265.2
Республика Крым,2022,3,1422.0,542.0,443.0,164.0,9.6,6.43,264.3,269.9
Республика Крым,2022,4,794.0,313.0,283.0,94.0,9.78,5.72,256.6,252.6
Республика Крым,2022,5,548.0,193.0,169.0,45.0,9.03,5.12,256.0,261.7
Республика Крым,2022,6,825.0,260.0,231.0,56.0,7.57,3.47,262.5,285.9
Республика Крым,2022,7,1051.0,369.0,305.0,79.0,7.47,3.94,260.5,269.9
Республика Крым,2022,8,1343.0,403.0,367.0,83.0,7.58,4.39,268.8,291.8
Республика Крым,2022,9,1944.0,725.0,529.0,137.0,7.0,3.99,278.2,297.5
Республика Крым,2022,10,1542.0,411.0,420.0,85.0,7.6,4.45,267.1,290.7
Республика Крым,2022,11,1521.0,478.0,418.0,95.0,7.25,3.43,285.5,316.1
Республика Крым,2022,12,2240.0,862.0,588.0,182.0,7.13,3.93,284.6,305.2
Республика Крым,2023,1,1058.0,406.0,292.0,89.0,7.31,4.32,284.5,318.5
Республика Крым,2023,2,1486.0,515.0,418.0,110.0,7.85,4.8,292.7,319.4
Республика Крым,2023,3,2018.0,752.0,506.0,165.0,8.18,5.48,289.4,311.9
Республика Крым,2023,4,2157.0,960.0,553.0,208.0,8.25,6.07,291.5,310.2
Республика Крым,2023,5,2347.0,1138.0,612.0,236.0,7.99,6.05,292.9,309.6
Республика Крым,2023,6,2539.0,1066.0,671.0,239.0,8.1,5.95,290.7,300.1
Республика Крым,2023,7,2610.0,1095.0,665.0,248.0,7.85,5.68,291.9,303.7
Республика Крым,2023,8,3311.0,1613.0,808.0,338.0,7.34,5.54,296.8,316.3
Республика Крым,2023,9,3939.0,2266.0,949.0,479.0,7.3,5.44,303.2,313.2
Республика Крым,2023,10,3643.0,1988.0,929.0,438.0,7.7,5.82,294.3,302.8
Республика Крым,2023,11,3617.0,1995.0,897.0,393.0,7.07,6.04,308.9,316.5
Республика Крым,2023,12,3951.0,2435.0,977.0,511.0,7.26,5.89,308.3,317.8
Республика Крым,2024,1,1960.0,1308.0,500.0,274.0,7.28,5.81,306.9,313.6
Республика Крым,2024,2,2155.0,1471.0,579.0,333.0,7.75,6.42,310.7,315.3
Республика Крым,2024,3,2460.0,1500.0,648.0,325.0,7.55,6.42,317.7,331.4
Республика Крым,2024,4,2824.0,1737.0,752.0,385.0,7.71,6.55,311.8,320.2
Республика Крым,2024,5,3016.0,1892.0,759.0,411.0,7.56,6.33,313.5,322.5
Республика Крым,2024,6,4729.0,3340.0,1158.0,708.0,7.04,6.37,317.6,323.4
Республика Крым,2024,7,1606.0,557.0,462.0,115.0,10.07,6.83,304.5,309.4
Республика Крым,2024,8,1608.0,759.0,431.0,161.0,9.4,6.2,314.7,321.8
Республика Крым,2024,9,1693.0,1004.0,414.0,195.0,8.62,6.11,326.3,336.5
Республика Крым,2024,10,1702.0,1082.0,375.0,217.0,8.44,6.36,320.0,333.5
Республика Крым,2024,11,2034.0,1337.0,487.0,271.0,7.75,6.27,331.8,341.4
Республика Крым,2024,12,2660.0,1734.0,596.0,343.0,7.44,6.01,328.6,333.9
Республика Крым,2025,1,1543.0,1167.0,370.0,228.0,7.12,6.03,329.2,334.0
Республика Крым,2025,2,1945.0,1355.0,446.0,265.0,7.59,5.95,331.7,338.0
Республика Крым,2025,3,1801.0,1263.0,396.0,246.0,6.47,5.97,330.3,333.4
Республика Крым,2025,4,1390.0,843.0,347.0,166.0,7.24,6.01,329.4,339.1
Республика Крым,2025,5,1655.0,940.0,379.0,180.0,6.95,6.1,324.1,332.4
Республика Крым,2025,6,1651.0,1048.0,341.0,198.0,7.16,6.13,325.9,339.9
Республика Крым,2025,7,2217.0,1358.0,472.0,267.0,6.95,6.08,327.8,331.9
Республика Крым,2025,8,2351.0,1464.0,501.0,281.0,6.8,5.96,326.9,335.4
Республика Крым,2025,9,2382.0,1534.0,524.0,294.0,6.8,5.88,325.9,335.3
Республика Крым,2025,10,3032.0,2022.0,622.0,376.0,6.87,5.98,327.4,338.0
Республика Крым,2025,11,2993.0,1936.0,640.0,380.0,7.32,6.19,328.5,339.5
Республика Крым,2025,12,6403.0,4553.0,1273.0,874.0,6.82,6.16,339.3,343.9
Республика Крым,2026,1,3595.0,2650.0,708.0,508.0,6.5,6.12,336.5,340.7
Республика Крым,2026,2,2409.0,1520.0,528.0,309.0,7.9,6.14,313.5,326.8
Республика Крым,2026,3,2121.0,1308.0,477.0,256.0,8.07,6.06,313.9,333.4
Республика Крым,2026,4,1992.0,1015.0,457.0,201.0,8.22,5.83,312.6,332.2
Республика Крым,2026,5,1979.0,833.0,435.0,161.0,9.38,7.03,310.5,324.2
Республика Крым,2026,6,2657.0,1283.0,541.0,230.0,8.21,6.53,319.0,333.6
Республика Крым,2026,7,1516.0,720.0,330.0,133.0,8.57,6.24,308.5,324.8
Республика Марий Эл,2019,1,641.0,207.0,429.0,114.0,9.8,9.68,201.7,202.0
Республика Марий Эл,2019,2,888.0,227.0,560.0,142.0,10.14,10.08,201.4,194.4
Республика Марий Эл,2019,3,872.0,237.0,530.0,119.0,10.38,10.09,204.8,225.4
Республика Марий Эл,2019,4,915.0,285.0,564.0,150.0,10.43,10.05,215.9,216.5
Республика Марий Эл,2019,5,679.0,232.0,455.0,133.0,10.35,9.76,200.9,206.7
Республика Марий Эл,2019,6,767.0,235.0,490.0,127.0,10.16,9.62,207.1,210.5
Республика Марий Эл,2019,7,809.0,251.0,536.0,140.0,10.18,9.73,203.9,205.4
Республика Марий Эл,2019,8,983.0,295.0,656.0,169.0,9.7,9.28,206.1,215.2
Республика Марий Эл,2019,9,923.0,310.0,609.0,171.0,9.49,8.73,209.1,217.8
Республика Марий Эл,2019,10,909.0,210.0,588.0,118.0,9.27,8.56,215.4,224.2
Республика Марий Эл,2019,11,1028.0,313.0,626.0,152.0,9.12,8.58,210.6,211.2
Республика Марий Эл,2019,12,1351.0,321.0,866.0,175.0,9.21,8.65,209.0,217.6
Республика Марий Эл,2020,1,630.0,136.0,418.0,69.0,8.98,8.33,202.9,223.2
Республика Марий Эл,2020,2,961.0,246.0,554.0,117.0,8.92,8.42,211.8,225.3
Республика Марий Эл,2020,3,1076.0,255.0,663.0,138.0,8.78,8.01,208.6,220.5
Республика Марий Эл,2020,4,891.0,172.0,567.0,89.0,7.8,6.79,199.6,218.7
Республика Марий Эл,2020,5,727.0,225.0,431.0,110.0,7.2,5.93,196.1,206.3
Республика Марий Эл,2020,6,907.0,287.0,567.0,153.0,7.57,6.24,198.0,205.8
Республика Марий Эл,2020,7,1305.0,408.0,767.0,214.0,7.07,5.86,206.6,204.5
Республика Марий Эл,2020,8,1298.0,406.0,769.0,204.0,7.11,5.84,207.8,206.1
Республика Марий Эл,2020,9,1840.0,598.0,1075.0,278.0,7.07,5.89,208.9,211.2
Республика Марий Эл,2020,10,1869.0,627.0,1052.0,293.0,7.09,5.46,214.6,222.3
Республика Марий Эл,2020,11,1790.0,511.0,989.0,213.0,7.09,5.81,211.3,221.9
Республика Марий Эл,2020,12,1923.0,374.0,1098.0,163.0,6.92,5.95,211.2,222.9
Республика Марий Эл,2021,1,808.0,166.0,454.0,66.0,6.95,5.33,221.8,247.3
Республика Марий Эл,2021,2,1292.0,281.0,743.0,121.0,6.99,5.64,215.3,217.8
Республика Марий Эл,2021,3,1689.0,445.0,915.0,173.0,7.02,5.81,219.6,238.0
Республика Марий Эл,2021,4,1697.0,388.0,920.0,144.0,7.24,5.6,228.5,252.7
Республика Марий Эл,2021,5,1271.0,331.0,684.0,121.0,7.14,5.06,229.2,242.2
Республика Марий Эл,2021,6,1619.0,538.0,831.0,185.0,6.91,4.98,231.1,248.4
Республика Марий Эл,2021,7,1349.0,277.0,702.0,109.0,7.28,6.09,226.6,236.3
Республика Марий Эл,2021,8,1524.0,268.0,777.0,103.0,7.62,5.91,238.0,250.5
Республика Марий Эл,2021,9,1483.0,258.0,752.0,106.0,7.63,5.44,234.9,253.0
Республика Марий Эл,2021,10,1701.0,487.0,797.0,173.0,7.46,5.96,244.9,251.9
Республика Марий Эл,2021,11,1565.0,383.0,761.0,157.0,7.77,5.42,255.7,264.7
Республика Марий Эл,2021,12,2067.0,620.0,918.0,231.0,7.71,5.13,249.8,254.5
Республика Марий Эл,2022,1,958.0,378.0,426.0,136.0,7.78,5.72,250.9,256.3
Республика Марий Эл,2022,2,1462.0,538.0,638.0,196.0,7.91,5.28,254.4,251.6
Республика Марий Эл,2022,3,1784.0,795.0,792.0,305.0,7.64,5.28,257.9,261.9
Республика Марий Эл,2022,4,388.0,210.0,165.0,66.0,7.81,6.33,256.2,268.5
Республика Марий Эл,2022,5,334.0,182.0,121.0,44.0,7.15,4.42,252.2,273.3
Республика Марий Эл,2022,6,736.0,421.0,268.0,88.0,6.21,4.14,266.1,295.1
Республика Марий Эл,2022,7,1073.0,487.0,428.0,135.0,7.78,5.08,262.8,280.6
Республика Марий Эл,2022,8,1291.0,440.0,551.0,123.0,7.66,4.58,264.0,292.7
Республика Марий Эл,2022,9,1441.0,494.0,567.0,113.0,7.3,4.32,274.6,314.9
Республика Марий Эл,2022,10,1532.0,417.0,622.0,124.0,7.82,4.29,275.6,296.7
Республика Марий Эл,2022,11,1675.0,623.0,632.0,177.0,7.55,3.96,276.2,295.3
Республика Марий Эл,2022,12,2379.0,1005.0,835.0,249.0,7.37,4.55,280.8,301.8
Республика Марий Эл,2023,1,916.0,279.0,384.0,82.0,8.51,5.51,273.4,307.8
Республика Марий Эл,2023,2,1499.0,602.0,566.0,174.0,8.31,5.76,286.5,303.9
Республика Марий Эл,2023,3,2079.0,820.0,740.0,224.0,8.49,6.11,284.2,294.8
Республика Марий Эл,2023,4,1996.0,688.0,728.0,204.0,8.71,5.98,281.3,292.0
Республика Марий Эл,2023,5,1874.0,672.0,706.0,204.0,8.42,5.99,284.3,296.1
Республика Марий Эл,2023,6,2169.0,760.0,776.0,219.0,8.23,6.01,286.5,310.3
Республика Марий Эл,2023,7,2294.0,807.0,768.0,218.0,8.52,6.1,293.2,307.1
Республика Марий Эл,2023,8,2977.0,1382.0,949.0,357.0,8.03,5.87,293.7,309.1
Республика Марий Эл,2023,9,3147.0,1508.0,1007.0,382.0,8.23,5.87,296.3,314.6
Республика Марий Эл,2023,10,2790.0,1161.0,904.0,321.0,9.13,6.19,304.9,311.4
Республика Марий Эл,2023,11,2446.0,1229.0,782.0,303.0,8.62,6.21,299.0,310.7
Республика Марий Эл,2023,12,2697.0,1631.0,832.0,392.0,8.07,6.33,302.5,319.2
Республика Марий Эл,2024,1,855.0,406.0,310.0,108.0,8.74,6.17,284.0,294.8
Республика Марий Эл,2024,2,1057.0,468.0,414.0,118.0,9.63,6.56,289.5,306.8
Республика Марий Эл,2024,3,1380.0,708.0,493.0,174.0,8.36,6.28,300.1,320.2
Республика Марий Эл,2024,4,1526.0,739.0,521.0,181.0,8.31,6.36,292.1,305.8
Республика Марий Эл,2024,5,1930.0,1010.0,624.0,245.0,8.13,6.46,303.2,317.0
Республика Марий Эл,2024,6,2837.0,1731.0,880.0,430.0,7.69,6.38,310.3,315.7
Республика Марий Эл,2024,7,1185.0,361.0,444.0,68.0,10.86,5.85,287.4,332.1
Республика Марий Эл,2024,8,1418.0,628.0,459.0,132.0,8.85,6.68,300.7,319.4
Республика Марий Эл,2024,9,1395.0,702.0,426.0,150.0,9.26,6.58,310.5,334.4
Республика Марий Эл,2024,10,1151.0,639.0,389.0,138.0,9.69,6.57,298.5,324.3
Республика Марий Эл,2024,11,1068.0,668.0,339.0,161.0,8.73,6.29,315.7,334.7
Республика Марий Эл,2024,12,1030.0,690.0,329.0,155.0,8.75,6.45,300.0,324.2
Республика Марий Эл,2025,1,376.0,205.0,133.0,46.0,9.56,6.62,315.0,333.0
Республика Марий Эл,2025,2,756.0,469.0,216.0,112.0,7.53,6.38,323.1,333.2
Республика Марий Эл,2025,3,1037.0,645.0,274.0,141.0,7.13,6.18,320.5,327.8
Республика Марий Эл,2025,4,1314.0,787.0,335.0,172.0,7.31,6.21,315.5,325.9
Республика Марий Эл,2025,5,1231.0,655.0,307.0,135.0,7.13,6.02,314.7,325.8
Республика Марий Эл,2025,6,1272.0,704.0,349.0,155.0,7.24,6.01,320.1,330.1
Республика Марий Эл,2025,7,1408.0,779.0,372.0,172.0,7.66,6.25,313.1,326.7
Республика Марий Эл,2025,8,1504.0,941.0,385.0,205.0,7.81,6.48,312.6,326.6
Республика Марий Эл,2025,9,1580.0,938.0,413.0,196.0,8.37,6.99,307.0,323.5
Республика Марий Эл,2025,10,2095.0,1292.0,538.0,267.0,8.08,6.3,316.3,336.2
Республика Марий Эл,2025,11,2390.0,1524.0,588.0,321.0,8.03,6.41,314.2,328.4
Республика Марий Эл,2025,12,3846.0,2321.0,915.0,488.0,7.52,6.42,316.9,332.4
Республика Марий Эл,2026,1,1927.0,1271.0,457.0,262.0,7.61,6.44,318.1,331.0
Республика Марий Эл,2026,2,1193.0,608.0,314.0,133.0,9.47,7.28,300.6,316.2
Республика Марий Эл,2026,3,1203.0,577.0,340.0,124.0,10.25,7.19,289.8,312.7
Республика Марий Эл,2026,4,1387.0,653.0,368.0,140.0,9.89,7.05,296.5,320.5
Республика Марий Эл,2026,5,1304.0,548.0,345.0,115.0,10.15,7.54,288.3,311.4
Республика Марий Эл,2026,6,2198.0,1196.0,508.0,237.0,8.25,6.87,312.5,327.7
Республика Марий Эл,2026,7,1450.0,549.0,405.0,120.0,11.06,7.95,295.4,324.1
Республика Мордовия,2019,1,733.0,241.0,369.0,107.0,9.75,9.56,221.2,225.1
Республика Мордовия,2019,2,1043.0,302.0,516.0,117.0,10.05,9.9,225.0,227.5
Республика Мордовия,2019,3,1025.0,334.0,543.0,142.0,10.42,10.19,223.4,229.5
Республика Мордовия,2019,4,1096.0,314.0,601.0,129.0,10.47,10.13,223.4,230.6
Республика Мордовия,2019,5,747.0,249.0,423.0,112.0,10.47,10.17,223.5,223.3
Республика Мордовия,2019,6,955.0,321.0,541.0,145.0,10.2,9.97,216.6,213.7
Республика Мордовия,2019,7,923.0,266.0,513.0,114.0,10.14,9.87,225.8,231.6
Республика Мордовия,2019,8,997.0,261.0,544.0,103.0,9.85,9.56,223.1,234.4
Республика Мордовия,2019,9,906.0,308.0,466.0,118.0,9.52,9.14,222.5,234.7
Республика Мордовия,2019,10,1306.0,409.0,602.0,131.0,9.45,9.02,225.8,234.3
Республика Мордовия,2019,11,1209.0,315.0,567.0,113.0,9.2,8.83,226.7,237.5
Республика Мордовия,2019,12,1305.0,330.0,640.0,128.0,9.0,8.55,232.3,235.7
Республика Мордовия,2020,1,731.0,195.0,342.0,63.0,9.12,8.8,216.6,240.3
Республика Мордовия,2020,2,1090.0,317.0,476.0,92.0,8.88,8.42,233.7,246.7
Республика Мордовия,2020,3,1186.0,345.0,569.0,103.0,8.56,8.12,238.7,272.2
Республика Мордовия,2020,4,781.0,179.0,413.0,54.0,7.82,7.42,217.5,234.9
Республика Мордовия,2020,5,766.0,257.0,418.0,87.0,6.84,5.26,207.9,205.0
Республика Мордовия,2020,6,1038.0,362.0,490.0,117.0,7.14,5.8,222.1,224.6
Республика Мордовия,2020,7,1501.0,481.0,705.0,145.0,7.01,5.73,222.9,224.4
Республика Мордовия,2020,8,1690.0,546.0,777.0,163.0,7.0,6.13,220.6,227.9
Республика Мордовия,2020,9,2058.0,569.0,981.0,175.0,7.11,6.13,228.2,232.3
Республика Мордовия,2020,10,2296.0,694.0,1009.0,195.0,7.1,6.06,228.8,227.4
Республика Мордовия,2020,11,1900.0,594.0,864.0,192.0,7.01,5.75,235.0,246.3
Республика Мордовия,2020,12,2096.0,558.0,921.0,165.0,7.13,5.74,236.0,236.5
Республика Мордовия,2021,1,1037.0,341.0,423.0,87.0,6.74,5.35,245.9,247.1
Республика Мордовия,2021,2,1678.0,586.0,683.0,167.0,6.8,5.69,246.0,249.9
Республика Мордовия,2021,3,1726.0,549.0,757.0,178.0,6.98,5.96,242.9,245.2
Республика Мордовия,2021,4,1894.0,639.0,793.0,194.0,7.05,5.64,241.0,255.9
Республика Мордовия,2021,5,1384.0,432.0,588.0,120.0,6.96,4.96,245.4,251.8
Республика Мордовия,2021,6,2208.0,1010.0,813.0,279.0,6.5,5.19,259.0,263.1
Республика Мордовия,2021,7,1428.0,324.0,622.0,108.0,7.36,5.88,241.9,245.0
Республика Мордовия,2021,8,1592.0,398.0,668.0,138.0,7.65,6.28,253.4,248.5
Республика Мордовия,2021,9,1680.0,589.0,684.0,187.0,7.05,5.46,249.3,263.6
Республика Мордовия,2021,10,1895.0,678.0,731.0,199.0,7.39,5.85,251.8,254.9
Республика Мордовия,2021,11,1797.0,706.0,695.0,201.0,7.24,5.64,261.8,271.0
Республика Мордовия,2021,12,2197.0,788.0,797.0,207.0,7.66,5.62,261.2,268.7
Республика Мордовия,2022,1,1256.0,500.0,424.0,130.0,7.92,6.15,275.8,278.1
Республика Мордовия,2022,2,1831.0,669.0,658.0,198.0,7.91,5.82,268.8,278.1
Республика Мордовия,2022,3,1902.0,695.0,767.0,227.0,7.99,5.52,265.1,264.1
Республика Мордовия,2022,4,445.0,209.0,182.0,53.0,7.92,6.12,269.8,286.4
Республика Мордовия,2022,5,571.0,433.0,155.0,76.0,3.33,1.95,278.5,293.1
Республика Мордовия,2022,6,883.0,478.0,272.0,80.0,5.78,2.94,276.0,301.4
Республика Мордовия,2022,7,1337.0,702.0,406.0,116.0,5.38,2.48,289.6,315.4
Республика Мордовия,2022,8,1443.0,615.0,495.0,106.0,5.85,2.57,279.2,314.2
Республика Мордовия,2022,9,1792.0,789.0,549.0,130.0,5.94,2.86,286.0,319.2
Республика Мордовия,2022,10,1535.0,516.0,497.0,89.0,6.78,2.59,294.9,325.7
Республика Мордовия,2022,11,1748.0,743.0,548.0,138.0,6.65,3.6,287.6,315.8
Республика Мордовия,2022,12,2520.0,1333.0,725.0,245.0,5.75,3.12,295.7,318.2
Республика Мордовия,2023,1,1057.0,425.0,321.0,78.0,7.69,5.21,296.8,329.1
Республика Мордовия,2023,2,1465.0,690.0,451.0,150.0,7.52,4.97,290.6,312.4
Республика Мордовия,2023,3,2166.0,843.0,642.0,179.0,8.11,5.73,267.3,308.0
Республика Мордовия,2023,4,1762.0,657.0,597.0,154.0,8.41,5.96,288.1,307.3
Республика Мордовия,2023,5,1990.0,736.0,633.0,187.0,8.29,6.31,289.9,305.0
Республика Мордовия,2023,6,2225.0,995.0,715.0,246.0,8.06,5.94,290.8,307.8
Республика Мордовия,2023,7,2368.0,1063.0,721.0,240.0,8.18,6.09,293.5,313.5
Республика Мордовия,2023,8,2928.0,1450.0,864.0,320.0,7.89,5.74,297.8,312.3
Республика Мордовия,2023,9,3698.0,2206.0,1038.0,507.0,7.76,5.77,296.4,307.9
Республика Мордовия,2023,10,2657.0,1401.0,799.0,335.0,8.31,6.25,294.2,305.7
Республика Мордовия,2023,11,2531.0,1391.0,729.0,308.0,8.28,6.03,302.8,317.7
Республика Мордовия,2023,12,2779.0,1669.0,743.0,344.0,7.94,6.12,302.5,318.2
Республика Мордовия,2024,1,893.0,440.0,261.0,84.0,9.53,6.13,296.9,307.5
Республика Мордовия,2024,2,1053.0,407.0,328.0,80.0,10.13,6.35,280.6,313.7
Республика Мордовия,2024,3,1498.0,821.0,435.0,163.0,8.69,6.72,302.1,324.9
Республика Мордовия,2024,4,1593.0,849.0,452.0,161.0,8.97,7.01,296.4,317.4
Республика Мордовия,2024,5,1854.0,1077.0,528.0,212.0,8.9,6.49,294.3,306.5
Республика Мордовия,2024,6,2799.0,1650.0,725.0,331.0,8.11,6.58,307.6,320.0
Республика Мордовия,2024,7,1247.0,468.0,405.0,74.0,10.5,6.37,288.5,321.7
Республика Мордовия,2024,8,1419.0,673.0,418.0,119.0,9.67,6.68,306.4,335.4
Республика Мордовия,2024,9,1352.0,710.0,365.0,128.0,9.64,6.59,293.0,313.8
Республика Мордовия,2024,10,1533.0,802.0,444.0,158.0,9.47,5.47,302.5,332.9
Республика Мордовия,2024,11,1011.0,601.0,305.0,114.0,9.42,5.94,298.8,322.1
Республика Мордовия,2024,12,1057.0,707.0,293.0,123.0,8.58,5.83,309.4,338.5
Республика Мордовия,2025,1,418.0,307.0,125.0,57.0,8.36,5.94,305.0,329.9
Республика Мордовия,2025,2,969.0,710.0,207.0,109.0,7.8,7.0,304.4,315.4
Республика Мордовия,2025,3,1000.0,603.0,242.0,111.0,8.31,6.34,310.8,328.0
Республика Мордовия,2025,4,783.0,433.0,200.0,78.0,7.67,6.03,317.7,332.1
Республика Мордовия,2025,5,1035.0,718.0,228.0,123.0,6.89,6.04,320.4,336.2
Республика Мордовия,2025,6,1090.0,563.0,265.0,100.0,7.9,6.37,307.4,335.5
Республика Мордовия,2025,7,1329.0,821.0,325.0,140.0,7.92,6.53,311.1,328.3
Республика Мордовия,2025,8,1701.0,1099.0,370.0,185.0,7.81,6.94,311.8,329.0
Республика Мордовия,2025,9,1463.0,824.0,348.0,147.0,8.7,6.9,301.1,330.2
Республика Мордовия,2025,10,2137.0,1240.0,479.0,220.0,8.44,6.72,310.0,333.7
Республика Мордовия,2025,11,2328.0,1681.0,518.0,300.0,8.3,6.59,308.4,327.1
Республика Мордовия,2025,12,3422.0,2185.0,749.0,401.0,7.64,6.29,310.0,324.8
Республика Мордовия,2026,1,1878.0,1196.0,396.0,215.0,7.31,6.06,314.2,331.2
Республика Мордовия,2026,2,1125.0,531.0,302.0,104.0,10.23,7.32,287.1,318.7
Республика Мордовия,2026,3,1329.0,589.0,340.0,109.0,9.62,6.98,295.4,326.2
Республика Мордовия,2026,4,1233.0,407.0,341.0,86.0,11.33,7.63,289.3,320.2
Республика Мордовия,2026,5,1251.0,476.0,320.0,92.0,9.22,6.76,293.1,319.2
Республика Мордовия,2026,6,1831.0,868.0,423.0,161.0,8.18,6.53,301.4,317.4
Республика Мордовия,2026,7,1595.0,604.0,402.0,118.0,10.68,7.35,279.0,305.1
Республика Саха (Якутия),2019,1,2004.0,651.0,721.0,222.0,9.81,9.66,200.1,203.0
Республика Саха (Якутия),2019,2,2368.0,901.0,882.0,310.0,10.23,10.17,200.9,202.4
Республика Саха (Якутия),2019,3,2617.0,993.0,968.0,328.0,10.53,10.4,208.2,207.5
Республика Саха (Якутия),2019,4,2360.0,764.0,887.0,266.0,10.84,10.52,206.9,197.3
Республика Саха (Якутия),2019,5,1948.0,622.0,720.0,200.0,10.71,10.31,207.3,201.4
Республика Саха (Якутия),2019,6,2487.0,763.0,913.0,267.0,10.49,10.15,213.3,209.5
Республика Саха (Якутия),2019,7,2818.0,823.0,1060.0,284.0,10.37,10.15,206.1,201.7
Республика Саха (Якутия),2019,8,3182.0,896.0,1180.0,310.0,10.17,9.71,209.5,211.2
Республика Саха (Якутия),2019,9,3194.0,949.0,1158.0,314.0,9.94,9.56,212.4,209.1
Республика Саха (Якутия),2019,10,3100.0,861.0,1148.0,276.0,9.62,8.99,211.9,208.8
Республика Саха (Якутия),2019,11,2621.0,783.0,971.0,252.0,9.42,8.73,206.2,210.7
Республика Саха (Якутия),2019,12,2961.0,796.0,1034.0,247.0,9.18,8.28,205.6,209.3
Республика Саха (Якутия),2020,1,2138.0,1078.0,704.0,296.0,6.67,4.17,206.6,217.7
Республика Саха (Якутия),2020,2,3870.0,2306.0,1173.0,603.0,5.1,3.01,217.4,223.9
Республика Саха (Якутия),2020,3,4290.0,2129.0,1341.0,561.0,5.86,3.43,216.6,228.0
Республика Саха (Якутия),2020,4,3067.0,1274.0,965.0,322.0,5.76,2.77,213.7,221.3
Республика Саха (Якутия),2020,5,2617.0,929.0,871.0,264.0,6.32,3.8,217.0,218.9
Республика Саха (Якутия),2020,6,2925.0,886.0,986.0,255.0,6.52,3.46,207.6,211.7
Республика Саха (Якутия),2020,7,3979.0,1224.0,1326.0,339.0,6.64,4.09,213.6,218.8
Республика Саха (Якутия),2020,8,4331.0,1407.0,1405.0,384.0,6.67,4.38,214.3,211.5
Республика Саха (Якутия),2020,9,4932.0,1367.0,1594.0,370.0,6.66,4.65,216.0,213.5
Республика Саха (Якутия),2020,10,5286.0,1376.0,1686.0,354.0,6.77,4.33,217.1,208.7
Республика Саха (Якутия),2020,11,4797.0,1328.0,1493.0,323.0,6.86,4.55,219.1,222.3
Республика Саха (Якутия),2020,12,5070.0,1583.0,1529.0,365.0,6.72,4.48,222.4,230.1
Республика Саха (Якутия),2021,1,2621.0,1168.0,741.0,263.0,5.94,3.74,221.7,226.0
Республика Саха (Якутия),2021,2,3897.0,1351.0,1118.0,300.0,6.49,4.06,227.6,229.4
Республика Саха (Якутия),2021,3,4605.0,1527.0,1343.0,326.0,6.49,4.22,226.6,236.7
Республика Саха (Якутия),2021,4,5091.0,1536.0,1441.0,337.0,6.28,3.96,233.9,239.4
Республика Саха (Якутия),2021,5,4501.0,1297.0,1252.0,271.0,6.4,4.23,233.0,232.9
Республика Саха (Якутия),2021,6,5877.0,2194.0,1618.0,464.0,6.19,4.42,230.9,235.3
Республика Саха (Якутия),2021,7,6112.0,1563.0,1686.0,329.0,6.59,4.03,235.6,238.2
Республика Саха (Якутия),2021,8,6027.0,1777.0,1643.0,370.0,6.53,4.4,239.2,240.1
Республика Саха (Якутия),2021,9,5365.0,1499.0,1457.0,317.0,6.53,4.24,239.6,241.4
Республика Саха (Якутия),2021,10,5696.0,2016.0,1400.0,390.0,5.93,3.15,241.5,246.1
Республика Саха (Якутия),2021,11,5501.0,2193.0,1383.0,423.0,5.98,3.61,244.9,244.7
Республика Саха (Якутия),2021,12,6712.0,2643.0,1651.0,500.0,5.87,3.5,248.9,254.1
Республика Саха (Якутия),2022,1,3970.0,1742.0,940.0,324.0,5.82,3.89,251.0,247.4
Республика Саха (Якутия),2022,2,5683.0,2670.0,1297.0,499.0,5.13,2.6,247.9,248.1
Республика Саха (Якутия),2022,3,7313.0,3523.0,1684.0,699.0,4.74,2.79,251.7,252.9
Республика Саха (Якутия),2022,4,3980.0,1438.0,886.0,261.0,3.47,4.02,242.6,259.0
Республика Саха (Якутия),2022,5,2142.0,947.0,487.0,170.0,4.64,4.13,243.4,258.7
Республика Саха (Якутия),2022,6,3155.0,1170.0,708.0,199.0,5.01,3.61,248.4,271.4
Республика Саха (Якутия),2022,7,5145.0,2589.0,1163.0,455.0,5.24,2.84,250.6,253.7
Республика Саха (Якутия),2022,8,7187.0,2677.0,1624.0,456.0,5.27,2.67,248.3,250.2
Республика Саха (Якутия),2022,9,6894.0,2425.0,1562.0,407.0,5.51,3.6,254.8,273.2
Республика Саха (Якутия),2022,10,5536.0,1488.0,1295.0,267.0,6.2,3.42,251.9,257.3
Республика Саха (Якутия),2022,11,5484.0,1567.0,1249.0,273.0,5.93,2.75,261.4,280.1
Республика Саха (Якутия),2022,12,7562.0,3303.0,1616.0,556.0,5.33,3.18,260.3,266.7
Республика Саха (Якутия),2023,1,3738.0,1445.0,811.0,245.0,5.9,3.76,256.9,266.9
Республика Саха (Якутия),2023,2,4765.0,1867.0,1039.0,329.0,6.07,3.78,264.1,265.4
Республика Саха (Якутия),2023,3,6508.0,2200.0,1388.0,387.0,6.19,4.45,261.2,266.8
Республика Саха (Якутия),2023,4,5907.0,1900.0,1296.0,346.0,6.3,4.2,260.8,268.3
Республика Саха (Якутия),2023,5,8017.0,2723.0,1737.0,502.0,6.19,4.17,263.3,265.8
Республика Саха (Якутия),2023,6,8015.0,2629.0,1737.0,462.0,5.97,4.3,261.8,268.4
Республика Саха (Якутия),2023,7,8969.0,2847.0,1952.0,511.0,6.07,4.3,262.4,264.7
Республика Саха (Якутия),2023,8,10914.0,3369.0,2413.0,634.0,6.24,4.43,266.0,276.0
Республика Саха (Якутия),2023,9,12114.0,4834.0,2574.0,841.0,6.01,4.43,268.6,278.4
Республика Саха (Якутия),2023,10,10598.0,4199.0,2310.0,742.0,6.01,4.41,266.9,274.0
Республика Саха (Якутия),2023,11,9715.0,4156.0,2054.0,749.0,5.78,4.41,266.1,275.3
Республика Саха (Якутия),2023,12,11111.0,6219.0,2320.0,1104.0,5.13,4.32,259.5,269.9
Республика Саха (Якутия),2024,1,3762.0,1446.0,839.0,265.0,5.29,4.47,259.0,273.8
Республика Саха (Якутия),2024,2,3996.0,1177.0,871.0,197.0,6.36,4.74,259.3,280.9
Республика Саха (Якутия),2024,3,4412.0,1688.0,1008.0,287.0,6.24,5.04,267.1,287.3
Республика Саха (Якутия),2024,4,6108.0,2985.0,1286.0,488.0,5.14,3.92,259.1,264.0
Республика Саха (Якутия),2024,5,7269.0,4272.0,1607.0,700.0,5.16,4.15,265.4,267.9
Республика Саха (Якутия),2024,6,8867.0,5046.0,2094.0,876.0,5.77,4.97,279.4,288.5
Республика Саха (Якутия),2024,7,6687.0,3231.0,1684.0,510.0,5.16,2.94,247.9,245.6
Республика Саха (Якутия),2024,8,6327.0,2913.0,1557.0,466.0,5.33,3.55,249.2,254.4
Республика Саха (Якутия),2024,9,5710.0,2670.0,1405.0,443.0,5.11,3.7,255.3,263.5
Республика Саха (Якутия),2024,10,4615.0,2341.0,1146.0,381.0,5.63,4.02,252.9,264.5
Республика Саха (Якутия),2024,11,3409.0,2244.0,794.0,365.0,5.34,3.42,254.0,258.5
Республика Саха (Якутия),2024,12,2796.0,1831.0,611.0,306.0,5.63,4.32,265.7,276.4
Республика Саха (Якутия),2025,1,1070.0,724.0,237.0,118.0,6.24,4.37,266.8,278.6
Республика Саха (Якутия),2025,2,1683.0,1143.0,345.0,185.0,5.02,3.9,266.2,273.3
Республика Саха (Якутия),2025,3,2242.0,1663.0,433.0,280.0,5.66,4.21,264.4,269.6
Республика Саха (Якутия),2025,4,3267.0,1917.0,640.0,317.0,5.2,4.2,267.0,272.9
Республика Саха (Якутия),2025,5,3772.0,1979.0,807.0,313.0,4.33,3.92,257.9,269.9
Республика Саха (Якутия),2025,6,4623.0,2342.0,1092.0,390.0,4.68,4.07,260.0,271.3
Республика Саха (Якутия),2025,7,6435.0,3759.0,1376.0,623.0,4.11,3.57,258.1,261.1
Республика Саха (Якутия),2025,8,6572.0,3765.0,1445.0,620.0,4.55,3.5,257.2,264.5
Республика Саха (Якутия),2025,9,4895.0,2542.0,1122.0,421.0,5.25,4.52,258.8,267.7
Республика Саха (Якутия),2025,10,5472.0,3022.0,1214.0,506.0,5.34,4.34,263.2,274.0
Республика Саха (Якутия),2025,11,4314.0,2736.0,894.0,450.0,5.47,4.38,269.0,278.1
Республика Саха (Якутия),2025,12,8448.0,5781.0,1517.0,919.0,5.05,4.45,267.9,270.1
Республика Саха (Якутия),2026,1,3134.0,1981.0,595.0,333.0,5.85,4.63,277.7,280.3
Республика Саха (Якутия),2026,2,3531.0,2082.0,667.0,341.0,5.01,3.59,250.7,253.8
Республика Саха (Якутия),2026,3,4561.0,2565.0,856.0,418.0,5.17,4.05,250.8,256.6
Республика Саха (Якутия),2026,4,6328.0,3987.0,1148.0,665.0,4.51,3.02,244.9,245.2
Республика Саха (Якутия),2026,5,4765.0,2099.0,884.0,342.0,5.18,3.97,248.1,253.7
Республика Саха (Якутия),2026,6,5253.0,2166.0,1014.0,370.0,5.58,4.75,260.0,270.4
Республика Саха (Якутия),2026,7,5425.0,2318.0,1032.0,372.0,5.66,4.36,250.1,259.3
Республика Северная Осетия - Алания,2019,1,361.0,87.0,181.0,39.0,9.77,9.55,220.8,243.6
Республика Северная Осетия - Алания,2019,2,492.0,125.0,231.0,54.0,10.01,9.67,219.8,209.5
Республика Северная Осетия - Алания,2019,3,437.0,133.0,215.0,59.0,10.47,10.36,220.7,223.7
Республика Северная Осетия - Алания,2019,4,507.0,154.0,258.0,65.0,10.7,10.46,206.0,213.9
Республика Северная Осетия - Алания,2019,5,385.0,132.0,195.0,53.0,10.37,9.92,207.2,198.1
Республика Северная Осетия - Алания,2019,6,459.0,103.0,227.0,50.0,10.19,9.7,214.8,219.2
Республика Северная Осетия - Алания,2019,7,456.0,127.0,220.0,49.0,10.16,9.67,216.9,236.4
Республика Северная Осетия - Алания,2019,8,555.0,177.0,251.0,66.0,9.94,9.78,217.1,220.9
Республика Северная Осетия - Алания,2019,9,539.0,132.0,268.0,58.0,9.75,9.26,223.9,236.7
Республика Северная Осетия - Алания,2019,10,545.0,132.0,268.0,51.0,9.59,9.22,217.3,237.2
Республика Северная Осетия - Алания,2019,11,546.0,152.0,257.0,56.0,9.31,8.7,220.5,230.6
Республика Северная Осетия - Алания,2019,12,766.0,194.0,365.0,77.0,9.18,8.64,212.3,223.2
Республика Северная Осетия - Алания,2020,1,494.0,161.0,210.0,51.0,9.04,8.58,220.3,268.8
Республика Северная Осетия - Алания,2020,2,567.0,135.0,269.0,60.0,8.93,8.58,217.9,238.8
Республика Северная Осетия - Алания,2020,3,595.0,156.0,275.0,64.0,8.79,8.16,208.7,221.3
Республика Северная Осетия - Алания,2020,4,433.0,68.0,214.0,25.0,8.78,7.26,203.7,251.4
Республика Северная Осетия - Алания,2020,5,501.0,187.0,222.0,80.0,7.76,6.32,219.9,224.5
Республика Северная Осетия - Алания,2020,6,578.0,240.0,271.0,89.0,7.51,6.15,210.8,224.5
Республика Северная Осетия - Алания,2020,7,750.0,288.0,330.0,115.0,7.29,6.17,219.4,225.3
Республика Северная Осетия - Алания,2020,8,750.0,271.0,369.0,120.0,7.35,5.69,210.4,205.9
Республика Северная Осетия - Алания,2020,9,1031.0,358.0,440.0,128.0,7.44,6.39,220.0,239.5
Республика Северная Осетия - Алания,2020,10,1061.0,310.0,480.0,124.0,7.47,6.48,220.2,219.1
Республика Северная Осетия - Алания,2020,11,1120.0,301.0,474.0,118.0,7.54,5.99,224.6,222.9
Республика Северная Осетия - Алания,2020,12,1098.0,242.0,496.0,97.0,7.34,6.28,214.2,220.4
Республика Северная Осетия - Алания,2021,1,604.0,170.0,265.0,62.0,7.1,6.19,228.3,222.8
Республика Северная Осетия - Алания,2021,2,1016.0,262.0,417.0,80.0,7.05,6.32,233.5,228.0
Республика Северная Осетия - Алания,2021,3,1149.0,256.0,481.0,75.0,6.8,6.08,232.5,246.2
Республика Северная Осетия - Алания,2021,4,1136.0,209.0,466.0,58.0,7.1,5.95,244.9,263.6
Республика Северная Осетия - Алания,2021,5,947.0,293.0,349.0,76.0,7.28,5.67,244.4,256.9
Республика Северная Осетия - Алания,2021,6,1127.0,432.0,447.0,129.0,6.67,5.21,245.6,258.8
Республика Северная Осетия - Алания,2021,7,975.0,224.0,415.0,64.0,7.24,6.32,233.1,240.9
Республика Северная Осетия - Алания,2021,8,911.0,238.0,381.0,71.0,7.61,6.21,240.6,243.6
Республика Северная Осетия - Алания,2021,9,1122.0,238.0,449.0,69.0,7.69,6.35,242.2,252.5
Республика Северная Осетия - Алания,2021,10,1268.0,326.0,485.0,102.0,7.53,5.59,250.8,250.4
Республика Северная Осетия - Алания,2021,11,1208.0,304.0,449.0,100.0,8.04,6.32,252.9,261.8
Республика Северная Осетия - Алания,2021,12,1507.0,526.0,550.0,155.0,7.89,6.46,246.2,258.4
Республика Северная Осетия - Алания,2022,1,987.0,297.0,294.0,94.0,8.33,6.22,253.9,269.1
Республика Северная Осетия - Алания,2022,2,1260.0,410.0,407.0,126.0,8.26,5.34,269.9,275.9
Республика Северная Осетия - Алания,2022,3,1400.0,411.0,465.0,114.0,8.47,5.43,266.1,268.3
Республика Северная Осетия - Алания,2022,4,405.0,144.0,151.0,42.0,8.94,5.86,260.6,280.2
Республика Северная Осетия - Алания,2022,5,342.0,215.0,98.0,38.0,5.59,3.46,293.9,313.4
Республика Северная Осетия - Алания,2022,6,443.0,214.0,142.0,48.0,7.15,4.28,271.9,277.1
Республика Северная Осетия - Алания,2022,7,853.0,440.0,241.0,74.0,6.55,3.27,281.6,301.2
Республика Северная Осетия - Алания,2022,8,1209.0,525.0,371.0,122.0,7.12,4.49,283.3,307.1
Республика Северная Осетия - Алания,2022,9,1421.0,453.0,427.0,94.0,7.67,3.65,280.2,310.0
Республика Северная Осетия - Алания,2022,10,1460.0,409.0,454.0,103.0,8.6,5.0,289.0,308.9
Республика Северная Осетия - Алания,2022,11,1549.0,510.0,492.0,126.0,8.3,4.3,291.3,319.6
Республика Северная Осетия - Алания,2022,12,2372.0,1025.0,693.0,227.0,7.63,4.33,291.4,309.2
Республика Северная Осетия - Алания,2023,1,987.0,289.0,302.0,69.0,9.04,5.51,294.7,321.9
Республика Северная Осетия - Алания,2023,2,1622.0,552.0,459.0,127.0,8.78,5.55,298.1,325.0
Республика Северная Осетия - Алания,2023,3,1865.0,789.0,543.0,185.0,8.65,5.98,309.8,323.1
Республика Северная Осетия - Алания,2023,4,2003.0,724.0,563.0,181.0,8.91,6.41,307.2,316.4
Республика Северная Осетия - Алания,2023,5,2149.0,884.0,636.0,222.0,8.75,6.29,300.2,317.5
Республика Северная Осетия - Алания,2023,6,2349.0,693.0,639.0,165.0,9.14,6.24,304.1,316.7
Республика Северная Осетия - Алания,2023,7,2054.0,603.0,547.0,137.0,9.04,6.45,313.5,328.2
Республика Северная Осетия - Алания,2023,8,3178.0,1163.0,781.0,243.0,8.58,6.11,309.5,323.8
Республика Северная Осетия - Алания,2023,9,3173.0,1324.0,794.0,284.0,8.42,5.48,311.1,326.1
Республика Северная Осетия - Алания,2023,10,3008.0,1313.0,755.0,278.0,8.85,5.72,309.7,323.5
Республика Северная Осетия - Алания,2023,11,2638.0,1299.0,670.0,252.0,8.4,5.75,310.1,327.0
Республика Северная Осетия - Алания,2023,12,3051.0,1557.0,812.0,298.0,8.69,6.14,321.3,333.1
Республика Северная Осетия - Алания,2024,1,1103.0,513.0,307.0,107.0,8.97,5.66,314.5,322.5
Республика Северная Осетия - Алания,2024,2,1532.0,683.0,413.0,128.0,9.73,6.65,311.6,333.7
Республика Северная Осетия - Алания,2024,3,1279.0,669.0,327.0,112.0,8.93,6.53,319.7,341.2
Республика Северная Осетия - Алания,2024,4,1293.0,640.0,361.0,128.0,8.6,5.72,318.0,331.2
Республика Северная Осетия - Алания,2024,5,1526.0,899.0,447.0,211.0,8.5,6.29,317.8,326.1
Республика Северная Осетия - Алания,2024,6,2242.0,1352.0,595.0,305.0,8.33,6.36,313.5,320.2
Республика Северная Осетия - Алания,2024,7,1020.0,374.0,304.0,77.0,11.52,6.94,291.0,324.7
Республика Северная Осетия - Алания,2024,8,1075.0,457.0,287.0,90.0,10.99,6.57,308.2,337.8
Республика Северная Осетия - Алания,2024,9,901.0,425.0,220.0,79.0,10.66,6.04,308.3,327.5
Республика Северная Осетия - Алания,2024,10,1062.0,573.0,253.0,100.0,11.49,6.57,310.7,334.2
Республика Северная Осетия - Алания,2024,11,1010.0,678.0,242.0,136.0,10.2,6.43,323.6,339.8
Республика Северная Осетия - Алания,2024,12,724.0,581.0,175.0,110.0,9.36,6.95,323.9,341.5
Республика Северная Осетия - Алания,2025,1,444.0,359.0,111.0,69.0,8.18,6.68,321.7,327.7
Республика Северная Осетия - Алания,2025,2,750.0,610.0,159.0,109.0,7.52,5.92,336.4,343.1
Республика Северная Осетия - Алания,2025,3,854.0,691.0,200.0,132.0,8.02,6.01,333.8,346.0
Республика Северная Осетия - Алания,2025,4,772.0,601.0,176.0,112.0,7.11,6.02,327.0,339.4
Республика Северная Осетия - Алания,2025,5,759.0,436.0,176.0,79.0,7.57,6.11,330.2,339.0
Республика Северная Осетия - Алания,2025,6,787.0,406.0,175.0,72.0,7.71,6.03,329.7,348.7
Республика Северная Осетия - Алания,2025,7,913.0,499.0,219.0,91.0,7.65,5.92,324.8,335.7
Республика Северная Осетия - Алания,2025,8,1039.0,585.0,231.0,107.0,8.13,5.6,325.0,341.2
Республика Северная Осетия - Алания,2025,9,1009.0,721.0,232.0,126.0,7.23,5.93,329.1,343.1
Республика Северная Осетия - Алания,2025,10,1149.0,825.0,224.0,137.0,7.2,6.2,336.6,343.2
Республика Северная Осетия - Алания,2025,11,1241.0,923.0,255.0,162.0,7.32,5.89,331.6,339.0
Республика Северная Осетия - Алания,2025,12,2493.0,1818.0,500.0,335.0,6.72,5.91,339.0,345.8
Республика Северная Осетия - Алания,2026,1,1162.0,910.0,244.0,165.0,7.34,6.46,332.1,341.7
Республика Северная Осетия - Алания,2026,2,740.0,420.0,185.0,81.0,8.66,5.96,314.7,339.2
Республика Северная Осетия - Алания,2026,3,777.0,432.0,198.0,80.0,9.98,8.09,313.6,327.9
Республика Северная Осетия - Алания,2026,4,886.0,543.0,208.0,101.0,8.42,6.39,314.3,338.0
Республика Северная Осетия - Алания,2026,5,665.0,369.0,164.0,72.0,8.96,6.03,311.6,335.9
Республика Северная Осетия - Алания,2026,6,907.0,529.0,215.0,100.0,8.58,6.59,317.8,334.6
Республика Северная Осетия - Алания,2026,7,646.0,333.0,168.0,55.0,10.04,6.65,299.0,335.7
Республика Татарстан (Татарстан),2019,1,5483.0,1469.0,3017.0,719.0,9.85,9.46,203.7,210.4
Республика Татарстан (Татарстан),2019,2,7006.0,1972.0,3773.0,909.0,10.12,9.88,204.6,209.2
Республика Татарстан (Татарстан),2019,3,6730.0,1881.0,3593.0,864.0,10.4,10.02,206.5,206.1
Республика Татарстан (Татарстан),2019,4,7215.0,2046.0,3868.0,912.0,10.55,10.06,209.1,212.6
Республика Татарстан (Татарстан),2019,5,5790.0,1828.0,3021.0,779.0,10.52,9.92,210.8,215.6
Республика Татарстан (Татарстан),2019,6,6246.0,1940.0,3219.0,807.0,10.18,9.4,212.9,220.7
Республика Татарстан (Татарстан),2019,7,6967.0,1760.0,3622.0,720.0,10.15,9.44,210.5,214.4
Республика Татарстан (Татарстан),2019,8,7101.0,1826.0,3709.0,770.0,9.82,8.96,209.1,214.8
Республика Татарстан (Татарстан),2019,9,7556.0,2187.0,3768.0,880.0,9.61,8.87,211.5,222.6
Республика Татарстан (Татарстан),2019,10,8949.0,2503.0,4393.0,964.0,9.28,8.44,210.9,221.4
Республика Татарстан (Татарстан),2019,11,8400.0,2224.0,4102.0,864.0,9.16,8.13,209.3,220.5
Республика Татарстан (Татарстан),2019,12,11918.0,2767.0,5753.0,1019.0,9.05,8.03,206.0,221.1
Республика Татарстан (Татарстан),2020,1,5791.0,1365.0,2866.0,525.0,8.95,7.73,206.1,220.2
Республика Татарстан (Татарстан),2020,2,8875.0,2309.0,4229.0,860.0,8.83,7.83,208.7,222.3
Республика Татарстан (Татарстан),2020,3,10421.0,2642.0,4904.0,1028.0,8.63,7.42,207.5,220.5
Республика Татарстан (Татарстан),2020,4,7635.0,1832.0,3748.0,763.0,8.22,6.84,211.1,220.7
Республика Татарстан (Татарстан),2020,5,7243.0,2347.0,3519.0,979.0,7.67,5.82,205.7,211.5
Республика Татарстан (Татарстан),2020,6,9032.0,3141.0,4361.0,1288.0,7.73,5.99,208.5,210.7
Республика Татарстан (Татарстан),2020,7,11522.0,3947.0,5361.0,1472.0,7.41,5.68,209.2,214.2
Республика Татарстан (Татарстан),2020,8,12867.0,4657.0,5827.0,1632.0,7.17,5.58,210.5,214.5
Республика Татарстан (Татарстан),2020,9,15172.0,4714.0,6798.0,1601.0,7.21,5.38,213.0,216.9
Республика Татарстан (Татарстан),2020,10,17282.0,5396.0,7741.0,1847.0,7.28,5.45,213.0,218.5
Республика Татарстан (Татарстан),2020,11,15292.0,3744.0,6796.0,1295.0,7.42,5.52,214.9,217.3
Республика Татарстан (Татарстан),2020,12,19532.0,4968.0,8275.0,1645.0,7.33,5.49,220.6,226.5
Республика Татарстан (Татарстан),2021,1,8121.0,2160.0,3481.0,718.0,7.31,5.66,221.5,231.8
Республика Татарстан (Татарстан),2021,2,11310.0,2849.0,4996.0,935.0,7.29,5.54,218.7,233.7
Республика Татарстан (Татарстан),2021,3,15492.0,3909.0,6348.0,1105.0,7.23,5.69,224.7,240.8
Республика Татарстан (Татарстан),2021,4,16259.0,4262.0,6622.0,1245.0,7.35,5.49,229.5,245.2
Республика Татарстан (Татарстан),2021,5,12861.0,3777.0,5045.0,1065.0,7.23,5.1,234.5,249.5
Республика Татарстан (Татарстан),2021,6,15822.0,5222.0,6127.0,1449.0,7.02,4.88,234.9,249.2
Республика Татарстан (Татарстан),2021,7,12990.0,3000.0,5172.0,831.0,7.46,5.36,233.0,244.4
Республика Татарстан (Татарстан),2021,8,13192.0,3103.0,5190.0,907.0,7.77,5.9,237.2,243.7
Республика Татарстан (Татарстан),2021,9,15114.0,4061.0,5765.0,1173.0,7.55,5.39,240.9,250.7
Республика Татарстан (Татарстан),2021,10,16708.0,4735.0,6091.0,1318.0,7.43,5.17,248.5,262.4
Республика Татарстан (Татарстан),2021,11,16608.0,5532.0,5820.0,1571.0,7.33,5.06,252.3,264.0
Республика Татарстан (Татарстан),2021,12,21853.0,7541.0,7322.0,2122.0,7.65,5.44,258.4,270.2
Республика Татарстан (Татарстан),2022,1,11002.0,4094.0,3659.0,1167.0,7.93,5.61,262.7,269.6
Республика Татарстан (Татарстан),2022,2,16420.0,5940.0,5153.0,1641.0,7.99,5.31,264.4,271.5
Республика Татарстан (Татарстан),2022,3,18504.0,8514.0,6210.0,2604.0,7.85,5.2,265.1,274.2
Республика Татарстан (Татарстан),2022,4,5074.0,2706.0,1668.0,678.0,7.3,4.9,271.5,293.8
Республика Татарстан (Татарстан),2022,5,4028.0,2396.0,1143.0,466.0,6.21,3.92,288.1,307.4
Республика Татарстан (Татарстан),2022,6,7404.0,3471.0,2082.0,640.0,6.68,3.78,276.4,302.1
Республика Татарстан (Татарстан),2022,7,9996.0,3872.0,2840.0,714.0,7.2,3.97,275.7,298.1
Республика Татарстан (Татарстан),2022,8,13253.0,4428.0,3779.0,783.0,7.15,3.87,279.5,309.2
Республика Татарстан (Татарстан),2022,9,17117.0,5709.0,4804.0,1006.0,6.93,3.18,285.6,315.9
Республика Татарстан (Татарстан),2022,10,15410.0,4432.0,4516.0,874.0,7.4,3.35,286.1,312.5
Республика Татарстан (Татарстан),2022,11,15289.0,5210.0,4379.0,1068.0,7.16,3.36,290.0,315.0
Республика Татарстан (Татарстан),2022,12,22909.0,8754.0,6255.0,1816.0,6.82,3.64,292.4,315.2
Республика Татарстан (Татарстан),2023,1,8660.0,2588.0,2572.0,542.0,7.99,4.94,287.3,314.5
Республика Татарстан (Татарстан),2023,2,13509.0,4673.0,3853.0,958.0,8.06,5.17,293.7,318.5
Республика Татарстан (Татарстан),2023,3,19475.0,7037.0,5405.0,1421.0,7.91,5.26,296.0,317.9
Республика Татарстан (Татарстан),2023,4,17970.0,5394.0,5058.0,1144.0,8.45,6.05,291.3,315.2
Республика Татарстан (Татарстан),2023,5,21071.0,6500.0,5811.0,1333.0,8.28,6.11,294.0,316.1
Республика Татарстан (Татарстан),2023,6,21378.0,6727.0,5827.0,1302.0,8.15,5.93,296.7,321.1
Республика Татарстан (Татарстан),2023,7,23805.0,8344.0,6361.0,1705.0,8.02,5.98,301.0,320.8
Республика Татарстан (Татарстан),2023,8,29992.0,11590.0,7778.0,2380.0,7.88,5.69,300.7,320.6
Республика Татарстан (Татарстан),2023,9,37205.0,16430.0,9414.0,3354.0,7.66,5.61,306.3,324.2
Республика Татарстан (Татарстан),2023,10,30565.0,12708.0,7898.0,2511.0,7.93,5.91,306.3,323.5
Республика Татарстан (Татарстан),2023,11,27993.0,12289.0,7315.0,2525.0,8.16,6.08,307.8,323.1
Республика Татарстан (Татарстан),2023,12,28776.0,13164.0,7282.0,2606.0,7.75,6.11,313.1,329.6
Республика Татарстан (Татарстан),2024,1,10440.0,4176.0,2748.0,766.0,7.91,6.05,309.3,325.0
Республика Татарстан (Татарстан),2024,2,11164.0,3587.0,3197.0,689.0,8.97,6.42,304.8,323.6
Республика Татарстан (Татарстан),2024,3,16542.0,7026.0,4297.0,1273.0,8.18,6.32,310.3,328.9
Республика Татарстан (Татарстан),2024,4,16594.0,6466.0,4208.0,1131.0,8.21,6.24,310.5,328.8
Республика Татарстан (Татарстан),2024,5,20727.0,10468.0,5406.0,1947.0,7.76,6.0,316.8,333.4
Республика Татарстан (Татарстан),2024,6,30579.0,16187.0,7808.0,2932.0,7.38,6.05,321.0,333.4
Республика Татарстан (Татарстан),2024,7,13100.0,3284.0,4072.0,530.0,10.26,5.73,301.4,331.6
Республика Татарстан (Татарстан),2024,8,12918.0,4473.0,3570.0,807.0,9.58,6.34,309.5,337.7
Республика Татарстан (Татарстан),2024,9,14614.0,6344.0,3755.0,1153.0,9.05,6.63,317.6,339.1
Республика Татарстан (Татарстан),2024,10,13200.0,5964.0,3487.0,1079.0,9.96,6.37,308.0,331.7
Республика Татарстан (Татарстан),2024,11,8825.0,4185.0,2464.0,785.0,9.38,6.3,311.5,332.6
Республика Татарстан (Татарстан),2024,12,10444.0,6172.0,2695.0,1144.0,8.7,6.39,310.8,333.7
Республика Татарстан (Татарстан),2025,1,3717.0,2148.0,1039.0,409.0,8.53,6.21,305.1,329.2
Республика Татарстан (Татарстан),2025,2,7071.0,4314.0,1697.0,803.0,8.07,6.02,321.4,336.3
Республика Татарстан (Татарстан),2025,3,8468.0,5179.0,1931.0,932.0,7.51,6.18,320.6,331.9
Республика Татарстан (Татарстан),2025,4,9350.0,5213.0,2095.0,922.0,7.63,6.26,320.6,333.7
Республика Татарстан (Татарстан),2025,5,10585.0,6359.0,2242.0,1120.0,7.5,6.18,323.2,333.7
Республика Татарстан (Татарстан),2025,6,10558.0,5553.0,2265.0,977.0,7.65,6.32,320.1,331.4
Республика Татарстан (Татарстан),2025,7,12709.0,7250.0,2684.0,1287.0,7.6,6.25,319.5,332.3
Республика Татарстан (Татарстан),2025,8,13424.0,7431.0,2910.0,1289.0,7.79,6.38,318.5,333.8
Республика Татарстан (Татарстан),2025,9,13844.0,7327.0,2939.0,1239.0,8.36,6.69,313.3,331.6
Республика Татарстан (Татарстан),2025,10,19361.0,10451.0,4058.0,1793.0,8.46,6.79,311.5,330.3
Республика Татарстан (Татарстан),2025,11,18095.0,10504.0,3721.0,1795.0,8.27,6.63,315.8,334.5
Республика Татарстан (Татарстан),2025,12,29944.0,17003.0,6176.0,2980.0,7.96,6.49,320.1,337.9
Республика Татарстан (Татарстан),2026,1,16231.0,10058.0,3259.0,1732.0,7.99,6.77,319.6,335.2
Республика Татарстан (Татарстан),2026,2,9638.0,4018.0,2304.0,683.0,10.45,7.55,294.2,326.9
Республика Татарстан (Татарстан),2026,3,10422.0,4064.0,2416.0,708.0,10.82,8.04,292.9,321.9
Республика Татарстан (Татарстан),2026,4,12284.0,4483.0,2834.0,814.0,10.33,7.68,291.6,320.0
Республика Татарстан (Татарстан),2026,5,10284.0,3597.0,2357.0,638.0,10.26,7.36,290.4,317.4
Республика Татарстан (Татарстан),2026,6,17138.0,7871.0,3574.0,1382.0,9.1,7.36,308.5,329.8
Республика Татарстан (Татарстан),2026,7,12456.0,4561.0,2845.0,832.0,10.85,7.85,287.9,317.3
Республика Тыва,2019,1,228.0,16.0,100.0,8.0,10.05,9.76,187.8,195.8
Республика Тыва,2019,2,300.0,27.0,141.0,15.0,10.25,10.12,202.3,183.3
Республика Тыва,2019,3,300.0,33.0,134.0,9.0,10.67,10.19,200.2,218.8
Республика Тыва,2019,4,341.0,31.0,144.0,10.0,10.89,10.73,204.4,200.8
Республика Тыва,2019,5,313.0,33.0,135.0,8.0,10.91,9.59,212.1,191.0
Республика Тыва,2019,6,356.0,16.0,159.0,7.0,10.59,9.63,208.6,249.7
Республика Тыва,2019,7,333.0,42.0,145.0,16.0,10.61,9.69,206.8,192.6
Республика Тыва,2019,8,364.0,24.0,168.0,9.0,10.21,9.08,207.6,248.3
Республика Тыва,2019,9,415.0,41.0,184.0,13.0,10.05,9.43,207.1,196.7
Республика Тыва,2019,10,388.0,30.0,163.0,8.0,9.69,8.38,217.9,201.8
Республика Тыва,2019,11,413.0,15.0,168.0,5.0,9.97,9.43,212.9,226.2
Республика Тыва,2019,12,490.0,61.0,197.0,19.0,9.37,9.11,207.9,240.0
Республика Тыва,2020,1,327.0,22.0,136.0,10.0,9.4,8.33,202.0,187.6
Республика Тыва,2020,2,413.0,94.0,143.0,16.0,9.26,8.69,213.0,177.8
Республика Тыва,2020,3,407.0,43.0,154.0,11.0,9.27,8.45,220.0,239.3
Республика Тыва,2020,4,333.0,26.0,128.0,10.0,9.2,7.9,217.1,227.3
Республика Тыва,2020,5,251.0,41.0,100.0,10.0,8.32,4.25,207.6,194.0
Республика Тыва,2020,6,366.0,26.0,158.0,12.0,8.46,5.74,233.3,206.5
Республика Тыва,2020,7,511.0,75.0,190.0,23.0,8.01,5.84,222.2,206.7
Республика Тыва,2020,8,590.0,85.0,223.0,27.0,7.75,6.38,210.1,188.9
Республика Тыва,2020,9,795.0,86.0,295.0,24.0,7.9,5.32,219.8,210.2
Республика Тыва,2020,10,820.0,84.0,299.0,18.0,7.9,6.73,223.9,180.0
Республика Тыва,2020,11,764.0,75.0,277.0,21.0,7.77,4.88,224.0,204.7
Республика Тыва,2020,12,805.0,70.0,290.0,20.0,7.68,5.95,226.9,213.1
Республика Тыва,2021,1,425.0,31.0,150.0,8.0,7.99,6.54,233.8,186.3
Республика Тыва,2021,2,575.0,44.0,207.0,15.0,7.64,5.87,239.7,194.9
Республика Тыва,2021,3,827.0,101.0,257.0,25.0,7.61,5.42,243.1,268.9
Республика Тыва,2021,4,741.0,137.0,240.0,32.0,7.64,5.71,237.4,238.8
Республика Тыва,2021,5,581.0,91.0,183.0,24.0,7.45,4.79,247.7,258.2
Республика Тыва,2021,6,701.0,90.0,228.0,27.0,7.7,4.8,242.6,239.4
Республика Тыва,2021,7,762.0,72.0,248.0,15.0,8.1,7.29,242.2,254.9
Республика Тыва,2021,8,857.0,86.0,272.0,17.0,8.1,6.42,251.4,236.4
Республика Тыва,2021,9,932.0,99.0,308.0,23.0,8.28,6.77,243.7,234.7
Республика Тыва,2021,10,948.0,136.0,283.0,29.0,8.17,5.44,250.4,249.7
Республика Тыва,2021,11,854.0,103.0,279.0,24.0,8.55,6.1,255.6,270.2
Республика Тыва,2021,12,1201.0,226.0,325.0,38.0,8.86,6.83,266.5,275.2
Республика Тыва,2022,1,721.0,102.0,206.0,22.0,9.29,6.22,268.3,272.2
Республика Тыва,2022,2,879.0,133.0,244.0,31.0,9.37,6.01,273.9,277.1
Республика Тыва,2022,3,1288.0,334.0,379.0,93.0,9.36,5.45,272.4,275.5
Республика Тыва,2022,4,326.0,134.0,113.0,32.0,9.55,5.61,276.3,276.9
Республика Тыва,2022,5,213.0,135.0,92.0,24.0,6.23,4.17,232.7,267.8
Республика Тыва,2022,6,403.0,127.0,195.0,31.0,9.14,5.41,250.0,289.6
Республика Тыва,2022,7,700.0,169.0,309.0,33.0,9.1,4.37,242.7,277.9
Республика Тыва,2022,8,1032.0,216.0,414.0,44.0,8.93,3.8,255.0,265.2
Республика Тыва,2022,9,1404.0,368.0,502.0,74.0,8.75,4.46,276.1,292.0
Республика Тыва,2022,10,1395.0,275.0,483.0,55.0,9.02,4.1,280.3,294.1
Республика Тыва,2022,11,1527.0,415.0,522.0,91.0,8.99,5.32,274.8,293.7
Республика Тыва,2022,12,2438.0,909.0,718.0,180.0,7.99,4.04,288.4,306.1
Республика Тыва,2023,1,1137.0,274.0,375.0,64.0,9.48,5.37,287.6,319.7
Республика Тыва,2023,2,1342.0,339.0,431.0,79.0,9.61,5.82,292.1,321.1
Республика Тыва,2023,3,1954.0,728.0,545.0,156.0,8.9,5.45,300.9,313.9
Республика Тыва,2023,4,2304.0,1071.0,628.0,228.0,8.43,5.69,302.8,318.0
Республика Тыва,2023,5,2313.0,1006.0,618.0,207.0,8.42,5.73,304.2,324.9
Республика Тыва,2023,6,2898.0,1084.0,777.0,220.0,8.51,5.83,306.3,331.2
Республика Тыва,2023,7,2699.0,903.0,811.0,185.0,8.44,5.82,306.1,324.7
Республика Тыва,2023,8,3926.0,1477.0,1242.0,290.0,8.06,5.77,313.0,338.7
Республика Тыва,2023,9,4338.0,1783.0,1406.0,357.0,7.71,5.35,309.3,317.8
Республика Тыва,2023,10,4924.0,2115.0,1803.0,422.0,6.92,3.51,288.3,267.8
Республика Тыва,2023,11,4588.0,1749.0,1676.0,339.0,7.16,4.27,296.5,277.7
Республика Тыва,2023,12,7181.0,3139.0,2343.0,662.0,6.84,4.08,293.7,278.1
Республика Тыва,2024,1,2706.0,868.0,1097.0,189.0,7.4,4.42,294.0,285.5
Республика Тыва,2024,2,3790.0,1695.0,1311.0,323.0,6.61,3.57,278.0,258.3
Республика Тыва,2024,3,3185.0,1452.0,1180.0,283.0,6.74,4.42,290.9,291.2
Республика Тыва,2024,4,2984.0,1272.0,1111.0,247.0,6.68,3.51,291.4,270.0
Республика Тыва,2024,5,3724.0,1514.0,1594.0,303.0,6.8,3.57,293.8,271.0
Республика Тыва,2024,6,4726.0,2909.0,1606.0,561.0,5.97,4.01,288.8,275.9
Республика Тыва,2024,7,1850.0,249.0,984.0,53.0,9.41,6.63,306.9,305.3
Республика Тыва,2024,8,1521.0,364.0,797.0,80.0,9.17,5.95,309.3,332.6
Республика Тыва,2024,9,1320.0,482.0,601.0,92.0,9.17,6.38,307.9,337.7
Республика Тыва,2024,10,1053.0,369.0,506.0,69.0,10.25,6.87,307.8,343.0
Республика Тыва,2024,11,859.0,386.0,394.0,79.0,8.86,6.33,316.4,342.9
Республика Тыва,2024,12,792.0,539.0,279.0,105.0,8.27,5.99,313.1,344.2
Республика Тыва,2025,1,520.0,408.0,169.0,77.0,7.82,5.99,324.0,356.1
Республика Тыва,2025,2,702.0,542.0,209.0,102.0,8.18,5.96,322.7,342.6
Республика Тыва,2025,3,985.0,801.0,262.0,160.0,5.3,3.94,324.3,342.1
Республика Тыва,2025,4,2141.0,1711.0,491.0,314.0,4.58,3.9,337.7,347.0
Республика Тыва,2025,5,1339.0,1070.0,311.0,198.0,5.26,4.52,333.7,347.0
Республика Тыва,2025,6,1444.0,1077.0,330.0,200.0,5.34,4.19,336.2,348.2
Республика Тыва,2025,7,1569.0,1168.0,341.0,217.0,4.97,4.12,338.8,349.0
Республика Тыва,2025,8,1702.0,1310.0,369.0,248.0,4.78,3.74,338.4,350.7
Республика Тыва,2025,9,1257.0,935.0,288.0,176.0,6.22,4.74,331.3,344.1
Республика Тыва,2025,10,1328.0,984.0,270.0,177.0,6.25,5.24,336.7,350.0
Республика Тыва,2025,11,1090.0,841.0,228.0,153.0,6.58,5.53,335.0,347.9
Республика Тыва,2025,12,1950.0,1436.0,402.0,257.0,6.58,5.56,333.0,347.5
Республика Тыва,2026,1,1082.0,804.0,215.0,146.0,7.12,6.36,335.9,346.2
Республика Тыва,2026,2,929.0,675.0,193.0,121.0,6.3,4.89,330.3,343.9
Республика Тыва,2026,3,1241.0,921.0,271.0,176.0,5.29,3.91,335.9,349.5
Республика Тыва,2026,4,1256.0,841.0,272.0,157.0,5.13,3.67,329.0,342.7
Республика Тыва,2026,5,1156.0,679.0,236.0,123.0,5.77,3.34,330.2,343.8
Республика Тыва,2026,6,1744.0,1172.0,349.0,211.0,4.7,3.27,333.8,344.4
Республика Тыва,2026,7,1435.0,908.0,290.0,160.0,5.34,4.19,334.4,350.1
Республика Хакасия,2019,1,424.0,123.0,272.0,69.0,9.89,9.64,176.3,160.7
Республика Хакасия,2019,2,537.0,91.0,337.0,53.0,10.5,10.11,190.4,197.5
Республика Хакасия,2019,3,549.0,112.0,335.0,57.0,10.49,10.33,203.4,209.6
Республика Хакасия,2019,4,547.0,59.0,339.0,31.0,10.71,10.44,194.2,190.0
Республика Хакасия,2019,5,516.0,93.0,309.0,43.0,10.71,10.02,195.5,225.3
Республика Хакасия,2019,6,587.0,127.0,330.0,45.0,10.37,9.77,208.3,218.7
Республика Хакасия,2019,7,558.0,118.0,340.0,54.0,10.25,9.47,201.2,188.1
Республика Хакасия,2019,8,610.0,111.0,376.0,54.0,10.03,9.51,200.0,208.2
Республика Хакасия,2019,9,667.0,148.0,387.0,72.0,9.75,8.81,197.3,206.3
Республика Хакасия,2019,10,798.0,145.0,461.0,68.0,9.73,9.52,208.7,230.5
Республика Хакасия,2019,11,761.0,205.0,434.0,93.0,9.31,9.01,195.2,196.6
Республика Хакасия,2019,12,937.0,155.0,539.0,69.0,9.23,8.67,197.3,200.0
Республика Хакасия,2020,1,571.0,105.0,347.0,51.0,9.16,8.65,191.1,206.0
Республика Хакасия,2020,2,726.0,136.0,395.0,53.0,9.27,8.72,197.0,198.5
Республика Хакасия,2020,3,746.0,97.0,444.0,52.0,9.02,8.54,196.7,185.2
Республика Хакасия,2020,4,607.0,88.0,354.0,43.0,8.62,8.41,202.3,204.0
Республика Хакасия,2020,5,586.0,159.0,335.0,76.0,7.77,6.23,203.5,187.3
Республика Хакасия,2020,6,770.0,184.0,419.0,87.0,7.83,6.37,193.0,184.5
Республика Хакасия,2020,7,991.0,211.0,511.0,93.0,7.49,6.05,208.7,195.4
Республика Хакасия,2020,8,1231.0,310.0,639.0,135.0,7.14,5.96,204.2,205.3
Республика Хакасия,2020,9,1286.0,315.0,644.0,123.0,7.48,6.16,208.4,199.5
Республика Хакасия,2020,10,1673.0,530.0,830.0,210.0,7.26,5.86,211.0,202.7
Республика Хакасия,2020,11,1292.0,278.0,651.0,100.0,7.39,5.87,212.0,204.0
Республика Хакасия,2020,12,1394.0,228.0,691.0,95.0,7.27,5.16,207.9,200.1
Республика Хакасия,2021,1,607.0,150.0,302.0,67.0,6.93,5.52,205.9,199.7
Республика Хакасия,2021,2,1099.0,279.0,471.0,92.0,6.97,5.17,216.7,208.6
Республика Хакасия,2021,3,1408.0,328.0,646.0,109.0,6.79,5.96,220.5,215.7
Республика Хакасия,2021,4,1461.0,307.0,662.0,101.0,7.07,5.59,218.0,229.2
Республика Хакасия,2021,5,1124.0,188.0,511.0,70.0,7.52,5.63,229.7,255.1
Республика Хакасия,2021,6,1432.0,345.0,598.0,105.0,7.23,5.28,226.9,229.1
Республика Хакасия,2021,7,1271.0,258.0,539.0,57.0,7.61,6.64,222.7,209.4
Республика Хакасия,2021,8,1238.0,271.0,523.0,77.0,7.81,6.41,227.7,225.3
Республика Хакасия,2021,9,1351.0,230.0,619.0,77.0,7.78,5.94,230.5,233.8
Республика Хакасия,2021,10,1364.0,230.0,586.0,85.0,8.04,5.89,237.3,235.3
Республика Хакасия,2021,11,1286.0,285.0,546.0,87.0,7.95,5.95,236.1,255.8
Республика Хакасия,2021,12,1800.0,550.0,725.0,173.0,8.23,5.86,244.5,253.3
Республика Хакасия,2022,1,989.0,299.0,394.0,100.0,7.88,5.66,243.4,243.7
Республика Хакасия,2022,2,1280.0,328.0,494.0,101.0,8.55,5.73,263.1,270.1
Республика Хакасия,2022,3,1610.0,481.0,622.0,158.0,8.72,5.38,254.3,263.9
Республика Хакасия,2022,4,265.0,113.0,129.0,35.0,8.57,4.95,238.8,268.2
Республика Хакасия,2022,5,264.0,118.0,105.0,31.0,8.35,6.29,244.8,266.7
Республика Хакасия,2022,6,456.0,145.0,205.0,41.0,8.91,6.12,245.7,244.6
Республика Хакасия,2022,7,904.0,350.0,339.0,88.0,7.28,4.04,268.2,291.6
Республика Хакасия,2022,8,1358.0,483.0,488.0,109.0,7.08,3.25,268.4,291.4
Республика Хакасия,2022,9,1502.0,601.0,519.0,135.0,6.49,3.03,278.6,320.2
Республика Хакасия,2022,10,1603.0,526.0,557.0,112.0,7.29,3.72,274.8,300.0
Республика Хакасия,2022,11,1581.0,598.0,564.0,139.0,7.32,3.68,274.3,304.2
Республика Хакасия,2022,12,2639.0,1206.0,811.0,281.0,6.54,3.61,295.5,324.8
Республика Хакасия,2023,1,823.0,241.0,302.0,62.0,8.1,5.09,278.7,306.2
Республика Хакасия,2023,2,1358.0,501.0,461.0,120.0,7.84,4.96,284.1,314.2
Республика Хакасия,2023,3,2119.0,859.0,719.0,203.0,7.78,5.1,295.7,322.6
Республика Хакасия,2023,4,2030.0,689.0,655.0,153.0,8.29,5.28,287.5,316.9
Республика Хакасия,2023,5,2286.0,816.0,729.0,199.0,8.14,5.6,295.0,323.7
Республика Хакасия,2023,6,2137.0,620.0,686.0,153.0,8.63,5.75,292.8,322.5
Республика Хакасия,2023,7,2205.0,766.0,685.0,180.0,8.32,6.08,296.5,321.0
Республика Хакасия,2023,8,2933.0,1268.0,903.0,312.0,7.88,5.64,299.4,319.0
Республика Хакасия,2023,9,3706.0,1835.0,1087.0,420.0,7.94,5.73,297.7,315.3
Республика Хакасия,2023,10,2650.0,1148.0,861.0,260.0,8.37,6.05,300.6,318.7
Республика Хакасия,2023,11,2291.0,1207.0,708.0,262.0,7.89,5.97,312.3,326.5
Республика Хакасия,2023,12,2501.0,1234.0,738.0,272.0,7.69,6.15,307.0,325.5
Республика Хакасия,2024,1,735.0,291.0,266.0,67.0,8.97,6.3,308.6,326.6
Республика Хакасия,2024,2,1034.0,243.0,372.0,53.0,9.36,6.54,291.6,331.0
Республика Хакасия,2024,3,1250.0,416.0,421.0,82.0,8.3,6.27,306.8,332.7
Республика Хакасия,2024,4,1397.0,385.0,505.0,85.0,8.45,6.05,300.2,328.9
Республика Хакасия,2024,5,1421.0,466.0,527.0,102.0,7.84,5.65,301.2,323.0
Республика Хакасия,2024,6,2457.0,1312.0,788.0,302.0,7.5,6.16,312.1,321.3
Республика Хакасия,2024,7,1191.0,251.0,466.0,54.0,9.12,6.24,290.6,308.4
Республика Хакасия,2024,8,1151.0,356.0,377.0,78.0,8.52,6.79,304.9,331.2
Республика Хакасия,2024,9,1033.0,376.0,348.0,79.0,9.26,6.76,300.0,328.1
Республика Хакасия,2024,10,1026.0,406.0,314.0,86.0,9.16,5.44,314.5,337.9
Республика Хакасия,2024,11,741.0,403.0,244.0,86.0,9.27,6.12,317.3,335.1
Республика Хакасия,2024,12,674.0,397.0,225.0,90.0,9.26,6.0,307.6,333.5
Республика Хакасия,2025,1,308.0,204.0,94.0,41.0,8.26,6.06,317.3,348.8
Республика Хакасия,2025,2,679.0,399.0,197.0,87.0,7.97,6.1,314.7,331.1
Республика Хакасия,2025,3,591.0,298.0,158.0,64.0,7.18,5.91,322.3,332.5
Республика Хакасия,2025,4,966.0,466.0,251.0,100.0,7.12,6.24,322.9,328.6
Республика Хакасия,2025,5,788.0,317.0,216.0,66.0,7.55,6.25,317.3,334.3
Республика Хакасия,2025,6,1145.0,556.0,286.0,115.0,6.92,6.06,320.2,339.9
Республика Хакасия,2025,7,1079.0,497.0,272.0,99.0,6.64,5.6,316.1,333.1
Республика Хакасия,2025,8,1247.0,484.0,292.0,91.0,7.23,5.61,328.1,341.6
Республика Хакасия,2025,9,1188.0,545.0,305.0,109.0,8.05,6.82,309.5,328.7
Республика Хакасия,2025,10,1315.0,676.0,328.0,136.0,7.43,5.96,319.6,342.9
Республика Хакасия,2025,11,1448.0,769.0,343.0,157.0,7.38,6.05,313.4,346.1
Республика Хакасия,2025,12,2743.0,1454.0,601.0,281.0,6.94,5.81,322.1,339.8
Республика Хакасия,2026,1,1219.0,549.0,289.0,112.0,7.97,6.72,320.7,341.3
Республика Хакасия,2026,2,945.0,344.0,258.0,66.0,8.39,5.85,305.9,336.6
Республика Хакасия,2026,3,1058.0,379.0,268.0,62.0,9.95,9.04,292.2,310.8
Республика Хакасия,2026,4,998.0,289.0,279.0,55.0,9.22,7.79,299.1,335.1
Республика Хакасия,2026,5,900.0,227.0,249.0,50.0,9.92,6.71,286.4,317.1
Республика Хакасия,2026,6,1422.0,486.0,364.0,97.0,8.45,6.37,304.7,327.1
Республика Хакасия,2026,7,1295.0,477.0,342.0,93.0,9.11,6.44,289.8,328.7
Ростовская область,2019,1,3313.0,1066.0,1861.0,576.0,9.83,9.59,205.7,211.9
Ростовская область,2019,2,4621.0,1525.0,2508.0,811.0,10.11,9.94,204.6,199.5
Ростовская область,2019,3,4865.0,1774.0,2569.0,899.0,10.3,10.11,209.5,212.6
Ростовская область,2019,4,5033.0,1771.0,2739.0,932.0,10.47,10.13,209.0,210.5
Ростовская область,2019,5,3835.0,1413.0,2073.0,704.0,10.47,9.96,210.8,214.9
Ростовская область,2019,6,4417.0,1486.0,2322.0,750.0,10.29,9.91,211.0,211.1
Ростовская область,2019,7,4813.0,1443.0,2508.0,717.0,10.21,9.83,209.9,216.6
Ростовская область,2019,8,5225.0,1812.0,2793.0,935.0,9.83,9.35,211.5,217.0
Ростовская область,2019,9,5362.0,1832.0,2836.0,909.0,9.67,9.14,213.4,216.6
Ростовская область,2019,10,5884.0,1858.0,3105.0,941.0,9.44,8.96,214.5,214.9
Ростовская область,2019,11,5696.0,1859.0,3023.0,941.0,9.26,8.74,212.7,216.2
Ростовская область,2019,12,7360.0,1987.0,3782.0,977.0,9.18,8.56,211.2,212.4
Ростовская область,2020,1,4096.0,1444.0,2116.0,701.0,9.02,8.52,217.2,224.4
Ростовская область,2020,2,5518.0,1874.0,2743.0,873.0,8.95,8.41,214.7,218.7
Ростовская область,2020,3,6107.0,2087.0,3111.0,1001.0,8.88,8.39,212.9,223.0
Ростовская область,2020,4,4040.0,1033.0,2141.0,532.0,8.61,7.44,212.9,212.6
Ростовская область,2020,5,4595.0,2030.0,2393.0,1022.0,7.57,6.26,208.4,206.4
Ростовская область,2020,6,6560.0,2764.0,3382.0,1370.0,7.54,6.21,211.1,212.8
Ростовская область,2020,7,8257.0,3413.0,4102.0,1585.0,7.24,6.06,214.5,215.1
Ростовская область,2020,8,8609.0,3259.0,4260.0,1523.0,7.27,6.07,214.2,214.4
Ростовская область,2020,9,10357.0,3586.0,5065.0,1615.0,7.28,6.06,215.9,217.9
Ростовская область,2020,10,10277.0,3848.0,5012.0,1718.0,7.21,6.16,218.6,215.6
Ростовская область,2020,11,9237.0,2961.0,4353.0,1222.0,7.33,6.18,219.9,219.2
Ростовская область,2020,12,10642.0,3182.0,4907.0,1345.0,7.43,6.13,219.8,218.3
Ростовская область,2021,1,5305.0,1859.0,2396.0,783.0,7.27,6.14,221.8,219.3
Ростовская область,2021,2,7910.0,2783.0,3515.0,1077.0,7.28,6.21,226.9,232.0
Ростовская область,2021,3,10178.0,3272.0,4384.0,1275.0,7.26,6.14,229.5,236.2
Ростовская область,2021,4,10763.0,3458.0,4659.0,1270.0,7.29,6.01,233.8,243.5
Ростовская область,2021,5,8448.0,2696.0,3563.0,998.0,7.32,5.79,239.1,247.3
Ростовская область,2021,6,10780.0,3958.0,4412.0,1321.0,7.03,5.6,240.4,247.9
Ростовская область,2021,7,9385.0,2282.0,3892.0,818.0,7.62,6.34,240.7,251.0
Ростовская область,2021,8,8798.0,2559.0,3786.0,943.0,7.75,6.49,240.1,236.5
Ростовская область,2021,9,9830.0,2975.0,3930.0,1014.0,7.72,6.43,243.9,255.9
Ростовская область,2021,10,10753.0,3506.0,4211.0,1155.0,7.66,6.2,246.7,250.3
Ростовская область,2021,11,10450.0,3672.0,4016.0,1156.0,7.58,6.15,248.3,253.6
Ростовская область,2021,12,13954.0,4691.0,5041.0,1444.0,7.89,6.14,251.8,252.2
Ростовская область,2022,1,7212.0,2801.0,2462.0,856.0,7.91,6.08,255.8,256.5
Ростовская область,2022,2,9404.0,3734.0,3285.0,1099.0,8.05,5.92,260.8,263.7
Ростовская область,2022,3,11348.0,4992.0,3909.0,1501.0,8.17,5.94,267.1,271.9
Ростовская область,2022,4,2979.0,1478.0,1046.0,397.0,8.28,6.03,256.5,272.0
Ростовская область,2022,5,2796.0,1578.0,834.0,329.0,6.62,3.51,270.1,291.3
Ростовская область,2022,6,4994.0,2605.0,1511.0,544.0,6.37,3.83,269.7,289.1
Ростовская область,2022,7,7494.0,3439.0,2273.0,693.0,6.53,3.59,278.4,301.3
Ростовская область,2022,8,10078.0,4008.0,3004.0,815.0,6.86,3.72,276.6,301.4
Ростовская область,2022,9,10812.0,3698.0,3407.0,811.0,7.15,3.78,280.4,310.2
Ростовская область,2022,10,10548.0,3047.0,3335.0,674.0,7.52,3.87,280.4,303.7
Ростовская область,2022,11,11210.0,4316.0,3377.0,948.0,7.13,3.72,283.5,308.9
Ростовская область,2022,12,16392.0,6972.0,4711.0,1513.0,6.71,3.77,290.4,315.9
Ростовская область,2023,1,7156.0,2996.0,2097.0,658.0,7.51,4.43,292.1,315.5
Ростовская область,2023,2,9614.0,3768.0,2977.0,955.0,7.91,5.14,291.9,317.0
Ростовская область,2023,3,13441.0,5572.0,4125.0,1516.0,8.15,5.92,294.4,316.1
Ростовская область,2023,4,13671.0,5252.0,4180.0,1406.0,8.51,6.26,294.2,312.6
Ростовская область,2023,5,14075.0,5782.0,4263.0,1432.0,8.35,6.27,294.6,315.1
Ростовская область,2023,6,15662.0,6423.0,4631.0,1553.0,8.31,6.35,293.5,309.8
Ростовская область,2023,7,17885.0,7912.0,5066.0,1821.0,8.25,6.57,296.4,312.3
Ростовская область,2023,8,22597.0,11151.0,6257.0,2630.0,7.83,6.2,299.9,311.2
Ростовская область,2023,9,24604.0,12329.0,6744.0,2849.0,7.82,6.12,303.4,316.5
Ростовская область,2023,10,20800.0,9779.0,6088.0,2436.0,8.25,6.42,302.1,316.0
Ростовская область,2023,11,19670.0,10367.0,5752.0,2480.0,8.02,6.43,302.6,314.6
Ростовская область,2023,12,21247.0,11716.0,5879.0,2741.0,7.83,6.29,308.2,319.8
Ростовская область,2024,1,7513.0,3930.0,2283.0,921.0,8.39,6.24,297.8,308.8
Ростовская область,2024,2,8293.0,3625.0,2615.0,850.0,9.3,6.45,299.8,318.2
Ростовская область,2024,3,10840.0,5369.0,3243.0,1210.0,8.37,6.38,307.3,321.6
Ростовская область,2024,4,12151.0,5551.0,3655.0,1274.0,8.29,6.55,305.6,319.0
Ростовская область,2024,5,15167.0,8544.0,4521.0,1979.0,7.92,6.38,309.9,322.6
Ростовская область,2024,6,22475.0,13454.0,6624.0,3171.0,7.49,6.42,316.7,325.7
Ростовская область,2024,7,9560.0,3177.0,3185.0,640.0,10.07,6.68,296.2,325.7
Ростовская область,2024,8,10853.0,4714.0,3076.0,942.0,9.0,6.44,307.0,332.4
Ростовская область,2024,9,10153.0,4704.0,2819.0,975.0,8.45,6.13,312.0,330.8
Ростовская область,2024,10,10228.0,5192.0,2955.0,1055.0,9.26,6.03,308.1,333.2
Ростовская область,2024,11,8067.0,5015.0,2339.0,1150.0,8.87,6.3,313.0,330.8
Ростовская область,2024,12,7598.0,5222.0,2108.0,1134.0,8.3,6.62,320.9,338.1
Ростовская область,2025,1,3080.0,2046.0,891.0,458.0,8.27,6.08,308.5,326.5
Ростовская область,2025,2,4964.0,3362.0,1271.0,717.0,7.69,5.98,319.2,332.2
Ростовская область,2025,3,6567.0,4705.0,1587.0,972.0,6.57,5.52,326.2,335.7
Ростовская область,2025,4,8605.0,5752.0,2010.0,1145.0,6.48,5.43,327.6,338.5
Ростовская область,2025,5,7832.0,5413.0,1877.0,1158.0,6.68,5.58,324.1,330.6
Ростовская область,2025,6,8545.0,5329.0,1967.0,1100.0,6.87,5.61,325.1,336.5
Ростовская область,2025,7,9318.0,5775.0,2084.0,1123.0,6.88,5.58,326.7,338.8
Ростовская область,2025,8,10139.0,6229.0,2288.0,1226.0,6.95,5.72,323.0,336.8
Ростовская область,2025,9,10296.0,6649.0,2333.0,1324.0,7.14,5.89,323.3,337.8
Ростовская область,2025,10,13992.0,8930.0,3217.0,1778.0,7.45,5.8,322.4,340.0
Ростовская область,2025,11,14877.0,10401.0,3250.0,2051.0,6.78,5.67,327.8,341.3
Ростовская область,2025,12,26730.0,18972.0,5734.0,3757.0,6.3,5.38,333.1,343.5
Ростовская область,2026,1,13090.0,9436.0,2736.0,1788.0,6.6,5.65,332.1,341.7
Ростовская область,2026,2,8975.0,5549.0,2027.0,1059.0,7.61,5.39,320.0,342.2
Ростовская область,2026,3,8701.0,4797.0,2104.0,965.0,8.76,6.58,309.9,331.6
Ростовская область,2026,4,9467.0,4714.0,2259.0,944.0,9.47,7.23,302.7,327.6
Ростовская область,2026,5,8209.0,4048.0,2010.0,825.0,9.08,7.04,303.6,324.8
Ростовская область,2026,6,12815.0,6993.0,2800.0,1344.0,8.08,6.44,318.4,337.5
Ростовская область,2026,7,10479.0,5539.0,2476.0,1114.0,8.76,6.57,309.9,334.5
Рязанская область,2019,1,1271.0,548.0,708.0,274.0,9.88,9.79,215.9,219.9
Рязанская область,2019,2,1729.0,788.0,953.0,403.0,10.18,10.03,215.5,211.0
Рязанская область,2019,3,1684.0,679.0,892.0,337.0,10.37,10.06,216.4,229.1
Рязанская область,2019,4,1655.0,737.0,940.0,373.0,10.48,10.22,220.0,225.8
Рязанская область,2019,5,1428.0,661.0,793.0,340.0,10.58,10.22,215.8,212.9
Рязанская область,2019,6,1617.0,642.0,906.0,319.0,10.36,10.07,223.6,218.5
Рязанская область,2019,7,1548.0,552.0,861.0,262.0,10.22,9.85,217.0,218.7
Рязанская область,2019,8,1732.0,674.0,942.0,323.0,9.79,9.38,225.8,226.7
Рязанская область,2019,9,1883.0,731.0,1027.0,371.0,9.56,9.05,220.9,221.9
Рязанская область,2019,10,1999.0,686.0,1090.0,338.0,9.42,8.86,218.5,218.5
Рязанская область,2019,11,2106.0,762.0,1113.0,366.0,9.35,8.95,214.4,220.3
Рязанская область,2019,12,2506.0,876.0,1301.0,406.0,8.95,8.28,221.1,218.4
Рязанская область,2020,1,1399.0,545.0,717.0,252.0,8.94,8.45,224.9,233.1
Рязанская область,2020,2,1906.0,678.0,990.0,317.0,8.87,8.33,218.7,219.4
Рязанская область,2020,3,2213.0,767.0,1119.0,358.0,8.82,8.13,214.9,224.0
Рязанская область,2020,4,1596.0,572.0,853.0,282.0,8.32,6.79,220.6,223.1
Рязанская область,2020,5,1549.0,752.0,762.0,327.0,7.24,5.94,210.6,214.5
Рязанская область,2020,6,2002.0,956.0,984.0,428.0,7.58,6.4,220.4,214.5
Рязанская область,2020,7,2724.0,1340.0,1369.0,606.0,7.1,6.07,218.0,220.0
Рязанская область,2020,8,3097.0,1448.0,1398.0,590.0,7.01,5.85,224.7,224.6
Рязанская область,2020,9,3128.0,1405.0,1552.0,628.0,7.11,5.95,220.9,219.7
Рязанская область,2020,10,3848.0,1619.0,1815.0,698.0,7.09,5.92,220.8,220.7
Рязанская область,2020,11,3261.0,1327.0,1575.0,569.0,7.08,5.82,222.1,220.7
Рязанская область,2020,12,3692.0,1592.0,1696.0,622.0,6.76,5.47,226.1,223.8
Рязанская область,2021,1,1571.0,693.0,731.0,272.0,6.88,5.89,229.4,239.2
Рязанская область,2021,2,2499.0,1004.0,1140.0,385.0,7.07,6.0,231.7,231.1
Рязанская область,2021,3,2986.0,1066.0,1362.0,396.0,7.08,6.12,237.7,248.7
Рязанская область,2021,4,3165.0,1197.0,1407.0,472.0,7.24,5.86,245.7,253.3
Рязанская область,2021,5,2488.0,1035.0,1071.0,374.0,7.12,5.76,240.2,254.6
Рязанская область,2021,6,3580.0,1664.0,1456.0,582.0,6.89,5.51,247.7,248.0
Рязанская область,2021,7,2629.0,735.0,1145.0,263.0,7.45,5.98,253.6,251.0
Рязанская область,2021,8,2603.0,827.0,1127.0,298.0,7.58,6.13,247.1,251.8
Рязанская область,2021,9,3007.0,967.0,1229.0,335.0,7.61,6.25,245.2,245.5
Рязанская область,2021,10,3185.0,1145.0,1290.0,401.0,7.64,5.96,253.9,254.8
Рязанская область,2021,11,3008.0,1116.0,1130.0,377.0,7.62,6.01,267.4,268.0
Рязанская область,2021,12,4071.0,1572.0,1458.0,469.0,7.85,6.2,263.3,265.9
Рязанская область,2022,1,1913.0,892.0,676.0,287.0,8.0,6.38,267.1,267.6
Рязанская область,2022,2,2951.0,1238.0,1005.0,372.0,8.33,6.36,266.5,266.8
Рязанская область,2022,3,3474.0,1628.0,1214.0,504.0,8.65,6.62,267.2,268.2
Рязанская область,2022,4,793.0,436.0,289.0,115.0,8.08,6.12,273.7,295.2
Рязанская область,2022,5,783.0,495.0,222.0,83.0,6.61,4.27,266.5,286.1
Рязанская область,2022,6,1153.0,565.0,378.0,100.0,7.11,4.28,272.8,288.3
Рязанская область,2022,7,1891.0,821.0,600.0,158.0,6.96,3.73,275.6,297.5
Рязанская область,2022,8,2679.0,1124.0,810.0,197.0,7.16,4.07,285.2,308.2
Рязанская область,2022,9,3140.0,1444.0,938.0,270.0,6.49,3.24,286.3,309.8
Рязанская область,2022,10,2776.0,1218.0,872.0,265.0,6.57,3.04,301.3,327.6
Рязанская область,2022,11,2824.0,1349.0,868.0,291.0,6.6,3.04,299.7,317.0
Рязанская область,2022,12,5210.0,2988.0,1317.0,574.0,5.56,2.87,304.1,322.6
Рязанская область,2023,1,1907.0,956.0,591.0,215.0,6.98,3.96,296.9,318.4
Рязанская область,2023,2,2916.0,1428.0,896.0,335.0,7.71,5.08,300.9,319.4
Рязанская область,2023,3,3572.0,1687.0,1073.0,396.0,8.01,5.64,297.4,317.4
Рязанская область,2023,4,3391.0,1377.0,1076.0,333.0,8.58,6.29,296.9,319.0
Рязанская область,2023,5,3505.0,1516.0,1021.0,324.0,8.44,6.44,299.6,320.1
Рязанская область,2023,6,4039.0,1589.0,1154.0,340.0,8.64,6.53,293.4,302.9
Рязанская область,2023,7,3810.0,1670.0,1160.0,385.0,8.23,6.12,296.0,313.3
Рязанская область,2023,8,5157.0,2636.0,1521.0,637.0,7.97,5.98,302.8,318.5
Рязанская область,2023,9,6293.0,3708.0,1720.0,833.0,7.64,5.95,311.0,323.7
Рязанская область,2023,10,4839.0,2701.0,1408.0,622.0,8.12,6.15,306.4,319.0
Рязанская область,2023,11,5087.0,3164.0,1477.0,745.0,7.99,6.33,310.0,323.2
Рязанская область,2023,12,5477.0,3694.0,1522.0,868.0,7.83,6.41,311.0,322.8
Рязанская область,2024,1,1951.0,1254.0,553.0,289.0,8.07,6.37,312.3,327.9
Рязанская область,2024,2,2179.0,1206.0,701.0,289.0,9.24,6.93,305.5,326.8
Рязанская область,2024,3,2581.0,1573.0,775.0,343.0,8.04,6.05,310.7,331.9
Рязанская область,2024,4,3190.0,1949.0,878.0,414.0,8.44,6.67,312.5,324.9
Рязанская область,2024,5,3483.0,2228.0,1026.0,512.0,8.21,6.47,305.0,316.0
Рязанская область,2024,6,6407.0,4952.0,1743.0,1093.0,7.25,6.47,323.0,329.9
Рязанская область,2024,7,2560.0,1081.0,845.0,240.0,10.16,6.72,301.1,325.1
Рязанская область,2024,8,2162.0,937.0,685.0,196.0,9.25,5.69,305.5,335.7
Рязанская область,2024,9,2341.0,1194.0,644.0,238.0,8.93,6.31,311.7,332.6
Рязанская область,2024,10,2251.0,1233.0,686.0,262.0,9.51,6.36,306.8,332.6
Рязанская область,2024,11,1768.0,1126.0,512.0,242.0,9.17,6.12,310.3,338.4
Рязанская область,2024,12,1984.0,1354.0,551.0,276.0,8.51,6.06,311.9,338.4
Рязанская область,2025,1,743.0,511.0,241.0,111.0,8.79,6.38,306.3,322.4
Рязанская область,2025,2,1495.0,1086.0,418.0,233.0,7.92,6.08,316.0,324.9
Рязанская область,2025,3,1631.0,1239.0,420.0,259.0,7.46,6.15,318.4,333.2
Рязанская область,2025,4,1863.0,1212.0,485.0,255.0,7.51,6.24,317.7,333.3
Рязанская область,2025,5,1883.0,1207.0,477.0,238.0,7.61,6.33,316.6,330.8
Рязанская область,2025,6,2047.0,1248.0,532.0,262.0,7.77,5.91,318.5,333.5
Рязанская область,2025,7,2307.0,1577.0,556.0,312.0,7.38,5.93,317.8,337.0
Рязанская область,2025,8,2767.0,1768.0,688.0,366.0,7.46,5.9,309.6,331.4
Рязанская область,2025,9,2461.0,1622.0,636.0,324.0,7.82,6.07,312.2,335.1
Рязанская область,2025,10,3170.0,2126.0,807.0,432.0,8.17,6.57,314.6,336.5
Рязанская область,2025,11,3609.0,2638.0,872.0,547.0,7.8,6.58,316.4,331.6
Рязанская область,2025,12,5659.0,3874.0,1343.0,831.0,7.52,6.4,318.8,333.2
Рязанская область,2026,1,2854.0,1945.0,652.0,399.0,7.57,6.41,318.0,333.5
Рязанская область,2026,2,1945.0,1122.0,527.0,243.0,9.33,6.92,297.1,331.4
Рязанская область,2026,3,1984.0,1071.0,538.0,236.0,10.38,7.74,282.1,304.5
Рязанская область,2026,4,2154.0,1085.0,615.0,248.0,10.64,7.92,281.5,304.9
Рязанская область,2026,5,1996.0,998.0,547.0,205.0,10.7,7.69,288.7,319.3
Рязанская область,2026,6,3159.0,1658.0,744.0,329.0,9.06,7.07,303.8,326.1
Рязанская область,2026,7,2222.0,950.0,620.0,217.0,10.97,8.16,281.3,304.2
СЕВЕРО-ЗАПАДНЫЙ ФЕДЕРАЛЬНЫЙ ОКРУГ,2019,1,24176.0,10274.0,10408.0,4036.0,9.87,9.74,204.9,207.3
СЕВЕРО-ЗАПАДНЫЙ ФЕДЕРАЛЬНЫЙ ОКРУГ,2019,2,30389.0,12330.0,13117.0,4911.0,10.13,10.02,204.6,205.3
СЕВЕРО-ЗАПАДНЫЙ ФЕДЕРАЛЬНЫЙ ОКРУГ,2019,3,29634.0,12431.0,12653.0,4929.0,10.39,10.18,208.1,211.2
СЕВЕРО-ЗАПАДНЫЙ ФЕДЕРАЛЬНЫЙ ОКРУГ,2019,4,31908.0,13239.0,13526.0,5137.0,10.52,10.21,209.6,211.2
СЕВЕРО-ЗАПАДНЫЙ ФЕДЕРАЛЬНЫЙ ОКРУГ,2019,5,25509.0,11236.0,10753.0,4361.0,10.51,10.16,209.5,210.7
СЕВЕРО-ЗАПАДНЫЙ ФЕДЕРАЛЬНЫЙ ОКРУГ,2019,6,28130.0,12647.0,11764.0,4803.0,10.27,9.98,211.1,211.9
СЕВЕРО-ЗАПАДНЫЙ ФЕДЕРАЛЬНЫЙ ОКРУГ,2019,7,28359.0,10776.0,11868.0,4049.0,10.19,9.79,211.2,214.9
СЕВЕРО-ЗАПАДНЫЙ ФЕДЕРАЛЬНЫЙ ОКРУГ,2019,8,30506.0,12464.0,12392.0,4605.0,9.83,9.44,211.6,213.3
СЕВЕРО-ЗАПАДНЫЙ ФЕДЕРАЛЬНЫЙ ОКРУГ,2019,9,30235.0,12530.0,12413.0,4568.0,9.6,9.23,213.3,217.3
СЕВЕРО-ЗАПАДНЫЙ ФЕДЕРАЛЬНЫЙ ОКРУГ,2019,10,34317.0,13447.0,13980.0,4899.0,9.35,8.97,213.6,217.6
СЕВЕРО-ЗАПАДНЫЙ ФЕДЕРАЛЬНЫЙ ОКРУГ,2019,11,35781.0,14475.0,14345.0,5040.0,9.14,8.64,212.7,219.4
СЕВЕРО-ЗАПАДНЫЙ ФЕДЕРАЛЬНЫЙ ОКРУГ,2019,12,48536.0,17745.0,18864.0,6048.0,8.94,8.31,209.6,218.9
СЕВЕРО-ЗАПАДНЫЙ ФЕДЕРАЛЬНЫЙ ОКРУГ,2020,1,26715.0,11013.0,10414.0,3726.0,8.8,8.25,212.0,222.3
СЕВЕРО-ЗАПАДНЫЙ ФЕДЕРАЛЬНЫЙ ОКРУГ,2020,2,37477.0,14684.0,14461.0,4883.0,8.77,8.2,215.5,225.3
СЕВЕРО-ЗАПАДНЫЙ ФЕДЕРАЛЬНЫЙ ОКРУГ,2020,3,42409.0,16086.0,16202.0,5458.0,8.7,8.12,213.8,222.9
СЕВЕРО-ЗАПАДНЫЙ ФЕДЕРАЛЬНЫЙ ОКРУГ,2020,4,25681.0,8784.0,10516.0,3063.0,8.47,7.37,213.8,224.6
СЕВЕРО-ЗАПАДНЫЙ ФЕДЕРАЛЬНЫЙ ОКРУГ,2020,5,28830.0,13805.0,11403.0,4868.0,7.55,6.19,211.3,212.4
СЕВЕРО-ЗАПАДНЫЙ ФЕДЕРАЛЬНЫЙ ОКРУГ,2020,6,39187.0,18622.0,15119.0,6374.0,7.5,6.22,213.7,218.0
СЕВЕРО-ЗАПАДНЫЙ ФЕДЕРАЛЬНЫЙ ОКРУГ,2020,7,47747.0,22778.0,17900.0,7382.0,7.29,6.15,214.1,217.9
СЕВЕРО-ЗАПАДНЫЙ ФЕДЕРАЛЬНЫЙ ОКРУГ,2020,8,51175.0,24247.0,18335.0,7501.0,7.2,6.14,216.4,222.7
СЕВЕРО-ЗАПАДНЫЙ ФЕДЕРАЛЬНЫЙ ОКРУГ,2020,9,63884.0,26953.0,23187.0,8340.0,7.29,6.14,217.8,224.6
СЕВЕРО-ЗАПАДНЫЙ ФЕДЕРАЛЬНЫЙ ОКРУГ,2020,10,68498.0,27832.0,24995.0,8684.0,7.29,6.08,219.4,224.6
СЕВЕРО-ЗАПАДНЫЙ ФЕДЕРАЛЬНЫЙ ОКРУГ,2020,11,60887.0,21774.0,21803.0,6661.0,7.39,6.07,220.9,226.9
СЕВЕРО-ЗАПАДНЫЙ ФЕДЕРАЛЬНЫЙ ОКРУГ,2020,12,69287.0,24355.0,23851.0,6971.0,7.37,6.08,224.8,233.9
СЕВЕРО-ЗАПАДНЫЙ ФЕДЕРАЛЬНЫЙ ОКРУГ,2021,1,34163.0,14113.0,11341.0,3842.0,7.23,6.06,227.2,236.4
СЕВЕРО-ЗАПАДНЫЙ ФЕДЕРАЛЬНЫЙ ОКРУГ,2021,2,50455.0,19735.0,16542.0,5194.0,7.21,6.05,230.6,242.0
СЕВЕРО-ЗАПАДНЫЙ ФЕДЕРАЛЬНЫЙ ОКРУГ,2021,3,61384.0,22811.0,19674.0,5904.0,7.22,6.02,234.2,249.1
СЕВЕРО-ЗАПАДНЫЙ ФЕДЕРАЛЬНЫЙ ОКРУГ,2021,4,66920.0,25568.0,21067.0,6481.0,7.21,5.77,238.2,251.3
СЕВЕРО-ЗАПАДНЫЙ ФЕДЕРАЛЬНЫЙ ОКРУГ,2021,5,54004.0,21069.0,16768.0,5166.0,7.14,5.51,240.6,251.8
СЕВЕРО-ЗАПАДНЫЙ ФЕДЕРАЛЬНЫЙ ОКРУГ,2021,6,65505.0,29733.0,19254.0,7091.0,6.83,5.34,245.1,254.0
СЕВЕРО-ЗАПАДНЫЙ ФЕДЕРАЛЬНЫЙ ОКРУГ,2021,7,48436.0,14344.0,15126.0,3641.0,7.68,6.38,242.8,252.7
СЕВЕРО-ЗАПАДНЫЙ ФЕДЕРАЛЬНЫЙ ОКРУГ,2021,8,50830.0,17671.0,15475.0,4351.0,7.7,6.51,243.5,255.2
СЕВЕРО-ЗАПАДНЫЙ ФЕДЕРАЛЬНЫЙ ОКРУГ,2021,9,56642.0,20491.0,16459.0,4840.0,7.6,6.2,246.8,257.7
СЕВЕРО-ЗАПАДНЫЙ ФЕДЕРАЛЬНЫЙ ОКРУГ,2021,10,59966.0,23341.0,17291.0,5379.0,7.51,5.92,253.1,264.8
СЕВЕРО-ЗАПАДНЫЙ ФЕДЕРАЛЬНЫЙ ОКРУГ,2021,11,62727.0,26402.0,17497.0,6022.0,7.36,5.65,257.2,269.1
СЕВЕРО-ЗАПАДНЫЙ ФЕДЕРАЛЬНЫЙ ОКРУГ,2021,12,76245.0,30941.0,20627.0,7205.0,7.63,5.86,260.8,273.3
СЕВЕРО-ЗАПАДНЫЙ ФЕДЕРАЛЬНЫЙ ОКРУГ,2022,1,42366.0,19795.0,10866.0,4480.0,7.49,5.66,268.8,276.9
СЕВЕРО-ЗАПАДНЫЙ ФЕДЕРАЛЬНЫЙ ОКРУГ,2022,2,57951.0,26235.0,14779.0,5860.0,7.82,5.84,266.9,277.0
СЕВЕРО-ЗАПАДНЫЙ ФЕДЕРАЛЬНЫЙ ОКРУГ,2022,3,61295.0,32069.0,17351.0,8161.0,7.57,5.37,270.3,279.2
СЕВЕРО-ЗАПАДНЫЙ ФЕДЕРАЛЬНЫЙ ОКРУГ,2022,4,19808.0,12149.0,5238.0,2617.0,7.53,5.74,273.4,289.0
СЕВЕРО-ЗАПАДНЫЙ ФЕДЕРАЛЬНЫЙ ОКРУГ,2022,5,16046.0,10648.0,3743.0,1837.0,6.25,4.41,280.0,302.4
СЕВЕРО-ЗАПАДНЫЙ ФЕДЕРАЛЬНЫЙ ОКРУГ,2022,6,30407.0,18700.0,6643.0,3003.0,5.76,3.56,282.2,303.6
СЕВЕРО-ЗАПАДНЫЙ ФЕДЕРАЛЬНЫЙ ОКРУГ,2022,7,38152.0,20527.0,8696.0,3275.0,5.87,3.45,284.3,309.7
СЕВЕРО-ЗАПАДНЫЙ ФЕДЕРАЛЬНЫЙ ОКРУГ,2022,8,49897.0,25066.0,11308.0,4074.0,5.9,3.21,284.1,312.0
СЕВЕРО-ЗАПАДНЫЙ ФЕДЕРАЛЬНЫЙ ОКРУГ,2022,9,56612.0,27862.0,12599.0,4409.0,5.83,2.9,288.4,316.4
СЕВЕРО-ЗАПАДНЫЙ ФЕДЕРАЛЬНЫЙ ОКРУГ,2022,10,46862.0,18012.0,11840.0,3468.0,6.69,3.14,284.0,315.4
СЕВЕРО-ЗАПАДНЫЙ ФЕДЕРАЛЬНЫЙ ОКРУГ,2022,11,48936.0,21963.0,12093.0,4190.0,6.28,2.81,288.6,315.7
СЕВЕРО-ЗАПАДНЫЙ ФЕДЕРАЛЬНЫЙ ОКРУГ,2022,12,75282.0,39228.0,16799.0,6620.0,5.73,2.75,295.8,319.3
СЕВЕРО-ЗАПАДНЫЙ ФЕДЕРАЛЬНЫЙ ОКРУГ,2023,1,29761.0,12651.0,7254.0,2253.0,7.25,4.23,287.1,316.0
СЕВЕРО-ЗАПАДНЫЙ ФЕДЕРАЛЬНЫЙ ОКРУГ,2023,2,43571.0,19576.0,10863.0,3750.0,7.6,4.91,289.6,314.0
СЕВЕРО-ЗАПАДНЫЙ ФЕДЕРАЛЬНЫЙ ОКРУГ,2023,3,57965.0,24373.0,14365.0,4922.0,7.85,5.33,289.6,311.8
СЕВЕРО-ЗАПАДНЫЙ ФЕДЕРАЛЬНЫЙ ОКРУГ,2023,4,57839.0,21779.0,14394.0,4557.0,8.31,5.8,287.0,309.3
СЕВЕРО-ЗАПАДНЫЙ ФЕДЕРАЛЬНЫЙ ОКРУГ,2023,5,57343.0,21738.0,14667.0,4581.0,8.22,5.87,288.6,309.8
СЕВЕРО-ЗАПАДНЫЙ ФЕДЕРАЛЬНЫЙ ОКРУГ,2023,6,62098.0,22638.0,15596.0,4748.0,8.27,5.97,288.8,309.2
СЕВЕРО-ЗАПАДНЫЙ ФЕДЕРАЛЬНЫЙ ОКРУГ,2023,7,64052.0,25152.0,15779.0,5247.0,8.05,5.91,292.3,311.9
СЕВЕРО-ЗАПАДНЫЙ ФЕДЕРАЛЬНЫЙ ОКРУГ,2023,8,85199.0,38220.0,20101.0,7666.0,7.89,5.81,293.8,309.7
СЕВЕРО-ЗАПАДНЫЙ ФЕДЕРАЛЬНЫЙ ОКРУГ,2023,9,96839.0,48893.0,21904.0,9255.0,7.68,5.66,299.9,315.6
СЕВЕРО-ЗАПАДНЫЙ ФЕДЕРАЛЬНЫЙ ОКРУГ,2023,10,78479.0,38567.0,18969.0,7565.0,8.26,6.26,296.5,313.2
СЕВЕРО-ЗАПАДНЫЙ ФЕДЕРАЛЬНЫЙ ОКРУГ,2023,11,76842.0,40743.0,18479.0,8120.0,8.03,5.94,300.0,316.2
СЕВЕРО-ЗАПАДНЫЙ ФЕДЕРАЛЬНЫЙ ОКРУГ,2023,12,83282.0,46438.0,19453.0,9011.0,7.69,6.05,302.0,317.2
СЕВЕРО-ЗАПАДНЫЙ ФЕДЕРАЛЬНЫЙ ОКРУГ,2024,1,28484.0,13564.0,7319.0,2702.0,8.04,6.01,291.9,311.2
СЕВЕРО-ЗАПАДНЫЙ ФЕДЕРАЛЬНЫЙ ОКРУГ,2024,2,35643.0,15454.0,9289.0,3049.0,8.97,6.13,292.6,315.0
СЕВЕРО-ЗАПАДНЫЙ ФЕДЕРАЛЬНЫЙ ОКРУГ,2024,3,50788.0,26245.0,12349.0,4959.0,8.0,6.04,300.9,319.1
СЕВЕРО-ЗАПАДНЫЙ ФЕДЕРАЛЬНЫЙ ОКРУГ,2024,4,49646.0,23582.0,12681.0,4859.0,8.22,6.09,292.2,307.9
СЕВЕРО-ЗАПАДНЫЙ ФЕДЕРАЛЬНЫЙ ОКРУГ,2024,5,56233.0,28592.0,14433.0,6076.0,7.92,6.13,300.8,318.1
СЕВЕРО-ЗАПАДНЫЙ ФЕДЕРАЛЬНЫЙ ОКРУГ,2024,6,82710.0,48137.0,20096.0,9949.0,7.35,6.15,308.6,318.5
СЕВЕРО-ЗАПАДНЫЙ ФЕДЕРАЛЬНЫЙ ОКРУГ,2024,7,35965.0,11770.0,10284.0,2162.0,9.86,5.88,286.5,316.0
СЕВЕРО-ЗАПАДНЫЙ ФЕДЕРАЛЬНЫЙ ОКРУГ,2024,8,40107.0,18026.0,9898.0,3283.0,8.73,6.1,296.5,320.4
СЕВЕРО-ЗАПАДНЫЙ ФЕДЕРАЛЬНЫЙ ОКРУГ,2024,9,40050.0,19208.0,9388.0,3429.0,8.66,6.14,300.6,323.7
СЕВЕРО-ЗАПАДНЫЙ ФЕДЕРАЛЬНЫЙ ОКРУГ,2024,10,39926.0,20155.0,9514.0,3438.0,9.46,6.52,299.2,323.6
СЕВЕРО-ЗАПАДНЫЙ ФЕДЕРАЛЬНЫЙ ОКРУГ,2024,11,29930.0,17752.0,7455.0,3326.0,8.94,6.26,300.5,320.2
СЕВЕРО-ЗАПАДНЫЙ ФЕДЕРАЛЬНЫЙ ОКРУГ,2024,12,30852.0,19645.0,7352.0,3695.0,8.54,6.33,305.3,320.7
СЕВЕРО-ЗАПАДНЫЙ ФЕДЕРАЛЬНЫЙ ОКРУГ,2025,1,13314.0,8721.0,3371.0,1708.0,8.08,6.01,303.0,318.4
СЕВЕРО-ЗАПАДНЫЙ ФЕДЕРАЛЬНЫЙ ОКРУГ,2025,2,25290.0,15392.0,5547.0,2809.0,7.47,5.95,309.4,322.3
СЕВЕРО-ЗАПАДНЫЙ ФЕДЕРАЛЬНЫЙ ОКРУГ,2025,3,28523.0,17480.0,6091.0,3173.0,7.48,6.03,309.2,323.0
СЕВЕРО-ЗАПАДНЫЙ ФЕДЕРАЛЬНЫЙ ОКРУГ,2025,4,31437.0,17844.0,6822.0,3281.0,7.38,5.87,305.2,322.2
СЕВЕРО-ЗАПАДНЫЙ ФЕДЕРАЛЬНЫЙ ОКРУГ,2025,5,30838.0,17029.0,6600.0,3095.0,7.24,5.89,306.1,321.9
СЕВЕРО-ЗАПАДНЫЙ ФЕДЕРАЛЬНЫЙ ОКРУГ,2025,6,34719.0,19523.0,7585.0,3799.0,7.31,6.0,305.3,320.8
СЕВЕРО-ЗАПАДНЫЙ ФЕДЕРАЛЬНЫЙ ОКРУГ,2025,7,37987.0,20453.0,7998.0,3652.0,7.28,5.93,304.5,321.3
СЕВЕРО-ЗАПАДНЫЙ ФЕДЕРАЛЬНЫЙ ОКРУГ,2025,8,41768.0,23742.0,8608.0,4127.0,7.36,5.94,307.5,324.8
СЕВЕРО-ЗАПАДНЫЙ ФЕДЕРАЛЬНЫЙ ОКРУГ,2025,9,46658.0,26944.0,9730.0,4912.0,7.75,6.19,302.6,320.6
СЕВЕРО-ЗАПАДНЫЙ ФЕДЕРАЛЬНЫЙ ОКРУГ,2025,10,53080.0,28898.0,11084.0,4990.0,8.09,6.19,302.8,323.2
СЕВЕРО-ЗАПАДНЫЙ ФЕДЕРАЛЬНЫЙ ОКРУГ,2025,11,57084.0,34347.0,11662.0,5956.0,7.66,6.08,308.1,328.1
СЕВЕРО-ЗАПАДНЫЙ ФЕДЕРАЛЬНЫЙ ОКРУГ,2025,12,93597.0,56437.0,18473.0,9870.0,7.41,6.05,313.0,329.4
СЕВЕРО-ЗАПАДНЫЙ ФЕДЕРАЛЬНЫЙ ОКРУГ,2026,1,47896.0,29431.0,9080.0,4934.0,7.53,6.19,315.2,330.3
СЕВЕРО-ЗАПАДНЫЙ ФЕДЕРАЛЬНЫЙ ОКРУГ,2026,2,30838.0,12260.0,7541.0,2378.0,10.26,6.91,279.9,313.0
СЕВЕРО-ЗАПАДНЫЙ ФЕДЕРАЛЬНЫЙ ОКРУГ,2026,3,36960.0,16468.0,8779.0,3141.0,10.0,7.08,282.3,312.9
СЕВЕРО-ЗАПАДНЫЙ ФЕДЕРАЛЬНЫЙ ОКРУГ,2026,4,40223.0,17081.0,9432.0,3240.0,10.13,7.18,280.1,310.2
СЕВЕРО-ЗАПАДНЫЙ ФЕДЕРАЛЬНЫЙ ОКРУГ,2026,5,36839.0,15983.0,8530.0,2975.0,9.8,6.9,281.7,313.7
СЕВЕРО-ЗАПАДНЫЙ ФЕДЕРАЛЬНЫЙ ОКРУГ,2026,6,55374.0,28733.0,11384.0,4935.0,8.62,6.58,299.3,322.9
СЕВЕРО-ЗАПАДНЫЙ ФЕДЕРАЛЬНЫЙ ОКРУГ,2026,7,39905.0,16707.0,9344.0,3169.0,10.4,7.3,276.4,306.3
СЕВЕРО-КАВКАЗСКИЙ ФЕДЕРАЛЬНЫЙ ОКРУГ,2019,1,3546.0,812.0,1858.0,383.0,9.94,9.75,215.1,221.7
СЕВЕРО-КАВКАЗСКИЙ ФЕДЕРАЛЬНЫЙ ОКРУГ,2019,2,4956.0,1130.0,2622.0,511.0,10.23,9.99,217.1,217.7
СЕВЕРО-КАВКАЗСКИЙ ФЕДЕРАЛЬНЫЙ ОКРУГ,2019,3,4778.0,1048.0,2480.0,483.0,10.53,10.35,218.2,225.8
СЕВЕРО-КАВКАЗСКИЙ ФЕДЕРАЛЬНЫЙ ОКРУГ,2019,4,5303.0,1139.0,2649.0,466.0,10.69,10.32,222.0,220.4
СЕВЕРО-КАВКАЗСКИЙ ФЕДЕРАЛЬНЫЙ ОКРУГ,2019,5,4100.0,1007.0,2100.0,415.0,10.66,10.1,220.1,217.5
СЕВЕРО-КАВКАЗСКИЙ ФЕДЕРАЛЬНЫЙ ОКРУГ,2019,6,4643.0,1058.0,2430.0,480.0,10.4,10.06,226.2,227.1
СЕВЕРО-КАВКАЗСКИЙ ФЕДЕРАЛЬНЫЙ ОКРУГ,2019,7,5023.0,1004.0,2520.0,414.0,10.33,9.78,214.6,205.7
СЕВЕРО-КАВКАЗСКИЙ ФЕДЕРАЛЬНЫЙ ОКРУГ,2019,8,5468.0,1211.0,2694.0,500.0,9.97,9.51,223.0,222.9
СЕВЕРО-КАВКАЗСКИЙ ФЕДЕРАЛЬНЫЙ ОКРУГ,2019,9,5546.0,1422.0,2786.0,544.0,9.75,9.2,227.3,237.1
СЕВЕРО-КАВКАЗСКИЙ ФЕДЕРАЛЬНЫЙ ОКРУГ,2019,10,5934.0,1374.0,2979.0,555.0,9.51,8.83,225.5,230.5
СЕВЕРО-КАВКАЗСКИЙ ФЕДЕРАЛЬНЫЙ ОКРУГ,2019,11,6108.0,1414.0,3002.0,553.0,9.32,8.67,227.8,227.7
СЕВЕРО-КАВКАЗСКИЙ ФЕДЕРАЛЬНЫЙ ОКРУГ,2019,12,7693.0,1568.0,3625.0,620.0,9.22,8.47,223.2,231.9
СЕВЕРО-КАВКАЗСКИЙ ФЕДЕРАЛЬНЫЙ ОКРУГ,2020,1,4185.0,1154.0,1968.0,426.0,9.08,8.41,227.4,247.1
СЕВЕРО-КАВКАЗСКИЙ ФЕДЕРАЛЬНЫЙ ОКРУГ,2020,2,5527.0,1261.0,2646.0,508.0,9.04,8.36,224.0,226.2
СЕВЕРО-КАВКАЗСКИЙ ФЕДЕРАЛЬНЫЙ ОКРУГ,2020,3,5738.0,1236.0,2770.0,510.0,8.99,8.27,228.1,235.7
СЕВЕРО-КАВКАЗСКИЙ ФЕДЕРАЛЬНЫЙ ОКРУГ,2020,4,4258.0,711.0,2224.0,300.0,8.85,7.7,223.2,230.0
СЕВЕРО-КАВКАЗСКИЙ ФЕДЕРАЛЬНЫЙ ОКРУГ,2020,5,4386.0,1447.0,2218.0,622.0,7.78,5.97,222.2,215.3
СЕВЕРО-КАВКАЗСКИЙ ФЕДЕРАЛЬНЫЙ ОКРУГ,2020,6,6424.0,2041.0,3175.0,855.0,7.8,6.16,220.1,222.2
СЕВЕРО-КАВКАЗСКИЙ ФЕДЕРАЛЬНЫЙ ОКРУГ,2020,7,8097.0,2529.0,3868.0,969.0,7.56,6.15,220.9,217.6
СЕВЕРО-КАВКАЗСКИЙ ФЕДЕРАЛЬНЫЙ ОКРУГ,2020,8,8714.0,2752.0,4177.0,1052.0,7.42,5.73,226.1,224.0
СЕВЕРО-КАВКАЗСКИЙ ФЕДЕРАЛЬНЫЙ ОКРУГ,2020,9,10558.0,2908.0,5080.0,1056.0,7.5,6.16,228.1,224.6
СЕВЕРО-КАВКАЗСКИЙ ФЕДЕРАЛЬНЫЙ ОКРУГ,2020,10,11879.0,3086.0,5662.0,1125.0,7.49,6.06,230.8,222.0
СЕВЕРО-КАВКАЗСКИЙ ФЕДЕРАЛЬНЫЙ ОКРУГ,2020,11,10912.0,2552.0,5270.0,908.0,7.53,6.06,229.7,222.9
СЕВЕРО-КАВКАЗСКИЙ ФЕДЕРАЛЬНЫЙ ОКРУГ,2020,12,12746.0,2694.0,6507.0,989.0,7.53,6.03,233.1,222.4
СЕВЕРО-КАВКАЗСКИЙ ФЕДЕРАЛЬНЫЙ ОКРУГ,2021,1,6257.0,1358.0,3172.0,474.0,7.38,5.83,235.6,228.7
СЕВЕРО-КАВКАЗСКИЙ ФЕДЕРАЛЬНЫЙ ОКРУГ,2021,2,9361.0,2399.0,4381.0,702.0,7.24,6.05,240.9,238.6
СЕВЕРО-КАВКАЗСКИЙ ФЕДЕРАЛЬНЫЙ ОКРУГ,2021,3,11765.0,2476.0,5732.0,738.0,6.96,5.93,243.6,249.6
СЕВЕРО-КАВКАЗСКИЙ ФЕДЕРАЛЬНЫЙ ОКРУГ,2021,4,12990.0,2708.0,6289.0,762.0,7.16,5.9,247.2,253.9
СЕВЕРО-КАВКАЗСКИЙ ФЕДЕРАЛЬНЫЙ ОКРУГ,2021,5,10035.0,2417.0,4652.0,692.0,7.55,5.58,249.0,253.1
СЕВЕРО-КАВКАЗСКИЙ ФЕДЕРАЛЬНЫЙ ОКРУГ,2021,6,12569.0,3699.0,5611.0,968.0,7.32,5.59,254.3,261.0
СЕВЕРО-КАВКАЗСКИЙ ФЕДЕРАЛЬНЫЙ ОКРУГ,2021,7,11649.0,1818.0,5591.0,532.0,7.55,6.23,250.5,252.1
СЕВЕРО-КАВКАЗСКИЙ ФЕДЕРАЛЬНЫЙ ОКРУГ,2021,8,12027.0,2248.0,5751.0,676.0,7.81,6.38,251.3,242.7
СЕВЕРО-КАВКАЗСКИЙ ФЕДЕРАЛЬНЫЙ ОКРУГ,2021,9,13121.0,2534.0,6311.0,676.0,7.87,6.28,254.2,254.8
СЕВЕРО-КАВКАЗСКИЙ ФЕДЕРАЛЬНЫЙ ОКРУГ,2021,10,14101.0,2924.0,6273.0,778.0,7.97,6.12,259.3,263.1
СЕВЕРО-КАВКАЗСКИЙ ФЕДЕРАЛЬНЫЙ ОКРУГ,2021,11,13052.0,3064.0,4870.0,778.0,8.04,5.94,263.3,261.0
СЕВЕРО-КАВКАЗСКИЙ ФЕДЕРАЛЬНЫЙ ОКРУГ,2021,12,15337.0,4038.0,5431.0,1035.0,8.17,5.78,264.4,272.1
СЕВЕРО-КАВКАЗСКИЙ ФЕДЕРАЛЬНЫЙ ОКРУГ,2022,1,8549.0,2604.0,2822.0,674.0,8.49,6.14,265.7,267.0
СЕВЕРО-КАВКАЗСКИЙ ФЕДЕРАЛЬНЫЙ ОКРУГ,2022,2,12588.0,3604.0,4896.0,969.0,8.79,5.91,273.8,274.3
СЕВЕРО-КАВКАЗСКИЙ ФЕДЕРАЛЬНЫЙ ОКРУГ,2022,3,14227.0,3840.0,5616.0,1103.0,9.32,5.63,275.2,277.6
СЕВЕРО-КАВКАЗСКИЙ ФЕДЕРАЛЬНЫЙ ОКРУГ,2022,4,4643.0,1799.0,2717.0,427.0,10.98,6.22,272.0,289.3
СЕВЕРО-КАВКАЗСКИЙ ФЕДЕРАЛЬНЫЙ ОКРУГ,2022,5,3733.0,1819.0,1965.0,331.0,8.51,3.45,282.9,297.3
СЕВЕРО-КАВКАЗСКИЙ ФЕДЕРАЛЬНЫЙ ОКРУГ,2022,6,6524.0,2587.0,3362.0,443.0,7.95,3.44,280.3,298.2
СЕВЕРО-КАВКАЗСКИЙ ФЕДЕРАЛЬНЫЙ ОКРУГ,2022,7,9133.0,3295.0,4046.0,568.0,7.83,3.34,280.6,299.4
СЕВЕРО-КАВКАЗСКИЙ ФЕДЕРАЛЬНЫЙ ОКРУГ,2022,8,13318.0,4102.0,5199.0,737.0,7.86,3.62,288.3,317.1
СЕВЕРО-КАВКАЗСКИЙ ФЕДЕРАЛЬНЫЙ ОКРУГ,2022,9,15255.0,4368.0,5862.0,772.0,7.83,2.95,290.9,319.7
СЕВЕРО-КАВКАЗСКИЙ ФЕДЕРАЛЬНЫЙ ОКРУГ,2022,10,14660.0,3195.0,5683.0,647.0,8.43,3.25,291.1,319.3
СЕВЕРО-КАВКАЗСКИЙ ФЕДЕРАЛЬНЫЙ ОКРУГ,2022,11,15842.0,4412.0,5848.0,892.0,8.17,3.35,295.0,323.4
СЕВЕРО-КАВКАЗСКИЙ ФЕДЕРАЛЬНЫЙ ОКРУГ,2022,12,22209.0,7893.0,7654.0,1468.0,7.53,3.25,295.9,320.3
СЕВЕРО-КАВКАЗСКИЙ ФЕДЕРАЛЬНЫЙ ОКРУГ,2023,1,9941.0,2639.0,3782.0,542.0,8.98,4.84,296.5,321.1
СЕВЕРО-КАВКАЗСКИЙ ФЕДЕРАЛЬНЫЙ ОКРУГ,2023,2,13895.0,4082.0,5139.0,883.0,8.98,5.07,298.8,319.3
СЕВЕРО-КАВКАЗСКИЙ ФЕДЕРАЛЬНЫЙ ОКРУГ,2023,3,17715.0,5500.0,6618.0,1228.0,9.11,5.64,299.2,318.4
СЕВЕРО-КАВКАЗСКИЙ ФЕДЕРАЛЬНЫЙ ОКРУГ,2023,4,17654.0,5034.0,6434.0,1151.0,9.4,6.2,302.3,318.6
СЕВЕРО-КАВКАЗСКИЙ ФЕДЕРАЛЬНЫЙ ОКРУГ,2023,5,18656.0,5751.0,7028.0,1330.0,9.24,6.18,302.3,317.7
СЕВЕРО-КАВКАЗСКИЙ ФЕДЕРАЛЬНЫЙ ОКРУГ,2023,6,20143.0,5477.0,7512.0,1246.0,9.34,6.09,300.8,315.6
СЕВЕРО-КАВКАЗСКИЙ ФЕДЕРАЛЬНЫЙ ОКРУГ,2023,7,19739.0,6065.0,6884.0,1327.0,8.96,5.99,306.0,323.1
СЕВЕРО-КАВКАЗСКИЙ ФЕДЕРАЛЬНЫЙ ОКРУГ,2023,8,25584.0,8688.0,8309.0,1938.0,8.78,5.8,304.5,316.8
СЕВЕРО-КАВКАЗСКИЙ ФЕДЕРАЛЬНЫЙ ОКРУГ,2023,9,29511.0,11940.0,9726.0,2593.0,8.79,5.77,308.5,322.8
СЕВЕРО-КАВКАЗСКИЙ ФЕДЕРАЛЬНЫЙ ОКРУГ,2023,10,25658.0,9930.0,9151.0,2168.0,9.34,6.03,306.3,322.9
СЕВЕРО-КАВКАЗСКИЙ ФЕДЕРАЛЬНЫЙ ОКРУГ,2023,11,23586.0,10569.0,8338.0,2285.0,8.94,6.11,306.8,322.4
СЕВЕРО-КАВКАЗСКИЙ ФЕДЕРАЛЬНЫЙ ОКРУГ,2023,12,26092.0,13061.0,9407.0,2750.0,8.82,6.09,311.7,325.6
СЕВЕРО-КАВКАЗСКИЙ ФЕДЕРАЛЬНЫЙ ОКРУГ,2024,1,9743.0,4187.0,4355.0,908.0,10.04,6.23,307.9,324.5
СЕВЕРО-КАВКАЗСКИЙ ФЕДЕРАЛЬНЫЙ ОКРУГ,2024,2,11893.0,4704.0,5546.0,1026.0,10.46,6.37,304.0,324.0
СЕВЕРО-КАВКАЗСКИЙ ФЕДЕРАЛЬНЫЙ ОКРУГ,2024,3,11875.0,5524.0,4494.0,1143.0,9.36,6.39,309.0,326.9
СЕВЕРО-КАВКАЗСКИЙ ФЕДЕРАЛЬНЫЙ ОКРУГ,2024,4,12865.0,5785.0,4935.0,1301.0,9.37,6.28,310.0,323.8
СЕВЕРО-КАВКАЗСКИЙ ФЕДЕРАЛЬНЫЙ ОКРУГ,2024,5,15876.0,8267.0,5766.0,1839.0,8.87,6.18,314.3,328.6
СЕВЕРО-КАВКАЗСКИЙ ФЕДЕРАЛЬНЫЙ ОКРУГ,2024,6,21951.0,13613.0,6229.0,2995.0,7.77,6.21,317.3,326.3
СЕВЕРО-КАВКАЗСКИЙ ФЕДЕРАЛЬНЫЙ ОКРУГ,2024,7,9833.0,3381.0,3157.0,668.0,10.67,6.23,301.0,333.0
СЕВЕРО-КАВКАЗСКИЙ ФЕДЕРАЛЬНЫЙ ОКРУГ,2024,8,11115.0,5137.0,3297.0,989.0,9.83,6.3,313.6,341.3
СЕВЕРО-КАВКАЗСКИЙ ФЕДЕРАЛЬНЫЙ ОКРУГ,2024,9,10857.0,5370.0,3142.0,1044.0,9.58,5.97,314.1,334.6
СЕВЕРО-КАВКАЗСКИЙ ФЕДЕРАЛЬНЫЙ ОКРУГ,2024,10,10129.0,5323.0,3035.0,960.0,10.76,6.18,314.5,338.3
СЕВЕРО-КАВКАЗСКИЙ ФЕДЕРАЛЬНЫЙ ОКРУГ,2024,11,8294.0,5218.0,2599.0,1043.0,9.63,6.01,321.1,338.9
СЕВЕРО-КАВКАЗСКИЙ ФЕДЕРАЛЬНЫЙ ОКРУГ,2024,12,7661.0,5337.0,2409.0,1047.0,9.45,6.24,319.6,338.1
СЕВЕРО-КАВКАЗСКИЙ ФЕДЕРАЛЬНЫЙ ОКРУГ,2025,1,3371.0,2247.0,1243.0,449.0,10.11,6.14,312.5,332.9
СЕВЕРО-КАВКАЗСКИЙ ФЕДЕРАЛЬНЫЙ ОКРУГ,2025,2,6108.0,4233.0,2015.0,844.0,8.5,6.13,322.6,338.9
СЕВЕРО-КАВКАЗСКИЙ ФЕДЕРАЛЬНЫЙ ОКРУГ,2025,3,6961.0,4759.0,2193.0,954.0,8.27,6.03,325.6,340.1
СЕВЕРО-КАВКАЗСКИЙ ФЕДЕРАЛЬНЫЙ ОКРУГ,2025,4,7534.0,4486.0,2391.0,918.0,8.14,6.18,323.3,337.0
СЕВЕРО-КАВКАЗСКИЙ ФЕДЕРАЛЬНЫЙ ОКРУГ,2025,5,7447.0,4510.0,2197.0,863.0,8.07,6.15,322.0,334.2
СЕВЕРО-КАВКАЗСКИЙ ФЕДЕРАЛЬНЫЙ ОКРУГ,2025,6,8358.0,4950.0,2421.0,921.0,8.1,6.15,324.7,337.3
СЕВЕРО-КАВКАЗСКИЙ ФЕДЕРАЛЬНЫЙ ОКРУГ,2025,7,9851.0,5713.0,2853.0,1075.0,8.05,6.11,322.9,338.3
СЕВЕРО-КАВКАЗСКИЙ ФЕДЕРАЛЬНЫЙ ОКРУГ,2025,8,10439.0,6126.0,2881.0,1196.0,7.72,5.82,324.1,339.9
СЕВЕРО-КАВКАЗСКИЙ ФЕДЕРАЛЬНЫЙ ОКРУГ,2025,9,10439.0,6652.0,2967.0,1261.0,8.03,6.23,317.7,335.7
СЕВЕРО-КАВКАЗСКИЙ ФЕДЕРАЛЬНЫЙ ОКРУГ,2025,10,13159.0,8165.0,3262.0,1521.0,7.8,6.1,324.7,337.6
СЕВЕРО-КАВКАЗСКИЙ ФЕДЕРАЛЬНЫЙ ОКРУГ,2025,11,13811.0,8823.0,3253.0,1670.0,7.54,6.08,317.1,337.3
СЕВЕРО-КАВКАЗСКИЙ ФЕДЕРАЛЬНЫЙ ОКРУГ,2025,12,23277.0,15215.0,5455.0,3027.0,7.14,6.12,330.6,340.8
СЕВЕРО-КАВКАЗСКИЙ ФЕДЕРАЛЬНЫЙ ОКРУГ,2026,1,10852.0,7361.0,2565.0,1433.0,7.43,6.22,328.2,339.7
СЕВЕРО-КАВКАЗСКИЙ ФЕДЕРАЛЬНЫЙ ОКРУГ,2026,2,7095.0,3781.0,2050.0,724.0,9.52,6.39,310.8,336.8
СЕВЕРО-КАВКАЗСКИЙ ФЕДЕРАЛЬНЫЙ ОКРУГ,2026,3,8003.0,3724.0,2323.0,734.0,9.82,7.02,307.4,329.9
СЕВЕРО-КАВКАЗСКИЙ ФЕДЕРАЛЬНЫЙ ОКРУГ,2026,4,7973.0,3805.0,2303.0,743.0,9.9,7.04,307.2,331.2
СЕВЕРО-КАВКАЗСКИЙ ФЕДЕРАЛЬНЫЙ ОКРУГ,2026,5,6905.0,3093.0,1999.0,616.0,10.07,6.82,304.4,326.4
СЕВЕРО-КАВКАЗСКИЙ ФЕДЕРАЛЬНЫЙ ОКРУГ,2026,6,10507.0,5432.0,2608.0,1019.0,8.58,6.58,317.6,333.9
СЕВЕРО-КАВКАЗСКИЙ ФЕДЕРАЛЬНЫЙ ОКРУГ,2026,7,8236.0,3963.0,2274.0,765.0,9.95,6.77,304.4,329.6
СИБИРСКИЙ ФЕДЕРАЛЬНЫЙ ОКРУГ,2019,1,17307.0,4242.0,9833.0,2092.0,9.89,9.67,198.9,200.3
СИБИРСКИЙ ФЕДЕРАЛЬНЫЙ ОКРУГ,2019,2,23800.0,5589.0,13198.0,2623.0,10.17,9.96,203.8,206.6
СИБИРСКИЙ ФЕДЕРАЛЬНЫЙ ОКРУГ,2019,3,23607.0,5245.0,13144.0,2423.0,10.46,10.18,204.0,205.7
СИБИРСКИЙ ФЕДЕРАЛЬНЫЙ ОКРУГ,2019,4,25318.0,5648.0,14033.0,2583.0,10.65,10.3,206.1,207.8
СИБИРСКИЙ ФЕДЕРАЛЬНЫЙ ОКРУГ,2019,5,20878.0,5044.0,11429.0,2233.0,10.6,10.11,206.6,208.7
СИБИРСКИЙ ФЕДЕРАЛЬНЫЙ ОКРУГ,2019,6,23710.0,5869.0,12721.0,2542.0,10.37,9.86,206.0,208.0
СИБИРСКИЙ ФЕДЕРАЛЬНЫЙ ОКРУГ,2019,7,24659.0,4973.0,13742.0,2210.0,10.31,9.82,207.7,210.1
СИБИРСКИЙ ФЕДЕРАЛЬНЫЙ ОКРУГ,2019,8,27055.0,6087.0,14759.0,2675.0,10.01,9.5,208.1,209.4
СИБИРСКИЙ ФЕДЕРАЛЬНЫЙ ОКРУГ,2019,9,27740.0,6560.0,14772.0,2857.0,9.74,9.21,208.5,211.7
СИБИРСКИЙ ФЕДЕРАЛЬНЫЙ ОКРУГ,2019,10,30762.0,6932.0,16297.0,2919.0,9.52,9.01,207.7,210.4
СИБИРСКИЙ ФЕДЕРАЛЬНЫЙ ОКРУГ,2019,11,29996.0,6930.0,15630.0,2894.0,9.3,8.67,207.3,213.6
СИБИРСКИЙ ФЕДЕРАЛЬНЫЙ ОКРУГ,2019,12,39535.0,8439.0,20347.0,3466.0,9.13,8.37,205.9,212.8
СИБИРСКИЙ ФЕДЕРАЛЬНЫЙ ОКРУГ,2020,1,20314.0,4669.0,10358.0,1868.0,9.04,8.23,206.2,214.0
СИБИРСКИЙ ФЕДЕРАЛЬНЫЙ ОКРУГ,2020,2,27821.0,5992.0,14034.0,2391.0,8.99,8.26,207.9,219.6
СИБИРСКИЙ ФЕДЕРАЛЬНЫЙ ОКРУГ,2020,3,33780.0,7188.0,16894.0,2871.0,8.89,8.1,207.2,217.2
СИБИРСКИЙ ФЕДЕРАЛЬНЫЙ ОКРУГ,2020,4,28496.0,4945.0,14863.0,2207.0,8.61,7.44,207.5,209.6
СИБИРСКИЙ ФЕДЕРАЛЬНЫЙ ОКРУГ,2020,5,24865.0,6968.0,12584.0,2995.0,7.89,6.24,208.2,209.5
СИБИРСКИЙ ФЕДЕРАЛЬНЫЙ ОКРУГ,2020,6,32865.0,9912.0,16517.0,4327.0,7.87,6.27,208.9,207.5
СИБИРСКИЙ ФЕДЕРАЛЬНЫЙ ОКРУГ,2020,7,42082.0,12408.0,20460.0,4925.0,7.49,6.01,211.4,211.2
СИБИРСКИЙ ФЕДЕРАЛЬНЫЙ ОКРУГ,2020,8,44743.0,13529.0,21479.0,5232.0,7.34,5.93,211.0,213.5
СИБИРСКИЙ ФЕДЕРАЛЬНЫЙ ОКРУГ,2020,9,53953.0,16150.0,25531.0,6084.0,7.41,5.86,212.0,214.7
СИБИРСКИЙ ФЕДЕРАЛЬНЫЙ ОКРУГ,2020,10,59821.0,17317.0,27773.0,6474.0,7.39,5.93,214.3,213.4
СИБИРСКИЙ ФЕДЕРАЛЬНЫЙ ОКРУГ,2020,11,53341.0,12895.0,24389.0,4709.0,7.48,5.92,215.6,215.9
СИБИРСКИЙ ФЕДЕРАЛЬНЫЙ ОКРУГ,2020,12,59261.0,13543.0,26837.0,4843.0,7.46,5.88,216.0,218.5
СИБИРСКИЙ ФЕДЕРАЛЬНЫЙ ОКРУГ,2021,1,25138.0,6590.0,11188.0,2304.0,7.42,5.89,218.6,222.1
СИБИРСКИЙ ФЕДЕРАЛЬНЫЙ ОКРУГ,2021,2,41619.0,10526.0,18189.0,3641.0,7.38,5.85,220.7,223.9
СИБИРСКИЙ ФЕДЕРАЛЬНЫЙ ОКРУГ,2021,3,53460.0,13623.0,22911.0,4470.0,7.34,5.92,224.8,232.9
СИБИРСКИЙ ФЕДЕРАЛЬНЫЙ ОКРУГ,2021,4,58378.0,14752.0,24452.0,4685.0,7.45,5.81,229.5,241.7
СИБИРСКИЙ ФЕДЕРАЛЬНЫЙ ОКРУГ,2021,5,48163.0,12228.0,19701.0,3676.0,7.51,5.68,231.9,244.2
СИБИРСКИЙ ФЕДЕРАЛЬНЫЙ ОКРУГ,2021,6,59518.0,19099.0,23262.0,5591.0,7.25,5.49,237.1,247.5
СИБИРСКИЙ ФЕДЕРАЛЬНЫЙ ОКРУГ,2021,7,47714.0,9106.0,19630.0,2746.0,7.74,6.15,236.9,245.4
СИБИРСКИЙ ФЕДЕРАЛЬНЫЙ ОКРУГ,2021,8,49643.0,11396.0,19860.0,3374.0,7.88,6.54,236.9,245.9
СИБИРСКИЙ ФЕДЕРАЛЬНЫЙ ОКРУГ,2021,9,53408.0,13022.0,20503.0,3753.0,7.91,6.48,240.3,246.0
СИБИРСКИЙ ФЕДЕРАЛЬНЫЙ ОКРУГ,2021,10,54143.0,13292.0,20569.0,3812.0,7.96,6.29,242.9,248.2
СИБИРСКИЙ ФЕДЕРАЛЬНЫЙ ОКРУГ,2021,11,55279.0,15606.0,20333.0,4462.0,7.9,6.14,246.3,252.1
СИБИРСКИЙ ФЕДЕРАЛЬНЫЙ ОКРУГ,2021,12,69193.0,19126.0,24884.0,5442.0,8.16,6.25,250.4,253.9
СИБИРСКИЙ ФЕДЕРАЛЬНЫЙ ОКРУГ,2022,1,33270.0,10742.0,11601.0,3035.0,8.27,6.07,255.9,260.2
СИБИРСКИЙ ФЕДЕРАЛЬНЫЙ ОКРУГ,2022,2,50230.0,15803.0,17034.0,4401.0,8.55,6.21,258.0,265.1
СИБИРСКИЙ ФЕДЕРАЛЬНЫЙ ОКРУГ,2022,3,59292.0,22935.0,20827.0,7143.0,8.49,5.76,260.0,262.6
СИБИРСКИЙ ФЕДЕРАЛЬНЫЙ ОКРУГ,2022,4,15226.0,7867.0,5432.0,2050.0,8.49,6.2,256.7,271.7
СИБИРСКИЙ ФЕДЕРАЛЬНЫЙ ОКРУГ,2022,5,12550.0,6270.0,4173.0,1379.0,7.95,5.47,258.5,279.3
СИБИРСКИЙ ФЕДЕРАЛЬНЫЙ ОКРУГ,2022,6,24958.0,10230.0,8038.0,2033.0,7.7,4.97,259.6,281.6
СИБИРСКИЙ ФЕДЕРАЛЬНЫЙ ОКРУГ,2022,7,35387.0,13271.0,11638.0,2704.0,7.77,4.74,261.8,283.4
СИБИРСКИЙ ФЕДЕРАЛЬНЫЙ ОКРУГ,2022,8,48979.0,16485.0,15720.0,3379.0,7.74,4.65,265.6,287.8
СИБИРСКИЙ ФЕДЕРАЛЬНЫЙ ОКРУГ,2022,9,57994.0,19423.0,18149.0,3932.0,7.71,4.43,270.8,295.5
СИБИРСКИЙ ФЕДЕРАЛЬНЫЙ ОКРУГ,2022,10,52349.0,14366.0,17041.0,3118.0,8.14,4.69,271.0,296.3
СИБИРСКИЙ ФЕДЕРАЛЬНЫЙ ОКРУГ,2022,11,52684.0,17155.0,16869.0,3839.0,8.1,4.73,275.1,297.3
СИБИРСКИЙ ФЕДЕРАЛЬНЫЙ ОКРУГ,2022,12,77556.0,29757.0,22740.0,6300.0,7.71,4.6,281.8,301.5
СИБИРСКИЙ ФЕДЕРАЛЬНЫЙ ОКРУГ,2023,1,30026.0,9236.0,9600.0,2010.0,8.69,5.48,277.4,298.3
СИБИРСКИЙ ФЕДЕРАЛЬНЫЙ ОКРУГ,2023,2,46572.0,15044.0,14424.0,3393.0,8.73,5.69,281.3,300.8
СИБИРСКИЙ ФЕДЕРАЛЬНЫЙ ОКРУГ,2023,3,65871.0,22732.0,19930.0,5226.0,8.67,5.91,282.0,301.3
СИБИРСКИЙ ФЕДЕРАЛЬНЫЙ ОКРУГ,2023,4,66462.0,21402.0,20358.0,4936.0,8.84,6.1,283.0,301.5
СИБИРСКИЙ ФЕДЕРАЛЬНЫЙ ОКРУГ,2023,5,67306.0,21909.0,20600.0,4979.0,8.81,6.19,285.3,306.6
СИБИРСКИЙ ФЕДЕРАЛЬНЫЙ ОКРУГ,2023,6,71767.0,22299.0,21492.0,4979.0,8.86,6.21,285.8,306.9
СИБИРСКИЙ ФЕДЕРАЛЬНЫЙ ОКРУГ,2023,7,71763.0,24904.0,21212.0,5619.0,8.61,6.12,286.7,304.7
СИБИРСКИЙ ФЕДЕРАЛЬНЫЙ ОКРУГ,2023,8,97593.0,39125.0,28013.0,8857.0,8.41,5.99,290.9,307.4
СИБИРСКИЙ ФЕДЕРАЛЬНЫЙ ОКРУГ,2023,9,109350.0,50453.0,30562.0,11010.0,8.33,6.06,295.8,309.9
СИБИРСКИЙ ФЕДЕРАЛЬНЫЙ ОКРУГ,2023,10,84906.0,37649.0,25008.0,8278.0,8.73,6.24,293.1,307.4
СИБИРСКИЙ ФЕДЕРАЛЬНЫЙ ОКРУГ,2023,11,80573.0,38659.0,23490.0,8598.0,8.55,6.31,296.9,311.2
СИБИРСКИЙ ФЕДЕРАЛЬНЫЙ ОКРУГ,2023,12,84602.0,42914.0,24037.0,9504.0,8.2,6.28,298.7,313.2
СИБИРСКИЙ ФЕДЕРАЛЬНЫЙ ОКРУГ,2024,1,29165.0,12389.0,9413.0,2769.0,8.72,6.21,292.0,311.8
СИБИРСКИЙ ФЕДЕРАЛЬНЫЙ ОКРУГ,2024,2,38031.0,14881.0,12489.0,3342.0,9.22,6.24,286.2,304.5
СИБИРСКИЙ ФЕДЕРАЛЬНЫЙ ОКРУГ,2024,3,49563.0,22337.0,14942.0,4778.0,8.58,6.41,294.8,312.4
СИБИРСКИЙ ФЕДЕРАЛЬНЫЙ ОКРУГ,2024,4,50193.0,21156.0,15075.0,4496.0,8.74,6.26,295.1,312.5
СИБИРСКИЙ ФЕДЕРАЛЬНЫЙ ОКРУГ,2024,5,59897.0,29188.0,18238.0,6254.0,8.37,6.2,300.4,318.4
СИБИРСКИЙ ФЕДЕРАЛЬНЫЙ ОКРУГ,2024,6,86326.0,50491.0,24387.0,10713.0,7.74,6.27,305.8,317.1
СИБИРСКИЙ ФЕДЕРАЛЬНЫЙ ОКРУГ,2024,7,36900.0,9327.0,13074.0,1900.0,10.82,6.53,288.4,322.2
СИБИРСКИЙ ФЕДЕРАЛЬНЫЙ ОКРУГ,2024,8,39121.0,14066.0,12269.0,2975.0,9.76,6.41,295.6,328.5
СИБИРСКИЙ ФЕДЕРАЛЬНЫЙ ОКРУГ,2024,9,39211.0,16636.0,11538.0,3444.0,9.31,6.35,299.1,326.7
СИБИРСКИЙ ФЕДЕРАЛЬНЫЙ ОКРУГ,2024,10,34927.0,14965.0,10812.0,2999.0,10.54,6.45,296.0,326.0
СИБИРСКИЙ ФЕДЕРАЛЬНЫЙ ОКРУГ,2024,11,26537.0,13457.0,8105.0,2866.0,9.93,6.48,300.2,325.5
СИБИРСКИЙ ФЕДЕРАЛЬНЫЙ ОКРУГ,2024,12,26956.0,15580.0,8002.0,3356.0,9.2,6.68,304.5,328.2
СИБИРСКИЙ ФЕДЕРАЛЬНЫЙ ОКРУГ,2025,1,10567.0,6366.0,3199.0,1285.0,8.99,6.09,303.8,328.1
СИБИРСКИЙ ФЕДЕРАЛЬНЫЙ ОКРУГ,2025,2,19095.0,11529.0,5320.0,2356.0,8.05,6.14,307.6,327.0
СИБИРСКИЙ ФЕДЕРАЛЬНЫЙ ОКРУГ,2025,3,22751.0,13489.0,6014.0,2707.0,7.79,5.96,311.7,330.0
СИБИРСКИЙ ФЕДЕРАЛЬНЫЙ ОКРУГ,2025,4,29069.0,15393.0,7599.0,2970.0,7.47,5.82,308.1,330.4
СИБИРСКИЙ ФЕДЕРАЛЬНЫЙ ОКРУГ,2025,5,27787.0,14612.0,7028.0,2778.0,7.63,5.96,309.7,330.6
СИБИРСКИЙ ФЕДЕРАЛЬНЫЙ ОКРУГ,2025,6,30649.0,15824.0,7800.0,3125.0,7.56,5.91,309.5,331.6
СИБИРСКИЙ ФЕДЕРАЛЬНЫЙ ОКРУГ,2025,7,35268.0,18189.0,8707.0,3505.0,7.52,5.86,310.7,332.3
СИБИРСКИЙ ФЕДЕРАЛЬНЫЙ ОКРУГ,2025,8,39229.0,20570.0,9631.0,3878.0,7.65,5.92,307.8,330.0
СИБИРСКИЙ ФЕДЕРАЛЬНЫЙ ОКРУГ,2025,9,39456.0,20433.0,9815.0,3879.0,8.26,6.38,303.4,331.0
СИБИРСКИЙ ФЕДЕРАЛЬНЫЙ ОКРУГ,2025,10,48012.0,25467.0,11699.0,4763.0,8.16,6.27,305.4,331.0
СИБИРСКИЙ ФЕДЕРАЛЬНЫЙ ОКРУГ,2025,11,47469.0,27566.0,11275.0,5144.0,7.94,6.18,309.5,333.8
СИБИРСКИЙ ФЕДЕРАЛЬНЫЙ ОКРУГ,2025,12,77280.0,43007.0,17824.0,8142.0,7.78,6.19,313.0,334.2
СИБИРСКИЙ ФЕДЕРАЛЬНЫЙ ОКРУГ,2026,1,38481.0,21917.0,8698.0,4074.0,7.72,6.22,315.4,334.7
СИБИРСКИЙ ФЕДЕРАЛЬНЫЙ ОКРУГ,2026,2,28387.0,11106.0,7667.0,2075.0,10.14,6.73,284.5,326.5
СИБИРСКИЙ ФЕДЕРАЛЬНЫЙ ОКРУГ,2026,3,33059.0,12452.0,8974.0,2333.0,10.14,7.01,285.6,323.5
СИБИРСКИЙ ФЕДЕРАЛЬНЫЙ ОКРУГ,2026,4,35104.0,12441.0,9678.0,2330.0,10.31,6.97,284.0,322.5
СИБИРСКИЙ ФЕДЕРАЛЬНЫЙ ОКРУГ,2026,5,33535.0,11646.0,8892.0,2155.0,10.34,6.86,284.1,322.4
СИБИРСКИЙ ФЕДЕРАЛЬНЫЙ ОКРУГ,2026,6,48658.0,20123.0,11855.0,3751.0,9.04,6.55,298.6,327.7
СИБИРСКИЙ ФЕДЕРАЛЬНЫЙ ОКРУГ,2026,7,37636.0,12956.0,10217.0,2437.0,10.7,7.2,282.0,321.2
Самарская область,2019,1,3229.0,783.0,1892.0,395.0,9.9,9.46,210.1,206.0
Самарская область,2019,2,4285.0,1095.0,2451.0,555.0,10.24,9.67,212.7,195.2
Самарская область,2019,3,4134.0,959.0,2371.0,485.0,10.48,9.89,216.6,213.8
Самарская область,2019,4,4539.0,987.0,2613.0,494.0,10.59,10.01,217.1,211.9
Самарская область,2019,5,3321.0,853.0,1910.0,415.0,10.56,9.86,216.8,214.1
Самарская область,2019,6,4092.0,942.0,2267.0,438.0,10.44,9.78,217.8,213.9
Самарская область,2019,7,4060.0,919.0,2316.0,417.0,10.25,9.6,220.1,219.0
Самарская область,2019,8,4324.0,1032.0,2469.0,504.0,9.99,9.19,216.1,209.7
Самарская область,2019,9,4651.0,1140.0,2579.0,548.0,9.83,9.16,219.7,215.2
Самарская область,2019,10,5374.0,1448.0,2983.0,645.0,9.43,8.87,216.2,212.8
Самарская область,2019,11,5218.0,1340.0,2847.0,592.0,9.28,8.51,214.9,214.5
Самарская область,2019,12,6705.0,1380.0,3650.0,643.0,9.21,8.28,210.7,215.9
Самарская область,2020,1,3353.0,784.0,1855.0,330.0,9.07,8.3,218.9,231.4
Самарская область,2020,2,4514.0,954.0,2468.0,400.0,9.03,8.09,216.1,222.2
Самарская область,2020,3,5892.0,1270.0,3072.0,502.0,8.87,7.93,215.2,225.3
Самарская область,2020,4,3878.0,684.0,2135.0,285.0,8.8,7.5,220.3,228.5
Самарская область,2020,5,3874.0,961.0,2131.0,395.0,8.09,6.15,213.4,208.0
Самарская область,2020,6,5108.0,1371.0,2829.0,592.0,7.94,6.09,211.1,209.8
Самарская область,2020,7,6432.0,1793.0,3389.0,729.0,7.54,5.76,218.9,216.8
Самарская область,2020,8,7299.0,2240.0,3740.0,892.0,7.47,5.89,218.0,217.5
Самарская область,2020,9,8721.0,2415.0,4480.0,943.0,7.43,5.75,218.3,217.2
Самарская область,2020,10,9476.0,2481.0,4910.0,994.0,7.43,5.62,219.9,215.8
Самарская область,2020,11,8295.0,2158.0,4271.0,881.0,7.51,5.75,217.3,215.3
Самарская область,2020,12,9947.0,2180.0,4945.0,858.0,7.5,5.69,222.2,228.1
Самарская область,2021,1,3965.0,1004.0,1988.0,393.0,7.39,5.63,225.6,226.0
Самарская область,2021,2,6732.0,1838.0,3171.0,638.0,7.39,5.98,226.3,232.6
Самарская область,2021,3,7994.0,1906.0,3881.0,697.0,7.37,5.78,231.4,238.5
Самарская область,2021,4,8780.0,1993.0,4131.0,714.0,7.56,5.78,234.3,246.9
Самарская область,2021,5,7099.0,1544.0,3194.0,515.0,7.62,5.52,240.2,245.7
Самарская область,2021,6,8541.0,2756.0,3727.0,843.0,7.27,5.47,236.3,236.3
Самарская область,2021,7,7397.0,1439.0,3374.0,431.0,7.81,6.34,243.8,256.0
Самарская область,2021,8,7495.0,1412.0,3363.0,467.0,8.06,6.6,241.9,249.7
Самарская область,2021,9,7501.0,1577.0,3295.0,529.0,8.05,6.12,244.5,253.3
Самарская область,2021,10,8236.0,1876.0,3542.0,618.0,8.04,6.18,248.8,250.6
Самарская область,2021,11,8070.0,2122.0,3388.0,664.0,8.12,6.24,244.4,248.1
Самарская область,2021,12,11171.0,3173.0,4317.0,1060.0,8.3,6.29,250.7,255.4
Самарская область,2022,1,5005.0,1572.0,1903.0,490.0,8.43,6.24,255.4,252.5
Самарская область,2022,2,7402.0,2495.0,2720.0,734.0,8.5,6.15,261.4,270.2
Самарская область,2022,3,8179.0,3173.0,3184.0,1078.0,8.51,5.71,262.8,266.1
Самарская область,2022,4,2215.0,1109.0,821.0,293.0,9.18,6.28,255.3,276.5
Самарская область,2022,5,1792.0,971.0,583.0,202.0,8.28,4.94,250.4,267.2
Самарская область,2022,6,3663.0,1523.0,1227.0,301.0,7.71,4.62,264.8,287.3
Самарская область,2022,7,4923.0,1619.0,1762.0,320.0,8.31,4.79,263.8,282.8
Самарская область,2022,8,6717.0,2116.0,2262.0,396.0,7.83,4.33,269.6,294.2
Самарская область,2022,9,7605.0,2166.0,2624.0,437.0,8.04,4.08,269.6,293.9
Самарская область,2022,10,7676.0,1716.0,2637.0,351.0,8.46,3.98,269.0,295.0
Самарская область,2022,11,7127.0,1870.0,2490.0,419.0,8.44,4.1,274.2,306.3
Самарская область,2022,12,10508.0,3540.0,3403.0,772.0,7.85,4.11,278.1,298.8
Самарская область,2023,1,4262.0,1137.0,1436.0,235.0,8.79,5.1,275.0,297.2
Самарская область,2023,2,6695.0,2083.0,2266.0,476.0,8.92,5.42,280.9,303.4
Самарская область,2023,3,9103.0,2673.0,2949.0,621.0,9.11,5.71,279.9,295.4
Самарская область,2023,4,9755.0,2594.0,3156.0,586.0,9.25,5.92,277.9,301.3
Самарская область,2023,5,9665.0,2703.0,3254.0,620.0,9.19,6.28,279.5,294.1
Самарская область,2023,6,11200.0,3305.0,3565.0,758.0,8.95,5.93,284.3,303.7
Самарская область,2023,7,11102.0,3658.0,3591.0,890.0,8.77,6.05,279.8,294.1
Самарская область,2023,8,14311.0,5367.0,4429.0,1318.0,8.54,5.81,286.9,301.6
Самарская область,2023,9,16864.0,7460.0,4935.0,1738.0,8.54,5.79,289.2,301.4
Самарская область,2023,10,13482.0,5642.0,4094.0,1338.0,9.11,6.09,288.8,303.9
Самарская область,2023,11,12387.0,5716.0,3597.0,1290.0,9.24,6.25,284.7,300.7
Самарская область,2023,12,12490.0,6343.0,3579.0,1398.0,8.74,6.15,291.9,304.8
Самарская область,2024,1,4275.0,1912.0,1319.0,424.0,9.34,6.34,287.4,306.6
Самарская область,2024,2,5703.0,2065.0,1796.0,457.0,9.97,6.19,288.5,308.8
Самарская область,2024,3,7990.0,3878.0,2269.0,772.0,9.02,6.27,297.5,315.6
Самарская область,2024,4,7260.0,2836.0,2263.0,615.0,9.62,6.01,288.5,310.1
Самарская область,2024,5,8647.0,4211.0,2596.0,845.0,8.81,6.29,301.8,320.8
Самарская область,2024,6,12592.0,6895.0,3554.0,1458.0,8.3,6.3,301.0,314.4
Самарская область,2024,7,6255.0,1382.0,2113.0,229.0,11.98,7.17,279.8,295.9
Самарская область,2024,8,5980.0,1730.0,1868.0,345.0,10.86,6.39,286.3,329.2
Самарская область,2024,9,6070.0,2492.0,1736.0,461.0,10.47,6.59,295.8,322.8
Самарская область,2024,10,5792.0,2170.0,1812.0,443.0,11.83,6.26,291.0,318.2
Самарская область,2024,11,3740.0,1763.0,1210.0,344.0,11.11,6.2,288.3,319.3
Самарская область,2024,12,4177.0,2172.0,1279.0,441.0,10.46,6.5,297.5,326.3
Самарская область,2025,1,1734.0,1002.0,534.0,197.0,9.64,6.23,298.8,319.2
Самарская область,2025,2,3028.0,1845.0,844.0,373.0,9.26,6.45,301.8,324.8
Самарская область,2025,3,3529.0,1785.0,911.0,361.0,9.44,6.27,308.4,326.5
Самарская область,2025,4,3992.0,2151.0,1059.0,388.0,8.76,6.23,305.6,325.5
Самарская область,2025,5,4260.0,2158.0,1061.0,398.0,8.44,6.21,306.3,323.7
Самарская область,2025,6,4120.0,1977.0,1088.0,369.0,8.64,6.07,304.2,321.6
Самарская область,2025,7,5268.0,2511.0,1330.0,452.0,8.91,6.36,306.9,329.5
Самарская область,2025,8,6043.0,2851.0,1540.0,555.0,8.48,5.92,305.3,326.0
Самарская область,2025,9,5937.0,2818.0,1491.0,516.0,9.14,6.48,303.1,325.2
Самарская область,2025,10,7699.0,3452.0,1984.0,626.0,10.13,6.87,292.3,327.5
Самарская область,2025,11,7539.0,3691.0,1935.0,706.0,9.2,6.44,299.5,324.3
Самарская область,2025,12,12205.0,5834.0,2980.0,1108.0,8.71,6.42,302.8,326.6
Самарская область,2026,1,6115.0,3031.0,1418.0,557.0,8.57,6.25,305.5,321.4
Самарская область,2026,2,4350.0,1172.0,1303.0,208.0,12.25,6.97,272.3,315.6
Самарская область,2026,3,5587.0,1717.0,1563.0,308.0,11.69,7.91,283.1,322.3
Самарская область,2026,4,5664.0,1339.0,1702.0,264.0,12.28,7.53,274.4,316.8
Самарская область,2026,5,5207.0,1378.0,1461.0,246.0,11.95,7.81,283.0,316.9
Самарская область,2026,6,7460.0,2579.0,1905.0,444.0,9.84,6.86,294.1,325.5
Самарская область,2026,7,6165.0,1448.0,1771.0,261.0,12.31,8.26,277.2,313.9
Саратовская область,2019,1,1900.0,341.0,1141.0,156.0,9.88,9.73,214.5,220.6
Саратовская область,2019,2,2518.0,476.0,1451.0,207.0,10.11,9.93,219.4,217.1
Саратовская область,2019,3,2487.0,518.0,1481.0,220.0,10.47,10.05,215.0,223.4
Саратовская область,2019,4,2900.0,584.0,1743.0,274.0,10.59,10.04,218.7,218.5
Саратовская область,2019,5,2382.0,546.0,1310.0,259.0,10.62,10.24,221.4,223.0
Саратовская область,2019,6,2668.0,564.0,1593.0,258.0,10.45,9.79,220.6,224.3
Саратовская область,2019,7,2865.0,486.0,1664.0,201.0,10.29,9.85,219.2,215.6
Саратовская область,2019,8,2962.0,640.0,1737.0,270.0,10.01,9.38,220.6,214.3
Саратовская область,2019,9,2949.0,561.0,1795.0,260.0,9.71,9.14,218.7,216.6
Саратовская область,2019,10,3335.0,667.0,1954.0,300.0,9.4,8.61,219.4,225.6
Саратовская область,2019,11,3590.0,888.0,1906.0,325.0,9.18,8.56,221.4,234.9
Саратовская область,2019,12,4357.0,843.0,2406.0,337.0,9.12,8.52,220.6,225.8
Саратовская область,2020,1,2281.0,492.0,1240.0,181.0,9.09,8.44,221.7,243.6
Саратовская область,2020,2,3189.0,720.0,1694.0,272.0,8.95,8.26,221.9,231.2
Саратовская область,2020,3,3867.0,782.0,2089.0,339.0,8.93,8.14,219.8,220.5
Саратовская область,2020,4,2411.0,473.0,1372.0,183.0,8.68,7.32,224.8,239.5
Саратовская область,2020,5,2341.0,681.0,1306.0,294.0,7.69,5.7,218.3,221.3
Саратовская область,2020,6,3537.0,909.0,1942.0,400.0,7.88,6.18,219.3,221.2
Саратовская область,2020,7,4312.0,1234.0,2251.0,481.0,7.49,5.87,218.1,211.7
Саратовская область,2020,8,4899.0,1346.0,2542.0,518.0,7.42,5.88,223.7,224.7
Саратовская область,2020,9,5736.0,1641.0,3032.0,638.0,7.36,5.77,223.9,223.4
Саратовская область,2020,10,6602.0,1740.0,3342.0,652.0,7.45,6.08,224.6,220.7
Саратовская область,2020,11,5791.0,1401.0,2984.0,560.0,7.5,5.98,225.9,226.3
Саратовская область,2020,12,6314.0,1348.0,3261.0,539.0,7.5,5.96,231.2,233.1
Саратовская область,2021,1,2623.0,725.0,1276.0,265.0,7.26,5.83,229.2,234.2
Саратовская область,2021,2,4278.0,1077.0,2060.0,375.0,7.42,5.85,235.4,239.6
Саратовская область,2021,3,5561.0,1334.0,2647.0,439.0,7.31,5.81,239.5,245.3
Саратовская область,2021,4,6189.0,1407.0,2852.0,414.0,7.47,5.72,240.0,245.7
Саратовская область,2021,5,4501.0,1029.0,2098.0,309.0,7.5,5.34,242.8,255.0
Саратовская область,2021,6,5979.0,1703.0,2582.0,481.0,7.33,5.36,244.4,259.1
Саратовская область,2021,7,5083.0,855.0,2455.0,298.0,7.8,6.22,246.8,255.6
Саратовская область,2021,8,5238.0,1054.0,2386.0,312.0,7.94,6.29,247.0,251.2
Саратовская область,2021,9,5681.0,1331.0,2493.0,388.0,7.95,6.46,246.1,243.6
Саратовская область,2021,10,5846.0,1286.0,2509.0,375.0,8.09,6.3,250.2,254.0
Саратовская область,2021,11,5907.0,1397.0,2380.0,404.0,8.02,6.03,255.8,265.1
Саратовская область,2021,12,7181.0,1778.0,2886.0,488.0,8.09,5.76,257.2,262.1
Саратовская область,2022,1,3534.0,1003.0,1315.0,244.0,8.34,6.16,270.6,281.4
Саратовская область,2022,2,4941.0,1310.0,1812.0,290.0,8.69,6.36,263.2,270.2
Саратовская область,2022,3,5326.0,1714.0,2060.0,510.0,8.66,5.55,272.3,277.1
Саратовская область,2022,4,1310.0,524.0,489.0,119.0,8.85,5.37,252.1,271.6
Саратовская область,2022,5,1164.0,695.0,372.0,115.0,6.49,3.83,275.1,294.5
Саратовская область,2022,6,2331.0,1001.0,734.0,169.0,7.22,3.93,274.3,292.7
Саратовская область,2022,7,3769.0,1412.0,1310.0,238.0,7.18,3.33,276.2,311.7
Саратовская область,2022,8,5054.0,1499.0,1766.0,245.0,7.47,2.9,282.3,316.1
Саратовская область,2022,9,5687.0,1743.0,1947.0,288.0,7.55,3.18,279.8,312.2
Саратовская область,2022,10,5452.0,1335.0,1946.0,231.0,8.0,3.12,282.7,309.0
Саратовская область,2022,11,5519.0,1709.0,1847.0,315.0,7.57,2.76,286.1,312.6
Саратовская область,2022,12,7502.0,2599.0,2382.0,461.0,7.38,2.91,290.1,316.6
Саратовская область,2023,1,2919.0,735.0,1047.0,151.0,8.84,4.5,285.4,326.5
Саратовская область,2023,2,4820.0,1189.0,1711.0,242.0,9.11,5.0,288.8,326.2
Саратовская область,2023,3,6237.0,1678.0,2200.0,362.0,9.21,5.55,287.4,311.2
Саратовская область,2023,4,6281.0,1452.0,2139.0,316.0,9.56,6.23,280.4,301.5
Саратовская область,2023,5,6589.0,1639.0,2301.0,336.0,9.32,6.32,285.7,314.3
Саратовская область,2023,6,7171.0,1757.0,2458.0,381.0,9.48,6.51,289.7,314.5
Саратовская область,2023,7,7002.0,1822.0,2357.0,418.0,9.18,6.07,291.8,316.2
Саратовская область,2023,8,9449.0,3210.0,3028.0,701.0,8.93,6.02,294.6,314.4
Саратовская область,2023,9,10002.0,3403.0,3106.0,698.0,9.02,6.06,296.2,315.4
Саратовская область,2023,10,8526.0,2864.0,2663.0,564.0,9.73,6.19,296.2,315.7
Саратовская область,2023,11,8063.0,3119.0,2539.0,650.0,9.14,6.14,297.9,319.1
Саратовская область,2023,12,7648.0,3302.0,2320.0,659.0,8.64,6.06,300.3,323.0
Саратовская область,2024,1,2574.0,828.0,896.0,166.0,9.48,5.88,294.4,319.4
Саратовская область,2024,2,3298.0,1014.0,1204.0,212.0,10.44,6.14,286.1,308.1
Саратовская область,2024,3,4510.0,1789.0,1419.0,337.0,9.38,6.33,300.6,327.3
Саратовская область,2024,4,4495.0,1644.0,1474.0,324.0,9.4,6.14,292.7,312.8
Саратовская область,2024,5,5194.0,2198.0,1704.0,434.0,8.78,6.13,298.9,319.6
Саратовская область,2024,6,7384.0,3545.0,2212.0,717.0,8.34,6.25,311.4,327.0
Саратовская область,2024,7,4122.0,998.0,1514.0,181.0,11.37,6.42,293.8,333.3
Саратовская область,2024,8,4264.0,1392.0,1372.0,252.0,10.4,6.43,296.7,331.8
Саратовская область,2024,9,4056.0,1711.0,1208.0,293.0,10.31,6.75,301.4,325.8
Саратовская область,2024,10,4308.0,1828.0,1364.0,334.0,10.59,6.49,297.0,327.4
Саратовская область,2024,11,2732.0,1302.0,878.0,243.0,10.66,5.88,297.1,329.7
Саратовская область,2024,12,2789.0,1295.0,867.0,252.0,10.19,6.46,297.2,332.3
Саратовская область,2025,1,841.0,439.0,317.0,92.0,10.96,6.22,295.5,326.2
Саратовская область,2025,2,2094.0,1131.0,593.0,216.0,8.55,6.1,311.3,329.8
Саратовская область,2025,3,2231.0,1148.0,607.0,199.0,8.96,6.32,304.1,329.4
Саратовская область,2025,4,2241.0,1124.0,603.0,195.0,9.05,6.64,304.6,326.3
Саратовская область,2025,5,2578.0,1273.0,669.0,221.0,8.89,6.21,305.8,324.2
Саратовская область,2025,6,2703.0,1256.0,725.0,223.0,8.62,6.74,301.8,331.4
Саратовская область,2025,7,3140.0,1367.0,821.0,238.0,9.11,6.81,300.3,325.7
Саратовская область,2025,8,3509.0,1711.0,927.0,316.0,8.66,6.29,299.7,327.9
Саратовская область,2025,9,4204.0,2310.0,1051.0,415.0,8.64,6.22,304.4,324.7
Саратовская область,2025,10,4526.0,2186.0,1158.0,379.0,8.93,6.32,302.6,329.6
Саратовская область,2025,11,4660.0,2564.0,1210.0,464.0,8.76,6.43,305.0,332.5
Саратовская область,2025,12,8049.0,4173.0,1960.0,734.0,8.34,6.31,308.4,328.9
Саратовская область,2026,1,3876.0,1864.0,945.0,314.0,8.59,6.11,312.4,334.2
Саратовская область,2026,2,2826.0,704.0,865.0,135.0,12.0,7.8,278.2,307.0
Саратовская область,2026,3,3749.0,1308.0,993.0,193.0,11.9,8.83,284.7,323.1
Саратовская область,2026,4,3922.0,1166.0,1104.0,203.0,11.91,7.73,283.7,319.8
Саратовская область,2026,5,3508.0,1105.0,970.0,186.0,11.4,7.85,280.6,318.6
Саратовская область,2026,6,4740.0,1546.0,1219.0,258.0,10.07,6.82,292.5,321.2
Саратовская область,2026,7,3644.0,1015.0,1122.0,185.0,12.61,7.37,273.3,310.7
Сахалинская область,2019,1,780.0,239.0,265.0,78.0,9.82,9.8,206.3,198.1
Сахалинская область,2019,2,974.0,260.0,336.0,91.0,10.11,10.13,200.5,175.4
Сахалинская область,2019,3,1112.0,327.0,343.0,96.0,10.42,10.1,221.5,218.9
Сахалинская область,2019,4,1110.0,308.0,371.0,98.0,10.64,10.35,206.1,196.4
Сахалинская область,2019,5,963.0,189.0,311.0,59.0,10.57,10.11,214.2,209.5
Сахалинская область,2019,6,1015.0,298.0,337.0,88.0,10.47,10.05,207.6,192.6
Сахалинская область,2019,7,882.0,136.0,297.0,51.0,10.29,10.09,210.5,184.9
Сахалинская область,2019,8,980.0,237.0,351.0,83.0,10.01,9.71,212.1,188.2
Сахалинская область,2019,9,933.0,196.0,321.0,58.0,9.79,9.17,216.6,206.6
Сахалинская область,2019,10,1349.0,386.0,437.0,120.0,9.43,8.91,213.9,208.7
Сахалинская область,2019,11,1388.0,540.0,427.0,159.0,9.22,8.88,207.0,194.2
Сахалинская область,2019,12,2032.0,522.0,535.0,141.0,8.92,7.85,205.4,210.8
Сахалинская область,2020,1,1076.0,418.0,299.0,104.0,7.4,4.81,213.5,211.3
Сахалинская область,2020,2,1444.0,702.0,396.0,162.0,6.51,3.88,225.1,225.3
Сахалинская область,2020,3,1473.0,514.0,420.0,120.0,7.42,4.75,210.8,217.2
Сахалинская область,2020,4,1614.0,487.0,440.0,117.0,7.13,4.33,223.7,222.9
Сахалинская область,2020,5,1350.0,614.0,370.0,146.0,6.65,4.35,219.5,210.6
Сахалинская область,2020,6,1801.0,681.0,519.0,183.0,6.74,4.58,214.6,211.9
Сахалинская область,2020,7,2003.0,693.0,566.0,180.0,6.94,4.38,214.8,209.4
Сахалинская область,2020,8,2005.0,784.0,545.0,191.0,6.76,4.82,216.4,211.0
Сахалинская область,2020,9,2369.0,743.0,617.0,175.0,7.12,5.28,215.6,206.8
Сахалинская область,2020,10,2440.0,693.0,672.0,174.0,6.98,5.0,220.3,204.4
Сахалинская область,2020,11,2322.0,662.0,587.0,143.0,6.79,4.7,217.4,209.6
Сахалинская область,2020,12,2567.0,588.0,643.0,140.0,7.19,5.18,227.0,214.8
Сахалинская область,2021,1,1116.0,256.0,286.0,69.0,6.95,4.43,236.4,217.0
Сахалинская область,2021,2,2059.0,648.0,514.0,152.0,6.44,3.69,233.6,222.0
Сахалинская область,2021,3,2399.0,715.0,589.0,150.0,6.75,4.49,238.2,227.6
Сахалинская область,2021,4,2911.0,724.0,679.0,145.0,6.31,4.08,234.9,214.5
Сахалинская область,2021,5,2346.0,736.0,552.0,154.0,6.33,4.18,248.2,237.9
Сахалинская область,2021,6,3003.0,1304.0,704.0,264.0,6.05,4.23,236.2,233.3
Сахалинская область,2021,7,2803.0,815.0,675.0,169.0,6.02,3.2,236.2,230.3
Сахалинская область,2021,8,2349.0,792.0,553.0,159.0,6.31,4.65,243.9,236.8
Сахалинская область,2021,9,2481.0,755.0,553.0,152.0,6.77,4.21,251.4,236.1
Сахалинская область,2021,10,2431.0,619.0,561.0,129.0,6.94,3.99,253.3,245.6
Сахалинская область,2021,11,2575.0,921.0,595.0,195.0,6.17,3.14,245.9,235.6
Сахалинская область,2021,12,3481.0,1430.0,791.0,296.0,6.09,3.15,250.5,241.3
Сахалинская область,2022,1,1593.0,729.0,352.0,149.0,5.83,3.11,244.4,232.4
Сахалинская область,2022,2,1865.0,755.0,401.0,138.0,7.09,4.22,257.5,243.1
Сахалинская область,2022,3,2565.0,984.0,567.0,201.0,6.91,3.74,259.2,244.5
Сахалинская область,2022,4,887.0,456.0,223.0,98.0,4.93,2.99,245.7,252.9
Сахалинская область,2022,5,583.0,296.0,142.0,55.0,4.53,2.85,252.9,277.0
Сахалинская область,2022,6,1216.0,546.0,272.0,91.0,6.65,4.21,256.1,269.0
Сахалинская область,2022,7,1562.0,624.0,365.0,105.0,6.41,3.13,250.7,270.8
Сахалинская область,2022,8,2237.0,930.0,487.0,157.0,6.3,3.89,256.6,262.8
Сахалинская область,2022,9,2501.0,1027.0,515.0,172.0,5.84,3.25,259.6,259.8
Сахалинская область,2022,10,2047.0,595.0,466.0,114.0,6.92,3.76,257.5,250.0
Сахалинская область,2022,11,2167.0,699.0,466.0,118.0,6.79,3.12,262.1,264.6
Сахалинская область,2022,12,2763.0,1025.0,565.0,166.0,6.08,3.25,266.8,280.2
Сахалинская область,2023,1,1148.0,381.0,267.0,63.0,6.72,4.5,268.4,278.3
Сахалинская область,2023,2,1876.0,698.0,403.0,122.0,6.18,3.54,260.3,272.2
Сахалинская область,2023,3,2533.0,917.0,563.0,166.0,6.97,4.78,264.9,274.4
Сахалинская область,2023,4,2329.0,746.0,520.0,140.0,7.23,4.95,268.5,274.0
Сахалинская область,2023,5,2564.0,743.0,569.0,135.0,7.08,5.15,265.9,274.9
Сахалинская область,2023,6,2944.0,788.0,643.0,146.0,6.64,4.62,266.1,265.1
Сахалинская область,2023,7,3080.0,1004.0,661.0,187.0,6.96,4.99,268.2,274.4
Сахалинская область,2023,8,3563.0,1270.0,741.0,225.0,6.86,5.34,273.7,280.7
Сахалинская область,2023,9,3694.0,1397.0,774.0,247.0,6.86,4.88,267.7,274.3
Сахалинская область,2023,10,3091.0,1009.0,702.0,201.0,6.89,4.95,267.7,276.7
Сахалинская область,2023,11,3208.0,1231.0,705.0,230.0,6.66,5.21,264.6,283.3
Сахалинская область,2023,12,3224.0,1486.0,714.0,271.0,6.61,4.75,272.9,282.1
Сахалинская область,2024,1,1227.0,385.0,273.0,65.0,6.88,4.55,260.8,274.1
Сахалинская область,2024,2,1427.0,469.0,326.0,80.0,7.24,5.31,262.5,279.5
Сахалинская область,2024,3,2138.0,919.0,456.0,150.0,6.56,4.86,265.7,268.2
Сахалинская область,2024,4,2269.0,941.0,467.0,144.0,6.16,4.93,261.1,274.2
Сахалинская область,2024,5,2382.0,944.0,555.0,160.0,6.47,5.02,268.5,275.7
Сахалинская область,2024,6,3196.0,1425.0,760.0,252.0,6.83,5.98,284.2,302.5
Сахалинская область,2024,7,2563.0,778.0,606.0,127.0,6.05,3.55,253.6,256.5
Сахалинская область,2024,8,2345.0,776.0,521.0,128.0,6.53,4.67,263.3,277.3
Сахалинская область,2024,9,2090.0,733.0,438.0,107.0,6.88,5.46,261.4,266.0
Сахалинская область,2024,10,2217.0,852.0,483.0,132.0,7.33,4.43,249.9,258.6
Сахалинская область,2024,11,1372.0,609.0,340.0,102.0,6.44,4.32,256.7,266.2
Сахалинская область,2024,12,1284.0,893.0,301.0,150.0,5.5,4.4,259.7,270.2
Сахалинская область,2025,1,461.0,275.0,118.0,48.0,6.78,3.88,258.4,268.4
Сахалинская область,2025,2,989.0,630.0,204.0,108.0,4.77,3.89,263.6,271.4
Сахалинская область,2025,3,1288.0,836.0,249.0,136.0,4.7,3.88,258.4,267.3
Сахалинская область,2025,4,1695.0,941.0,301.0,153.0,3.9,3.63,253.8,257.4
Сахалинская область,2025,5,1991.0,787.0,370.0,130.0,4.47,3.74,252.6,270.4
Сахалинская область,2025,6,2259.0,998.0,417.0,165.0,4.47,4.21,259.4,270.5
Сахалинская область,2025,7,2202.0,954.0,411.0,151.0,4.25,4.12,255.2,278.5
Сахалинская область,2025,8,2495.0,1132.0,445.0,175.0,4.86,4.07,264.7,280.5
Сахалинская область,2025,9,2355.0,1257.0,437.0,195.0,5.21,4.89,260.8,276.6
Сахалинская область,2025,10,2502.0,1180.0,458.0,176.0,5.17,4.59,264.5,279.9
Сахалинская область,2025,11,1946.0,960.0,371.0,148.0,5.59,4.72,258.7,272.5
Сахалинская область,2025,12,3298.0,1549.0,597.0,247.0,5.24,4.98,267.8,284.8
Сахалинская область,2026,1,1373.0,743.0,255.0,120.0,6.03,5.14,274.8,298.3
Сахалинская область,2026,2,1863.0,746.0,337.0,122.0,5.01,3.41,247.7,257.1
Сахалинская область,2026,3,1711.0,765.0,300.0,104.0,5.43,4.87,239.6,244.3
Сахалинская область,2026,4,2075.0,851.0,393.0,133.0,6.41,4.22,246.5,256.5
Сахалинская область,2026,5,1939.0,940.0,370.0,149.0,5.18,3.64,244.2,252.9
Сахалинская область,2026,6,2177.0,974.0,408.0,148.0,5.7,4.17,252.1,262.9
Сахалинская область,2026,7,1880.0,663.0,372.0,112.0,6.0,3.58,241.8,256.2
Свердловская область,2019,1,5284.0,1608.0,2651.0,675.0,9.86,9.51,203.8,208.4
Свердловская область,2019,2,6939.0,1909.0,3543.0,833.0,10.19,9.99,209.9,208.8
Свердловская область,2019,3,7075.0,2078.0,3538.0,874.0,10.4,10.01,214.7,217.2
Свердловская область,2019,4,7336.0,2173.0,3710.0,911.0,10.5,10.08,214.6,211.2
Свердловская область,2019,5,5784.0,1730.0,2937.0,703.0,10.59,10.11,212.3,212.3
Свердловская область,2019,6,6589.0,2110.0,3220.0,841.0,10.34,9.91,217.5,215.8
Свердловская область,2019,7,7146.0,2062.0,3560.0,816.0,10.14,9.6,214.5,216.0
Свердловская область,2019,8,7870.0,2455.0,3823.0,969.0,9.88,9.39,219.7,221.8
Свердловская область,2019,9,7889.0,2678.0,3747.0,1047.0,9.66,9.19,216.6,221.4
Свердловская область,2019,10,9165.0,2899.0,4344.0,1113.0,9.41,8.82,215.7,221.6
Свердловская область,2019,11,9581.0,2871.0,4454.0,1059.0,9.21,8.56,213.8,219.3
Свердловская область,2019,12,12031.0,3323.0,5663.0,1200.0,9.02,8.22,214.3,223.4
Свердловская область,2020,1,5833.0,1795.0,2765.0,663.0,8.96,8.18,211.7,227.4
Свердловская область,2020,2,8382.0,2093.0,3905.0,770.0,8.96,8.2,217.8,226.7
Свердловская область,2020,3,10143.0,2687.0,4622.0,982.0,8.8,8.1,216.4,227.5
Свердловская область,2020,4,8319.0,1960.0,3999.0,765.0,8.7,7.56,219.6,228.4
Свердловская область,2020,5,7246.0,2346.0,3436.0,962.0,7.95,6.38,212.3,212.2
Свердловская область,2020,6,9638.0,3610.0,4369.0,1383.0,7.84,6.48,212.9,217.3
Свердловская область,2020,7,11534.0,4412.0,5066.0,1601.0,7.51,6.12,216.9,219.6
Свердловская область,2020,8,13295.0,5415.0,5658.0,1859.0,7.31,6.15,217.8,224.0
Свердловская область,2020,9,15336.0,5611.0,6681.0,1939.0,7.3,5.99,216.1,221.4
Свердловская область,2020,10,17691.0,6014.0,7411.0,2052.0,7.36,6.07,218.0,222.2
Свердловская область,2020,11,15349.0,4632.0,6667.0,1591.0,7.49,6.12,219.4,223.6
Свердловская область,2020,12,18051.0,5195.0,7684.0,1719.0,7.48,6.09,221.0,224.4
Свердловская область,2021,1,7817.0,2732.0,3227.0,895.0,7.34,6.16,225.9,228.8
Свердловская область,2021,2,12502.0,3927.0,5237.0,1275.0,7.35,6.09,222.9,228.8
Свердловская область,2021,3,15729.0,4676.0,6445.0,1491.0,7.4,6.13,228.6,237.3
Свердловская область,2021,4,17080.0,5524.0,7046.0,1915.0,7.32,5.89,233.1,245.0
Свердловская область,2021,5,13020.0,4410.0,5122.0,1384.0,7.35,5.73,234.8,247.7
Свердловская область,2021,6,17042.0,7116.0,6394.0,2132.0,7.03,5.56,240.3,250.0
Свердловская область,2021,7,12380.0,3020.0,5023.0,939.0,7.74,6.31,238.9,253.4
Свердловская область,2021,8,12685.0,3992.0,5065.0,1260.0,7.74,6.4,241.0,246.9
Свердловская область,2021,9,14057.0,4740.0,5456.0,1483.0,7.75,6.26,238.8,241.4
Свердловская область,2021,10,14319.0,4885.0,5460.0,1536.0,7.78,6.21,243.2,246.4
Свердловская область,2021,11,14321.0,5228.0,5284.0,1614.0,7.8,6.29,246.5,250.6
Свердловская область,2021,12,18949.0,6592.0,6926.0,2016.0,8.04,6.25,249.2,249.5
Свердловская область,2022,1,9851.0,4138.0,3495.0,1203.0,8.05,6.41,253.2,259.8
Свердловская область,2022,2,14354.0,5774.0,5135.0,1722.0,8.32,6.46,255.1,259.6
Свердловская область,2022,3,18182.0,8754.0,6720.0,2830.0,7.91,5.8,258.9,262.0
Свердловская область,2022,4,4552.0,2748.0,1694.0,780.0,8.05,5.93,259.1,275.5
Свердловская область,2022,5,3523.0,1886.0,1260.0,463.0,8.29,6.01,259.3,283.4
Свердловская область,2022,6,6861.0,3344.0,2265.0,742.0,7.69,5.48,256.9,279.7
Свердловская область,2022,7,9933.0,4188.0,3371.0,934.0,7.69,5.26,262.4,283.6
Свердловская область,2022,8,13869.0,5849.0,4544.0,1314.0,7.59,5.34,264.5,285.5
Свердловская область,2022,9,16097.0,6864.0,5209.0,1528.0,7.47,5.2,271.5,289.1
Свердловская область,2022,10,14199.0,4586.0,4881.0,1117.0,7.92,5.17,268.9,288.4
Свердловская область,2022,11,15528.0,6485.0,5059.0,1573.0,7.81,5.21,274.8,291.9
Свердловская область,2022,12,22236.0,10072.0,6876.0,2531.0,7.6,5.39,277.1,292.8
Свердловская область,2023,1,9032.0,3761.0,2875.0,888.0,8.26,6.03,277.6,297.8
Свердловская область,2023,2,13584.0,5619.0,4432.0,1393.0,8.39,6.02,276.6,294.0
Свердловская область,2023,3,18308.0,7493.0,5955.0,1946.0,8.3,6.11,281.1,297.0
Свердловская область,2023,4,18846.0,7745.0,6086.0,1965.0,8.38,6.35,277.7,288.5
Свердловская область,2023,5,18215.0,7145.0,5945.0,1845.0,8.37,6.37,280.7,295.6
Свердловская область,2023,6,19844.0,8092.0,6262.0,2015.0,8.43,6.51,282.8,300.9
Свердловская область,2023,7,21667.0,9036.0,6508.0,2261.0,8.37,6.5,282.8,303.5
Свердловская область,2023,8,27784.0,14175.0,8134.0,3494.0,7.86,6.11,288.1,299.1
Свердловская область,2023,9,32970.0,18666.0,9544.0,4561.0,7.78,6.11,292.5,303.3
Свердловская область,2023,10,24190.0,12860.0,7369.0,3221.0,8.38,6.45,288.1,299.2
Свердловская область,2023,11,24408.0,14342.0,7347.0,3584.0,8.21,6.46,294.1,304.7
Свердловская область,2023,12,27395.0,17736.0,7746.0,4203.0,7.98,6.54,298.2,307.8
Свердловская область,2024,1,8359.0,4358.0,2638.0,1069.0,8.58,6.42,286.4,304.7
Свердловская область,2024,2,10458.0,5095.0,3407.0,1217.0,9.62,6.49,287.8,309.0
Свердловская область,2024,3,15016.0,8313.0,4588.0,1968.0,8.34,6.39,292.3,306.0
Свердловская область,2024,4,15658.0,8252.0,4704.0,1979.0,8.57,6.57,294.4,307.5
Свердловская область,2024,5,19221.0,11452.0,5733.0,2764.0,8.09,6.47,299.8,313.4
Свердловская область,2024,6,27969.0,17890.0,7902.0,4222.0,7.75,6.54,304.2,314.7
Свердловская область,2024,7,10060.0,3459.0,3610.0,809.0,10.4,6.27,288.3,319.8
Свердловская область,2024,8,11392.0,5162.0,3637.0,1196.0,9.76,6.48,296.6,324.6
Свердловская область,2024,9,12233.0,6714.0,3481.0,1411.0,9.22,6.49,303.7,326.5
Свердловская область,2024,10,11974.0,6608.0,3589.0,1417.0,9.79,6.17,299.9,325.4
Свердловская область,2024,11,9059.0,5708.0,2781.0,1283.0,9.43,6.44,301.0,323.6
Свердловская область,2024,12,11412.0,8628.0,3403.0,2162.0,8.63,6.71,306.7,319.6
Свердловская область,2025,1,4253.0,3144.0,1201.0,678.0,8.36,6.23,310.7,327.8
Свердловская область,2025,2,7071.0,4846.0,1941.0,1018.0,7.82,6.09,312.9,327.6
Свердловская область,2025,3,7914.0,5279.0,2174.0,1153.0,7.79,6.16,311.7,326.6
Свердловская область,2025,4,8880.0,5500.0,2423.0,1172.0,7.83,6.2,309.3,324.5
Свердловская область,2025,5,8569.0,5112.0,2273.0,1066.0,7.78,6.11,310.0,327.8
Свердловская область,2025,6,9806.0,6002.0,2512.0,1243.0,7.73,6.13,309.2,324.2
Свердловская область,2025,7,10924.0,6357.0,2764.0,1295.0,7.8,6.13,309.1,327.2
Свердловская область,2025,8,12579.0,7824.0,3072.0,1556.0,7.6,6.19,309.8,326.0
Свердловская область,2025,9,13944.0,8980.0,3593.0,2009.0,8.26,6.57,303.3,320.0
Свердловская область,2025,10,16821.0,10756.0,4226.0,2270.0,8.79,7.19,303.2,320.4
Свердловская область,2025,11,16646.0,10989.0,4039.0,2261.0,8.35,6.79,310.1,329.9
Свердловская область,2025,12,26743.0,17525.0,6254.0,3574.0,7.78,6.44,313.2,329.0
Свердловская область,2026,1,14645.0,9668.0,3357.0,1920.0,7.84,6.5,313.8,327.2
Свердловская область,2026,2,9557.0,4373.0,2701.0,881.0,11.0,7.97,286.4,317.1
Свердловская область,2026,3,10558.0,4800.0,2887.0,972.0,10.64,8.16,284.4,312.9
Свердловская область,2026,4,11173.0,4344.0,3060.0,869.0,10.98,8.56,284.0,316.0
Свердловская область,2026,5,10635.0,4087.0,2803.0,810.0,10.84,8.14,282.2,310.5
Свердловская область,2026,6,15517.0,7736.0,3705.0,1514.0,9.2,7.29,299.9,321.9
Свердловская область,2026,7,11048.0,4489.0,3075.0,939.0,11.49,8.33,275.6,303.8
Смоленская область,2019,1,903.0,284.0,508.0,128.0,9.9,9.72,197.8,208.1
Смоленская область,2019,2,1200.0,332.0,685.0,162.0,10.07,10.08,212.1,209.1
Смоленская область,2019,3,1231.0,417.0,637.0,188.0,10.5,10.3,215.8,211.6
Смоленская область,2019,4,1302.0,382.0,703.0,161.0,10.64,10.44,211.9,207.4
Смоленская область,2019,5,1002.0,292.0,536.0,123.0,10.61,10.33,218.6,226.8
Смоленская область,2019,6,937.0,250.0,540.0,124.0,10.34,9.88,216.2,208.0
Смоленская область,2019,7,1149.0,312.0,594.0,130.0,10.17,9.79,222.9,225.9
Смоленская область,2019,8,1186.0,341.0,676.0,146.0,9.97,9.64,215.3,214.6
Смоленская область,2019,9,1286.0,401.0,665.0,157.0,9.65,8.99,225.1,234.1
Смоленская область,2019,10,1394.0,413.0,725.0,159.0,9.46,9.4,214.3,213.5
Смоленская область,2019,11,1420.0,393.0,728.0,153.0,9.25,8.84,216.5,228.9
Смоленская область,2019,12,1707.0,435.0,873.0,188.0,9.15,8.69,222.1,218.5
Смоленская область,2020,1,893.0,349.0,470.0,135.0,9.04,8.59,208.3,217.7
Смоленская область,2020,2,1334.0,408.0,692.0,167.0,8.92,8.52,219.2,227.2
Смоленская область,2020,3,1477.0,457.0,730.0,173.0,8.83,8.23,211.2,221.7
Смоленская область,2020,4,1119.0,264.0,616.0,130.0,8.18,6.64,217.3,223.5
Смоленская область,2020,5,1010.0,437.0,546.0,198.0,7.28,6.27,208.4,204.1
Смоленская область,2020,6,1373.0,484.0,703.0,225.0,7.57,6.14,216.5,209.4
Смоленская область,2020,7,1804.0,683.0,905.0,288.0,7.16,5.88,220.4,219.4
Смоленская область,2020,8,2020.0,860.0,958.0,343.0,7.11,5.76,222.0,220.9
Смоленская область,2020,9,2462.0,882.0,1177.0,354.0,7.18,5.97,218.8,222.7
Смоленская область,2020,10,2434.0,773.0,1189.0,334.0,7.25,5.91,217.0,217.2
Смоленская область,2020,11,2305.0,784.0,1040.0,279.0,7.15,5.92,233.6,242.8
Смоленская область,2020,12,2595.0,744.0,1250.0,307.0,7.04,5.78,226.5,224.7
Смоленская область,2021,1,1137.0,401.0,517.0,129.0,6.93,5.72,228.8,240.3
Смоленская область,2021,2,1812.0,576.0,803.0,199.0,7.17,5.78,225.5,215.3
Смоленская область,2021,3,2262.0,677.0,989.0,226.0,7.07,5.94,238.6,251.7
Смоленская область,2021,4,2363.0,797.0,1039.0,257.0,7.22,5.9,240.8,251.3
Смоленская область,2021,5,1898.0,662.0,802.0,195.0,7.23,5.63,244.1,254.1
Смоленская область,2021,6,2471.0,936.0,1026.0,301.0,6.98,5.72,242.8,251.0
Смоленская область,2021,7,1772.0,397.0,817.0,157.0,7.52,5.86,240.4,254.4
Смоленская область,2021,8,1923.0,504.0,825.0,171.0,7.84,6.73,246.0,241.5
Смоленская область,2021,9,1924.0,579.0,861.0,200.0,7.69,6.59,247.6,246.0
Смоленская область,2021,10,2152.0,655.0,887.0,220.0,7.65,6.12,253.1,262.6
Смоленская область,2021,11,2231.0,737.0,871.0,228.0,7.74,6.08,256.7,263.7
Смоленская область,2021,12,2748.0,918.0,1011.0,245.0,8.03,6.24,264.0,278.7
Смоленская область,2022,1,1268.0,537.0,473.0,164.0,8.13,6.33,267.1,267.3
Смоленская область,2022,2,1952.0,748.0,724.0,238.0,8.07,5.87,260.9,263.5
Смоленская область,2022,3,2126.0,951.0,875.0,368.0,8.27,5.65,269.0,264.1
Смоленская область,2022,4,659.0,373.0,276.0,111.0,8.35,6.23,257.5,266.2
Смоленская область,2022,5,554.0,336.0,181.0,70.0,6.11,3.7,259.9,287.6
Смоленская область,2022,6,918.0,534.0,289.0,98.0,5.45,2.69,282.7,301.5
Смоленская область,2022,7,1328.0,560.0,454.0,101.0,6.82,3.63,266.4,290.7
Смоленская область,2022,8,1857.0,804.0,618.0,144.0,6.68,3.61,286.9,312.1
Смоленская область,2022,9,2084.0,842.0,683.0,146.0,6.58,2.87,283.0,313.2
Смоленская область,2022,10,1713.0,473.0,616.0,107.0,8.05,4.16,276.9,294.4
Смоленская область,2022,11,2078.0,776.0,632.0,153.0,7.28,3.13,286.4,304.1
Смоленская область,2022,12,2921.0,1356.0,866.0,262.0,6.57,3.31,288.5,310.4
Смоленская область,2023,1,1176.0,375.0,431.0,87.0,8.27,5.02,277.0,304.9
Смоленская область,2023,2,1822.0,686.0,630.0,160.0,8.47,5.49,287.1,307.5
Смоленская область,2023,3,2387.0,956.0,840.0,246.0,8.37,5.77,286.0,299.4
Смоленская область,2023,4,2380.0,676.0,793.0,180.0,9.17,6.25,284.4,302.7
Смоленская область,2023,5,2121.0,668.0,732.0,181.0,8.61,5.96,288.7,307.9
Смоленская область,2023,6,2324.0,706.0,857.0,188.0,8.79,6.01,283.6,306.4
Смоленская область,2023,7,2743.0,983.0,830.0,208.0,8.57,6.31,279.2,307.3
Смоленская область,2023,8,3450.0,1452.0,1071.0,362.0,8.52,6.25,290.9,294.1
Смоленская область,2023,9,3837.0,1649.0,1179.0,393.0,8.26,5.91,296.7,315.0
Смоленская область,2023,10,2843.0,1117.0,975.0,284.0,9.13,6.12,291.1,311.4
Смоленская область,2023,11,2811.0,1408.0,902.0,341.0,8.64,6.25,289.0,299.9
Смоленская область,2023,12,3257.0,1886.0,956.0,406.0,8.09,6.1,296.7,308.9
Смоленская область,2024,1,1099.0,534.0,390.0,138.0,8.74,6.32,283.9,302.8
Смоленская область,2024,2,1428.0,624.0,506.0,122.0,9.09,6.51,294.8,322.6
Смоленская область,2024,3,1566.0,741.0,573.0,171.0,8.88,6.15,295.9,317.1
Смоленская область,2024,4,1981.0,917.0,657.0,223.0,8.76,6.42,291.9,306.0
Смоленская область,2024,5,2408.0,1261.0,731.0,266.0,8.41,6.32,297.1,311.8
Смоленская область,2024,6,3211.0,1948.0,977.0,479.0,8.0,6.48,305.2,318.2
Смоленская область,2024,7,1384.0,427.0,542.0,90.0,10.63,6.51,292.5,333.7
Смоленская область,2024,8,1583.0,681.0,485.0,130.0,9.68,5.86,295.3,322.3
Смоленская область,2024,9,1473.0,710.0,458.0,142.0,9.93,6.63,299.7,328.2
Смоленская область,2024,10,1513.0,759.0,500.0,147.0,10.36,6.66,297.5,323.5
Смоленская область,2024,11,986.0,514.0,323.0,96.0,9.8,6.08,294.9,322.7
Смоленская область,2024,12,1097.0,662.0,341.0,135.0,8.2,5.73,304.4,335.7
Смоленская область,2025,1,553.0,358.0,176.0,79.0,8.6,6.05,309.6,325.8
Смоленская область,2025,2,1193.0,852.0,309.0,170.0,8.88,7.11,312.5,325.7
Смоленская область,2025,3,1185.0,779.0,292.0,142.0,8.45,6.73,310.5,330.2
Смоленская область,2025,4,940.0,556.0,272.0,112.0,8.35,6.44,307.9,325.0
Смоленская область,2025,5,1211.0,778.0,312.0,151.0,7.56,6.3,312.2,325.2
Смоленская область,2025,6,1068.0,482.0,284.0,92.0,9.59,6.27,307.9,332.4
Смоленская область,2025,7,1408.0,764.0,347.0,135.0,8.53,6.94,315.6,340.1
Смоленская область,2025,8,1566.0,965.0,383.0,154.0,8.39,6.36,304.1,324.2
Смоленская область,2025,9,1395.0,657.0,382.0,119.0,9.49,6.67,299.0,332.0
Смоленская область,2025,10,1818.0,956.0,477.0,180.0,8.92,6.33,301.3,327.4
Смоленская область,2025,11,1871.0,1005.0,505.0,185.0,9.14,6.64,300.9,326.7
Смоленская область,2025,12,2968.0,1649.0,728.0,295.0,8.25,6.37,312.1,332.7
Смоленская область,2026,1,1471.0,817.0,347.0,146.0,8.41,6.66,307.5,330.8
Смоленская область,2026,2,1093.0,352.0,324.0,68.0,11.67,7.76,276.7,322.9
Смоленская область,2026,3,1296.0,555.0,386.0,104.0,11.3,7.59,274.8,310.4
Смоленская область,2026,4,1386.0,483.0,413.0,95.0,11.41,8.0,278.5,314.0
Смоленская область,2026,5,1529.0,620.0,395.0,95.0,11.19,9.04,290.7,319.5
Смоленская область,2026,6,1843.0,778.0,474.0,134.0,9.62,6.85,291.1,320.1
Смоленская область,2026,7,1470.0,528.0,442.0,105.0,11.67,8.3,281.1,316.3
Ставропольский край,2019,1,1945.0,439.0,1119.0,235.0,9.89,9.68,212.3,210.9
Ставропольский край,2019,2,2749.0,661.0,1605.0,338.0,10.31,10.17,214.2,213.2
Ставропольский край,2019,3,2552.0,574.0,1487.0,301.0,10.51,10.32,213.8,215.7
Ставропольский край,2019,4,2734.0,575.0,1502.0,264.0,10.65,10.31,222.6,219.4
Ставропольский край,2019,5,2174.0,510.0,1225.0,242.0,10.71,10.23,216.6,219.8
Ставропольский край,2019,6,2431.0,577.0,1417.0,300.0,10.42,10.05,221.9,215.8
Ставропольский край,2019,7,2646.0,622.0,1486.0,261.0,10.3,9.74,215.1,200.4
Ставропольский край,2019,8,2890.0,656.0,1571.0,309.0,9.95,9.5,216.3,209.9
Ставропольский край,2019,9,2920.0,727.0,1627.0,322.0,9.77,9.31,222.3,223.9
Ставропольский край,2019,10,3054.0,782.0,1699.0,349.0,9.46,8.9,223.8,224.6
Ставропольский край,2019,11,2997.0,696.0,1679.0,325.0,9.34,8.71,223.0,213.6
Ставропольский край,2019,12,3822.0,782.0,1942.0,358.0,9.23,8.52,219.6,229.8
Ставропольский край,2020,1,2005.0,586.0,1052.0,250.0,9.05,8.35,223.6,245.8
Ставропольский край,2020,2,2759.0,684.0,1445.0,310.0,9.08,8.38,222.5,218.0
Ставропольский край,2020,3,2874.0,658.0,1482.0,299.0,8.99,8.33,225.3,231.2
Ставропольский край,2020,4,2171.0,444.0,1213.0,204.0,8.7,7.43,223.7,224.8
Ставропольский край,2020,5,2429.0,830.0,1325.0,402.0,7.84,6.19,217.9,212.0
Ставропольский край,2020,6,3401.0,1142.0,1855.0,565.0,7.75,6.11,214.5,209.5
Ставропольский край,2020,7,4271.0,1429.0,2210.0,620.0,7.52,6.08,217.5,210.9
Ставропольский край,2020,8,4556.0,1457.0,2272.0,619.0,7.44,5.8,223.6,219.5
Ставропольский край,2020,9,5485.0,1540.0,2737.0,663.0,7.48,6.19,224.8,217.2
Ставропольский край,2020,10,5723.0,1646.0,2755.0,704.0,7.47,6.1,226.0,219.7
Ставропольский край,2020,11,5302.0,1395.0,2498.0,552.0,7.46,6.13,227.0,221.4
Ставропольский край,2020,12,5556.0,1344.0,2719.0,602.0,7.51,6.12,226.1,212.2
Ставропольский край,2021,1,2815.0,698.0,1300.0,278.0,7.42,5.94,232.4,224.4
Ставропольский край,2021,2,4091.0,1205.0,1827.0,408.0,7.22,6.07,237.6,236.7
Ставропольский край,2021,3,4887.0,1242.0,2249.0,437.0,6.99,6.08,237.8,245.7
Ставропольский край,2021,4,5697.0,1570.0,2461.0,476.0,7.25,6.01,243.6,253.5
Ставропольский край,2021,5,4639.0,1476.0,1906.0,469.0,7.35,5.7,245.5,252.0
Ставропольский край,2021,6,6049.0,2091.0,2330.0,608.0,7.27,5.65,251.1,259.3
Ставропольский край,2021,7,5109.0,917.0,2205.0,326.0,7.63,6.29,248.3,253.8
Ставропольский край,2021,8,5604.0,1304.0,2323.0,448.0,7.73,6.41,247.4,241.9
Ставропольский край,2021,9,5832.0,1419.0,2357.0,430.0,7.85,6.36,249.2,247.8
Ставропольский край,2021,10,6184.0,1541.0,2410.0,470.0,8.01,6.39,255.2,258.7
Ставропольский край,2021,11,6269.0,1616.0,2354.0,470.0,7.96,6.1,259.0,259.6
Ставропольский край,2021,12,7506.0,2127.0,2791.0,613.0,8.07,5.81,263.1,268.8
Ставропольский край,2022,1,4045.0,1368.0,1382.0,387.0,8.42,6.24,263.6,261.7
Ставропольский край,2022,2,5662.0,1942.0,1990.0,598.0,8.52,6.05,267.9,268.9
Ставропольский край,2022,3,6431.0,2140.0,2329.0,692.0,8.82,5.73,274.2,275.5
Ставропольский край,2022,4,1730.0,823.0,673.0,234.0,8.37,5.64,261.3,274.2
Ставропольский край,2022,5,1547.0,964.0,441.0,186.0,6.13,3.21,282.1,300.4
Ставропольский край,2022,6,2557.0,1303.0,772.0,249.0,6.59,3.66,275.6,295.3
Ставропольский край,2022,7,3878.0,1617.0,1230.0,329.0,6.81,2.92,280.0,303.1
Ставропольский край,2022,8,5899.0,2148.0,1737.0,410.0,7.06,3.26,288.9,313.0
Ставропольский край,2022,9,6528.0,2194.0,1994.0,422.0,7.21,3.03,290.7,316.0
Ставропольский край,2022,10,6346.0,1750.0,1915.0,372.0,7.57,2.81,291.1,320.0
Ставропольский край,2022,11,6622.0,2167.0,1942.0,484.0,7.58,3.37,297.3,319.4
Ставропольский край,2022,12,9490.0,3824.0,2651.0,780.0,6.87,3.31,296.1,316.9
Ставропольский край,2023,1,4024.0,1239.0,1263.0,299.0,8.35,4.9,292.6,315.6
Ставропольский край,2023,2,5838.0,2001.0,1783.0,505.0,8.45,5.08,298.3,313.6
Ставропольский край,2023,3,7699.0,2760.0,2334.0,687.0,8.55,5.92,297.1,310.3
Ставропольский край,2023,4,7693.0,2521.0,2362.0,636.0,8.83,6.29,297.4,311.9
Ставропольский край,2023,5,8108.0,2891.0,2417.0,712.0,8.57,6.22,300.2,314.2
Ставропольский край,2023,6,9027.0,3077.0,2712.0,756.0,8.61,6.1,295.8,315.5
Ставропольский край,2023,7,8913.0,3436.0,2617.0,823.0,8.22,5.97,304.2,319.4
Ставропольский край,2023,8,11746.0,4722.0,3360.0,1131.0,8.24,5.77,301.5,311.8
Ставропольский край,2023,9,14421.0,6700.0,3970.0,1575.0,8.03,5.79,305.8,318.3
Ставропольский край,2023,10,11937.0,5408.0,3453.0,1293.0,8.44,6.14,303.8,319.2
Ставропольский край,2023,11,11304.0,5709.0,3288.0,1374.0,8.12,6.1,303.3,315.0
Ставропольский край,2023,12,12323.0,6782.0,3466.0,1584.0,7.96,6.19,307.7,318.2
Ставропольский край,2024,1,4390.0,2246.0,1357.0,540.0,8.61,6.34,301.1,319.7
Ставропольский край,2024,2,5191.0,2557.0,1730.0,622.0,8.92,6.25,301.9,322.7
Ставропольский край,2024,3,5810.0,2972.0,1733.0,696.0,8.38,6.44,307.9,322.3
Ставропольский край,2024,4,6437.0,3246.0,1991.0,816.0,8.34,6.42,308.9,318.4
Ставропольский край,2024,5,7962.0,4574.0,2365.0,1130.0,7.86,6.17,313.0,323.3
Ставропольский край,2024,6,12447.0,7824.0,3430.0,1884.0,7.45,6.33,316.4,322.5
Ставропольский край,2024,7,4827.0,1625.0,1534.0,360.0,9.9,6.1,303.0,331.7
Ставропольский край,2024,8,5458.0,2591.0,1593.0,535.0,8.96,6.24,315.2,340.4
Ставропольский край,2024,9,5322.0,2668.0,1451.0,574.0,8.18,5.72,312.8,331.1
Ставропольский край,2024,10,4805.0,2516.0,1362.0,522.0,10.17,6.39,312.1,336.0
Ставропольский край,2024,11,4080.0,2608.0,1116.0,571.0,8.36,5.93,323.4,336.7
Ставропольский край,2024,12,3603.0,2490.0,991.0,555.0,8.81,6.37,316.4,332.8
Ставропольский край,2025,1,1540.0,1058.0,468.0,234.0,8.76,6.17,313.9,331.0
Ставропольский край,2025,2,2949.0,2125.0,814.0,484.0,7.61,6.28,326.1,338.7
Ставропольский край,2025,3,3152.0,2118.0,780.0,454.0,7.35,6.07,329.0,338.7
Ставропольский край,2025,4,3772.0,2223.0,940.0,478.0,7.38,6.28,326.0,333.4
Ставропольский край,2025,5,3687.0,2331.0,882.0,473.0,7.49,6.18,323.2,332.0
Ставропольский край,2025,6,4159.0,2583.0,1005.0,523.0,7.22,6.2,326.2,335.4
Ставропольский край,2025,7,5027.0,2991.0,1179.0,609.0,7.22,6.02,325.8,337.5
Ставропольский край,2025,8,5260.0,3100.0,1256.0,644.0,7.11,5.79,327.3,339.1
Ставропольский край,2025,9,5519.0,3510.0,1324.0,729.0,7.48,6.18,319.7,334.5
Ставропольский край,2025,10,6968.0,4176.0,1629.0,863.0,7.46,6.04,322.2,335.4
Ставропольский край,2025,11,7148.0,4704.0,1634.0,972.0,7.24,6.09,325.6,336.0
Ставропольский край,2025,12,12525.0,7836.0,2859.0,1677.0,7.0,6.14,330.8,339.1
Ставропольский край,2026,1,5687.0,3669.0,1293.0,763.0,7.52,6.37,328.3,338.9
Ставропольский край,2026,2,3793.0,2104.0,988.0,430.0,9.37,6.48,310.4,332.4
Ставропольский край,2026,3,4494.0,1952.0,1147.0,422.0,9.6,6.87,307.1,329.9
Ставропольский край,2026,4,4321.0,1958.0,1085.0,409.0,9.82,6.96,308.7,331.4
Ставропольский край,2026,5,3817.0,1590.0,992.0,342.0,10.05,7.11,302.1,320.0
Ставропольский край,2026,6,5823.0,2717.0,1354.0,541.0,8.38,6.53,314.7,330.2
Ставропольский край,2026,7,4523.0,2152.0,1179.0,453.0,9.78,6.74,300.4,326.8
Тамбовская область,2019,1,1037.0,295.0,583.0,144.0,9.87,9.86,214.8,218.6
Тамбовская область,2019,2,1170.0,335.0,645.0,151.0,10.23,10.11,216.1,228.7
Тамбовская область,2019,3,1165.0,282.0,638.0,124.0,10.45,10.2,220.9,225.5
Тамбовская область,2019,4,1132.0,266.0,660.0,119.0,10.63,10.27,218.6,234.2
Тамбовская область,2019,5,981.0,254.0,514.0,109.0,10.57,10.07,234.2,243.8
Тамбовская область,2019,6,1026.0,310.0,577.0,134.0,10.28,9.88,219.0,221.3
Тамбовская область,2019,7,1100.0,287.0,579.0,122.0,10.28,10.01,221.2,235.0
Тамбовская область,2019,8,1245.0,326.0,688.0,157.0,9.93,9.55,219.5,220.2
Тамбовская область,2019,9,1196.0,379.0,630.0,167.0,9.48,8.65,221.5,220.0
Тамбовская область,2019,10,1302.0,350.0,685.0,146.0,9.41,8.97,221.7,223.7
Тамбовская область,2019,11,1386.0,366.0,727.0,156.0,9.21,8.64,222.6,232.1
Тамбовская область,2019,12,1605.0,406.0,814.0,161.0,8.98,8.32,228.7,247.1
Тамбовская область,2020,1,982.0,304.0,509.0,117.0,9.06,8.55,221.6,227.2
Тамбовская область,2020,2,1300.0,388.0,652.0,138.0,9.0,8.5,229.1,239.3
Тамбовская область,2020,3,1560.0,404.0,734.0,157.0,8.81,8.37,223.3,236.7
Тамбовская область,2020,4,950.0,182.0,535.0,86.0,8.39,7.22,217.5,219.1
Тамбовская область,2020,5,920.0,293.0,492.0,126.0,7.25,5.14,219.3,214.6
Тамбовская область,2020,6,1329.0,438.0,689.0,183.0,7.57,6.01,220.3,226.7
Тамбовская область,2020,7,1815.0,569.0,881.0,220.0,7.37,5.7,221.2,217.1
Тамбовская область,2020,8,1884.0,597.0,910.0,232.0,7.2,5.75,228.6,223.5
Тамбовская область,2020,9,2411.0,643.0,1178.0,262.0,7.45,5.86,228.4,226.9
Тамбовская область,2020,10,2440.0,704.0,1175.0,282.0,7.19,5.56,225.2,221.9
Тамбовская область,2020,11,2189.0,743.0,1057.0,298.0,7.16,5.75,225.5,223.8
Тамбовская область,2020,12,2261.0,612.0,1082.0,236.0,7.21,5.68,226.7,221.7
Тамбовская область,2021,1,1191.0,418.0,545.0,164.0,7.02,5.41,232.6,223.3
Тамбовская область,2021,2,1675.0,495.0,769.0,175.0,6.99,5.71,234.2,235.2
Тамбовская область,2021,3,2121.0,581.0,945.0,192.0,7.03,5.57,240.7,246.9
Тамбовская область,2021,4,2298.0,571.0,1004.0,196.0,7.38,5.75,242.7,248.9
Тамбовская область,2021,5,1794.0,477.0,764.0,152.0,7.37,5.59,243.1,250.1
Тамбовская область,2021,6,2179.0,654.0,909.0,196.0,7.18,5.15,242.6,250.7
Тамбовская область,2021,7,1738.0,332.0,766.0,99.0,7.52,5.67,249.3,262.7
Тамбовская область,2021,8,1831.0,335.0,765.0,104.0,7.82,6.28,250.0,254.2
Тамбовская область,2021,9,1968.0,492.0,807.0,149.0,7.82,6.02,247.0,247.2
Тамбовская область,2021,10,2119.0,552.0,844.0,162.0,7.78,5.88,258.2,262.6
Тамбовская область,2021,11,2089.0,549.0,814.0,152.0,7.72,5.9,262.9,271.2
Тамбовская область,2021,12,2697.0,810.0,952.0,213.0,7.69,5.22,268.2,273.6
Тамбовская область,2022,1,1178.0,404.0,443.0,123.0,8.35,6.39,268.1,285.6
Тамбовская область,2022,2,1779.0,512.0,624.0,132.0,8.62,6.19,271.9,275.4
Тамбовская область,2022,3,1878.0,515.0,706.0,158.0,8.95,6.0,270.0,274.3
Тамбовская область,2022,4,456.0,221.0,179.0,54.0,7.22,5.31,257.8,286.1
Тамбовская область,2022,5,550.0,372.0,152.0,64.0,4.93,2.99,275.3,291.6
Тамбовская область,2022,6,984.0,500.0,325.0,90.0,6.24,3.52,273.7,294.9
Тамбовская область,2022,7,1349.0,523.0,448.0,99.0,7.21,3.29,268.1,288.7
Тамбовская область,2022,8,1942.0,755.0,611.0,126.0,6.78,3.3,278.1,304.8
Тамбовская область,2022,9,2061.0,832.0,674.0,146.0,6.91,3.47,284.1,302.0
Тамбовская область,2022,10,1825.0,532.0,612.0,94.0,7.26,2.84,285.6,321.5
Тамбовская область,2022,11,2092.0,757.0,665.0,136.0,7.09,3.04,287.3,316.8
Тамбовская область,2022,12,2703.0,1156.0,785.0,214.0,6.82,3.34,291.3,312.7
Тамбовская область,2023,1,1138.0,375.0,362.0,66.0,7.82,4.13,290.4,317.1
Тамбовская область,2023,2,1584.0,572.0,542.0,127.0,8.65,5.71,288.5,315.2
Тамбовская область,2023,3,2135.0,669.0,721.0,168.0,8.69,5.55,295.8,318.3
Тамбовская область,2023,4,2267.0,741.0,750.0,171.0,8.7,6.14,293.2,304.1
Тамбовская область,2023,5,2142.0,673.0,709.0,155.0,9.13,6.56,287.7,316.1
Тамбовская область,2023,6,2425.0,821.0,823.0,176.0,9.0,6.52,287.1,314.9
Тамбовская область,2023,7,2544.0,724.0,802.0,158.0,8.96,6.1,287.2,310.2
Тамбовская область,2023,8,3082.0,1048.0,991.0,250.0,8.77,6.0,292.7,314.2
Тамбовская область,2023,9,3395.0,1512.0,1015.0,325.0,8.21,5.75,298.0,316.6
Тамбовская область,2023,10,2876.0,1122.0,901.0,277.0,9.29,6.46,289.7,306.3
Тамбовская область,2023,11,2705.0,1333.0,853.0,307.0,8.77,6.16,299.7,311.6
Тамбовская область,2023,12,2708.0,1393.0,814.0,311.0,8.69,6.28,295.8,308.7
Тамбовская область,2024,1,1064.0,391.0,336.0,77.0,9.77,6.07,282.3,308.8
Тамбовская область,2024,2,1256.0,433.0,455.0,103.0,9.86,6.24,288.1,302.5
Тамбовская область,2024,3,1540.0,684.0,523.0,165.0,8.99,6.35,289.0,307.2
Тамбовская область,2024,4,2077.0,982.0,662.0,233.0,8.9,6.19,288.4,305.7
Тамбовская область,2024,5,2013.0,1077.0,628.0,246.0,8.78,6.23,291.9,306.2
Тамбовская область,2024,6,2708.0,1658.0,821.0,380.0,7.8,6.11,300.7,311.0
Тамбовская область,2024,7,1368.0,438.0,492.0,86.0,11.55,6.83,286.8,322.8
Тамбовская область,2024,8,1472.0,706.0,466.0,148.0,10.04,6.36,301.9,325.2
Тамбовская область,2024,9,1308.0,585.0,391.0,127.0,10.63,5.59,299.8,318.7
Тамбовская область,2024,10,1405.0,621.0,431.0,120.0,11.19,6.23,299.4,329.9
Тамбовская область,2024,11,885.0,529.0,274.0,115.0,10.49,6.43,305.1,330.8
Тамбовская область,2024,12,1085.0,718.0,318.0,148.0,8.31,6.03,301.6,322.1
Тамбовская область,2025,1,450.0,299.0,142.0,65.0,8.63,6.0,300.1,328.2
Тамбовская область,2025,2,859.0,549.0,243.0,110.0,7.59,6.23,316.5,329.3
Тамбовская область,2025,3,1159.0,753.0,302.0,148.0,7.34,6.21,321.1,335.8
Тамбовская область,2025,4,1038.0,566.0,283.0,109.0,8.13,5.98,311.8,331.2
Тамбовская область,2025,5,1118.0,666.0,302.0,136.0,7.65,5.91,322.6,330.7
Тамбовская область,2025,6,1196.0,696.0,301.0,134.0,7.83,6.49,308.0,324.6
Тамбовская область,2025,7,1597.0,871.0,418.0,169.0,8.1,6.29,304.5,323.6
Тамбовская область,2025,8,1657.0,962.0,442.0,193.0,8.38,6.4,303.0,328.5
Тамбовская область,2025,9,1625.0,880.0,437.0,177.0,8.88,6.64,296.2,315.5
Тамбовская область,2025,10,1910.0,1014.0,521.0,224.0,8.75,6.42,291.9,321.5
Тамбовская область,2025,11,2023.0,1079.0,534.0,226.0,8.25,6.08,308.5,327.9
Тамбовская область,2025,12,3449.0,1816.0,877.0,371.0,8.24,6.48,306.6,325.1
Тамбовская область,2026,1,1623.0,966.0,408.0,209.0,8.23,6.5,312.6,329.7
Тамбовская область,2026,2,1087.0,464.0,336.0,92.0,10.75,7.15,278.5,318.9
Тамбовская область,2026,3,1402.0,564.0,394.0,103.0,10.75,7.25,281.7,315.1
Тамбовская область,2026,4,1546.0,646.0,438.0,120.0,10.43,7.24,283.7,326.4
Тамбовская область,2026,5,1361.0,462.0,426.0,101.0,11.21,7.16,277.9,310.0
Тамбовская область,2026,6,2009.0,888.0,523.0,168.0,9.34,6.52,302.2,326.5
Тамбовская область,2026,7,1569.0,519.0,471.0,122.0,12.09,7.91,260.5,291.8
Тверская область,2019,1,1514.0,406.0,775.0,172.0,9.88,9.81,215.8,219.3
Тверская область,2019,2,1841.0,501.0,946.0,203.0,10.23,10.03,214.8,228.6
Тверская область,2019,3,1924.0,476.0,1009.0,211.0,10.51,10.13,217.2,215.5
Тверская область,2019,4,2102.0,517.0,1043.0,211.0,10.74,10.31,223.2,231.7
Тверская область,2019,5,1669.0,409.0,859.0,167.0,10.63,10.19,227.3,228.1
Тверская область,2019,6,1687.0,442.0,890.0,187.0,10.45,10.34,223.1,233.1
Тверская область,2019,7,1788.0,414.0,945.0,165.0,10.28,9.82,225.5,231.6
Тверская область,2019,8,1998.0,612.0,975.0,243.0,9.95,9.57,225.7,224.1
Тверская область,2019,9,2143.0,635.0,1030.0,250.0,9.73,9.31,220.7,222.4
Тверская область,2019,10,2357.0,690.0,1159.0,275.0,9.39,8.78,223.7,229.9
Тверская область,2019,11,2398.0,611.0,1131.0,238.0,9.2,8.54,224.9,236.4
Тверская область,2019,12,2848.0,603.0,1309.0,232.0,9.11,8.47,224.5,214.6
Тверская область,2020,1,1358.0,337.0,635.0,127.0,9.14,8.52,218.7,222.7
Тверская область,2020,2,2175.0,578.0,1014.0,211.0,9.08,8.55,218.6,223.8
Тверская область,2020,3,2236.0,549.0,1079.0,232.0,8.87,7.93,221.5,233.9
Тверская область,2020,4,1656.0,295.0,833.0,121.0,8.95,7.87,222.8,239.1
Тверская область,2020,5,1692.0,610.0,799.0,232.0,7.58,5.54,216.3,207.0
Тверская область,2020,6,2274.0,819.0,1085.0,325.0,7.64,6.09,218.0,216.9
Тверская область,2020,7,3060.0,986.0,1430.0,367.0,7.47,5.96,226.3,232.9
Тверская область,2020,8,3367.0,1151.0,1523.0,406.0,7.25,5.93,217.8,216.7
Тверская область,2020,9,3994.0,1085.0,1808.0,388.0,7.39,6.03,222.5,226.3
Тверская область,2020,10,4390.0,1239.0,1960.0,455.0,7.35,6.05,222.6,223.6
Тверская область,2020,11,3557.0,947.0,1638.0,333.0,7.43,5.84,225.5,228.5
Тверская область,2020,12,3785.0,903.0,1757.0,314.0,7.35,5.86,228.2,231.3
Тверская область,2021,1,1826.0,541.0,795.0,188.0,7.37,6.06,232.4,236.0
Тверская область,2021,2,3039.0,783.0,1240.0,245.0,7.54,6.28,238.2,236.8
Тверская область,2021,3,3590.0,924.0,1549.0,314.0,7.3,5.92,240.0,252.2
Тверская область,2021,4,3994.0,1001.0,1613.0,286.0,7.46,5.81,243.5,251.8
Тверская область,2021,5,2903.0,775.0,1193.0,231.0,7.51,5.47,239.7,249.7
Тверская область,2021,6,4032.0,1398.0,1517.0,380.0,7.14,5.29,244.6,240.2
Тверская область,2021,7,3014.0,629.0,1223.0,184.0,7.71,6.25,244.4,255.2
Тверская область,2021,8,2953.0,685.0,1223.0,221.0,7.82,6.18,248.5,244.6
Тверская область,2021,9,3724.0,919.0,1357.0,274.0,7.8,5.81,250.8,256.3
Тверская область,2021,10,3607.0,931.0,1368.0,276.0,7.86,5.94,256.8,252.3
Тверская область,2021,11,3691.0,1030.0,1310.0,283.0,7.88,5.67,258.8,261.7
Тверская область,2021,12,4433.0,1344.0,1579.0,385.0,8.1,5.94,263.0,265.9
Тверская область,2022,1,2083.0,706.0,733.0,194.0,8.34,5.96,273.1,280.4
Тверская область,2022,2,3357.0,1096.0,1064.0,299.0,8.54,6.18,272.6,279.1
Тверская область,2022,3,3497.0,1126.0,1210.0,331.0,8.91,5.94,272.7,283.4
Тверская область,2022,4,911.0,482.0,291.0,103.0,7.98,6.04,271.3,282.5
Тверская область,2022,5,807.0,474.0,224.0,81.0,6.39,4.35,281.4,301.8
Тверская область,2022,6,1518.0,733.0,472.0,125.0,6.51,3.52,270.7,294.6
Тверская область,2022,7,2306.0,1082.0,698.0,183.0,6.83,3.58,284.3,300.0
Тверская область,2022,8,3439.0,1316.0,1033.0,218.0,6.67,2.86,278.5,312.0
Тверская область,2022,9,3872.0,1426.0,1122.0,236.0,7.05,3.37,282.5,308.9
Тверская область,2022,10,3279.0,956.0,1004.0,172.0,7.58,3.52,288.2,318.0
Тверская область,2022,11,3029.0,942.0,978.0,189.0,7.73,3.7,286.3,312.4
Тверская область,2022,12,4960.0,1820.0,1375.0,344.0,7.04,3.49,301.3,325.9
Тверская область,2023,1,2009.0,596.0,601.0,120.0,7.99,4.17,293.0,327.5
Тверская область,2023,2,2868.0,905.0,902.0,194.0,8.4,5.17,286.8,316.5
Тверская область,2023,3,3852.0,1192.0,1184.0,266.0,8.44,5.64,288.7,310.2
Тверская область,2023,4,4154.0,1266.0,1278.0,289.0,8.71,6.14,292.1,314.5
Тверская область,2023,5,3987.0,1199.0,1189.0,269.0,8.48,6.19,298.2,325.3
Тверская область,2023,6,4152.0,1261.0,1299.0,275.0,8.64,6.27,295.3,315.3
Тверская область,2023,7,4384.0,1291.0,1339.0,291.0,8.47,5.94,291.2,316.0
Тверская область,2023,8,5583.0,1938.0,1667.0,420.0,8.28,5.96,296.6,320.0
Тверская область,2023,9,6125.0,2531.0,1738.0,519.0,8.01,5.78,299.3,318.5
Тверская область,2023,10,5336.0,2251.0,1540.0,446.0,8.32,6.11,301.0,323.8
Тверская область,2023,11,4688.0,2051.0,1352.0,428.0,8.48,6.52,297.6,318.6
Тверская область,2023,12,5783.0,2814.0,1576.0,563.0,8.37,6.4,307.9,322.6
Тверская область,2024,1,1626.0,617.0,552.0,125.0,8.82,6.02,298.9,316.5
Тверская область,2024,2,2239.0,750.0,772.0,149.0,9.19,6.09,294.2,313.4
Тверская область,2024,3,2852.0,1188.0,887.0,231.0,8.49,6.16,299.3,317.6
Тверская область,2024,4,3211.0,1328.0,972.0,271.0,8.8,6.85,299.3,313.8
Тверская область,2024,5,3639.0,1854.0,1158.0,364.0,7.92,6.1,310.8,328.9
Тверская область,2024,6,5206.0,2862.0,1535.0,597.0,7.63,6.32,315.7,325.7
Тверская область,2024,7,2233.0,579.0,845.0,94.0,10.59,6.31,297.5,340.2
Тверская область,2024,8,2545.0,840.0,787.0,136.0,9.95,7.29,302.2,331.8
Тверская область,2024,9,2401.0,787.0,714.0,147.0,9.41,6.19,296.4,325.3
Тверская область,2024,10,2345.0,999.0,733.0,184.0,10.0,6.12,300.4,325.6
Тверская область,2024,11,1507.0,753.0,470.0,128.0,9.77,5.93,302.2,334.7
Тверская область,2024,12,1435.0,680.0,427.0,130.0,9.74,6.06,294.6,331.9
Тверская область,2025,1,682.0,430.0,208.0,76.0,10.0,6.77,306.8,330.6
Тверская область,2025,2,1200.0,603.0,323.0,112.0,8.05,6.04,317.5,326.6
Тверская область,2025,3,1578.0,846.0,386.0,151.0,7.63,5.99,312.0,318.1
Тверская область,2025,4,2000.0,973.0,471.0,174.0,7.71,6.12,318.5,335.7
Тверская область,2025,5,2002.0,1040.0,455.0,163.0,7.64,6.1,312.6,332.2
Тверская область,2025,6,1953.0,1013.0,484.0,183.0,7.53,5.88,312.5,322.5
Тверская область,2025,7,2267.0,1086.0,540.0,189.0,8.16,6.01,312.9,332.0
Тверская область,2025,8,2451.0,1240.0,566.0,211.0,7.74,6.16,306.1,325.0
Тверская область,2025,9,2465.0,1170.0,618.0,207.0,8.26,6.04,308.6,328.3
Тверская область,2025,10,2722.0,1317.0,696.0,225.0,8.88,6.65,301.0,328.4
Тверская область,2025,11,2806.0,1390.0,707.0,249.0,8.8,6.57,301.9,332.4
Тверская область,2025,12,4585.0,2171.0,1085.0,377.0,8.06,6.38,311.0,331.5
Тверская область,2026,1,2582.0,1189.0,584.0,206.0,8.11,6.58,307.6,324.0
Тверская область,2026,2,1814.0,671.0,491.0,114.0,10.51,6.94,278.2,326.4
Тверская область,2026,3,2129.0,803.0,565.0,134.0,11.56,8.51,283.0,328.7
Тверская область,2026,4,2111.0,651.0,582.0,125.0,11.12,7.49,285.2,324.0
Тверская область,2026,5,2122.0,859.0,557.0,148.0,10.48,7.75,291.2,329.3
Тверская область,2026,6,2624.0,1051.0,648.0,175.0,9.59,6.96,291.8,324.0
Тверская область,2026,7,2163.0,663.0,635.0,128.0,11.38,6.9,278.9,311.2
Томская область,2019,1,1028.0,105.0,591.0,38.0,9.78,9.68,195.5,209.4
Томская область,2019,2,1436.0,157.0,784.0,60.0,10.12,9.99,209.6,221.5
Томская область,2019,3,1571.0,140.0,865.0,49.0,10.39,10.3,203.8,235.7
Томская область,2019,4,1424.0,175.0,744.0,55.0,10.5,10.27,211.1,217.8
Томская область,2019,5,1267.0,199.0,645.0,65.0,10.47,10.19,205.6,210.4
Томская область,2019,6,1313.0,183.0,685.0,58.0,10.31,9.88,214.6,227.1
Томская область,2019,7,1604.0,112.0,862.0,44.0,10.16,9.92,214.9,214.1
Томская область,2019,8,1545.0,160.0,794.0,55.0,9.9,9.87,209.1,193.5
Томская область,2019,9,1619.0,192.0,814.0,58.0,9.59,9.62,206.1,210.3
Томская область,2019,10,1839.0,252.0,945.0,74.0,9.42,8.95,207.9,222.3
Томская область,2019,11,1708.0,171.0,911.0,64.0,9.25,8.7,206.5,189.4
Томская область,2019,12,2371.0,266.0,1210.0,82.0,9.04,8.06,209.9,234.0
Томская область,2020,1,1302.0,166.0,620.0,46.0,9.0,8.53,208.9,222.7
Томская область,2020,2,1579.0,129.0,784.0,35.0,8.87,8.83,213.6,229.4
Томская область,2020,3,1996.0,288.0,939.0,66.0,8.65,7.89,212.2,222.9
Томская область,2020,4,1688.0,160.0,885.0,52.0,8.47,6.73,210.8,211.2
Томская область,2020,5,1578.0,201.0,796.0,70.0,7.76,5.59,209.2,198.9
Томская область,2020,6,1961.0,297.0,931.0,100.0,7.78,6.22,217.5,223.7
Томская область,2020,7,2804.0,409.0,1308.0,117.0,6.94,5.74,215.7,231.1
Томская область,2020,8,2842.0,511.0,1286.0,137.0,7.19,5.71,217.8,232.2
Томская область,2020,9,3252.0,603.0,1515.0,172.0,7.22,5.77,215.1,229.0
Томская область,2020,10,3686.0,553.0,1664.0,143.0,7.18,6.22,219.6,223.6
Томская область,2020,11,3336.0,400.0,1441.0,114.0,7.34,6.03,220.8,235.2
Томская область,2020,12,3741.0,424.0,1640.0,112.0,7.09,5.46,216.9,231.5
Томская область,2021,1,1358.0,206.0,601.0,48.0,7.25,5.6,220.3,238.5
Томская область,2021,2,2431.0,297.0,972.0,75.0,7.49,5.88,226.7,232.4
Томская область,2021,3,2834.0,301.0,1216.0,80.0,7.42,5.93,227.4,249.2
Томская область,2021,4,3238.0,430.0,1351.0,104.0,7.47,5.65,234.7,251.8
Томская область,2021,5,2834.0,503.0,1119.0,126.0,7.55,5.69,234.3,242.5
Томская область,2021,6,3732.0,997.0,1388.0,268.0,7.05,5.48,244.8,257.9
Томская область,2021,7,3132.0,658.0,1195.0,173.0,7.62,6.1,242.3,248.8
Томская область,2021,8,2736.0,603.0,1085.0,158.0,7.83,6.78,244.4,246.5
Томская область,2021,9,2899.0,696.0,1104.0,167.0,7.76,6.6,249.9,256.6
Томская область,2021,10,2956.0,668.0,1069.0,152.0,7.86,6.39,248.6,265.9
Томская область,2021,11,3176.0,611.0,1136.0,143.0,7.95,6.41,252.8,276.7
Томская область,2021,12,4044.0,840.0,1367.0,169.0,8.12,6.36,253.1,250.1
Томская область,2022,1,2000.0,514.0,665.0,127.0,8.07,6.14,263.2,261.8
Томская область,2022,2,2764.0,748.0,926.0,199.0,8.48,6.46,265.9,264.8
Томская область,2022,3,3463.0,1167.0,1229.0,347.0,8.02,5.83,260.6,268.8
Томская область,2022,4,1021.0,445.0,354.0,113.0,7.43,5.89,262.7,284.5
Томская область,2022,5,816.0,342.0,276.0,69.0,7.41,5.75,262.0,280.0
Томская область,2022,6,1670.0,620.0,526.0,109.0,6.53,4.08,269.9,303.4
Томская область,2022,7,1939.0,534.0,633.0,106.0,7.39,4.36,263.4,287.0
Томская область,2022,8,3019.0,858.0,931.0,161.0,7.4,4.29,271.7,285.5
Томская область,2022,9,3499.0,1083.0,1036.0,199.0,7.11,3.71,276.5,310.5
Томская область,2022,10,2952.0,886.0,923.0,192.0,7.43,4.16,276.4,301.9
Томская область,2022,11,2828.0,833.0,907.0,184.0,8.1,4.4,279.4,303.4
Томская область,2022,12,4343.0,1358.0,1256.0,246.0,7.51,4.09,283.4,303.5
Томская область,2023,1,1695.0,536.0,528.0,104.0,8.17,5.33,285.0,303.8
Томская область,2023,2,2674.0,671.0,795.0,123.0,8.32,5.56,281.8,305.7
Томская область,2023,3,3611.0,966.0,1070.0,205.0,8.43,5.95,284.8,301.1
Томская область,2023,4,3573.0,874.0,1066.0,171.0,8.69,6.09,283.0,301.9
Томская область,2023,5,3702.0,994.0,1105.0,184.0,8.38,6.29,288.3,310.4
Томская область,2023,6,4010.0,1011.0,1171.0,214.0,8.72,6.25,290.9,311.5
Томская область,2023,7,4081.0,1312.0,1135.0,253.0,8.28,6.04,291.6,310.1
Томская область,2023,8,5642.0,1955.0,1556.0,394.0,8.35,5.85,293.6,316.7
Томская область,2023,9,6122.0,2681.0,1555.0,500.0,7.87,5.65,302.8,320.1
Томская область,2023,10,5085.0,2151.0,1350.0,430.0,8.34,6.04,296.8,318.7
Томская область,2023,11,4369.0,2011.0,1130.0,402.0,8.38,6.08,307.3,326.8
Томская область,2023,12,4680.0,2197.0,1199.0,419.0,7.85,6.06,303.2,325.3
Томская область,2024,1,1662.0,636.0,484.0,138.0,8.6,6.26,294.4,311.6
Томская область,2024,2,2225.0,877.0,668.0,184.0,8.85,6.16,289.5,311.7
Томская область,2024,3,2877.0,1224.0,768.0,227.0,8.37,6.54,301.5,322.2
Томская область,2024,4,3033.0,1040.0,819.0,205.0,8.83,6.28,291.3,315.6
Томская область,2024,5,3601.0,1575.0,937.0,308.0,8.2,6.09,298.8,319.4
Томская область,2024,6,5310.0,2621.0,1359.0,517.0,7.58,6.41,312.4,324.0
Томская область,2024,7,2138.0,562.0,669.0,99.0,11.07,5.91,286.3,323.7
Томская область,2024,8,2254.0,715.0,627.0,131.0,9.47,6.72,295.7,324.9
Томская область,2024,9,2598.0,859.0,673.0,156.0,8.86,6.34,302.7,326.7
Томская область,2024,10,2285.0,792.0,617.0,138.0,10.46,7.07,295.0,312.3
Томская область,2024,11,1926.0,652.0,501.0,128.0,9.13,6.41,305.5,325.3
Томская область,2024,12,1618.0,612.0,434.0,125.0,8.13,6.15,310.0,327.3
Томская область,2025,1,742.0,332.0,191.0,55.0,8.29,5.75,303.0,321.6
Томская область,2025,2,1382.0,571.0,336.0,93.0,7.82,6.32,303.3,313.8
Томская область,2025,3,1444.0,509.0,351.0,107.0,7.55,6.24,310.6,317.9
Томская область,2025,4,1601.0,641.0,382.0,115.0,7.69,5.76,310.6,329.6
Томская область,2025,5,1862.0,762.0,431.0,131.0,7.6,6.25,310.7,320.3
Томская область,2025,6,1842.0,717.0,453.0,138.0,7.34,5.96,314.6,326.0
Томская область,2025,7,2343.0,979.0,568.0,186.0,7.46,6.0,310.0,321.0
Томская область,2025,8,2517.0,1200.0,566.0,205.0,7.18,5.96,317.5,335.1
Томская область,2025,9,2498.0,1201.0,573.0,213.0,8.0,6.58,310.2,327.7
Томская область,2025,10,2806.0,1373.0,666.0,242.0,7.9,6.23,311.2,330.3
Томская область,2025,11,2865.0,1560.0,642.0,271.0,7.76,6.03,306.5,331.0
Томская область,2025,12,4992.0,2407.0,1111.0,443.0,7.72,6.37,317.4,332.6
Томская область,2026,1,2498.0,1226.0,548.0,232.0,7.14,5.87,311.7,331.1
Томская область,2026,2,1693.0,578.0,433.0,97.0,10.21,7.71,285.3,320.8
Томская область,2026,3,1894.0,526.0,498.0,102.0,10.0,6.42,288.1,320.5
Томская область,2026,4,2120.0,575.0,570.0,107.0,9.97,6.85,287.3,322.5
Томская область,2026,5,2280.0,754.0,577.0,140.0,9.73,6.63,292.8,322.3
Томская область,2026,6,3428.0,1277.0,797.0,243.0,8.37,6.47,301.1,324.1
Томская область,2026,7,2279.0,725.0,616.0,130.0,10.78,6.81,279.0,323.1
Тульская область,2019,1,1605.0,477.0,782.0,206.0,9.83,9.49,214.8,222.6
Тульская область,2019,2,2138.0,554.0,1057.0,246.0,10.21,10.21,211.2,205.8
Тульская область,2019,3,1844.0,522.0,894.0,205.0,10.55,10.26,218.6,221.8
Тульская область,2019,4,2119.0,606.0,1059.0,246.0,10.62,10.21,215.8,210.6
Тульская область,2019,5,1727.0,541.0,852.0,206.0,10.63,10.1,221.5,225.3
Тульская область,2019,6,2011.0,595.0,1008.0,256.0,10.23,9.8,221.2,220.2
Тульская область,2019,7,2016.0,560.0,991.0,231.0,10.35,9.81,218.9,221.1
Тульская область,2019,8,2264.0,648.0,1109.0,262.0,9.85,9.18,221.1,215.9
Тульская область,2019,9,2269.0,712.0,1083.0,275.0,9.67,9.16,221.6,226.7
Тульская область,2019,10,2472.0,657.0,1176.0,266.0,9.45,8.92,220.3,219.5
Тульская область,2019,11,2694.0,804.0,1242.0,315.0,9.33,8.75,222.1,230.8
Тульская область,2019,12,3161.0,809.0,1464.0,301.0,9.11,8.28,215.1,221.0
Тульская область,2020,1,1882.0,578.0,871.0,206.0,8.97,8.29,222.8,235.9
Тульская область,2020,2,2632.0,660.0,1127.0,229.0,9.01,8.3,220.6,223.6
Тульская область,2020,3,2650.0,730.0,1199.0,261.0,8.8,8.15,224.2,231.6
Тульская область,2020,4,1744.0,390.0,843.0,162.0,8.75,7.43,228.2,226.6
Тульская область,2020,5,1830.0,747.0,861.0,292.0,7.69,6.09,211.9,211.1
Тульская область,2020,6,2498.0,788.0,1162.0,314.0,7.89,6.41,211.7,214.9
Тульская область,2020,7,3331.0,1166.0,1454.0,407.0,7.52,5.85,220.8,226.4
Тульская область,2020,8,3583.0,1298.0,1505.0,456.0,7.38,5.78,223.6,225.7
Тульская область,2020,9,4117.0,1362.0,1726.0,421.0,7.3,5.79,222.5,227.0
Тульская область,2020,10,4782.0,1687.0,1958.0,556.0,7.36,6.06,224.8,224.3
Тульская область,2020,11,4201.0,1242.0,1747.0,406.0,7.39,5.91,227.3,229.0
Тульская область,2020,12,4305.0,1154.0,1838.0,413.0,7.52,6.1,228.2,220.8
Тульская область,2021,1,2137.0,792.0,830.0,216.0,7.25,6.21,236.5,250.7
Тульская область,2021,2,3214.0,928.0,1295.0,278.0,7.41,6.11,232.6,235.5
Тульская область,2021,3,4261.0,1415.0,1583.0,385.0,7.27,6.14,241.5,248.1
Тульская область,2021,4,4847.0,1419.0,1742.0,407.0,7.45,5.93,246.5,256.4
Тульская область,2021,5,3491.0,1132.0,1287.0,304.0,7.3,5.68,246.6,256.4
Тульская область,2021,6,4551.0,1826.0,1641.0,483.0,7.07,5.62,250.3,259.1
Тульская область,2021,7,3710.0,807.0,1400.0,232.0,7.75,6.09,250.1,261.9
Тульская область,2021,8,3793.0,927.0,1411.0,268.0,7.76,6.32,248.2,258.9
Тульская область,2021,9,4073.0,1171.0,1455.0,325.0,7.76,6.17,252.5,258.0
Тульская область,2021,10,4233.0,1225.0,1489.0,340.0,7.91,6.51,257.3,261.1
Тульская область,2021,11,4453.0,1389.0,1397.0,361.0,7.77,5.84,255.6,259.1
Тульская область,2021,12,5374.0,1469.0,1754.0,391.0,8.15,5.95,261.5,268.4
Тульская область,2022,1,2813.0,1080.0,867.0,256.0,8.21,6.14,268.2,267.2
Тульская область,2022,2,4007.0,1440.0,1246.0,373.0,8.31,5.97,269.2,271.1
Тульская область,2022,3,4870.0,2281.0,1694.0,710.0,8.12,5.77,270.0,272.9
Тульская область,2022,4,1205.0,731.0,418.0,182.0,8.29,5.95,268.5,283.6
Тульская область,2022,5,1135.0,682.0,334.0,134.0,6.15,3.61,282.4,295.6
Тульская область,2022,6,1978.0,946.0,592.0,182.0,6.85,3.94,270.7,287.0
Тульская область,2022,7,2808.0,1119.0,831.0,217.0,7.43,4.05,274.8,292.4
Тульская область,2022,8,3657.0,1579.0,1072.0,291.0,6.65,3.3,282.8,311.3
Тульская область,2022,9,4340.0,1850.0,1222.0,323.0,6.49,2.78,291.2,312.1
Тульская область,2022,10,3776.0,1204.0,1116.0,240.0,7.39,3.54,288.0,312.6
Тульская область,2022,11,4292.0,1752.0,1264.0,357.0,6.88,2.91,292.4,320.0
Тульская область,2022,12,5801.0,2609.0,1553.0,526.0,6.85,3.5,294.1,316.3
Тульская область,2023,1,2349.0,866.0,728.0,193.0,8.41,5.36,288.6,312.7
Тульская область,2023,2,3791.0,1298.0,1111.0,268.0,8.67,5.47,294.1,315.4
Тульская область,2023,3,4906.0,1883.0,1457.0,426.0,8.67,6.1,293.4,311.4
Тульская область,2023,4,5198.0,2042.0,1566.0,506.0,8.68,6.25,297.6,316.6
Тульская область,2023,5,5138.0,1994.0,1505.0,468.0,8.56,6.23,297.5,320.5
Тульская область,2023,6,5404.0,2131.0,1570.0,455.0,8.62,6.3,297.7,316.4
Тульская область,2023,7,5359.0,2144.0,1563.0,498.0,8.39,6.26,299.8,321.9
Тульская область,2023,8,7447.0,3519.0,2048.0,787.0,8.2,6.23,300.4,320.0
Тульская область,2023,9,8054.0,4224.0,2222.0,946.0,7.98,6.13,306.3,324.9
Тульская область,2023,10,7523.0,4011.0,2118.0,933.0,8.4,6.41,302.3,322.3
Тульская область,2023,11,7876.0,4908.0,2207.0,1146.0,8.08,6.4,306.5,321.9
Тульская область,2023,12,7586.0,4659.0,2073.0,1085.0,8.04,6.38,310.6,326.3
Тульская область,2024,1,2697.0,1482.0,812.0,354.0,8.64,6.59,301.9,318.5
Тульская область,2024,2,3161.0,1587.0,1023.0,335.0,8.91,6.61,306.0,327.4
Тульская область,2024,3,4418.0,2393.0,1277.0,527.0,8.46,6.47,308.8,323.3
Тульская область,2024,4,4931.0,2678.0,1466.0,592.0,7.76,5.82,310.8,329.1
Тульская область,2024,5,5618.0,3467.0,1620.0,746.0,7.67,6.07,316.7,331.0
Тульская область,2024,6,8505.0,5470.0,2352.0,1166.0,7.31,5.97,322.7,332.8
Тульская область,2024,7,4403.0,2008.0,1395.0,401.0,9.13,6.04,313.0,341.3
Тульская область,2024,8,3778.0,1868.0,1074.0,353.0,9.25,6.62,312.8,337.1
Тульская область,2024,9,3645.0,1828.0,1038.0,373.0,8.7,6.04,313.9,333.1
Тульская область,2024,10,4120.0,2204.0,1149.0,468.0,9.73,6.41,309.4,334.8
Тульская область,2024,11,2896.0,1737.0,902.0,412.0,9.18,6.56,310.1,329.6
Тульская область,2024,12,2437.0,1505.0,722.0,323.0,8.69,6.02,313.1,333.9
Тульская область,2025,1,1086.0,738.0,328.0,160.0,8.73,6.25,313.3,329.9
Тульская область,2025,2,1911.0,1355.0,506.0,266.0,7.69,6.11,323.8,339.0
Тульская область,2025,3,2497.0,1678.0,581.0,308.0,7.5,6.05,325.1,333.8
Тульская область,2025,4,2764.0,1646.0,664.0,322.0,7.65,6.11,320.7,333.5
Тульская область,2025,5,2559.0,1522.0,656.0,300.0,7.78,5.99,315.0,338.4
Тульская область,2025,6,2474.0,1435.0,599.0,267.0,7.71,5.93,312.3,333.4
Тульская область,2025,7,3040.0,1808.0,731.0,335.0,7.37,5.8,317.3,334.4
Тульская область,2025,8,3232.0,1747.0,773.0,323.0,7.85,5.74,306.1,326.2
Тульская область,2025,9,3365.0,2126.0,804.0,379.0,8.19,6.22,306.4,330.7
Тульская область,2025,10,4832.0,2983.0,1154.0,578.0,8.36,6.64,309.4,331.8
Тульская область,2025,11,4872.0,3122.0,1121.0,588.0,8.11,6.11,312.5,333.9
Тульская область,2025,12,7567.0,5085.0,1677.0,997.0,7.85,6.44,319.6,333.7
Тульская область,2026,1,3893.0,2607.0,833.0,483.0,7.63,6.64,317.3,335.8
Тульская область,2026,2,2400.0,1240.0,637.0,236.0,9.78,6.63,295.1,332.0
Тульская область,2026,3,2760.0,1146.0,725.0,225.0,11.41,7.87,279.2,311.3
Тульская область,2026,4,3442.0,1502.0,902.0,290.0,11.41,8.11,281.4,316.0
Тульская область,2026,5,2673.0,1192.0,715.0,233.0,10.01,7.22,285.5,313.5
Тульская область,2026,6,4032.0,2075.0,942.0,383.0,9.03,6.94,297.0,324.8
Тульская область,2026,7,2828.0,1075.0,797.0,222.0,11.27,7.98,280.4,313.1
Тюменская область,2019,1,7735.0,1745.0,3314.0,712.0,9.81,9.7,212.4,200.8
Тюменская область,2019,2,10105.0,2374.0,4238.0,893.0,10.03,9.86,217.8,209.6
Тюменская область,2019,3,9909.0,2159.0,4209.0,859.0,10.33,10.11,218.5,208.0
Тюменская область,2019,4,10680.0,2357.0,4426.0,875.0,10.58,10.25,221.7,213.3
Тюменская область,2019,5,8805.0,2330.0,3569.0,847.0,10.54,10.17,226.8,216.0
Тюменская область,2019,6,9949.0,2689.0,4079.0,966.0,10.3,9.75,220.7,208.1
Тюменская область,2019,7,10645.0,2834.0,4409.0,1014.0,10.2,9.66,220.8,215.7
Тюменская область,2019,8,10799.0,3123.0,4503.0,1154.0,9.9,9.42,223.8,216.9
Тюменская область,2019,9,11227.0,3222.0,4602.0,1150.0,9.63,9.03,225.2,219.0
Тюменская область,2019,10,13098.0,3167.0,5336.0,1121.0,9.45,8.91,221.9,215.4
Тюменская область,2019,11,13126.0,2906.0,5352.0,1028.0,9.23,8.46,221.9,223.0
Тюменская область,2019,12,16309.0,3305.0,6663.0,1186.0,9.13,8.32,219.1,219.4
Тюменская область,2020,1,8076.0,1858.0,3248.0,641.0,9.08,8.46,222.5,222.2
Тюменская область,2020,2,11498.0,2604.0,4602.0,860.0,8.98,8.21,219.7,222.7
Тюменская область,2020,3,13811.0,3101.0,5472.0,1009.0,8.9,8.06,221.1,224.5
Тюменская область,2020,4,9858.0,1907.0,3936.0,658.0,8.76,7.46,220.6,219.6
Тюменская область,2020,5,10776.0,3169.0,4291.0,1183.0,8.02,6.23,217.6,208.3
Тюменская область,2020,6,13941.0,4522.0,5597.0,1641.0,7.91,6.25,215.4,208.5
Тюменская область,2020,7,17971.0,6049.0,6888.0,2113.0,7.65,6.04,219.3,210.0
Тюменская область,2020,8,18559.0,6779.0,7032.0,2257.0,7.37,5.95,216.8,211.5
Тюменская область,2020,9,21584.0,7545.0,8114.0,2462.0,7.41,5.85,218.1,213.1
Тюменская область,2020,10,24497.0,7733.0,9145.0,2524.0,7.45,5.88,221.1,213.6
Тюменская область,2020,11,20930.0,5678.0,7869.0,1874.0,7.62,5.89,223.2,216.6
Тюменская область,2020,12,24188.0,6237.0,8941.0,1949.0,7.58,5.74,225.7,221.0
Тюменская область,2021,1,10750.0,3131.0,3892.0,921.0,7.41,5.81,228.9,226.2
Тюменская область,2021,2,16368.0,4583.0,5764.0,1321.0,7.42,5.76,232.0,229.2
Тюменская область,2021,3,21329.0,6026.0,7422.0,1704.0,7.42,5.83,234.4,238.1
Тюменская область,2021,4,23056.0,6687.0,7951.0,1927.0,7.33,5.64,238.3,240.9
Тюменская область,2021,5,19539.0,5905.0,6646.0,1710.0,7.37,5.49,241.3,244.5
Тюменская область,2021,6,24835.0,9496.0,8024.0,2572.0,7.1,5.29,245.7,249.2
Тюменская область,2021,7,19052.0,4463.0,6387.0,1241.0,7.79,6.36,247.6,250.3
Тюменская область,2021,8,19381.0,5546.0,6513.0,1636.0,7.75,6.26,247.2,248.5
Тюменская область,2021,9,21029.0,6658.0,6854.0,1894.0,7.75,6.29,249.3,251.1
Тюменская область,2021,10,21795.0,6366.0,7062.0,1787.0,7.81,6.08,253.8,253.7
Тюменская область,2021,11,21763.0,6897.0,6816.0,1970.0,7.73,5.9,257.4,258.3
Тюменская область,2021,12,27163.0,8699.0,8276.0,2476.0,7.86,5.73,262.2,259.8
Тюменская область,2022,1,13155.0,4666.0,3992.0,1314.0,7.96,5.62,266.5,263.6
Тюменская область,2022,2,18681.0,6581.0,5601.0,1806.0,8.17,5.7,269.3,267.6
Тюменская область,2022,3,23190.0,9846.0,7320.0,3027.0,8.1,5.48,269.1,265.5
Тюменская область,2022,4,6487.0,3763.0,2048.0,989.0,7.88,6.19,267.8,276.1
Тюменская область,2022,5,5325.0,3111.0,1475.0,686.0,7.4,5.33,265.9,277.1
Тюменская область,2022,6,9907.0,4901.0,2823.0,1067.0,7.5,5.27,266.2,281.9
Тюменская область,2022,7,15005.0,6311.0,4213.0,1360.0,7.54,4.86,269.6,282.6
Тюменская область,2022,8,21125.0,8237.0,5652.0,1711.0,7.39,4.74,278.4,291.6
Тюменская область,2022,9,23836.0,8877.0,6397.0,1850.0,7.37,4.35,280.4,293.4
Тюменская область,2022,10,21922.0,6420.0,6118.0,1469.0,8.03,4.85,282.4,297.2
Тюменская область,2022,11,22529.0,8239.0,6096.0,1850.0,7.81,4.87,284.3,298.3
Тюменская область,2022,12,31552.0,13047.0,8183.0,2891.0,7.47,4.73,289.6,302.6
Тюменская область,2023,1,13791.0,5214.0,3701.0,1173.0,8.12,5.39,289.0,304.3
Тюменская область,2023,2,18839.0,6855.0,5032.0,1554.0,8.4,5.82,293.0,302.9
Тюменская область,2023,3,25923.0,9605.0,6981.0,2235.0,8.44,5.9,294.5,307.4
Тюменская область,2023,4,27321.0,10098.0,7211.0,2241.0,8.49,6.3,294.3,305.1
Тюменская область,2023,5,29031.0,10538.0,7506.0,2371.0,8.41,6.2,298.3,308.7
Тюменская область,2023,6,29847.0,11042.0,7713.0,2463.0,8.54,6.39,294.8,305.4
Тюменская область,2023,7,29932.0,12068.0,7774.0,2718.0,8.29,6.25,295.3,305.3
Тюменская область,2023,8,40655.0,19103.0,10186.0,4246.0,8.07,6.13,298.7,309.0
Тюменская область,2023,9,44217.0,22605.0,11075.0,4998.0,8.03,5.97,303.3,312.7
Тюменская область,2023,10,32099.0,15459.0,8439.0,3525.0,8.49,6.29,300.8,310.8
Тюменская область,2023,11,29433.0,16039.0,7763.0,3702.0,8.25,6.29,307.3,317.9
Тюменская область,2023,12,30791.0,17597.0,8082.0,4018.0,8.02,6.26,308.3,318.4
Тюменская область,2024,1,10763.0,5536.0,3021.0,1284.0,8.33,6.27,302.5,314.3
Тюменская область,2024,2,13327.0,5869.0,3881.0,1350.0,9.15,6.44,302.7,319.9
Тюменская область,2024,3,17363.0,8526.0,4849.0,1893.0,8.61,6.47,309.3,320.9
Тюменская область,2024,4,18697.0,8500.0,5142.0,1938.0,8.61,6.4,307.1,322.1
Тюменская область,2024,5,22901.0,12470.0,6472.0,2875.0,7.94,6.18,311.8,321.9
Тюменская область,2024,6,33941.0,19758.0,9196.0,4454.0,7.59,6.28,315.5,322.9
Тюменская область,2024,7,13001.0,3997.0,4201.0,894.0,10.42,6.46,298.3,319.9
Тюменская область,2024,8,13802.0,5984.0,3731.0,1208.0,9.13,6.22,308.9,329.9
Тюменская область,2024,9,13986.0,6844.0,3700.0,1428.0,8.66,5.85,310.5,325.5
Тюменская область,2024,10,13448.0,6798.0,3631.0,1381.0,9.15,5.67,310.8,330.4
Тюменская область,2024,11,10143.0,5793.0,2808.0,1262.0,8.45,5.97,315.2,329.8
Тюменская область,2024,12,10553.0,7076.0,2925.0,1617.0,8.19,6.46,313.6,325.7
Тюменская область,2025,1,4740.0,3147.0,1260.0,667.0,7.89,5.96,321.0,333.0
Тюменская область,2025,2,8554.0,4700.0,2099.0,964.0,7.34,5.92,322.4,331.4
Тюменская область,2025,3,10038.0,5868.0,2413.0,1271.0,7.23,6.0,320.0,329.6
Тюменская область,2025,4,11524.0,5945.0,2676.0,1172.0,7.36,5.98,320.8,331.8
Тюменская область,2025,5,12241.0,6474.0,2850.0,1278.0,7.24,5.96,316.4,327.8
Тюменская область,2025,6,13394.0,7064.0,3094.0,1432.0,7.02,5.74,317.8,329.1
Тюменская область,2025,7,16077.0,8640.0,3611.0,1641.0,7.14,5.94,317.7,332.7
Тюменская область,2025,8,17951.0,9881.0,3976.0,1880.0,7.35,5.93,317.1,332.0
Тюменская область,2025,9,16945.0,9918.0,3894.0,1958.0,7.61,6.12,314.2,328.9
Тюменская область,2025,10,21314.0,12118.0,4783.0,2313.0,7.91,6.33,313.1,331.7
Тюменская область,2025,11,21954.0,14083.0,4816.0,2693.0,7.48,6.2,320.7,336.0
Тюменская область,2025,12,31914.0,18959.0,6902.0,3623.0,7.28,6.06,323.1,337.4
Тюменская область,2026,1,18139.0,10508.0,3855.0,1975.0,7.28,6.26,323.0,336.2
Тюменская область,2026,2,10328.0,3878.0,2555.0,754.0,9.86,6.8,291.7,320.7
Тюменская область,2026,3,12843.0,5097.0,3235.0,1055.0,9.81,7.58,297.0,317.8
Тюменская область,2026,4,14832.0,5278.0,3679.0,1048.0,10.14,8.31,290.5,313.2
Тюменская область,2026,5,13552.0,4830.0,3274.0,950.0,9.9,7.91,293.5,315.6
Тюменская область,2026,6,19736.0,8382.0,4473.0,1597.0,8.55,6.89,309.2,326.2
Тюменская область,2026,7,14511.0,5197.0,3613.0,1002.0,10.68,8.25,286.9,309.1
Тюменская область без данных по Ханты-Мансийскому автономному округу - Югре и Ямало-Ненецкому автономному округу,2019,1,2320.0,563.0,1179.0,280.0,9.76,9.6,225.6,228.5
Тюменская область без данных по Ханты-Мансийскому автономному округу - Югре и Ямало-Ненецкому автономному округу,2019,2,3229.0,807.0,1607.0,370.0,9.97,9.94,226.5,215.7
Тюменская область без данных по Ханты-Мансийскому автономному округу - Югре и Ямало-Ненецкому автономному округу,2019,3,3133.0,693.0,1573.0,330.0,10.23,10.17,228.1,216.7
Тюменская область без данных по Ханты-Мансийскому автономному округу - Югре и Ямало-Ненецкому автономному округу,2019,4,3209.0,780.0,1574.0,347.0,10.51,10.15,231.9,232.7
Тюменская область без данных по Ханты-Мансийскому автономному округу - Югре и Ямало-Ненецкому автономному округу,2019,5,2617.0,673.0,1267.0,303.0,10.46,10.11,239.6,238.1
Тюменская область без данных по Ханты-Мансийскому автономному округу - Югре и Ямало-Ненецкому автономному округу,2019,6,3002.0,827.0,1487.0,355.0,10.25,9.58,227.8,222.0
Тюменская область без данных по Ханты-Мансийскому автономному округу - Югре и Ямало-Ненецкому автономному округу,2019,7,3383.0,857.0,1659.0,367.0,10.01,9.19,230.1,225.8
Тюменская область без данных по Ханты-Мансийскому автономному округу - Югре и Ямало-Ненецкому автономному округу,2019,8,3412.0,910.0,1708.0,416.0,9.77,9.03,236.3,234.2
Тюменская область без данных по Ханты-Мансийскому автономному округу - Югре и Ямало-Ненецкому автономному округу,2019,9,3523.0,1105.0,1708.0,448.0,9.39,8.71,229.4,228.6
Тюменская область без данных по Ханты-Мансийскому автономному округу - Югре и Ямало-Ненецкому автономному округу,2019,10,4079.0,964.0,1987.0,402.0,9.31,8.7,230.0,230.1
Тюменская область без данных по Ханты-Мансийскому автономному округу - Югре и Ямало-Ненецкому автономному округу,2019,11,3928.0,932.0,1916.0,388.0,9.17,8.17,228.2,242.0
Тюменская область без данных по Ханты-Мансийскому автономному округу - Югре и Ямало-Ненецкому автономному округу,2019,12,5226.0,1145.0,2500.0,485.0,9.08,8.07,223.9,229.9
Тюменская область без данных по Ханты-Мансийскому автономному округу - Югре и Ямало-Ненецкому автономному округу,2020,1,2760.0,659.0,1263.0,260.0,9.01,8.5,228.8,230.6
Тюменская область без данных по Ханты-Мансийскому автономному округу - Югре и Ямало-Ненецкому автономному округу,2020,2,3787.0,895.0,1798.0,353.0,8.93,8.0,224.5,231.8
Тюменская область без данных по Ханты-Мансийскому автономному округу - Югре и Ямало-Ненецкому автономному округу,2020,3,4530.0,1001.0,2097.0,383.0,8.85,8.01,229.3,238.7
Тюменская область без данных по Ханты-Мансийскому автономному округу - Югре и Ямало-Ненецкому автономному округу,2020,4,2746.0,543.0,1313.0,231.0,8.5,7.19,232.2,228.6
Тюменская область без данных по Ханты-Мансийскому автономному округу - Югре и Ямало-Ненецкому автономному округу,2020,5,3368.0,1020.0,1558.0,432.0,7.65,5.86,222.3,220.1
Тюменская область без данных по Ханты-Мансийскому автономному округу - Югре и Ямало-Ненецкому автономному округу,2020,6,4096.0,1410.0,1966.0,589.0,7.66,5.87,223.0,221.9
Тюменская область без данных по Ханты-Мансийскому автономному округу - Югре и Ямало-Ненецкому автономному округу,2020,7,5078.0,1879.0,2235.0,734.0,7.42,5.76,225.7,221.9
Тюменская область без данных по Ханты-Мансийскому автономному округу - Югре и Ямало-Ненецкому автономному округу,2020,8,5253.0,1912.0,2356.0,723.0,7.03,5.8,226.6,225.1
Тюменская область без данных по Ханты-Мансийскому автономному округу - Югре и Ямало-Ненецкому автономному округу,2020,9,6314.0,2216.0,2729.0,842.0,7.19,5.6,229.2,224.6
Тюменская область без данных по Ханты-Мансийскому автономному округу - Югре и Ямало-Ненецкому автономному округу,2020,10,7815.0,2735.0,3332.0,998.0,7.23,5.75,230.9,226.5
Тюменская область без данных по Ханты-Мансийскому автономному округу - Югре и Ямало-Ненецкому автономному округу,2020,11,6796.0,1973.0,2939.0,731.0,7.48,5.74,230.3,225.7
Тюменская область без данных по Ханты-Мансийскому автономному округу - Югре и Ямало-Ненецкому автономному округу,2020,12,7996.0,2045.0,3377.0,727.0,7.45,5.57,234.1,236.2
Тюменская область без данных по Ханты-Мансийскому автономному округу - Югре и Ямало-Ненецкому автономному округу,2021,1,3706.0,1067.0,1523.0,342.0,7.23,5.77,236.5,240.0
Тюменская область без данных по Ханты-Мансийскому автономному округу - Югре и Ямало-Ненецкому автономному округу,2021,2,5551.0,1497.0,2230.0,479.0,7.19,5.62,238.6,243.7
Тюменская область без данных по Ханты-Мансийскому автономному округу - Югре и Ямало-Ненецкому автономному округу,2021,3,7208.0,1994.0,2842.0,628.0,7.26,5.85,245.2,257.7
Тюменская область без данных по Ханты-Мансийскому автономному округу - Югре и Ямало-Ненецкому автономному округу,2021,4,7448.0,2282.0,2932.0,730.0,7.03,5.44,246.5,252.2
Тюменская область без данных по Ханты-Мансийскому автономному округу - Югре и Ямало-Ненецкому автономному округу,2021,5,6418.0,2097.0,2470.0,700.0,7.21,5.49,249.7,255.8
Тюменская область без данных по Ханты-Мансийскому автономному округу - Югре и Ямало-Ненецкому автономному округу,2021,6,8103.0,3262.0,2959.0,978.0,6.95,5.21,254.5,261.5
Тюменская область без данных по Ханты-Мансийскому автономному округу - Югре и Ямало-Ненецкому автономному округу,2021,7,6189.0,1474.0,2327.0,438.0,7.67,6.28,257.8,268.7
Тюменская область без данных по Ханты-Мансийскому автономному округу - Югре и Ямало-Ненецкому автономному округу,2021,8,6326.0,1947.0,2411.0,638.0,7.5,6.14,258.9,262.3
Тюменская область без данных по Ханты-Мансийскому автономному округу - Югре и Ямало-Ненецкому автономному округу,2021,9,7083.0,2353.0,2604.0,773.0,7.55,5.99,259.9,264.6
Тюменская область без данных по Ханты-Мансийскому автономному округу - Югре и Ямало-Ненецкому автономному округу,2021,10,7015.0,2245.0,2589.0,716.0,7.63,5.78,261.7,263.4
Тюменская область без данных по Ханты-Мансийскому автономному округу - Югре и Ямало-Ненецкому автономному округу,2021,11,7020.0,2499.0,2509.0,813.0,7.36,5.52,265.5,273.4
Тюменская область без данных по Ханты-Мансийскому автономному округу - Югре и Ямало-Ненецкому автономному округу,2021,12,9811.0,3677.0,3256.0,1150.0,7.44,5.59,272.2,276.4
Тюменская область без данных по Ханты-Мансийскому автономному округу - Югре и Ямало-Ненецкому автономному округу,2022,1,4795.0,1996.0,1614.0,616.0,7.5,5.43,276.1,278.8
Тюменская область без данных по Ханты-Мансийскому автономному округу - Югре и Ямало-Ненецкому автономному округу,2022,2,6858.0,2795.0,2323.0,868.0,7.56,5.24,274.7,278.4
Тюменская область без данных по Ханты-Мансийскому автономному округу - Югре и Ямало-Ненецкому автономному округу,2022,3,8639.0,4176.0,3005.0,1374.0,7.52,5.39,275.4,274.8
Тюменская область без данных по Ханты-Мансийскому автономному округу - Югре и Ямало-Ненецкому автономному округу,2022,4,2598.0,1497.0,890.0,441.0,7.38,6.06,284.5,296.3
Тюменская область без данных по Ханты-Мансийскому автономному округу - Югре и Ямало-Ненецкому автономному округу,2022,5,2304.0,1340.0,652.0,306.0,6.89,4.81,279.3,289.9
Тюменская область без данных по Ханты-Мансийскому автономному округу - Югре и Ямало-Ненецкому автономному округу,2022,6,3418.0,1843.0,1052.0,441.0,7.07,5.18,279.9,301.0
Тюменская область без данных по Ханты-Мансийскому автономному округу - Югре и Ямало-Ненецкому автономному округу,2022,7,4716.0,2187.0,1469.0,520.0,7.21,4.87,280.1,295.0
Тюменская область без данных по Ханты-Мансийскому автономному округу - Югре и Ямало-Ненецкому автономному округу,2022,8,6800.0,2817.0,2046.0,644.0,7.16,4.83,292.1,309.0
Тюменская область без данных по Ханты-Мансийскому автономному округу - Югре и Ямало-Ненецкому автономному округу,2022,9,8165.0,3408.0,2429.0,779.0,6.8,4.11,292.8,309.4
Тюменская область без данных по Ханты-Мансийскому автономному округу - Югре и Ямало-Ненецкому автономному округу,2022,10,7350.0,2493.0,2274.0,647.0,7.56,4.79,297.3,316.7
Тюменская область без данных по Ханты-Мансийскому автономному округу - Югре и Ямало-Ненецкому автономному округу,2022,11,7674.0,3233.0,2317.0,799.0,7.4,4.99,298.5,314.7
Тюменская область без данных по Ханты-Мансийскому автономному округу - Югре и Ямало-Ненецкому автономному округу,2022,12,11128.0,4954.0,3264.0,1274.0,7.24,4.94,299.9,316.4
Тюменская область без данных по Ханты-Мансийскому автономному округу - Югре и Ямало-Ненецкому автономному округу,2023,1,5127.0,2336.0,1516.0,581.0,7.58,5.42,300.5,316.2
Тюменская область без данных по Ханты-Мансийскому автономному округу - Югре и Ямало-Ненецкому автономному округу,2023,2,6819.0,3061.0,2008.0,735.0,7.9,5.81,302.8,309.4
Тюменская область без данных по Ханты-Мансийскому автономному округу - Югре и Ямало-Ненецкому автономному округу,2023,3,9459.0,4024.0,2790.0,1025.0,7.84,5.71,308.7,321.8
Тюменская область без данных по Ханты-Мансийскому автономному округу - Югре и Ямало-Ненецкому автономному округу,2023,4,9814.0,4073.0,2903.0,998.0,8.0,6.06,304.5,318.0
Тюменская область без данных по Ханты-Мансийскому автономному округу - Югре и Ямало-Ненецкому автономному округу,2023,5,10186.0,4307.0,2925.0,1047.0,7.92,6.11,309.4,323.1
Тюменская область без данных по Ханты-Мансийскому автономному округу - Югре и Ямало-Ненецкому автономному округу,2023,6,10839.0,4556.0,3033.0,1076.0,8.15,6.39,307.3,318.8
Тюменская область без данных по Ханты-Мансийскому автономному округу - Югре и Ямало-Ненецкому автономному округу,2023,7,10928.0,4830.0,3052.0,1138.0,7.87,6.17,308.8,322.9
Тюменская область без данных по Ханты-Мансийскому автономному округу - Югре и Ямало-Ненецкому автономному округу,2023,8,14716.0,7539.0,4090.0,1814.0,7.65,6.0,312.6,324.4
Тюменская область без данных по Ханты-Мансийскому автономному округу - Югре и Ямало-Ненецкому автономному округу,2023,9,17012.0,9205.0,4629.0,2200.0,7.62,5.94,315.6,325.5
Тюменская область без данных по Ханты-Мансийскому автономному округу - Югре и Ямало-Ненецкому автономному округу,2023,10,12460.0,6346.0,3561.0,1558.0,7.88,6.13,313.1,322.9
Тюменская область без данных по Ханты-Мансийскому автономному округу - Югре и Ямало-Ненецкому автономному округу,2023,11,11522.0,6466.0,3257.0,1584.0,7.63,6.14,319.1,330.8
Тюменская область без данных по Ханты-Мансийскому автономному округу - Югре и Ямало-Ненецкому автономному округу,2023,12,12780.0,7812.0,3603.0,1875.0,7.41,6.15,319.9,329.5
Тюменская область без данных по Ханты-Мансийскому автономному округу - Югре и Ямало-Ненецкому автономному округу,2024,1,4828.0,2525.0,1466.0,636.0,7.87,6.17,315.4,324.0
Тюменская область без данных по Ханты-Мансийскому автономному округу - Югре и Ямало-Ненецкому автономному округу,2024,2,5633.0,2598.0,1770.0,626.0,8.1,6.18,315.2,328.9
Тюменская область без данных по Ханты-Мансийскому автономному округу - Югре и Ямало-Ненецкому автономному округу,2024,3,7359.0,3414.0,2246.0,815.0,8.01,6.3,320.5,333.3
Тюменская область без данных по Ханты-Мансийскому автономному округу - Югре и Ямало-Ненецкому автономному округу,2024,4,7224.0,3103.0,2204.0,746.0,7.96,6.28,318.4,333.6
Тюменская область без данных по Ханты-Мансийскому автономному округу - Югре и Ямало-Ненецкому автономному округу,2024,5,9109.0,4550.0,2800.0,1105.0,7.56,6.01,322.1,331.1
Тюменская область без данных по Ханты-Мансийскому автономному округу - Югре и Ямало-Ненецкому автономному округу,2024,6,13378.0,7351.0,3927.0,1739.0,7.1,6.1,327.5,333.8
Тюменская область без данных по Ханты-Мансийскому автономному округу - Югре и Ямало-Ненецкому автономному округу,2024,7,5098.0,1520.0,1847.0,366.0,9.4,6.22,313.0,332.5
Тюменская область без данных по Ханты-Мансийскому автономному округу - Югре и Ямало-Ненецкому автономному округу,2024,8,5282.0,2056.0,1556.0,447.0,8.62,6.0,317.9,339.4
Тюменская область без данных по Ханты-Мансийскому автономному округу - Югре и Ямало-Ненецкому автономному округу,2024,9,5408.0,2586.0,1565.0,589.0,8.23,5.83,323.3,336.1
Тюменская область без данных по Ханты-Мансийскому автономному округу - Югре и Ямало-Ненецкому автономному округу,2024,10,5043.0,2604.0,1502.0,571.0,8.68,5.43,323.1,340.0
Тюменская область без данных по Ханты-Мансийскому автономному округу - Югре и Ямало-Ненецкому автономному округу,2024,11,4057.0,2316.0,1209.0,551.0,8.33,6.03,328.6,340.6
Тюменская область без данных по Ханты-Мансийскому автономному округу - Югре и Ямало-Ненецкому автономному округу,2024,12,4483.0,3019.0,1307.0,734.0,7.65,6.48,324.2,333.6
Тюменская область без данных по Ханты-Мансийскому автономному округу - Югре и Ямало-Ненецкому автономному округу,2025,1,1984.0,1308.0,559.0,294.0,7.48,6.03,330.4,340.1
Тюменская область без данных по Ханты-Мансийскому автономному округу - Югре и Ямало-Ненецкому автономному округу,2025,2,3478.0,1918.0,893.0,424.0,7.23,6.04,333.0,340.1
Тюменская область без данных по Ханты-Мансийскому автономному округу - Югре и Ямало-Ненецкому автономному округу,2025,3,4249.0,2482.0,1068.0,584.0,7.26,6.02,324.9,333.8
Тюменская область без данных по Ханты-Мансийскому автономному округу - Югре и Ямало-Ненецкому автономному округу,2025,4,4411.0,2381.0,1055.0,499.0,7.01,5.91,332.4,341.8
Тюменская область без данных по Ханты-Мансийскому автономному округу - Югре и Ямало-Ненецкому автономному округу,2025,5,4641.0,2591.0,1111.0,539.0,6.86,5.78,327.8,337.5
Тюменская область без данных по Ханты-Мансийскому автономному округу - Югре и Ямало-Ненецкому автономному округу,2025,6,4769.0,2512.0,1127.0,536.0,6.9,5.76,328.9,340.2
Тюменская область без данных по Ханты-Мансийскому автономному округу - Югре и Ямало-Ненецкому автономному округу,2025,7,6190.0,3173.0,1422.0,633.0,6.97,5.83,328.6,342.4
Тюменская область без данных по Ханты-Мансийскому автономному округу - Югре и Ямало-Ненецкому автономному округу,2025,8,6826.0,3841.0,1529.0,746.0,7.02,5.92,329.6,339.2
Тюменская область без данных по Ханты-Мансийскому автономному округу - Югре и Ямало-Ненецкому автономному округу,2025,9,6334.0,3706.0,1493.0,749.0,7.52,6.26,325.5,338.6
Тюменская область без данных по Ханты-Мансийскому автономному округу - Югре и Ямало-Ненецкому автономному округу,2025,10,8136.0,5054.0,1867.0,995.0,7.55,6.24,325.4,340.7
Тюменская область без данных по Ханты-Мансийскому автономному округу - Югре и Ямало-Ненецкому автономному округу,2025,11,8990.0,6209.0,1961.0,1211.0,6.96,6.11,333.0,344.4
Тюменская область без данных по Ханты-Мансийскому автономному округу - Югре и Ямало-Ненецкому автономному округу,2025,12,12845.0,7936.0,2841.0,1582.0,6.91,5.99,332.7,343.5
Тюменская область без данных по Ханты-Мансийскому автономному округу - Югре и Ямало-Ненецкому автономному округу,2026,1,7338.0,4473.0,1597.0,877.0,7.01,6.12,331.0,342.3
Тюменская область без данных по Ханты-Мансийскому автономному округу - Югре и Ямало-Ненецкому автономному округу,2026,2,3470.0,1272.0,908.0,264.0,9.66,6.61,303.0,329.5
Тюменская область без данных по Ханты-Мансийскому автономному округу - Югре и Ямало-Ненецкому автономному округу,2026,3,4827.0,2005.0,1260.0,436.0,9.59,8.03,311.5,329.2
Тюменская область без данных по Ханты-Мансийскому автономному округу - Югре и Ямало-Ненецкому автономному округу,2026,4,5331.0,1982.0,1349.0,414.0,10.17,8.81,303.3,326.8
Тюменская область без данных по Ханты-Мансийскому автономному округу - Югре и Ямало-Ненецкому автономному округу,2026,5,4879.0,1848.0,1200.0,391.0,9.34,8.04,311.1,327.9
Тюменская область без данных по Ханты-Мансийскому автономному округу - Югре и Ямало-Ненецкому автономному округу,2026,6,7615.0,3145.0,1747.0,619.0,8.33,6.97,321.5,334.7
Тюменская область без данных по Ханты-Мансийскому автономному округу - Югре и Ямало-Ненецкому автономному округу,2026,7,4962.0,1697.0,1293.0,345.0,10.51,8.56,301.8,323.1
УРАЛЬСКИЙ ФЕДЕРАЛЬНЫЙ ОКРУГ,2019,1,17151.0,4163.0,8716.0,1844.0,9.86,9.61,203.8,203.1
УРАЛЬСКИЙ ФЕДЕРАЛЬНЫЙ ОКРУГ,2019,2,22459.0,5337.0,11382.0,2291.0,10.13,9.96,209.3,207.4
УРАЛЬСКИЙ ФЕДЕРАЛЬНЫЙ ОКРУГ,2019,3,22645.0,5444.0,11440.0,2282.0,10.39,10.09,210.6,208.2
УРАЛЬСКИЙ ФЕДЕРАЛЬНЫЙ ОКРУГ,2019,4,23743.0,5507.0,11998.0,2278.0,10.57,10.19,213.8,210.9
УРАЛЬСКИЙ ФЕДЕРАЛЬНЫЙ ОКРУГ,2019,5,19328.0,5010.0,9661.0,2024.0,10.57,10.13,214.9,213.3
УРАЛЬСКИЙ ФЕДЕРАЛЬНЫЙ ОКРУГ,2019,6,21878.0,5818.0,10747.0,2299.0,10.35,9.86,215.2,210.1
УРАЛЬСКИЙ ФЕДЕРАЛЬНЫЙ ОКРУГ,2019,7,23237.0,5761.0,11556.0,2271.0,10.21,9.67,214.6,215.8
УРАЛЬСКИЙ ФЕДЕРАЛЬНЫЙ ОКРУГ,2019,8,24767.0,6751.0,12314.0,2699.0,9.93,9.42,216.2,215.5
УРАЛЬСКИЙ ФЕДЕРАЛЬНЫЙ ОКРУГ,2019,9,25145.0,7092.0,12310.0,2769.0,9.69,9.14,216.1,217.4
УРАЛЬСКИЙ ФЕДЕРАЛЬНЫЙ ОКРУГ,2019,10,29251.0,7326.0,14154.0,2842.0,9.46,8.88,214.6,216.8
УРАЛЬСКИЙ ФЕДЕРАЛЬНЫЙ ОКРУГ,2019,11,29296.0,6995.0,14020.0,2644.0,9.26,8.55,214.1,220.0
УРАЛЬСКИЙ ФЕДЕРАЛЬНЫЙ ОКРУГ,2019,12,36779.0,8053.0,17810.0,3062.0,9.12,8.31,212.8,221.0
УРАЛЬСКИЙ ФЕДЕРАЛЬНЫЙ ОКРУГ,2020,1,18253.0,4508.0,8692.0,1644.0,9.07,8.36,213.3,223.0
УРАЛЬСКИЙ ФЕДЕРАЛЬНЫЙ ОКРУГ,2020,2,26159.0,5743.0,12489.0,2101.0,9.0,8.23,214.2,222.3
УРАЛЬСКИЙ ФЕДЕРАЛЬНЫЙ ОКРУГ,2020,3,30972.0,7059.0,14456.0,2560.0,8.88,8.08,214.9,224.5
УРАЛЬСКИЙ ФЕДЕРАЛЬНЫЙ ОКРУГ,2020,4,23931.0,4854.0,11624.0,1858.0,8.74,7.53,213.9,218.7
УРАЛЬСКИЙ ФЕДЕРАЛЬНЫЙ ОКРУГ,2020,5,23331.0,6785.0,11042.0,2767.0,7.99,6.29,211.5,208.6
УРАЛЬСКИЙ ФЕДЕРАЛЬНЫЙ ОКРУГ,2020,6,30602.0,10072.0,14351.0,3941.0,7.88,6.34,209.9,210.4
УРАЛЬСКИЙ ФЕДЕРАЛЬНЫЙ ОКРУГ,2020,7,38059.0,12725.0,17103.0,4719.0,7.6,6.08,214.7,213.7
УРАЛЬСКИЙ ФЕДЕРАЛЬНЫЙ ОКРУГ,2020,8,41567.0,14958.0,18241.0,5227.0,7.36,6.04,213.6,215.6
УРАЛЬСКИЙ ФЕДЕРАЛЬНЫЙ ОКРУГ,2020,9,48580.0,15928.0,21646.0,5552.0,7.4,5.95,213.9,216.1
УРАЛЬСКИЙ ФЕДЕРАЛЬНЫЙ ОКРУГ,2020,10,54601.0,16664.0,23693.0,5785.0,7.43,5.98,216.0,216.5
УРАЛЬСКИЙ ФЕДЕРАЛЬНЫЙ ОКРУГ,2020,11,47105.0,12578.0,20776.0,4393.0,7.57,6.03,217.0,217.9
УРАЛЬСКИЙ ФЕДЕРАЛЬНЫЙ ОКРУГ,2020,12,55213.0,14052.0,23929.0,4744.0,7.53,5.9,219.5,221.3
УРАЛЬСКИЙ ФЕДЕРАЛЬНЫЙ ОКРУГ,2021,1,24371.0,7187.0,10326.0,2337.0,7.39,6.0,223.7,226.9
УРАЛЬСКИЙ ФЕДЕРАЛЬНЫЙ ОКРУГ,2021,2,37974.0,10328.0,16190.0,3363.0,7.39,5.92,223.3,226.7
УРАЛЬСКИЙ ФЕДЕРАЛЬНЫЙ ОКРУГ,2021,3,48442.0,13377.0,20050.0,4256.0,7.38,5.97,227.9,236.2
УРАЛЬСКИЙ ФЕДЕРАЛЬНЫЙ ОКРУГ,2021,4,52364.0,15277.0,21563.0,5022.0,7.36,5.78,231.6,240.5
УРАЛЬСКИЙ ФЕДЕРАЛЬНЫЙ ОКРУГ,2021,5,42442.0,12673.0,16953.0,3957.0,7.37,5.6,234.4,245.1
УРАЛЬСКИЙ ФЕДЕРАЛЬНЫЙ ОКРУГ,2021,6,54326.0,20625.0,20632.0,6129.0,7.07,5.42,238.3,247.3
УРАЛЬСКИЙ ФЕДЕРАЛЬНЫЙ ОКРУГ,2021,7,42365.0,9931.0,17147.0,3092.0,7.75,6.34,238.1,248.6
УРАЛЬСКИЙ ФЕДЕРАЛЬНЫЙ ОКРУГ,2021,8,42686.0,11737.0,17103.0,3748.0,7.77,6.32,240.1,245.7
УРАЛЬСКИЙ ФЕДЕРАЛЬНЫЙ ОКРУГ,2021,9,46303.0,14041.0,18098.0,4393.0,7.78,6.27,240.2,245.6
УРАЛЬСКИЙ ФЕДЕРАЛЬНЫЙ ОКРУГ,2021,10,47497.0,13900.0,18121.0,4300.0,7.82,6.14,244.4,248.9
УРАЛЬСКИЙ ФЕДЕРАЛЬНЫЙ ОКРУГ,2021,11,47686.0,15296.0,17616.0,4666.0,7.8,6.07,248.1,252.6
УРАЛЬСКИЙ ФЕДЕРАЛЬНЫЙ ОКРУГ,2021,12,60625.0,19593.0,22068.0,6042.0,7.94,5.91,250.8,252.6
УРАЛЬСКИЙ ФЕДЕРАЛЬНЫЙ ОКРУГ,2022,1,30006.0,10925.0,10780.0,3297.0,8.05,5.98,255.7,259.5
УРАЛЬСКИЙ ФЕДЕРАЛЬНЫЙ ОКРУГ,2022,2,43950.0,15630.0,15642.0,4711.0,8.27,6.05,257.9,261.2
УРАЛЬСКИЙ ФЕДЕРАЛЬНЫЙ ОКРУГ,2022,3,53675.0,23142.0,19768.0,7603.0,8.1,5.67,259.7,261.3
УРАЛЬСКИЙ ФЕДЕРАЛЬНЫЙ ОКРУГ,2022,4,14339.0,7945.0,5498.0,2271.0,8.08,6.1,257.0,273.2
УРАЛЬСКИЙ ФЕДЕРАЛЬНЫЙ ОКРУГ,2022,5,11318.0,6006.0,3963.0,1406.0,7.81,5.4,258.0,280.0
УРАЛЬСКИЙ ФЕДЕРАЛЬНЫЙ ОКРУГ,2022,6,22036.0,10201.0,7429.0,2233.0,7.62,5.2,256.7,279.8
УРАЛЬСКИЙ ФЕДЕРАЛЬНЫЙ ОКРУГ,2022,7,32217.0,12729.0,10907.0,2854.0,7.65,4.93,261.8,283.5
УРАЛЬСКИЙ ФЕДЕРАЛЬНЫЙ ОКРУГ,2022,8,45527.0,17130.0,14752.0,3730.0,7.54,4.91,268.1,288.7
УРАЛЬСКИЙ ФЕДЕРАЛЬНЫЙ ОКРУГ,2022,9,52699.0,19752.0,16794.0,4296.0,7.46,4.59,272.7,292.1
УРАЛЬСКИЙ ФЕДЕРАЛЬНЫЙ ОКРУГ,2022,10,47756.0,13904.0,15930.0,3316.0,7.99,4.78,272.8,293.4
УРАЛЬСКИЙ ФЕДЕРАЛЬНЫЙ ОКРУГ,2022,11,49789.0,18271.0,16006.0,4340.0,7.87,4.91,275.2,293.9
УРАЛЬСКИЙ ФЕДЕРАЛЬНЫЙ ОКРУГ,2022,12,70889.0,29126.0,21532.0,6897.0,7.54,4.88,280.2,297.5
УРАЛЬСКИЙ ФЕДЕРАЛЬНЫЙ ОКРУГ,2023,1,29299.0,10689.0,9342.0,2517.0,8.32,5.66,278.9,299.2
УРАЛЬСКИЙ ФЕДЕРАЛЬНЫЙ ОКРУГ,2023,2,42835.0,14911.0,13907.0,3600.0,8.52,5.85,279.7,297.8
УРАЛЬСКИЙ ФЕДЕРАЛЬНЫЙ ОКРУГ,2023,3,58913.0,20983.0,19111.0,5263.0,8.46,6.0,282.6,301.1
УРАЛЬСКИЙ ФЕДЕРАЛЬНЫЙ ОКРУГ,2023,4,61015.0,21641.0,19276.0,5280.0,8.56,6.31,282.0,297.2
УРАЛЬСКИЙ ФЕДЕРАЛЬНЫЙ ОКРУГ,2023,5,62306.0,21930.0,19484.0,5380.0,8.51,6.3,285.5,302.0
УРАЛЬСКИЙ ФЕДЕРАЛЬНЫЙ ОКРУГ,2023,6,66505.0,23857.0,20709.0,5743.0,8.59,6.42,283.9,301.8
УРАЛЬСКИЙ ФЕДЕРАЛЬНЫЙ ОКРУГ,2023,7,69094.0,26550.0,21089.0,6442.0,8.43,6.37,284.4,303.0
УРАЛЬСКИЙ ФЕДЕРАЛЬНЫЙ ОКРУГ,2023,8,90951.0,41714.0,26621.0,10027.0,8.1,6.11,288.8,302.7
УРАЛЬСКИЙ ФЕДЕРАЛЬНЫЙ ОКРУГ,2023,9,102686.0,52441.0,29435.0,12530.0,8.04,6.07,294.3,306.3
УРАЛЬСКИЙ ФЕДЕРАЛЬНЫЙ ОКРУГ,2023,10,75656.0,36108.0,22871.0,8788.0,8.57,6.38,290.7,303.7
УРАЛЬСКИЙ ФЕДЕРАЛЬНЫЙ ОКРУГ,2023,11,72585.0,38999.0,21871.0,9561.0,8.36,6.34,296.2,309.4
УРАЛЬСКИЙ ФЕДЕРАЛЬНЫЙ ОКРУГ,2023,12,77231.0,44342.0,22501.0,10491.0,8.19,6.41,298.7,311.7
УРАЛЬСКИЙ ФЕДЕРАЛЬНЫЙ ОКРУГ,2024,1,25482.0,12229.0,8238.0,2961.0,8.72,6.35,290.0,308.6
УРАЛЬСКИЙ ФЕДЕРАЛЬНЫЙ ОКРУГ,2024,2,33007.0,14008.0,10930.0,3326.0,9.57,6.42,288.9,312.1
УРАЛЬСКИЙ ФЕДЕРАЛЬНЫЙ ОКРУГ,2024,3,43382.0,21263.0,13687.0,4987.0,8.65,6.43,295.3,312.1
УРАЛЬСКИЙ ФЕДЕРАЛЬНЫЙ ОКРУГ,2024,4,45784.0,21125.0,14191.0,5022.0,8.75,6.47,295.6,312.8
УРАЛЬСКИЙ ФЕДЕРАЛЬНЫЙ ОКРУГ,2024,5,56202.0,30444.0,17439.0,7289.0,8.2,6.33,301.0,315.8
УРАЛЬСКИЙ ФЕДЕРАЛЬНЫЙ ОКРУГ,2024,6,82025.0,48079.0,24158.0,11404.0,7.81,6.42,305.9,316.5
УРАЛЬСКИЙ ФЕДЕРАЛЬНЫЙ ОКРУГ,2024,7,33256.0,10077.0,11921.0,2313.0,10.58,6.38,288.2,318.6
УРАЛЬСКИЙ ФЕДЕРАЛЬНЫЙ ОКРУГ,2024,8,35081.0,14617.0,11210.0,3185.0,9.75,6.46,295.8,324.8
УРАЛЬСКИЙ ФЕДЕРАЛЬНЫЙ ОКРУГ,2024,9,36037.0,17424.0,10687.0,3685.0,9.23,6.22,301.1,325.2
УРАЛЬСКИЙ ФЕДЕРАЛЬНЫЙ ОКРУГ,2024,10,35030.0,17282.0,10998.0,3655.0,9.9,6.02,297.4,325.5
УРАЛЬСКИЙ ФЕДЕРАЛЬНЫЙ ОКРУГ,2024,11,26557.0,14925.0,8588.0,3353.0,9.23,6.18,299.4,324.8
УРАЛЬСКИЙ ФЕДЕРАЛЬНЫЙ ОКРУГ,2024,12,29326.0,19925.0,9230.0,4809.0,8.72,6.68,302.5,320.9
УРАЛЬСКИЙ ФЕДЕРАЛЬНЫЙ ОКРУГ,2025,1,11593.0,7823.0,3387.0,1718.0,8.29,6.09,312.0,329.2
УРАЛЬСКИЙ ФЕДЕРАЛЬНЫЙ ОКРУГ,2025,2,21091.0,12671.0,5761.0,2690.0,7.75,6.04,314.6,328.8
УРАЛЬСКИЙ ФЕДЕРАЛЬНЫЙ ОКРУГ,2025,3,23941.0,14433.0,6425.0,3186.0,7.7,6.1,312.7,326.2
УРАЛЬСКИЙ ФЕДЕРАЛЬНЫЙ ОКРУГ,2025,4,27008.0,14558.0,7094.0,3032.0,7.67,6.07,312.3,326.5
УРАЛЬСКИЙ ФЕДЕРАЛЬНЫЙ ОКРУГ,2025,5,27242.0,14501.0,6952.0,2947.0,7.6,6.03,311.0,326.8
УРАЛЬСКИЙ ФЕДЕРАЛЬНЫЙ ОКРУГ,2025,6,30910.0,16606.0,7746.0,3427.0,7.49,5.94,311.3,325.2
УРАЛЬСКИЙ ФЕДЕРАЛЬНЫЙ ОКРУГ,2025,7,35801.0,18760.0,8782.0,3715.0,7.55,6.05,311.7,329.4
УРАЛЬСКИЙ ФЕДЕРАЛЬНЫЙ ОКРУГ,2025,8,41111.0,22954.0,9965.0,4496.0,7.56,6.04,310.8,328.5
УРАЛЬСКИЙ ФЕДЕРАЛЬНЫЙ ОКРУГ,2025,9,41262.0,23597.0,10337.0,4918.0,8.07,6.4,307.3,324.7
УРАЛЬСКИЙ ФЕДЕРАЛЬНЫЙ ОКРУГ,2025,10,50030.0,27766.0,12261.0,5593.0,8.47,6.68,305.0,326.1
УРАЛЬСКИЙ ФЕДЕРАЛЬНЫЙ ОКРУГ,2025,11,51142.0,31051.0,12200.0,6193.0,8.07,6.44,312.0,331.9
УРАЛЬСКИЙ ФЕДЕРАЛЬНЫЙ ОКРУГ,2025,12,79307.0,46378.0,18459.0,9308.0,7.65,6.21,314.8,331.7
УРАЛЬСКИЙ ФЕДЕРАЛЬНЫЙ ОКРУГ,2026,1,44692.0,26104.0,10137.0,5119.0,7.65,6.36,316.5,330.7
УРАЛЬСКИЙ ФЕДЕРАЛЬНЫЙ ОКРУГ,2026,2,28194.0,11125.0,7717.0,2216.0,10.44,7.32,287.2,319.0
УРАЛЬСКИЙ ФЕДЕРАЛЬНЫЙ ОКРУГ,2026,3,32230.0,12739.0,8752.0,2616.0,10.4,7.72,285.9,313.5
УРАЛЬСКИЙ ФЕДЕРАЛЬНЫЙ ОКРУГ,2026,4,34814.0,12138.0,9337.0,2430.0,10.78,8.31,284.9,313.6
УРАЛЬСКИЙ ФЕДЕРАЛЬНЫЙ ОКРУГ,2026,5,32897.0,11627.0,8629.0,2308.0,10.46,7.89,285.6,313.7
УРАЛЬСКИЙ ФЕДЕРАЛЬНЫЙ ОКРУГ,2026,6,47825.0,20764.0,11507.0,4015.0,9.04,7.1,302.0,322.7
УРАЛЬСКИЙ ФЕДЕРАЛЬНЫЙ ОКРУГ,2026,7,34741.0,12347.0,9427.0,2506.0,11.25,8.26,278.0,304.5
Удмуртская Республика,2019,1,1725.0,575.0,1144.0,334.0,9.84,9.66,200.6,198.5
Удмуртская Республика,2019,2,2122.0,591.0,1391.0,329.0,10.1,9.91,203.4,202.7
Удмуртская Республика,2019,3,2317.0,601.0,1475.0,344.0,10.47,10.3,207.5,212.8
Удмуртская Республика,2019,4,2216.0,602.0,1454.0,333.0,10.63,10.06,206.2,204.4
Удмуртская Республика,2019,5,1832.0,559.0,1171.0,277.0,10.57,10.03,209.0,206.6
Удмуртская Республика,2019,6,2027.0,545.0,1279.0,260.0,10.34,9.88,214.7,214.1
Удмуртская Республика,2019,7,2253.0,521.0,1414.0,254.0,10.29,9.73,211.7,212.0
Удмуртская Республика,2019,8,2299.0,541.0,1438.0,264.0,9.82,9.25,213.7,223.4
Удмуртская Республика,2019,9,2583.0,687.0,1595.0,331.0,9.62,8.93,213.6,214.8
Удмуртская Республика,2019,10,2769.0,690.0,1701.0,340.0,9.34,8.45,212.1,221.0
Удмуртская Республика,2019,11,2811.0,802.0,1681.0,391.0,9.16,8.44,211.5,219.8
Удмуртская Республика,2019,12,3742.0,970.0,2207.0,467.0,9.1,8.41,213.0,218.1
Удмуртская Республика,2020,1,1830.0,491.0,1089.0,236.0,9.03,8.18,211.7,229.9
Удмуртская Республика,2020,2,2410.0,613.0,1404.0,286.0,8.99,8.34,215.2,227.4
Удмуртская Республика,2020,3,2862.0,902.0,1667.0,412.0,8.6,7.45,208.9,217.0
Удмуртская Республика,2020,4,2798.0,783.0,1654.0,383.0,7.88,5.9,215.0,223.7
Удмуртская Республика,2020,5,2377.0,942.0,1400.0,467.0,7.08,5.56,212.6,215.0
Удмуртская Республика,2020,6,3182.0,1452.0,1810.0,705.0,7.18,5.78,208.4,206.9
Удмуртская Республика,2020,7,3970.0,1620.0,2179.0,712.0,7.04,5.77,213.6,217.9
Удмуртская Республика,2020,8,4105.0,1626.0,2153.0,706.0,6.86,5.72,216.9,217.5
Удмуртская Республика,2020,9,5278.0,2052.0,2825.0,891.0,6.96,5.55,218.7,218.1
Удмуртская Республика,2020,10,5630.0,2162.0,2975.0,941.0,6.92,5.71,216.7,218.2
Удмуртская Республика,2020,11,4910.0,1697.0,2617.0,748.0,7.0,5.55,215.5,218.4
Удмуртская Республика,2020,12,6133.0,2155.0,3235.0,963.0,6.79,5.26,220.5,217.8
Удмуртская Республика,2021,1,2687.0,892.0,1399.0,404.0,6.96,5.78,220.0,214.8
Удмуртская Республика,2021,2,4121.0,1286.0,2108.0,529.0,6.93,5.95,224.6,225.5
Удмуртская Республика,2021,3,5097.0,1462.0,2501.0,559.0,6.78,5.84,231.4,235.4
Удмуртская Республика,2021,4,5267.0,1658.0,2614.0,643.0,7.11,5.75,231.9,233.4
Удмуртская Республика,2021,5,4365.0,1548.0,2067.0,547.0,7.18,5.52,235.9,244.6
Удмуртская Республика,2021,6,5513.0,2247.0,2483.0,793.0,6.84,5.29,238.9,240.7
Удмуртская Республика,2021,7,4827.0,1327.0,2288.0,507.0,7.09,5.65,236.7,243.0
Удмуртская Республика,2021,8,4352.0,1213.0,2061.0,453.0,7.69,5.9,239.5,244.3
Удмуртская Республика,2021,9,4985.0,1717.0,2256.0,606.0,7.24,5.7,243.0,248.8
Удмуртская Республика,2021,10,5061.0,1706.0,2283.0,639.0,7.33,5.14,247.0,248.5
Удмуртская Республика,2021,11,5462.0,2190.0,2390.0,738.0,7.23,5.24,246.8,254.3
Удмуртская Республика,2021,12,6740.0,2842.0,2891.0,1020.0,7.25,4.83,251.7,253.4
Удмуртская Республика,2022,1,3650.0,1686.0,1507.0,622.0,7.12,4.67,253.5,256.0
Удмуртская Республика,2022,2,4973.0,2498.0,1979.0,871.0,7.03,4.36,260.2,260.8
Удмуртская Республика,2022,3,7185.0,4255.0,2980.0,1613.0,6.9,5.09,262.0,265.1
Удмуртская Республика,2022,4,2120.0,1245.0,916.0,446.0,6.79,5.37,268.4,278.9
Удмуртская Республика,2022,5,1128.0,671.0,464.0,173.0,6.51,4.95,266.2,294.1
Удмуртская Республика,2022,6,2356.0,1103.0,895.0,255.0,5.71,3.74,268.6,294.8
Удмуртская Республика,2022,7,3533.0,1519.0,1333.0,329.0,6.44,3.69,269.4,287.8
Удмуртская Республика,2022,8,4675.0,1836.0,1842.0,420.0,5.99,2.87,274.2,308.2
Удмуртская Республика,2022,9,5767.0,2504.0,2054.0,582.0,5.98,3.02,284.6,308.0
Удмуртская Республика,2022,10,5796.0,2291.0,2180.0,572.0,6.18,2.64,285.9,308.6
Удмуртская Республика,2022,11,5860.0,2555.0,2180.0,653.0,6.18,3.02,288.3,313.1
Удмуртская Республика,2022,12,8310.0,4251.0,2942.0,1133.0,5.66,2.87,290.0,311.4
Удмуртская Республика,2023,1,3210.0,1190.0,1292.0,345.0,7.06,4.15,281.8,308.1
Удмуртская Республика,2023,2,4567.0,1738.0,1762.0,520.0,7.66,4.75,287.6,310.8
Удмуртская Республика,2023,3,5833.0,2426.0,2245.0,731.0,7.62,5.18,288.4,306.5
Удмуртская Республика,2023,4,5710.0,2028.0,2207.0,610.0,7.93,5.47,284.5,308.4
Удмуртская Республика,2023,5,6321.0,2456.0,2214.0,662.0,7.85,5.75,290.7,310.2
Удмуртская Республика,2023,6,6584.0,2463.0,2370.0,678.0,8.03,5.99,287.9,305.8
Удмуртская Республика,2023,7,7014.0,2892.0,2472.0,794.0,7.84,5.92,292.5,307.5
Удмуртская Республика,2023,8,9552.0,4474.0,3198.0,1233.0,7.5,5.62,298.8,316.7
Удмуртская Республика,2023,9,11173.0,6038.0,3543.0,1619.0,7.35,5.65,302.6,312.5
Удмуртская Республика,2023,10,8658.0,4102.0,2974.0,1133.0,7.78,6.02,294.7,309.8
Удмуртская Республика,2023,11,8531.0,4814.0,2921.0,1358.0,7.57,5.84,297.9,313.2
Удмуртская Республика,2023,12,9734.0,5808.0,3123.0,1563.0,7.47,6.05,305.6,316.5
Удмуртская Республика,2024,1,3241.0,1498.0,1143.0,401.0,7.97,6.19,293.3,305.8
Удмуртская Республика,2024,2,3509.0,1399.0,1320.0,367.0,8.81,6.64,293.8,311.9
Удмуртская Республика,2024,3,4997.0,2561.0,1647.0,652.0,7.96,6.17,305.6,323.5
Удмуртская Республика,2024,4,5890.0,2889.0,1934.0,752.0,7.76,6.19,305.2,324.0
Удмуртская Республика,2024,5,7106.0,3910.0,2298.0,1004.0,7.33,5.83,308.2,321.3
Удмуртская Республика,2024,6,10478.0,6768.0,3213.0,1759.0,6.78,5.82,314.7,323.2
Удмуртская Республика,2024,7,4573.0,1603.0,1681.0,375.0,8.99,5.92,298.4,329.7
Удмуртская Республика,2024,8,4717.0,2109.0,1510.0,473.0,8.32,5.48,302.9,331.2
Удмуртская Республика,2024,9,4753.0,2226.0,1397.0,477.0,8.31,6.02,309.0,330.3
Удмуртская Республика,2024,10,4730.0,2332.0,1415.0,521.0,8.66,5.54,306.0,330.8
Удмуртская Республика,2024,11,3418.0,2108.0,1101.0,492.0,8.08,5.86,312.9,333.3
Удмуртская Республика,2024,12,4005.0,2617.0,1173.0,618.0,7.68,6.08,310.3,332.2
Удмуртская Республика,2025,1,1447.0,939.0,479.0,222.0,8.13,5.99,310.0,330.4
Удмуртская Республика,2025,2,2568.0,1684.0,710.0,375.0,7.71,5.95,314.0,334.4
Удмуртская Республика,2025,3,3423.0,1970.0,923.0,432.0,7.05,5.84,320.7,331.0
Удмуртская Республика,2025,4,3466.0,1863.0,882.0,372.0,7.42,5.86,319.6,329.1
Удмуртская Республика,2025,5,3537.0,1826.0,925.0,396.0,7.13,5.57,317.4,331.6
Удмуртская Республика,2025,6,3993.0,2127.0,1005.0,452.0,7.3,5.91,318.4,335.7
Удмуртская Республика,2025,7,4330.0,2228.0,1048.0,455.0,7.02,5.73,319.6,332.5
Удмуртская Республика,2025,8,5285.0,3020.0,1271.0,615.0,7.13,5.97,320.9,331.6
Удмуртская Республика,2025,9,5063.0,2917.0,1240.0,591.0,7.64,6.29,316.4,332.1
Удмуртская Республика,2025,10,6513.0,3506.0,1616.0,721.0,7.96,6.1,313.1,331.2
Удмуртская Республика,2025,11,6746.0,4054.0,1627.0,807.0,7.37,6.1,316.5,334.1
Удмуртская Республика,2025,12,11921.0,6596.0,2775.0,1333.0,7.08,6.01,322.7,335.0
Удмуртская Республика,2026,1,5830.0,3547.0,1368.0,731.0,7.52,6.09,319.5,332.5
Удмуртская Республика,2026,2,3355.0,1370.0,960.0,287.0,10.23,7.41,293.3,325.9
Удмуртская Республика,2026,3,3562.0,1420.0,999.0,312.0,10.35,7.08,293.2,324.0
Удмуртская Республика,2026,4,4162.0,1564.0,1157.0,326.0,10.47,7.56,291.9,322.8
Удмуртская Республика,2026,5,3713.0,1483.0,1015.0,299.0,9.76,6.99,292.1,320.8
Удмуртская Республика,2026,6,6633.0,3243.0,1573.0,639.0,8.58,6.81,306.2,325.9
Удмуртская Республика,2026,7,4423.0,1643.0,1196.0,327.0,10.46,7.62,291.6,325.1
Ульяновская область,2019,1,1158.0,238.0,742.0,132.0,9.9,9.58,197.8,213.5
Ульяновская область,2019,2,1611.0,386.0,988.0,190.0,10.22,10.06,203.2,213.4
Ульяновская область,2019,3,1485.0,385.0,944.0,229.0,10.39,10.19,207.3,214.0
Ульяновская область,2019,4,1646.0,400.0,1039.0,217.0,10.66,10.25,209.8,201.2
Ульяновская область,2019,5,1228.0,341.0,778.0,172.0,10.54,10.01,213.6,223.5
Ульяновская область,2019,6,1436.0,407.0,878.0,210.0,10.24,9.77,209.7,211.2
Ульяновская область,2019,7,1417.0,337.0,895.0,184.0,10.24,9.82,209.6,207.8
Ульяновская область,2019,8,1489.0,378.0,920.0,183.0,9.9,9.53,204.8,222.0
Ульяновская область,2019,9,1584.0,365.0,991.0,192.0,9.78,9.26,212.9,206.5
Ульяновская область,2019,10,1855.0,437.0,1121.0,211.0,9.49,8.92,212.9,223.3
Ульяновская область,2019,11,1719.0,477.0,1038.0,228.0,9.21,8.52,214.4,219.5
Ульяновская область,2019,12,2177.0,494.0,1326.0,256.0,9.14,8.6,210.3,211.4
Ульяновская область,2020,1,1370.0,418.0,748.0,185.0,9.04,8.56,213.7,224.9
Ульяновская область,2020,2,1570.0,372.0,951.0,212.0,8.93,8.09,210.8,208.9
Ульяновская область,2020,3,1951.0,498.0,1085.0,213.0,8.87,8.27,215.0,219.8
Ульяновская область,2020,4,1596.0,386.0,996.0,207.0,8.45,7.45,215.0,217.9
Ульяновская область,2020,5,1363.0,510.0,819.0,265.0,7.32,5.53,208.9,213.7
Ульяновская область,2020,6,2017.0,778.0,1164.0,389.0,7.57,6.06,205.6,205.4
Ульяновская область,2020,7,2567.0,871.0,1433.0,414.0,7.34,5.81,211.8,212.7
Ульяновская область,2020,8,2422.0,822.0,1359.0,411.0,7.21,5.95,212.8,207.8
Ульяновская область,2020,9,3203.0,896.0,1768.0,405.0,7.3,5.67,212.3,210.1
Ульяновская область,2020,10,3431.0,935.0,1863.0,407.0,7.44,5.97,216.1,212.2
Ульяновская область,2020,11,3195.0,792.0,1748.0,368.0,7.39,5.8,217.6,212.5
Ульяновская область,2020,12,3530.0,1022.0,1924.0,451.0,7.4,6.1,219.1,220.9
Ульяновская область,2021,1,1530.0,449.0,823.0,204.0,7.23,5.76,218.4,222.3
Ульяновская область,2021,2,2521.0,701.0,1275.0,287.0,7.37,6.07,222.5,221.0
Ульяновская область,2021,3,3051.0,804.0,1582.0,376.0,7.12,5.7,233.8,242.9
Ульяновская область,2021,4,3181.0,821.0,1603.0,336.0,7.31,5.74,232.6,242.2
Ульяновская область,2021,5,2708.0,756.0,1282.0,282.0,7.34,5.51,237.2,253.2
Ульяновская область,2021,6,3403.0,1235.0,1538.0,410.0,6.95,5.44,242.6,253.8
Ульяновская область,2021,7,2679.0,656.0,1367.0,292.0,7.57,5.96,239.4,246.6
Ульяновская область,2021,8,2880.0,822.0,1366.0,326.0,7.7,6.11,241.3,240.3
Ульяновская область,2021,9,2975.0,837.0,1392.0,312.0,7.71,6.19,240.7,245.2
Ульяновская область,2021,10,3244.0,772.0,1495.0,312.0,7.93,6.04,244.5,239.7
Ульяновская область,2021,11,3196.0,1064.0,1415.0,396.0,7.68,5.74,246.5,248.8
Ульяновская область,2021,12,4134.0,1429.0,1757.0,514.0,7.64,5.35,249.8,252.8
Ульяновская область,2022,1,2045.0,761.0,862.0,258.0,8.19,6.23,250.6,248.9
Ульяновская область,2022,2,2874.0,1076.0,1134.0,364.0,8.22,5.9,266.9,270.6
Ульяновская область,2022,3,3515.0,1534.0,1452.0,566.0,8.13,5.68,261.3,265.2
Ульяновская область,2022,4,868.0,514.0,353.0,148.0,8.83,6.53,253.0,272.2
Ульяновская область,2022,5,763.0,478.0,239.0,105.0,6.72,4.67,277.2,295.3
Ульяновская область,2022,6,1322.0,645.0,447.0,117.0,6.4,3.54,270.1,288.1
Ульяновская область,2022,7,2229.0,999.0,755.0,206.0,7.01,3.81,273.6,298.5
Ульяновская область,2022,8,3065.0,1261.0,1091.0,271.0,6.71,3.86,276.5,309.1
Ульяновская область,2022,9,3211.0,1286.0,1145.0,278.0,6.91,3.52,278.1,307.0
Ульяновская область,2022,10,2889.0,926.0,1063.0,219.0,7.59,3.92,282.5,311.0
Ульяновская область,2022,11,2907.0,1034.0,1053.0,249.0,7.39,3.64,277.7,309.2
Ульяновская область,2022,12,4878.0,2162.0,1575.0,527.0,7.07,4.27,283.2,297.3
Ульяновская область,2023,1,1708.0,576.0,621.0,163.0,8.46,5.58,274.1,297.7
Ульяновская область,2023,2,2543.0,980.0,901.0,232.0,8.33,5.25,284.6,304.9
Ульяновская область,2023,3,3515.0,1285.0,1283.0,343.0,8.53,5.66,285.5,306.7
Ульяновская область,2023,4,3826.0,1372.0,1350.0,339.0,8.5,6.16,284.3,309.0
Ульяновская область,2023,5,3646.0,1235.0,1278.0,323.0,8.58,6.43,289.1,311.0
Ульяновская область,2023,6,3807.0,1029.0,1352.0,284.0,8.74,6.05,289.0,312.6
Ульяновская область,2023,7,3958.0,1240.0,1345.0,336.0,8.37,6.07,291.2,308.3
Ульяновская область,2023,8,5150.0,1913.0,1685.0,515.0,7.94,5.77,290.8,305.3
Ульяновская область,2023,9,6056.0,2638.0,1935.0,691.0,7.98,5.84,298.6,315.9
Ульяновская область,2023,10,5201.0,2376.0,1655.0,635.0,8.65,6.33,299.5,309.6
Ульяновская область,2023,11,4929.0,2429.0,1564.0,624.0,8.31,6.02,293.9,310.3
Ульяновская область,2023,12,5092.0,2648.0,1557.0,647.0,8.17,6.15,297.3,316.3
Ульяновская область,2024,1,1755.0,782.0,582.0,202.0,8.97,6.72,289.6,307.6
Ульяновская область,2024,2,2005.0,743.0,705.0,178.0,10.15,6.7,286.3,316.6
Ульяновская область,2024,3,2745.0,1323.0,881.0,325.0,8.57,6.32,298.7,318.4
Ульяновская область,2024,4,3041.0,1569.0,950.0,373.0,8.24,6.09,303.7,321.9
Ульяновская область,2024,5,3741.0,2097.0,1197.0,483.0,8.12,6.1,307.7,325.4
Ульяновская область,2024,6,5700.0,3914.0,1778.0,973.0,7.31,6.1,318.5,331.5
Ульяновская область,2024,7,2465.0,809.0,911.0,175.0,10.39,6.35,290.4,322.8
Ульяновская область,2024,8,2656.0,1114.0,833.0,229.0,9.27,6.02,309.9,340.2
Ульяновская область,2024,9,2655.0,1225.0,813.0,264.0,8.96,5.82,309.6,329.2
Ульяновская область,2024,10,2646.0,1411.0,827.0,284.0,9.59,5.63,307.7,334.1
Ульяновская область,2024,11,2006.0,1267.0,655.0,289.0,9.1,5.95,310.3,333.2
Ульяновская область,2024,12,1761.0,1073.0,547.0,253.0,8.83,6.42,310.5,337.3
Ульяновская область,2025,1,963.0,602.0,307.0,147.0,9.24,6.59,313.3,332.9
Ульяновская область,2025,2,1293.0,760.0,377.0,165.0,8.25,6.48,319.7,334.7
Ульяновская область,2025,3,1568.0,912.0,442.0,197.0,8.24,6.18,314.3,326.3
Ульяновская область,2025,4,1567.0,848.0,442.0,170.0,7.74,5.83,315.6,334.2
Ульяновская область,2025,5,1422.0,755.0,407.0,155.0,7.91,6.01,303.4,325.1
Ульяновская область,2025,6,1677.0,819.0,463.0,167.0,8.42,6.07,315.4,325.7
Ульяновская область,2025,7,2320.0,1319.0,609.0,263.0,7.92,6.39,313.2,330.4
Ульяновская область,2025,8,2381.0,1243.0,633.0,246.0,7.95,6.1,311.5,334.0
Ульяновская область,2025,9,2483.0,1363.0,691.0,282.0,8.53,6.28,307.3,331.9
Ульяновская область,2025,10,3310.0,1873.0,897.0,408.0,8.29,6.26,310.4,332.1
Ульяновская область,2025,11,3246.0,1933.0,885.0,416.0,8.0,5.99,314.3,335.9
Ульяновская область,2025,12,5252.0,3204.0,1339.0,682.0,8.09,6.07,314.7,333.2
Ульяновская область,2026,1,2942.0,1823.0,752.0,396.0,7.9,6.23,321.5,339.1
Ульяновская область,2026,2,1724.0,732.0,548.0,151.0,11.14,7.51,289.8,325.4
Ульяновская область,2026,3,1924.0,771.0,571.0,167.0,10.94,7.13,289.1,326.1
Ульяновская область,2026,4,2103.0,702.0,637.0,157.0,10.74,7.07,286.6,315.9
Ульяновская область,2026,5,1851.0,701.0,570.0,150.0,11.0,7.45,283.5,320.7
Ульяновская область,2026,6,2722.0,1256.0,727.0,262.0,9.42,6.41,305.1,331.1
Ульяновская область,2026,7,2375.0,694.0,715.0,147.0,11.45,6.62,279.4,316.0
Хабаровский край,2019,1,1657.0,311.0,690.0,120.0,9.82,9.77,209.7,207.0
Хабаровский край,2019,2,2161.0,423.0,912.0,146.0,10.16,10.1,207.3,200.3
Хабаровский край,2019,3,2164.0,389.0,953.0,144.0,10.42,10.32,214.3,199.1
Хабаровский край,2019,4,2362.0,354.0,985.0,126.0,10.61,10.4,214.5,210.0
Хабаровский край,2019,5,1910.0,317.0,813.0,120.0,10.64,10.37,220.7,203.4
Хабаровский край,2019,6,2487.0,478.0,1028.0,160.0,10.37,9.88,215.8,222.4
Хабаровский край,2019,7,2468.0,355.0,985.0,117.0,10.26,9.9,213.4,216.6
Хабаровский край,2019,8,2482.0,558.0,1026.0,179.0,9.99,9.77,213.5,209.4
Хабаровский край,2019,9,2694.0,701.0,1088.0,246.0,9.7,9.12,216.3,208.3
Хабаровский край,2019,10,2971.0,586.0,1203.0,202.0,9.36,8.75,219.6,219.9
Хабаровский край,2019,11,2737.0,532.0,1124.0,193.0,9.27,8.48,215.4,223.8
Хабаровский край,2019,12,3593.0,647.0,1398.0,188.0,8.91,7.14,216.7,216.8
Хабаровский край,2020,1,2122.0,724.0,806.0,212.0,7.53,4.56,221.5,221.6
Хабаровский край,2020,2,3053.0,939.0,1128.0,254.0,7.28,4.85,218.9,229.8
Хабаровский край,2020,3,3357.0,672.0,1276.0,195.0,7.91,5.6,217.5,224.8
Хабаровский край,2020,4,2801.0,431.0,1094.0,135.0,8.09,5.36,219.9,218.3
Хабаровский край,2020,5,2763.0,747.0,1032.0,201.0,7.13,4.41,217.7,224.0
Хабаровский край,2020,6,3619.0,1099.0,1312.0,311.0,7.01,4.33,222.8,221.9
Хабаровский край,2020,7,4505.0,1383.0,1632.0,362.0,6.9,4.6,219.6,216.9
Хабаровский край,2020,8,4219.0,1185.0,1503.0,319.0,7.04,4.98,218.8,215.6
Хабаровский край,2020,9,5139.0,1391.0,1830.0,382.0,7.16,4.79,217.9,213.6
Хабаровский край,2020,10,5458.0,1580.0,1887.0,403.0,7.06,4.86,223.8,219.6
Хабаровский край,2020,11,5509.0,1551.0,1846.0,393.0,7.04,4.79,222.1,212.6
Хабаровский край,2020,12,6192.0,1781.0,2045.0,441.0,6.92,4.73,230.3,227.7
Хабаровский край,2021,1,2992.0,910.0,970.0,219.0,6.99,4.7,230.9,222.2
Хабаровский край,2021,2,4121.0,1082.0,1360.0,272.0,7.1,4.73,229.9,223.8
Хабаровский край,2021,3,5269.0,1392.0,1688.0,339.0,6.9,4.67,236.7,241.8
Хабаровский край,2021,4,5822.0,1451.0,1851.0,351.0,7.14,4.91,239.2,234.4
Хабаровский край,2021,5,4941.0,1179.0,1552.0,287.0,7.03,4.67,237.8,244.0
Хабаровский край,2021,6,6052.0,1973.0,1878.0,464.0,6.71,4.56,241.4,244.9
Хабаровский край,2021,7,5428.0,1362.0,1640.0,343.0,7.09,4.61,248.5,244.7
Хабаровский край,2021,8,5137.0,1443.0,1546.0,341.0,7.12,5.02,245.1,236.8
Хабаровский край,2021,9,5795.0,1847.0,1672.0,434.0,7.05,4.7,247.0,243.4
Хабаровский край,2021,10,5578.0,1687.0,1637.0,385.0,6.8,3.87,249.9,245.7
Хабаровский край,2021,11,5941.0,1919.0,1685.0,436.0,6.73,3.45,256.3,251.2
Хабаровский край,2021,12,7058.0,2307.0,1969.0,525.0,6.73,3.05,256.7,245.6
Хабаровский край,2022,1,3940.0,1422.0,1094.0,324.0,6.89,3.98,255.8,255.5
Хабаровский край,2022,2,4967.0,1717.0,1391.0,376.0,7.27,3.53,262.5,253.6
Хабаровский край,2022,3,6302.0,2515.0,1772.0,590.0,6.96,3.32,254.0,250.8
Хабаровский край,2022,4,2610.0,1295.0,772.0,293.0,5.34,3.18,243.5,249.3
Хабаровский край,2022,5,1786.0,1073.0,470.0,201.0,4.94,3.54,252.5,257.9
Хабаровский край,2022,6,2794.0,1264.0,746.0,228.0,6.31,3.61,256.1,277.1
Хабаровский край,2022,7,3774.0,1520.0,1042.0,303.0,6.68,3.49,258.5,266.0
Хабаровский край,2022,8,5097.0,2227.0,1320.0,410.0,6.24,3.18,260.5,269.8
Хабаровский край,2022,9,6175.0,2850.0,1528.0,453.0,6.53,3.68,270.8,272.2
Хабаровский край,2022,10,5233.0,1713.0,1432.0,306.0,7.17,3.38,268.2,271.1
Хабаровский край,2022,11,5469.0,2013.0,1423.0,373.0,6.74,2.86,264.7,275.7
Хабаровский край,2022,12,7370.0,3014.0,1821.0,526.0,6.91,3.28,274.6,283.5
Хабаровский край,2023,1,3185.0,1137.0,871.0,221.0,7.43,3.53,263.9,272.7
Хабаровский край,2023,2,4488.0,1798.0,1191.0,350.0,7.48,3.82,269.9,267.9
Хабаровский край,2023,3,6062.0,2347.0,1628.0,450.0,7.62,4.21,272.2,271.8
Хабаровский край,2023,4,6022.0,2240.0,1582.0,431.0,7.75,4.22,271.0,274.7
Хабаровский край,2023,5,7087.0,2869.0,1772.0,560.0,7.4,4.33,270.3,271.9
Хабаровский край,2023,6,7351.0,2815.0,1865.0,552.0,7.46,4.36,275.3,274.0
Хабаровский край,2023,7,6941.0,2818.0,1796.0,596.0,7.52,4.63,277.1,276.2
Хабаровский край,2023,8,8743.0,4048.0,2110.0,805.0,7.37,4.76,277.2,280.4
Хабаровский край,2023,9,10318.0,5444.0,2444.0,1048.0,7.01,4.47,278.1,279.3
Хабаровский край,2023,10,8180.0,4332.0,2005.0,850.0,7.46,4.76,275.3,277.3
Хабаровский край,2023,11,7423.0,4157.0,1825.0,830.0,7.41,4.81,274.6,279.6
Хабаровский край,2023,12,8400.0,5291.0,1969.0,1038.0,6.67,4.51,271.1,275.2
Хабаровский край,2024,1,3404.0,2071.0,813.0,370.0,6.7,4.58,262.9,269.0
Хабаровский край,2024,2,3770.0,2015.0,946.0,363.0,7.87,4.32,262.5,263.3
Хабаровский край,2024,3,4495.0,2710.0,1074.0,486.0,7.15,4.5,269.9,273.7
Хабаровский край,2024,4,5048.0,3026.0,1218.0,540.0,6.93,4.53,267.6,267.5
Хабаровский край,2024,5,6435.0,4084.0,1514.0,743.0,6.6,4.5,274.0,280.8
Хабаровский край,2024,6,8648.0,5893.0,1930.0,1088.0,6.44,4.94,284.5,291.5
Хабаровский край,2024,7,5308.0,2786.0,1332.0,470.0,7.34,2.91,254.7,251.0
Хабаровский край,2024,8,5154.0,2939.0,1173.0,496.0,6.92,3.75,255.7,256.7
Хабаровский край,2024,9,4698.0,2826.0,1100.0,485.0,6.92,3.75,260.2,264.5
Хабаровский край,2024,10,4839.0,3090.0,1145.0,526.0,7.35,3.63,255.6,259.1
Хабаровский край,2024,11,4168.0,3229.0,930.0,553.0,5.45,3.02,254.5,255.5
Хабаровский край,2024,12,4169.0,3265.0,924.0,575.0,5.91,3.68,256.4,261.7
Хабаровский край,2025,1,1643.0,1344.0,396.0,246.0,5.82,4.01,254.6,263.0
Хабаровский край,2025,2,2860.0,2296.0,643.0,402.0,5.73,3.78,259.2,265.9
Хабаровский край,2025,3,3334.0,2552.0,749.0,453.0,5.75,3.81,258.7,264.1
Хабаровский край,2025,4,4288.0,3046.0,884.0,507.0,5.2,3.65,260.8,263.8
Хабаровский край,2025,5,4211.0,2941.0,851.0,483.0,5.34,3.74,255.2,259.0
Хабаровский край,2025,6,4578.0,3048.0,954.0,514.0,5.35,3.2,254.9,255.1
Хабаровский край,2025,7,5317.0,3721.0,1058.0,611.0,4.97,3.28,253.6,256.0
Хабаровский край,2025,8,5322.0,3610.0,1061.0,588.0,5.27,3.59,254.8,258.5
Хабаровский край,2025,9,5019.0,3363.0,1045.0,564.0,6.04,4.04,255.5,261.9
Хабаровский край,2025,10,5542.0,3670.0,1168.0,607.0,6.46,4.19,255.3,261.8
Хабаровский край,2025,11,5098.0,3454.0,1025.0,572.0,6.5,4.14,266.1,272.0
Хабаровский край,2025,12,7815.0,5412.0,1535.0,892.0,6.21,4.04,262.7,271.6
Хабаровский край,2026,1,4030.0,2913.0,791.0,478.0,5.77,4.17,266.5,270.7
Хабаровский край,2026,2,4511.0,2727.0,934.0,449.0,6.92,3.41,245.5,249.8
Хабаровский край,2026,3,4930.0,3113.0,1055.0,496.0,6.9,3.49,242.8,244.7
Хабаровский край,2026,4,5046.0,3085.0,1090.0,514.0,6.75,3.6,241.3,246.1
Хабаровский край,2026,5,4157.0,2374.0,915.0,394.0,7.29,3.45,244.5,249.0
Хабаровский край,2026,6,4744.0,2631.0,988.0,446.0,7.38,4.71,259.7,266.4
Хабаровский край,2026,7,4772.0,2657.0,1014.0,431.0,7.33,3.73,248.1,253.9
ЦЕНТРАЛЬНЫЙ ФЕДЕРАЛЬНЫЙ ОКРУГ,2019,1,56585.0,22733.0,20599.0,7114.0,9.89,9.6,211.9,217.4
ЦЕНТРАЛЬНЫЙ ФЕДЕРАЛЬНЫЙ ОКРУГ,2019,2,77310.0,29864.0,26955.0,9005.0,10.15,9.84,217.3,220.6
ЦЕНТРАЛЬНЫЙ ФЕДЕРАЛЬНЫЙ ОКРУГ,2019,3,75875.0,29070.0,26168.0,8521.0,10.41,9.98,218.5,222.6
ЦЕНТРАЛЬНЫЙ ФЕДЕРАЛЬНЫЙ ОКРУГ,2019,4,81252.0,30231.0,27727.0,8747.0,10.52,9.99,219.3,218.5
ЦЕНТРАЛЬНЫЙ ФЕДЕРАЛЬНЫЙ ОКРУГ,2019,5,62836.0,25905.0,21353.0,7261.0,10.5,9.93,218.4,220.7
ЦЕНТРАЛЬНЫЙ ФЕДЕРАЛЬНЫЙ ОКРУГ,2019,6,70766.0,28003.0,24008.0,8046.0,10.24,9.69,220.3,222.5
ЦЕНТРАЛЬНЫЙ ФЕДЕРАЛЬНЫЙ ОКРУГ,2019,7,73107.0,25465.0,24625.0,6973.0,10.21,9.55,220.3,224.6
ЦЕНТРАЛЬНЫЙ ФЕДЕРАЛЬНЫЙ ОКРУГ,2019,8,76363.0,28602.0,26620.0,8239.0,9.86,9.24,221.2,223.0
ЦЕНТРАЛЬНЫЙ ФЕДЕРАЛЬНЫЙ ОКРУГ,2019,9,77157.0,30399.0,26269.0,8572.0,9.65,9.07,221.7,224.9
ЦЕНТРАЛЬНЫЙ ФЕДЕРАЛЬНЫЙ ОКРУГ,2019,10,91065.0,34706.0,29988.0,9540.0,9.37,8.75,222.7,227.9
ЦЕНТРАЛЬНЫЙ ФЕДЕРАЛЬНЫЙ ОКРУГ,2019,11,92840.0,34703.0,30267.0,9410.0,9.16,8.49,221.7,226.0
ЦЕНТРАЛЬНЫЙ ФЕДЕРАЛЬНЫЙ ОКРУГ,2019,12,122561.0,41296.0,38304.0,10887.0,9.0,8.21,222.5,229.2
ЦЕНТРАЛЬНЫЙ ФЕДЕРАЛЬНЫЙ ОКРУГ,2020,1,68558.0,27243.0,21427.0,7044.0,8.9,8.18,223.3,232.7
ЦЕНТРАЛЬНЫЙ ФЕДЕРАЛЬНЫЙ ОКРУГ,2020,2,98429.0,35733.0,29910.0,8816.0,8.84,8.13,225.3,236.0
ЦЕНТРАЛЬНЫЙ ФЕДЕРАЛЬНЫЙ ОКРУГ,2020,3,114852.0,40625.0,33885.0,9915.0,8.74,8.01,224.5,235.2
ЦЕНТРАЛЬНЫЙ ФЕДЕРАЛЬНЫЙ ОКРУГ,2020,4,60693.0,18572.0,21066.0,5277.0,8.47,6.91,223.4,229.9
ЦЕНТРАЛЬНЫЙ ФЕДЕРАЛЬНЫЙ ОКРУГ,2020,5,61415.0,26399.0,20642.0,7614.0,7.34,5.43,218.7,218.3
ЦЕНТРАЛЬНЫЙ ФЕДЕРАЛЬНЫЙ ОКРУГ,2020,6,93780.0,37532.0,30222.0,10435.0,7.68,6.17,220.4,222.5
ЦЕНТРАЛЬНЫЙ ФЕДЕРАЛЬНЫЙ ОКРУГ,2020,7,126005.0,52477.0,38509.0,13274.0,7.4,5.92,223.8,227.8
ЦЕНТРАЛЬНЫЙ ФЕДЕРАЛЬНЫЙ ОКРУГ,2020,8,137473.0,57501.0,41052.0,14117.0,7.27,5.85,224.8,227.8
ЦЕНТРАЛЬНЫЙ ФЕДЕРАЛЬНЫЙ ОКРУГ,2020,9,168119.0,64920.0,49547.0,15313.0,7.35,5.97,226.1,229.7
ЦЕНТРАЛЬНЫЙ ФЕДЕРАЛЬНЫЙ ОКРУГ,2020,10,181409.0,69468.0,52133.0,15949.0,7.34,5.95,227.7,231.6
ЦЕНТРАЛЬНЫЙ ФЕДЕРАЛЬНЫЙ ОКРУГ,2020,11,166733.0,60978.0,46828.0,13607.0,7.39,5.97,229.1,232.1
ЦЕНТРАЛЬНЫЙ ФЕДЕРАЛЬНЫЙ ОКРУГ,2020,12,187038.0,64354.0,51657.0,14527.0,7.42,5.9,230.8,234.1
ЦЕНТРАЛЬНЫЙ ФЕДЕРАЛЬНЫЙ ОКРУГ,2021,1,90059.0,36806.0,24459.0,8069.0,7.26,5.96,232.7,236.3
ЦЕНТРАЛЬНЫЙ ФЕДЕРАЛЬНЫЙ ОКРУГ,2021,2,141141.0,55493.0,36662.0,11234.0,7.37,6.09,235.6,240.6
ЦЕНТРАЛЬНЫЙ ФЕДЕРАЛЬНЫЙ ОКРУГ,2021,3,170825.0,63038.0,44089.0,12574.0,7.36,6.08,239.7,249.2
ЦЕНТРАЛЬНЫЙ ФЕДЕРАЛЬНЫЙ ОКРУГ,2021,4,191473.0,71896.0,47953.0,13795.0,7.39,6.03,244.1,251.5
ЦЕНТРАЛЬНЫЙ ФЕДЕРАЛЬНЫЙ ОКРУГ,2021,5,143555.0,55632.0,36059.0,10789.0,7.33,5.84,245.8,255.5
ЦЕНТРАЛЬНЫЙ ФЕДЕРАЛЬНЫЙ ОКРУГ,2021,6,182843.0,80785.0,44138.0,15235.0,7.17,5.69,249.5,256.9
ЦЕНТРАЛЬНЫЙ ФЕДЕРАЛЬНЫЙ ОКРУГ,2021,7,138252.0,40499.0,35604.0,7818.0,7.91,6.56,247.4,253.7
ЦЕНТРАЛЬНЫЙ ФЕДЕРАЛЬНЫЙ ОКРУГ,2021,8,140575.0,48106.0,35596.0,9462.0,7.92,6.6,249.7,256.1
ЦЕНТРАЛЬНЫЙ ФЕДЕРАЛЬНЫЙ ОКРУГ,2021,9,154346.0,57704.0,37735.0,10953.0,7.85,6.48,252.2,257.5
ЦЕНТРАЛЬНЫЙ ФЕДЕРАЛЬНЫЙ ОКРУГ,2021,10,163315.0,61594.0,38830.0,11538.0,7.78,6.21,255.6,260.8
ЦЕНТРАЛЬНЫЙ ФЕДЕРАЛЬНЫЙ ОКРУГ,2021,11,168775.0,68348.0,38050.0,12321.0,7.62,6.03,259.0,266.9
ЦЕНТРАЛЬНЫЙ ФЕДЕРАЛЬНЫЙ ОКРУГ,2021,12,211380.0,85153.0,46621.0,15364.0,7.9,6.19,261.3,266.9
ЦЕНТРАЛЬНЫЙ ФЕДЕРАЛЬНЫЙ ОКРУГ,2022,1,107274.0,50067.0,23150.0,9105.0,7.97,6.32,266.4,271.7
ЦЕНТРАЛЬНЫЙ ФЕДЕРАЛЬНЫЙ ОКРУГ,2022,2,161186.0,70889.0,33588.0,12416.0,8.21,6.35,268.6,274.6
ЦЕНТРАЛЬНЫЙ ФЕДЕРАЛЬНЫЙ ОКРУГ,2022,3,150141.0,69326.0,36200.0,14894.0,8.35,5.99,271.3,277.3
ЦЕНТРАЛЬНЫЙ ФЕДЕРАЛЬНЫЙ ОКРУГ,2022,4,50847.0,30501.0,11728.0,5441.0,8.05,5.86,267.4,281.0
ЦЕНТРАЛЬНЫЙ ФЕДЕРАЛЬНЫЙ ОКРУГ,2022,5,52957.0,38031.0,9822.0,5413.0,5.15,3.06,279.7,294.9
ЦЕНТРАЛЬНЫЙ ФЕДЕРАЛЬНЫЙ ОКРУГ,2022,6,92133.0,55608.0,16392.0,7215.0,5.75,3.31,271.9,296.9
ЦЕНТРАЛЬНЫЙ ФЕДЕРАЛЬНЫЙ ОКРУГ,2022,7,116115.0,61984.0,22091.0,8143.0,6.24,3.5,282.1,303.3
ЦЕНТРАЛЬНЫЙ ФЕДЕРАЛЬНЫЙ ОКРУГ,2022,8,147713.0,72744.0,28547.0,9600.0,6.2,3.22,285.0,308.8
ЦЕНТРАЛЬНЫЙ ФЕДЕРАЛЬНЫЙ ОКРУГ,2022,9,160316.0,75280.0,30968.0,10076.0,6.36,3.32,285.9,308.8
ЦЕНТРАЛЬНЫЙ ФЕДЕРАЛЬНЫЙ ОКРУГ,2022,10,125841.0,43122.0,26913.0,6361.0,7.26,3.49,282.1,310.2
ЦЕНТРАЛЬНЫЙ ФЕДЕРАЛЬНЫЙ ОКРУГ,2022,11,138848.0,59260.0,28317.0,8757.0,6.78,3.21,288.1,310.0
ЦЕНТРАЛЬНЫЙ ФЕДЕРАЛЬНЫЙ ОКРУГ,2022,12,207255.0,98110.0,38888.0,13973.0,6.38,3.14,293.1,315.1
ЦЕНТРАЛЬНЫЙ ФЕДЕРАЛЬНЫЙ ОКРУГ,2023,1,82084.0,32767.0,17076.0,5003.0,7.89,5.07,287.8,310.5
ЦЕНТРАЛЬНЫЙ ФЕДЕРАЛЬНЫЙ ОКРУГ,2023,2,128388.0,54471.0,26351.0,8347.0,8.04,5.41,289.9,309.2
ЦЕНТРАЛЬНЫЙ ФЕДЕРАЛЬНЫЙ ОКРУГ,2023,3,168616.0,67464.0,34912.0,11229.0,8.34,5.77,288.1,308.4
ЦЕНТРАЛЬНЫЙ ФЕДЕРАЛЬНЫЙ ОКРУГ,2023,4,170231.0,62634.0,35217.0,10332.0,8.65,6.28,286.7,305.3
ЦЕНТРАЛЬНЫЙ ФЕДЕРАЛЬНЫЙ ОКРУГ,2023,5,167456.0,63457.0,34822.0,10377.0,8.55,6.27,290.3,308.0
ЦЕНТРАЛЬНЫЙ ФЕДЕРАЛЬНЫЙ ОКРУГ,2023,6,184152.0,68755.0,37890.0,11081.0,8.59,6.36,290.7,310.2
ЦЕНТРАЛЬНЫЙ ФЕДЕРАЛЬНЫЙ ОКРУГ,2023,7,188441.0,78189.0,38770.0,12911.0,8.34,6.22,293.1,310.5
ЦЕНТРАЛЬНЫЙ ФЕДЕРАЛЬНЫЙ ОКРУГ,2023,8,246543.0,112116.0,49314.0,18580.0,8.17,6.13,295.8,310.8
ЦЕНТРАЛЬНЫЙ ФЕДЕРАЛЬНЫЙ ОКРУГ,2023,9,272456.0,136418.0,53969.0,22024.0,8.01,5.99,301.1,315.1
ЦЕНТРАЛЬНЫЙ ФЕДЕРАЛЬНЫЙ ОКРУГ,2023,10,220272.0,108553.0,45190.0,17643.0,8.44,6.32,297.9,313.1
ЦЕНТРАЛЬНЫЙ ФЕДЕРАЛЬНЫЙ ОКРУГ,2023,11,204800.0,109663.0,42844.0,18392.0,8.39,6.31,301.6,317.0
ЦЕНТРАЛЬНЫЙ ФЕДЕРАЛЬНЫЙ ОКРУГ,2023,12,225537.0,131985.0,44811.0,21233.0,8.09,6.27,306.0,319.0
ЦЕНТРАЛЬНЫЙ ФЕДЕРАЛЬНЫЙ ОКРУГ,2024,1,75526.0,37584.0,16819.0,6170.0,8.69,6.33,297.5,315.7
ЦЕНТРАЛЬНЫЙ ФЕДЕРАЛЬНЫЙ ОКРУГ,2024,2,97471.0,43108.0,21949.0,6832.0,9.67,6.7,295.1,313.9
ЦЕНТРАЛЬНЫЙ ФЕДЕРАЛЬНЫЙ ОКРУГ,2024,3,137592.0,73372.0,27947.0,10913.0,8.69,6.49,302.4,318.9
ЦЕНТРАЛЬНЫЙ ФЕДЕРАЛЬНЫЙ ОКРУГ,2024,4,140194.0,72382.0,29455.0,11199.0,8.69,6.46,302.2,317.8
ЦЕНТРАЛЬНЫЙ ФЕДЕРАЛЬНЫЙ ОКРУГ,2024,5,158925.0,90837.0,33891.0,14458.0,8.32,6.39,306.4,321.1
ЦЕНТРАЛЬНЫЙ ФЕДЕРАЛЬНЫЙ ОКРУГ,2024,6,223717.0,138070.0,47441.0,23185.0,7.84,6.4,312.7,323.3
ЦЕНТРАЛЬНЫЙ ФЕДЕРАЛЬНЫЙ ОКРУГ,2024,7,100722.0,36482.0,24040.0,5075.0,10.9,6.77,294.2,324.6
ЦЕНТРАЛЬНЫЙ ФЕДЕРАЛЬНЫЙ ОКРУГ,2024,8,106809.0,50596.0,22529.0,7200.0,9.92,7.0,305.4,329.4
ЦЕНТРАЛЬНЫЙ ФЕДЕРАЛЬНЫЙ ОКРУГ,2024,9,103950.0,54207.0,21010.0,7786.0,9.38,6.64,309.0,330.2
ЦЕНТРАЛЬНЫЙ ФЕДЕРАЛЬНЫЙ ОКРУГ,2024,10,112910.0,61039.0,22849.0,8814.0,9.83,6.45,304.2,329.0
ЦЕНТРАЛЬНЫЙ ФЕДЕРАЛЬНЫЙ ОКРУГ,2024,11,80681.0,48813.0,16852.0,7398.0,9.23,6.34,306.7,326.8
ЦЕНТРАЛЬНЫЙ ФЕДЕРАЛЬНЫЙ ОКРУГ,2024,12,86563.0,55677.0,17269.0,8576.0,8.67,6.2,306.1,327.4
ЦЕНТРАЛЬНЫЙ ФЕДЕРАЛЬНЫЙ ОКРУГ,2025,1,44179.0,31856.0,8836.0,4920.0,8.48,6.45,310.9,326.2
ЦЕНТРАЛЬНЫЙ ФЕДЕРАЛЬНЫЙ ОКРУГ,2025,2,78929.0,55410.0,14611.0,8453.0,7.94,6.33,313.1,326.7
ЦЕНТРАЛЬНЫЙ ФЕДЕРАЛЬНЫЙ ОКРУГ,2025,3,83468.0,57191.0,15098.0,8617.0,7.91,6.42,312.6,326.1
ЦЕНТРАЛЬНЫЙ ФЕДЕРАЛЬНЫЙ ОКРУГ,2025,4,90426.0,53900.0,16220.0,8007.0,8.07,6.47,309.4,324.6
ЦЕНТРАЛЬНЫЙ ФЕДЕРАЛЬНЫЙ ОКРУГ,2025,5,87918.0,56386.0,15613.0,8186.0,8.06,6.55,311.3,323.7
ЦЕНТРАЛЬНЫЙ ФЕДЕРАЛЬНЫЙ ОКРУГ,2025,6,88408.0,54667.0,15923.0,7921.0,8.14,6.71,311.7,326.0
ЦЕНТРАЛЬНЫЙ ФЕДЕРАЛЬНЫЙ ОКРУГ,2025,7,101565.0,59471.0,18150.0,8752.0,8.16,6.61,309.4,326.3
ЦЕНТРАЛЬНЫЙ ФЕДЕРАЛЬНЫЙ ОКРУГ,2025,8,111034.0,66831.0,19982.0,9687.0,8.27,6.74,308.5,325.7
ЦЕНТРАЛЬНЫЙ ФЕДЕРАЛЬНЫЙ ОКРУГ,2025,9,119071.0,73857.0,21007.0,10400.0,8.73,7.18,305.9,323.9
ЦЕНТРАЛЬНЫЙ ФЕДЕРАЛЬНЫЙ ОКРУГ,2025,10,142125.0,84513.0,25624.0,12282.0,8.98,7.1,304.4,325.5
ЦЕНТРАЛЬНЫЙ ФЕДЕРАЛЬНЫЙ ОКРУГ,2025,11,151335.0,96147.0,26239.0,13740.0,8.53,6.83,310.0,329.4
ЦЕНТРАЛЬНЫЙ ФЕДЕРАЛЬНЫЙ ОКРУГ,2025,12,233549.0,142677.0,39891.0,20577.0,8.18,6.7,313.3,329.4
ЦЕНТРАЛЬНЫЙ ФЕДЕРАЛЬНЫЙ ОКРУГ,2026,1,128060.0,79868.0,20795.0,11100.0,8.14,6.88,314.9,328.8
ЦЕНТРАЛЬНЫЙ ФЕДЕРАЛЬНЫЙ ОКРУГ,2026,2,81806.0,34385.0,16092.0,5084.0,11.17,8.01,284.3,314.9
ЦЕНТРАЛЬНЫЙ ФЕДЕРАЛЬНЫЙ ОКРУГ,2026,3,98676.0,43720.0,18614.0,6192.0,11.0,8.21,287.5,314.2
ЦЕНТРАЛЬНЫЙ ФЕДЕРАЛЬНЫЙ ОКРУГ,2026,4,106646.0,45482.0,20316.0,6599.0,11.38,8.43,282.7,312.1
ЦЕНТРАЛЬНЫЙ ФЕДЕРАЛЬНЫЙ ОКРУГ,2026,5,102159.0,44971.0,18915.0,6324.0,11.19,8.49,284.1,308.7
ЦЕНТРАЛЬНЫЙ ФЕДЕРАЛЬНЫЙ ОКРУГ,2026,6,148985.0,74181.0,25389.0,10188.0,9.65,7.56,297.0,319.6
ЦЕНТРАЛЬНЫЙ ФЕДЕРАЛЬНЫЙ ОКРУГ,2026,7,106081.0,40890.0,20471.0,5892.0,11.5,8.38,279.1,305.3
Челябинская область,2019,1,3443.0,686.0,2293.0,385.0,9.98,9.63,181.4,193.6
Челябинская область,2019,2,4510.0,909.0,3046.0,487.0,10.29,10.11,186.4,195.7
Челябинская область,2019,3,4720.0,1057.0,3083.0,478.0,10.5,10.19,186.3,188.9
Челябинская область,2019,4,4689.0,803.0,3209.0,413.0,10.68,10.39,191.8,199.2
Челябинская область,2019,5,3840.0,762.0,2580.0,383.0,10.62,10.05,190.9,206.1
Челябинская область,2019,6,4373.0,844.0,2825.0,408.0,10.48,10.04,197.7,198.7
Челябинская область,2019,7,4350.0,695.0,2874.0,356.0,10.34,9.91,198.7,215.1
Челябинская область,2019,8,4861.0,967.0,3198.0,467.0,10.08,9.48,193.0,195.1
Челябинская область,2019,9,4978.0,1011.0,3268.0,472.0,9.89,9.37,193.4,200.8
Челябинская область,2019,10,5559.0,990.0,3628.0,503.0,9.57,8.9,192.5,205.8
Челябинская область,2019,11,5400.0,1016.0,3477.0,456.0,9.4,8.75,194.4,213.8
Челябинская область,2019,12,7043.0,1196.0,4572.0,560.0,9.29,8.43,194.7,216.4
Челябинская область,2020,1,3491.0,698.0,2164.0,280.0,9.22,8.54,192.8,208.6
Челябинская область,2020,2,5173.0,872.0,3288.0,389.0,9.13,8.35,194.3,208.3
Челябинская область,2020,3,5700.0,1006.0,3569.0,453.0,8.98,8.0,195.1,216.0
Челябинская область,2020,4,4692.0,825.0,2999.0,352.0,8.8,7.53,188.0,195.0
Челябинская область,2020,5,4254.0,952.0,2680.0,466.0,8.07,6.32,192.6,199.2
Челябинская область,2020,6,5788.0,1598.0,3630.0,742.0,7.85,6.28,191.1,198.2
Челябинская область,2020,7,6932.0,1851.0,4163.0,808.0,7.65,6.12,197.9,212.7
Челябинская область,2020,8,8086.0,2381.0,4618.0,954.0,7.42,6.0,197.8,206.8
Челябинская область,2020,9,9570.0,2383.0,5605.0,978.0,7.53,6.22,199.3,212.1
Челябинская область,2020,10,10003.0,2272.0,5836.0,960.0,7.53,6.14,197.3,209.0
Челябинская область,2020,11,8974.0,1874.0,5189.0,764.0,7.6,6.2,196.1,206.1
Челябинская область,2020,12,10898.0,2212.0,6137.0,904.0,7.47,5.89,201.1,214.6
Челябинская область,2021,1,4919.0,1104.0,2692.0,423.0,7.41,6.15,208.6,223.4
Челябинская область,2021,2,7552.0,1467.0,4287.0,610.0,7.4,5.97,203.3,212.3
Челябинская область,2021,3,9328.0,2014.0,5035.0,742.0,7.33,6.07,210.8,227.1
Челябинская область,2021,4,10132.0,2377.0,5427.0,886.0,7.54,5.93,212.8,228.9
Челябинская область,2021,5,8090.0,1910.0,4231.0,678.0,7.41,5.73,215.1,238.7
Челябинская область,2021,6,10272.0,3245.0,5144.0,1135.0,7.06,5.63,215.1,232.0
Челябинская область,2021,7,9125.0,2018.0,4780.0,742.0,7.71,6.43,215.2,233.0
Челябинская область,2021,8,8712.0,1786.0,4542.0,678.0,7.89,6.43,219.2,230.4
Челябинская область,2021,9,9187.0,2055.0,4780.0,799.0,7.96,6.43,218.1,231.1
Челябинская область,2021,10,9539.0,2200.0,4618.0,780.0,7.92,6.26,223.8,240.6
Челябинская область,2021,11,9422.0,2531.0,4464.0,824.0,8.0,6.29,228.1,239.3
Челябинская область,2021,12,12073.0,3607.0,5678.0,1274.0,7.95,5.79,226.0,237.3
Челябинская область,2022,1,5797.0,1679.0,2703.0,609.0,8.37,6.09,233.3,243.7
Челябинская область,2022,2,8991.0,2626.0,4008.0,924.0,8.47,6.22,238.4,249.2
Челябинская область,2022,3,10030.0,3558.0,4590.0,1342.0,8.52,5.98,238.9,246.3
Челябинская область,2022,4,2802.0,1156.0,1471.0,419.0,8.65,6.25,228.8,254.3
Челябинская область,2022,5,2139.0,857.0,1029.0,213.0,8.15,4.64,239.3,281.6
Челябинская область,2022,6,4414.0,1595.0,1930.0,322.0,7.82,4.6,235.8,274.4
Челябинская область,2022,7,6052.0,1736.0,2701.0,419.0,7.96,4.61,240.3,279.3
Челябинская область,2022,8,8780.0,2420.0,3704.0,537.0,7.87,4.54,248.3,282.2
Челябинская область,2022,9,10493.0,3159.0,4230.0,696.0,7.65,4.0,256.6,290.9
Челябинская область,2022,10,9766.0,2356.0,4046.0,575.0,7.94,3.89,255.9,292.6
Челябинская область,2022,11,9814.0,2849.0,3955.0,717.0,8.13,4.49,254.5,284.4
Челябинская область,2022,12,14247.0,4738.0,5312.0,1118.0,7.64,4.32,264.4,293.5
Челябинская область,2023,1,5295.0,1374.0,2210.0,344.0,8.9,5.72,256.2,282.4
Челябинская область,2023,2,8586.0,1781.0,3639.0,443.0,9.01,5.55,255.3,287.9
Челябинская область,2023,3,12276.0,3012.0,5111.0,814.0,8.8,6.1,260.3,290.4
Челябинская область,2023,4,12229.0,2875.0,4887.0,789.0,8.95,6.23,262.0,293.6
Челябинская область,2023,5,12447.0,3313.0,4942.0,864.0,8.89,6.42,263.3,294.7
Челябинская область,2023,6,13961.0,3761.0,5585.0,968.0,8.91,6.39,261.3,292.6
Челябинская область,2023,7,14629.0,4323.0,5606.0,1122.0,8.79,6.46,265.0,295.3
Челябинская область,2023,8,18610.0,6733.0,6848.0,1786.0,8.48,6.08,269.0,293.5
Челябинская область,2023,9,21032.0,8965.0,7197.0,2329.0,8.43,6.19,277.5,294.6
Челябинская область,2023,10,16054.0,6254.0,5833.0,1599.0,8.95,6.47,275.2,296.4
Челябинская область,2023,11,15700.0,6879.0,5617.0,1777.0,8.8,6.27,279.7,301.4
Челябинская область,2023,12,15704.0,7080.0,5482.0,1716.0,8.86,6.53,281.0,305.0
Челябинская область,2024,1,5348.0,1861.0,2123.0,467.0,9.71,6.45,271.8,300.1
Челябинская область,2024,2,7765.0,2341.0,3056.0,576.0,10.32,6.26,267.2,300.7
Челябинская область,2024,3,9244.0,3512.0,3573.0,869.0,9.21,6.45,274.4,303.8
Челябинская область,2024,4,9686.0,3469.0,3665.0,846.0,9.34,6.44,275.3,303.4
Челябинская область,2024,5,11657.0,5179.0,4335.0,1268.0,8.88,6.4,282.4,306.6
Челябинская область,2024,6,16698.0,8357.0,5875.0,2146.0,8.3,6.47,289.5,305.5
Челябинская область,2024,7,8527.0,2053.0,3440.0,473.0,11.0,6.41,272.2,315.7
Челябинская область,2024,8,8102.0,2749.0,3143.0,596.0,10.85,7.0,272.6,315.4
Челябинская область,2024,9,8255.0,3007.0,2964.0,639.0,10.31,6.49,280.2,321.1
Челябинская область,2024,10,8055.0,3054.0,3191.0,642.0,11.37,6.54,272.3,316.8
Челябинская область,2024,11,6241.0,2747.0,2605.0,629.0,10.41,6.19,270.4,317.5
Челябинская область,2024,12,6294.0,3418.0,2492.0,793.0,9.86,7.15,276.6,314.6
Челябинская область,2025,1,2145.0,1208.0,763.0,280.0,9.18,6.09,293.5,322.9
Челябинская область,2025,2,4416.0,2357.0,1381.0,523.0,8.29,6.07,302.5,326.7
Челябинская область,2025,3,4881.0,2545.0,1468.0,573.0,8.48,6.21,299.2,317.2
Челябинская область,2025,4,5393.0,2368.0,1616.0,519.0,8.07,6.06,300.1,317.3
Челябинская область,2025,5,5248.0,2220.0,1476.0,448.0,8.14,6.04,300.4,322.4
Челябинская область,2025,6,6419.0,2795.0,1762.0,589.0,8.05,6.08,301.4,317.0
Челябинская область,2025,7,7280.0,2881.0,1986.0,586.0,8.08,6.17,302.2,323.0
Челябинская область,2025,8,8805.0,4153.0,2407.0,827.0,7.95,6.1,299.3,324.3
Челябинская область,2025,9,8607.0,3661.0,2337.0,723.0,8.5,6.5,300.0,322.1
Челябинская область,2025,10,9856.0,3837.0,2670.0,785.0,8.9,6.56,291.8,323.8
Челябинская область,2025,11,10237.0,4742.0,2698.0,969.0,8.5,6.37,298.5,325.0
Челябинская область,2025,12,16803.0,7800.0,4282.0,1665.0,7.98,6.04,302.8,324.3
Челябинская область,2026,1,10001.0,4797.0,2435.0,991.0,8.02,6.38,309.0,325.0
Челябинская область,2026,2,7061.0,2396.0,2046.0,473.0,10.53,7.22,281.4,317.7
Челябинская область,2026,3,7362.0,2353.0,2162.0,487.0,11.05,7.25,269.5,302.0
Челябинская область,2026,4,7278.0,2042.0,2127.0,415.0,11.6,7.72,275.2,309.7
Челябинская область,2026,5,7232.0,2179.0,2093.0,433.0,10.96,7.33,276.1,312.6
Челябинская область,2026,6,10321.0,3695.0,2718.0,719.0,9.73,7.21,291.0,316.2
Челябинская область,2026,7,7599.0,2095.0,2237.0,440.0,12.09,8.3,265.4,297.1
Чеченская Республика,2019,1,137.0,27.0,58.0,9.0,9.9,9.18,216.0,264.0
Чеченская Республика,2019,2,166.0,10.0,77.0,4.0,10.51,10.18,225.0,179.6
Чеченская Республика,2019,3,187.0,21.0,73.0,9.0,10.91,10.67,221.5,219.8
Чеченская Республика,2019,4,160.0,30.0,63.0,7.0,11.3,10.5,216.1,178.7
Чеченская Республика,2019,5,145.0,24.0,66.0,6.0,10.7,8.99,237.6,267.2
Чеченская Республика,2019,6,137.0,12.0,60.0,4.0,10.86,9.32,232.9,227.3
Чеченская Республика,2019,7,218.0,27.0,104.0,7.0,10.6,9.69,216.0,207.0
Чеченская Республика,2019,8,264.0,40.0,118.0,13.0,9.88,7.38,239.2,259.1
Чеченская Республика,2019,9,261.0,58.0,113.0,11.0,9.74,8.79,231.1,262.3
Чеченская Республика,2019,10,280.0,18.0,117.0,6.0,9.63,7.86,230.7,265.2
Чеченская Республика,2019,11,273.0,33.0,116.0,11.0,9.22,8.48,237.8,240.7
Чеченская Республика,2019,12,348.0,55.0,135.0,14.0,9.22,7.92,236.4,229.1
Чеченская Республика,2020,1,195.0,20.0,83.0,6.0,9.28,8.4,244.8,287.6
Чеченская Республика,2020,2,260.0,47.0,115.0,11.0,9.12,8.23,236.3,259.7
Чеченская Республика,2020,3,266.0,27.0,144.0,8.0,9.2,6.91,224.7,205.6
Чеченская Республика,2020,4,198.0,16.0,120.0,5.0,8.81,5.94,225.2,224.6
Чеченская Республика,2020,5,200.0,38.0,111.0,6.0,7.82,4.08,233.3,224.3
Чеченская Республика,2020,6,250.0,33.0,142.0,5.0,8.52,7.43,213.5,226.5
Чеченская Республика,2020,7,327.0,33.0,201.0,11.0,7.78,6.19,228.1,214.1
Чеченская Республика,2020,8,412.0,109.0,299.0,31.0,7.33,4.87,247.9,260.3
Чеченская Республика,2020,9,559.0,111.0,401.0,20.0,7.58,5.58,238.0,252.3
Чеченская Республика,2020,10,771.0,58.0,651.0,14.0,7.97,6.24,242.1,245.3
Чеченская Республика,2020,11,658.0,39.0,632.0,12.0,8.04,6.11,244.4,226.7
Чеченская Республика,2020,12,1326.0,95.0,1258.0,21.0,8.05,6.43,252.2,240.9
Чеченская Республика,2021,1,608.0,36.0,621.0,7.0,8.06,5.81,254.9,234.3
Чеченская Республика,2021,2,862.0,84.0,796.0,15.0,7.85,7.09,254.8,252.6
Чеченская Республика,2021,3,1111.0,73.0,1147.0,16.0,7.74,5.87,257.7,253.4
Чеченская Республика,2021,4,1307.0,41.0,1397.0,8.0,7.69,5.7,257.7,231.3
Чеченская Республика,2021,5,1001.0,34.0,1070.0,5.0,8.5,6.94,258.5,198.3
Чеченская Республика,2021,6,1220.0,134.0,1263.0,26.0,8.28,6.16,268.3,294.0
Чеченская Республика,2021,7,1251.0,79.0,1234.0,16.0,7.94,7.4,273.6,248.2
Чеченская Республика,2021,8,1456.0,157.0,1412.0,28.0,8.28,5.91,261.4,226.6
Чеченская Республика,2021,9,1402.0,50.0,1615.0,10.0,8.51,6.38,266.1,254.0
Чеченская Республика,2021,10,1320.0,85.0,1353.0,14.0,8.64,6.61,271.7,307.9
Чеченская Республика,2021,11,799.0,114.0,503.0,22.0,8.38,4.58,264.2,243.8
Чеченская Республика,2021,12,660.0,119.0,292.0,22.0,8.64,4.87,270.8,265.8
Чеченская Республика,2022,1,469.0,87.0,221.0,19.0,9.32,5.52,274.2,237.7
Чеченская Республика,2022,2,1289.0,205.0,1063.0,33.0,9.44,4.03,286.1,275.5
Чеченская Республика,2022,3,1345.0,105.0,1136.0,25.0,11.98,5.84,283.3,251.1
Чеченская Республика,2022,4,1047.0,154.0,1233.0,19.0,17.62,12.69,293.9,323.9
Чеченская Республика,2022,5,727.0,49.0,976.0,9.0,15.25,4.85,291.7,294.3
Чеченская Республика,2022,6,1355.0,69.0,1634.0,9.0,12.28,1.44,289.8,278.4
Чеченская Республика,2022,7,1287.0,37.0,1430.0,8.0,11.58,2.8,284.4,300.6
Чеченская Республика,2022,8,1699.0,157.0,1485.0,20.0,10.34,4.22,285.2,309.6
Чеченская Республика,2022,9,1930.0,244.0,1544.0,31.0,9.71,1.94,286.9,316.2
Чеченская Республика,2022,10,1606.0,63.0,1382.0,11.0,10.53,2.19,291.7,317.6
Чеченская Республика,2022,11,1773.0,197.0,1329.0,34.0,10.2,2.84,296.0,309.3
Чеченская Республика,2022,12,2337.0,350.0,1780.0,46.0,10.03,3.67,294.7,324.5
Чеченская Республика,2023,1,1148.0,128.0,908.0,17.0,10.95,5.7,304.3,315.3
Чеченская Республика,2023,2,1576.0,142.0,1240.0,19.0,11.3,5.53,293.1,304.0
Чеченская Республика,2023,3,2090.0,213.0,1701.0,32.0,11.46,5.95,301.9,332.0
Чеченская Республика,2023,4,1806.0,184.0,1494.0,28.0,11.43,6.19,303.7,324.1
Чеченская Республика,2023,5,1923.0,257.0,1812.0,40.0,11.14,6.29,304.5,342.4
Чеченская Республика,2023,6,1848.0,155.0,1750.0,29.0,11.23,5.67,304.7,337.2
Чеченская Республика,2023,7,2130.0,301.0,1463.0,43.0,10.59,6.98,302.0,336.5
Чеченская Республика,2023,8,2376.0,331.0,1537.0,54.0,10.6,6.52,295.4,329.6
Чеченская Республика,2023,9,2215.0,389.0,1786.0,59.0,11.81,6.23,306.6,328.0
Чеченская Республика,2023,10,2370.0,517.0,1836.0,72.0,12.27,6.8,303.7,328.5
Чеченская Республика,2023,11,1790.0,384.0,1543.0,62.0,12.58,7.99,308.2,329.1
Чеченская Республика,2023,12,2266.0,612.0,1955.0,95.0,12.51,6.23,307.3,336.1
Чеченская Республика,2024,1,1042.0,169.0,1108.0,24.0,15.08,7.61,307.1,337.1
Чеченская Республика,2024,2,1123.0,59.0,1360.0,12.0,16.19,8.23,302.6,300.8
Чеченская Республика,2024,3,973.0,256.0,765.0,42.0,13.59,6.3,301.2,321.9
Чеченская Республика,2024,4,1106.0,272.0,863.0,44.0,13.27,6.78,303.2,316.9
Чеченская Республика,2024,5,1225.0,335.0,963.0,51.0,13.81,7.52,310.7,333.3
Чеченская Республика,2024,6,1022.0,499.0,437.0,80.0,10.42,6.1,311.3,330.2
Чеченская Республика,2024,7,573.0,109.0,213.0,12.0,14.79,7.04,287.6,295.5
Чеченская Республика,2024,8,608.0,148.0,267.0,23.0,13.7,6.6,298.6,352.8
Чеченская Республика,2024,9,687.0,221.0,339.0,30.0,14.83,9.22,316.7,344.5
Чеченская Республика,2024,10,662.0,247.0,388.0,26.0,14.73,6.4,326.9,355.5
Чеченская Республика,2024,11,393.0,120.0,333.0,22.0,18.12,5.77,319.7,351.4
Чеченская Республика,2024,12,499.0,233.0,383.0,33.0,15.62,5.61,322.0,336.3
Чеченская Республика,2025,1,220.0,52.0,194.0,10.0,23.01,5.82,279.7,333.8
Чеченская Республика,2025,2,276.0,91.0,282.0,15.0,20.13,5.96,308.6,341.7
Чеченская Республика,2025,3,336.0,124.0,354.0,21.0,17.91,6.31,316.2,341.0
Чеченская Республика,2025,4,349.0,74.0,363.0,13.0,18.03,8.08,318.5,353.7
Чеченская Республика,2025,5,408.0,117.0,343.0,14.0,14.78,6.22,314.5,337.8
Чеченская Республика,2025,6,459.0,141.0,394.0,23.0,15.49,5.73,307.5,313.9
Чеченская Республика,2025,7,663.0,197.0,501.0,25.0,14.69,8.02,290.9,294.6
Чеченская Республика,2025,8,487.0,124.0,395.0,16.0,13.1,6.16,298.2,316.8
Чеченская Республика,2025,9,633.0,266.0,437.0,30.0,14.26,10.47,289.2,319.0
Чеченская Республика,2025,10,537.0,232.0,343.0,35.0,11.51,6.27,305.9,329.2
Чеченская Республика,2025,11,668.0,353.0,324.0,45.0,10.29,6.84,302.7,320.1
Чеченская Республика,2025,12,921.0,429.0,381.0,57.0,9.83,6.34,316.2,330.5
Чеченская Республика,2026,1,305.0,150.0,148.0,21.0,9.82,5.87,318.6,334.2
Чеченская Республика,2026,2,344.0,66.0,211.0,13.0,14.36,6.41,278.2,307.2
Чеченская Республика,2026,3,338.0,111.0,245.0,14.0,14.94,8.84,297.9,320.7
Чеченская Республика,2026,4,355.0,120.0,275.0,11.0,15.96,14.96,298.1,293.2
Чеченская Республика,2026,5,308.0,71.0,218.0,11.0,14.88,6.72,307.4,328.3
Чеченская Республика,2026,6,355.0,102.0,257.0,15.0,12.81,7.11,299.4,344.3
Чеченская Республика,2026,7,344.0,100.0,244.0,12.0,13.36,8.57,301.7,336.7
Чувашская Республика - Чувашия,2019,1,1632.0,637.0,963.0,334.0,9.73,9.49,213.9,213.4
Чувашская Республика - Чувашия,2019,2,2122.0,748.0,1258.0,414.0,10.02,9.77,218.4,216.8
Чувашская Республика - Чувашия,2019,3,1986.0,705.0,1187.0,385.0,10.31,10.11,219.8,212.2
Чувашская Республика - Чувашия,2019,4,2145.0,778.0,1239.0,397.0,10.46,10.09,222.8,215.6
Чувашская Республика - Чувашия,2019,5,1676.0,709.0,935.0,327.0,10.32,9.91,222.9,219.8
Чувашская Республика - Чувашия,2019,6,1768.0,757.0,1054.0,384.0,10.08,9.73,222.6,224.1
Чувашская Республика - Чувашия,2019,7,2069.0,778.0,1245.0,421.0,9.9,9.5,222.5,231.1
Чувашская Республика - Чувашия,2019,8,2295.0,883.0,1335.0,437.0,9.58,9.08,225.5,224.7
Чувашская Республика - Чувашия,2019,9,2331.0,1035.0,1284.0,465.0,9.32,8.83,224.4,230.6
Чувашская Республика - Чувашия,2019,10,2445.0,948.0,1427.0,472.0,9.0,8.62,225.1,229.4
Чувашская Республика - Чувашия,2019,11,2605.0,1004.0,1445.0,487.0,9.05,8.38,224.9,229.7
Чувашская Республика - Чувашия,2019,12,3243.0,1155.0,1797.0,553.0,8.85,8.25,220.7,230.9
Чувашская Республика - Чувашия,2020,1,1846.0,727.0,1030.0,341.0,8.8,8.19,215.5,223.0
Чувашская Республика - Чувашия,2020,2,2471.0,860.0,1304.0,403.0,8.75,8.21,227.1,237.2
Чувашская Республика - Чувашия,2020,3,2820.0,1100.0,1484.0,498.0,8.62,8.19,223.4,225.5
Чувашская Республика - Чувашия,2020,4,1805.0,527.0,1080.0,270.0,7.94,7.02,216.0,217.0
Чувашская Республика - Чувашия,2020,5,1912.0,926.0,1034.0,453.0,6.78,5.22,215.1,209.9
Чувашская Республика - Чувашия,2020,6,2693.0,1380.0,1434.0,667.0,7.0,5.82,217.5,219.4
Чувашская Республика - Чувашия,2020,7,3473.0,1813.0,1825.0,833.0,6.7,5.67,219.5,220.1
Чувашская Республика - Чувашия,2020,8,3798.0,1989.0,1921.0,880.0,6.67,5.45,217.1,216.2
Чувашская Республика - Чувашия,2020,9,4721.0,2033.0,2443.0,861.0,6.82,5.65,219.7,221.4
Чувашская Республика - Чувашия,2020,10,5011.0,2182.0,2576.0,967.0,6.95,5.83,223.6,221.4
Чувашская Республика - Чувашия,2020,11,4382.0,1806.0,2188.0,719.0,6.99,5.76,223.5,220.8
Чувашская Республика - Чувашия,2020,12,5209.0,2159.0,2644.0,961.0,6.89,5.68,228.4,222.0
Чувашская Республика - Чувашия,2021,1,2158.0,893.0,1090.0,362.0,6.82,5.57,231.5,236.5
Чувашская Республика - Чувашия,2021,2,3508.0,1520.0,1660.0,554.0,6.97,5.94,230.1,234.3
Чувашская Республика - Чувашия,2021,3,4086.0,1559.0,1951.0,592.0,6.92,5.7,239.3,245.9
Чувашская Республика - Чувашия,2021,4,4414.0,1754.0,2015.0,628.0,6.95,5.6,240.5,248.8
Чувашская Республика - Чувашия,2021,5,3510.0,1552.0,1590.0,537.0,6.84,5.34,241.8,252.1
Чувашская Республика - Чувашия,2021,6,4197.0,1852.0,1799.0,582.0,6.82,5.44,248.6,257.4
Чувашская Республика - Чувашия,2021,7,3426.0,1037.0,1629.0,390.0,7.33,5.73,243.4,252.0
Чувашская Республика - Чувашия,2021,8,3613.0,1230.0,1655.0,436.0,7.51,6.15,250.4,258.1
Чувашская Республика - Чувашия,2021,9,3681.0,1421.0,1623.0,441.0,7.44,6.37,245.3,250.3
Чувашская Республика - Чувашия,2021,10,4065.0,1611.0,1735.0,512.0,7.38,5.84,254.2,263.6
Чувашская Республика - Чувашия,2021,11,4316.0,1939.0,1763.0,601.0,7.38,5.99,260.6,271.3
Чувашская Республика - Чувашия,2021,12,4519.0,1904.0,1809.0,556.0,7.78,6.1,258.1,262.7
Чувашская Республика - Чувашия,2022,1,2272.0,1050.0,866.0,289.0,7.75,5.95,264.9,268.5
Чувашская Республика - Чувашия,2022,2,3509.0,1572.0,1306.0,446.0,8.05,6.01,272.7,280.8
Чувашская Республика - Чувашия,2022,3,4423.0,2463.0,1695.0,770.0,7.7,5.6,277.7,287.4
Чувашская Республика - Чувашия,2022,4,1136.0,786.0,419.0,243.0,7.01,5.72,282.6,294.9
Чувашская Республика - Чувашия,2022,5,1082.0,827.0,300.0,167.0,5.34,3.97,300.9,311.7
Чувашская Республика - Чувашия,2022,6,1791.0,1172.0,584.0,263.0,6.0,4.32,275.9,286.2
Чувашская Республика - Чувашия,2022,7,2561.0,1324.0,886.0,306.0,6.89,4.52,283.2,299.7
Чувашская Республика - Чувашия,2022,8,3696.0,1824.0,1205.0,377.0,6.36,3.64,286.1,305.2
Чувашская Республика - Чувашия,2022,9,3933.0,2004.0,1285.0,432.0,6.39,3.5,288.6,308.8
Чувашская Республика - Чувашия,2022,10,3687.0,1616.0,1202.0,370.0,7.01,4.24,289.2,309.6
Чувашская Республика - Чувашия,2022,11,3780.0,1793.0,1229.0,409.0,7.05,4.13,290.5,306.5
Чувашская Республика - Чувашия,2022,12,5953.0,3336.0,1798.0,763.0,6.36,4.05,290.2,306.8
Чувашская Республика - Чувашия,2023,1,2022.0,898.0,683.0,213.0,8.13,5.51,285.1,296.4
Чувашская Республика - Чувашия,2023,2,3717.0,1985.0,1161.0,452.0,7.68,5.28,293.2,304.3
Чувашская Республика - Чувашия,2023,3,5109.0,2686.0,1605.0,651.0,7.8,5.68,292.3,312.5
Чувашская Республика - Чувашия,2023,4,4921.0,2155.0,1571.0,540.0,8.44,5.93,289.3,301.2
Чувашская Республика - Чувашия,2023,5,4486.0,2113.0,1427.0,515.0,8.16,6.01,298.2,311.9
Чувашская Республика - Чувашия,2023,6,5011.0,2290.0,1544.0,541.0,8.3,6.2,293.7,307.5
Чувашская Республика - Чувашия,2023,7,5721.0,2759.0,1784.0,707.0,8.13,5.9,296.9,310.5
Чувашская Республика - Чувашия,2023,8,8038.0,4436.0,2334.0,1041.0,7.8,5.83,301.2,311.4
Чувашская Республика - Чувашия,2023,9,8527.0,5142.0,2349.0,1163.0,7.56,5.78,305.4,317.5
Чувашская Республика - Чувашия,2023,10,6447.0,3671.0,1836.0,837.0,8.32,6.32,301.5,310.9
Чувашская Республика - Чувашия,2023,11,5937.0,3742.0,1637.0,814.0,8.16,6.55,302.4,314.5
Чувашская Республика - Чувашия,2023,12,5772.0,3819.0,1530.0,803.0,7.6,6.11,308.4,318.6
Чувашская Республика - Чувашия,2024,1,1967.0,1108.0,612.0,248.0,8.69,6.14,302.1,315.4
Чувашская Республика - Чувашия,2024,2,2356.0,1087.0,753.0,225.0,9.39,6.24,299.5,317.2
Чувашская Республика - Чувашия,2024,3,3523.0,2197.0,985.0,450.0,8.01,6.2,309.3,321.6
Чувашская Республика - Чувашия,2024,4,3575.0,2125.0,1027.0,465.0,8.42,6.33,301.6,317.9
Чувашская Республика - Чувашия,2024,5,4202.0,2772.0,1166.0,577.0,7.79,6.15,311.0,321.9
Чувашская Республика - Чувашия,2024,6,6858.0,5224.0,1675.0,1071.0,7.32,6.49,317.4,323.8
Чувашская Республика - Чувашия,2024,7,2903.0,1334.0,909.0,260.0,9.84,6.43,298.8,329.0
Чувашская Республика - Чувашия,2024,8,3041.0,1801.0,858.0,354.0,8.78,6.23,313.1,332.6
Чувашская Республика - Чувашия,2024,9,3040.0,1848.0,815.0,354.0,9.04,6.36,306.4,326.6
Чувашская Республика - Чувашия,2024,10,2798.0,1680.0,809.0,336.0,9.76,6.13,301.8,323.7
Чувашская Республика - Чувашия,2024,11,1960.0,1241.0,563.0,250.0,9.21,6.1,306.6,325.7
Чувашская Республика - Чувашия,2024,12,2065.0,1462.0,547.0,279.0,8.67,6.48,307.8,321.7
Чувашская Республика - Чувашия,2025,1,1084.0,833.0,303.0,176.0,8.64,6.67,311.6,325.2
Чувашская Республика - Чувашия,2025,2,1950.0,1583.0,474.0,315.0,7.83,6.23,316.3,326.8
Чувашская Республика - Чувашия,2025,3,2229.0,1718.0,523.0,339.0,7.63,6.08,325.6,333.0
Чувашская Республика - Чувашия,2025,4,2465.0,1874.0,605.0,363.0,7.93,6.47,315.6,323.9
Чувашская Республика - Чувашия,2025,5,2394.0,1683.0,572.0,338.0,7.55,6.17,322.8,330.5
Чувашская Республика - Чувашия,2025,6,2478.0,1547.0,598.0,307.0,7.77,6.16,313.4,322.1
Чувашская Республика - Чувашия,2025,7,2698.0,1761.0,697.0,354.0,7.78,6.05,308.8,326.1
Чувашская Республика - Чувашия,2025,8,3540.0,2311.0,873.0,465.0,8.32,6.43,310.7,325.0
Чувашская Республика - Чувашия,2025,9,3568.0,2371.0,879.0,466.0,8.18,6.7,307.7,322.0
Чувашская Республика - Чувашия,2025,10,4398.0,2809.0,1118.0,568.0,8.48,6.6,305.3,324.7
Чувашская Республика - Чувашия,2025,11,5421.0,3806.0,1276.0,749.0,8.32,6.77,310.2,324.6
Чувашская Республика - Чувашия,2025,12,8654.0,5940.0,1988.0,1175.0,7.78,6.45,316.7,331.3
Чувашская Республика - Чувашия,2026,1,4075.0,2579.0,934.0,502.0,7.98,6.39,316.9,332.1
Чувашская Республика - Чувашия,2026,2,2220.0,1048.0,619.0,212.0,10.0,6.65,294.0,327.7
Чувашская Республика - Чувашия,2026,3,2816.0,1377.0,721.0,265.0,10.76,7.57,292.9,321.7
Чувашская Республика - Чувашия,2026,4,3556.0,1894.0,897.0,385.0,9.99,7.33,295.4,316.7
Чувашская Республика - Чувашия,2026,5,2656.0,1300.0,689.0,271.0,10.25,7.29,293.1,317.4
Чувашская Республика - Чувашия,2026,6,4364.0,2622.0,1028.0,519.0,8.55,6.46,306.5,325.4
Чувашская Республика - Чувашия,2026,7,3411.0,1508.0,902.0,328.0,10.74,7.75,286.7,309.5
Чукотский автономный округ,2019,1,97.0,29.0,35.0,10.0,9.86,9.86,193.8,134.5
Чукотский автономный округ,2019,2,79.0,22.0,27.0,7.0,10.37,9.12,204.7,209.8
Чукотский автономный округ,2019,3,67.0,16.0,21.0,5.0,10.84,10.5,177.1,138.1
Чукотский автономный округ,2019,4,98.0,31.0,40.0,12.0,11.0,10.6,184.6,181.8
Чукотский автономный округ,2019,5,122.0,42.0,43.0,13.0,10.77,10.46,194.5,165.0
Чукотский автономный округ,2019,6,194.0,84.0,56.0,22.0,10.42,10.4,199.3,212.9
Чукотский автономный округ,2019,7,173.0,41.0,71.0,17.0,10.35,10.28,191.5,184.2
Чукотский автономный округ,2019,8,173.0,39.0,62.0,11.0,10.09,9.42,199.0,159.2
Чукотский автономный округ,2019,9,187.0,63.0,57.0,22.0,9.89,9.67,198.3,195.4
Чукотский автономный округ,2019,10,156.0,50.0,50.0,16.0,9.65,9.74,197.9,183.2
Чукотский автономный округ,2019,11,150.0,28.0,49.0,8.0,9.5,9.62,199.4,188.2
Чукотский автономный округ,2019,12,172.0,53.0,45.0,10.0,9.02,8.7,210.5,221.6
Чукотский автономный округ,2020,1,84.0,7.0,25.0,2.0,9.3,9.1,238.9,240.0
Чукотский автономный округ,2020,2,113.0,43.0,31.0,10.0,9.19,8.87,266.0,265.8
Чукотский автономный округ,2020,3,74.0,21.0,26.0,6.0,8.71,8.6,215.9,219.2
Чукотский автономный округ,2020,4,144.0,34.0,46.0,9.0,8.92,7.3,213.9,181.4
Чукотский автономный округ,2020,5,108.0,46.0,37.0,18.0,7.65,6.23,218.6,163.7
Чукотский автономный округ,2020,6,242.0,93.0,81.0,30.0,7.46,6.08,206.8,205.8
Чукотский автономный округ,2020,7,343.0,151.0,103.0,38.0,7.21,5.83,190.7,183.5
Чукотский автономный округ,2020,8,290.0,123.0,100.0,42.0,7.51,6.57,198.0,197.4
Чукотский автономный округ,2020,9,336.0,133.0,106.0,37.0,7.47,6.38,208.3,187.8
Чукотский автономный округ,2020,10,292.0,106.0,88.0,27.0,6.97,5.87,212.9,176.6
Чукотский автономный округ,2020,11,274.0,66.0,74.0,16.0,6.1,6.18,201.2,203.7
Чукотский автономный округ,2020,12,259.0,59.0,73.0,13.0,6.07,5.79,216.3,211.3
Чукотский автономный округ,2021,1,179.0,56.0,42.0,11.0,4.98,6.09,226.2,198.7
Чукотский автономный округ,2021,2,189.0,50.0,48.0,15.0,5.45,5.89,220.5,215.2
Чукотский автономный округ,2021,3,259.0,85.0,69.0,22.0,6.13,6.2,212.5,187.4
Чукотский автономный округ,2021,4,269.0,65.0,74.0,14.0,5.79,5.86,212.7,181.3
Чукотский автономный округ,2021,5,246.0,42.0,63.0,9.0,6.68,5.4,254.1,253.1
Чукотский автономный округ,2021,6,419.0,156.0,112.0,42.0,6.48,5.22,211.7,200.1
Чукотский автономный округ,2021,7,384.0,101.0,105.0,27.0,7.16,7.02,219.6,202.1
Чукотский автономный округ,2021,8,338.0,83.0,90.0,19.0,6.8,7.07,238.5,258.4
Чукотский автономный округ,2021,9,273.0,104.0,70.0,22.0,6.5,5.97,227.1,223.8
Чукотский автономный округ,2021,10,204.0,42.0,56.0,13.0,6.74,6.11,231.6,216.1
Чукотский автономный округ,2021,11,271.0,64.0,72.0,18.0,6.48,5.5,243.6,243.7
Чукотский автономный округ,2021,12,255.0,39.0,67.0,12.0,5.75,6.72,243.8,272.0
Чукотский автономный округ,2022,1,156.0,62.0,39.0,12.0,7.97,5.95,247.1,230.1
Чукотский автономный округ,2022,2,145.0,41.0,38.0,8.0,7.58,5.6,269.9,278.6
Чукотский автономный округ,2022,3,208.0,60.0,55.0,15.0,8.93,5.53,270.3,254.6
Чукотский автономный округ,2022,4,69.0,18.0,19.0,6.0,10.63,4.35,226.3,241.6
Чукотский автономный округ,2022,5,122.0,70.0,26.0,13.0,10.08,8.9,268.8,268.8
Чукотский автономный округ,2022,6,181.0,102.0,37.0,16.0,7.53,5.84,211.1,239.1
Чукотский автономный округ,2022,7,289.0,124.0,65.0,22.0,6.94,4.73,242.5,246.6
Чукотский автономный округ,2022,8,350.0,156.0,80.0,25.0,5.42,3.36,259.9,285.6
Чукотский автономный округ,2022,9,339.0,118.0,73.0,20.0,6.29,3.77,252.4,265.9
Чукотский автономный округ,2022,10,327.0,123.0,71.0,21.0,6.13,3.94,244.6,260.5
Чукотский автономный округ,2022,11,311.0,144.0,61.0,17.0,6.28,5.98,250.3,258.9
Чукотский автономный округ,2022,12,401.0,157.0,89.0,28.0,6.81,4.19,269.2,301.7
Чукотский автономный округ,2023,1,133.0,41.0,28.0,7.0,7.46,4.22,260.2,284.4
Чукотский автономный округ,2023,2,186.0,64.0,44.0,11.0,5.54,3.8,259.6,297.8
Чукотский автономный округ,2023,3,273.0,60.0,56.0,11.0,6.98,5.8,262.2,316.4
Чукотский автономный округ,2023,4,244.0,28.0,53.0,5.0,8.14,4.87,262.4,306.6
Чукотский автономный округ,2023,5,349.0,93.0,81.0,17.0,8.05,4.97,265.1,305.1
Чукотский автономный округ,2023,6,593.0,201.0,126.0,37.0,7.8,5.93,266.1,312.9
Чукотский автономный округ,2023,7,431.0,120.0,97.0,25.0,8.34,5.91,254.1,271.4
Чукотский автономный округ,2023,8,592.0,236.0,125.0,45.0,8.88,5.92,284.5,309.0
Чукотский автономный округ,2023,9,572.0,231.0,111.0,37.0,8.47,5.9,275.1,306.0
Чукотский автономный округ,2023,10,415.0,144.0,85.0,27.0,9.46,6.31,255.9,257.9
Чукотский автономный округ,2023,11,232.0,98.0,53.0,18.0,7.74,6.35,253.1,284.6
Чукотский автономный округ,2023,12,351.0,168.0,72.0,29.0,8.29,6.05,269.2,292.3
Чукотский автономный округ,2024,1,61.0,6.0,19.0,2.0,9.92,8.0,263.1,360.0
Чукотский автономный округ,2024,2,159.0,37.0,36.0,8.0,10.73,6.39,274.0,314.6
Чукотский автономный округ,2024,3,146.0,79.0,33.0,14.0,8.14,6.82,292.9,316.1
Чукотский автономный округ,2024,4,240.0,119.0,48.0,21.0,6.91,6.4,280.1,329.3
Чукотский автономный округ,2024,5,274.0,114.0,61.0,22.0,7.49,5.82,269.8,306.4
Чукотский автономный округ,2024,6,356.0,209.0,84.0,39.0,7.47,6.06,270.1,306.4
Чукотский автономный округ,2024,7,191.0,44.0,48.0,6.0,10.71,7.68,266.6,355.5
Чукотский автономный округ,2024,8,224.0,68.0,52.0,14.0,8.57,7.19,255.5,314.6
Чукотский автономный округ,2024,9,175.0,75.0,42.0,12.0,10.37,5.97,296.5,328.9
Чукотский автономный округ,2024,10,161.0,36.0,42.0,8.0,12.1,5.98,258.3,313.6
Чукотский автономный округ,2024,11,95.0,39.0,24.0,7.0,8.78,8.84,275.8,321.3
Чукотский автономный округ,2024,12,85.0,61.0,21.0,11.0,10.4,5.35,264.1,278.5
Чукотский автономный округ,2025,1,29.0,15.0,7.0,3.0,10.88,3.74,247.6,313.3
Чукотский автономный округ,2025,2,51.0,29.0,15.0,6.0,12.67,5.88,293.1,320.2
Чукотский автономный округ,2025,3,88.0,62.0,23.0,12.0,7.16,5.65,265.5,284.9
Чукотский автономный округ,2025,4,129.0,49.0,28.0,8.0,5.46,5.5,272.9,315.3
Чукотский автономный округ,2025,5,178.0,91.0,36.0,17.0,6.66,6.06,284.0,324.0
Чукотский автономный округ,2025,6,226.0,114.0,40.0,16.0,6.69,5.73,283.0,316.7
Чукотский автономный округ,2025,7,232.0,91.0,55.0,18.0,9.39,6.27,270.7,316.9
Чукотский автономный округ,2025,8,243.0,117.0,55.0,20.0,8.56,7.36,276.0,330.0
Чукотский автономный округ,2025,9,181.0,96.0,40.0,15.0,8.78,7.3,281.9,306.2
Чукотский автономный округ,2025,10,245.0,134.0,42.0,19.0,7.65,7.07,281.7,321.7
Чукотский автономный округ,2025,11,275.0,162.0,49.0,25.0,9.11,7.86,284.7,305.7
Чукотский автономный округ,2025,12,249.0,144.0,48.0,21.0,8.43,8.61,290.4,326.5
Чукотский автономный округ,2026,1,210.0,135.0,41.0,24.0,5.71,6.22,307.3,344.3
Чукотский автономный округ,2026,2,165.0,47.0,32.0,9.0,10.75,12.5,262.8,320.4
Чукотский автономный округ,2026,3,172.0,37.0,37.0,8.0,9.52,11.05,250.2,241.6
Чукотский автономный округ,2026,4,260.0,84.0,53.0,13.0,9.37,5.54,255.5,276.5
Чукотский автономный округ,2026,5,218.0,69.0,44.0,12.0,9.49,9.93,273.4,294.0
Чукотский автономный округ,2026,6,343.0,153.0,61.0,21.0,10.37,10.05,264.3,314.5
Чукотский автономный округ,2026,7,273.0,112.0,56.0,18.0,9.26,6.96,232.5,246.9
ЮЖНЫЙ ФЕДЕРАЛЬНЫЙ ОКРУГ,2019,1,12026.0,3704.0,6517.0,1918.0,9.96,9.81,209.9,212.7
ЮЖНЫЙ ФЕДЕРАЛЬНЫЙ ОКРУГ,2019,2,15983.0,5171.0,8505.0,2634.0,10.24,10.13,214.4,214.9
ЮЖНЫЙ ФЕДЕРАЛЬНЫЙ ОКРУГ,2019,3,16738.0,5629.0,8578.0,2771.0,10.44,10.25,214.2,216.5
ЮЖНЫЙ ФЕДЕРАЛЬНЫЙ ОКРУГ,2019,4,16710.0,5362.0,8977.0,2748.0,10.57,10.27,217.0,217.7
ЮЖНЫЙ ФЕДЕРАЛЬНЫЙ ОКРУГ,2019,5,13845.0,4712.0,7257.0,2367.0,10.54,10.12,218.1,219.6
ЮЖНЫЙ ФЕДЕРАЛЬНЫЙ ОКРУГ,2019,6,15650.0,5223.0,8235.0,2637.0,10.37,10.03,218.9,218.7
ЮЖНЫЙ ФЕДЕРАЛЬНЫЙ ОКРУГ,2019,7,16190.0,4855.0,8554.0,2430.0,10.25,9.87,217.6,216.3
ЮЖНЫЙ ФЕДЕРАЛЬНЫЙ ОКРУГ,2019,8,17814.0,5804.0,9301.0,2821.0,9.96,9.53,219.1,221.8
ЮЖНЫЙ ФЕДЕРАЛЬНЫЙ ОКРУГ,2019,9,18573.0,5888.0,9555.0,2832.0,9.74,9.25,216.6,221.8
ЮЖНЫЙ ФЕДЕРАЛЬНЫЙ ОКРУГ,2019,10,20467.0,6306.0,10367.0,2978.0,9.52,9.03,218.6,219.0
ЮЖНЫЙ ФЕДЕРАЛЬНЫЙ ОКРУГ,2019,11,20571.0,6466.0,10449.0,3115.0,9.33,8.81,217.4,219.1
ЮЖНЫЙ ФЕДЕРАЛЬНЫЙ ОКРУГ,2019,12,25923.0,7268.0,12894.0,3342.0,9.17,8.54,217.5,222.9
ЮЖНЫЙ ФЕДЕРАЛЬНЫЙ ОКРУГ,2020,1,14006.0,4728.0,6891.0,2170.0,9.08,8.58,222.0,231.4
ЮЖНЫЙ ФЕДЕРАЛЬНЫЙ ОКРУГ,2020,2,19003.0,6054.0,9359.0,2793.0,8.99,8.38,221.5,227.0
ЮЖНЫЙ ФЕДЕРАЛЬНЫЙ ОКРУГ,2020,3,22127.0,7050.0,10721.0,3172.0,8.9,8.34,220.3,228.2
ЮЖНЫЙ ФЕДЕРАЛЬНЫЙ ОКРУГ,2020,4,14270.0,3672.0,7234.0,1750.0,8.73,7.68,221.0,222.3
ЮЖНЫЙ ФЕДЕРАЛЬНЫЙ ОКРУГ,2020,5,16574.0,6553.0,8146.0,3191.0,7.81,6.3,216.2,213.3
ЮЖНЫЙ ФЕДЕРАЛЬНЫЙ ОКРУГ,2020,6,23297.0,9594.0,11461.0,4494.0,7.71,6.33,218.5,219.1
ЮЖНЫЙ ФЕДЕРАЛЬНЫЙ ОКРУГ,2020,7,27859.0,11585.0,13442.0,5135.0,7.42,6.17,220.3,221.0
ЮЖНЫЙ ФЕДЕРАЛЬНЫЙ ОКРУГ,2020,8,29127.0,11801.0,14048.0,5248.0,7.34,6.12,220.4,221.4
ЮЖНЫЙ ФЕДЕРАЛЬНЫЙ ОКРУГ,2020,9,36113.0,13446.0,16963.0,5722.0,7.36,6.22,222.3,224.5
ЮЖНЫЙ ФЕДЕРАЛЬНЫЙ ОКРУГ,2020,10,38207.0,13996.0,17521.0,5846.0,7.35,6.1,226.9,225.9
ЮЖНЫЙ ФЕДЕРАЛЬНЫЙ ОКРУГ,2020,11,35079.0,12377.0,15855.0,5028.0,7.34,6.14,227.7,228.1
ЮЖНЫЙ ФЕДЕРАЛЬНЫЙ ОКРУГ,2020,12,39131.0,12065.0,17380.0,4948.0,7.45,6.13,228.6,228.9
ЮЖНЫЙ ФЕДЕРАЛЬНЫЙ ОКРУГ,2021,1,18880.0,6623.0,8301.0,2639.0,7.34,6.14,231.2,232.5
ЮЖНЫЙ ФЕДЕРАЛЬНЫЙ ОКРУГ,2021,2,28707.0,9732.0,12327.0,3732.0,7.29,6.15,235.0,240.1
ЮЖНЫЙ ФЕДЕРАЛЬНЫЙ ОКРУГ,2021,3,36314.0,11623.0,15166.0,4230.0,7.26,6.07,236.7,245.6
ЮЖНЫЙ ФЕДЕРАЛЬНЫЙ ОКРУГ,2021,4,40626.0,13183.0,16681.0,4611.0,7.3,5.97,242.0,251.0
ЮЖНЫЙ ФЕДЕРАЛЬНЫЙ ОКРУГ,2021,5,32865.0,10959.0,13084.0,3749.0,7.36,5.8,245.8,254.9
ЮЖНЫЙ ФЕДЕРАЛЬНЫЙ ОКРУГ,2021,6,41493.0,15354.0,15848.0,4757.0,7.19,5.75,250.1,258.8
ЮЖНЫЙ ФЕДЕРАЛЬНЫЙ ОКРУГ,2021,7,35476.0,8765.0,13804.0,2798.0,7.74,6.48,249.3,260.7
ЮЖНЫЙ ФЕДЕРАЛЬНЫЙ ОКРУГ,2021,8,34055.0,8972.0,13141.0,2815.0,7.96,6.72,251.2,257.2
ЮЖНЫЙ ФЕДЕРАЛЬНЫЙ ОКРУГ,2021,9,35799.0,10050.0,13213.0,2981.0,7.96,6.57,252.0,258.7
ЮЖНЫЙ ФЕДЕРАЛЬНЫЙ ОКРУГ,2021,10,38044.0,11156.0,13589.0,3228.0,8.0,6.57,255.3,260.7
ЮЖНЫЙ ФЕДЕРАЛЬНЫЙ ОКРУГ,2021,11,36799.0,11903.0,12815.0,3399.0,7.9,6.35,258.3,265.3
ЮЖНЫЙ ФЕДЕРАЛЬНЫЙ ОКРУГ,2021,12,48967.0,16747.0,16271.0,4674.0,7.99,6.07,262.0,265.9
ЮЖНЫЙ ФЕДЕРАЛЬНЫЙ ОКРУГ,2022,1,25117.0,9856.0,7963.0,2714.0,7.98,5.94,265.6,269.6
ЮЖНЫЙ ФЕДЕРАЛЬНЫЙ ОКРУГ,2022,2,35736.0,13506.0,11104.0,3636.0,8.19,5.75,271.1,273.2
ЮЖНЫЙ ФЕДЕРАЛЬНЫЙ ОКРУГ,2022,3,41386.0,18084.0,13538.0,5271.0,8.13,5.51,274.1,278.2
ЮЖНЫЙ ФЕДЕРАЛЬНЫЙ ОКРУГ,2022,4,13617.0,7823.0,4323.0,1961.0,7.27,4.84,270.7,287.7
ЮЖНЫЙ ФЕДЕРАЛЬНЫЙ ОКРУГ,2022,5,11839.0,7064.0,3269.0,1421.0,6.35,3.51,280.8,298.8
ЮЖНЫЙ ФЕДЕРАЛЬНЫЙ ОКРУГ,2022,6,20923.0,11284.0,5735.0,2224.0,5.81,3.23,283.2,305.8
ЮЖНЫЙ ФЕДЕРАЛЬНЫЙ ОКРУГ,2022,7,29893.0,14641.0,8278.0,2851.0,6.03,3.11,288.4,312.2
ЮЖНЫЙ ФЕДЕРАЛЬНЫЙ ОКРУГ,2022,8,40664.0,17746.0,11022.0,3398.0,6.38,3.29,290.3,316.2
ЮЖНЫЙ ФЕДЕРАЛЬНЫЙ ОКРУГ,2022,9,46195.0,20241.0,12500.0,3895.0,6.32,3.18,295.6,321.0
ЮЖНЫЙ ФЕДЕРАЛЬНЫЙ ОКРУГ,2022,10,42877.0,16086.0,11910.0,3172.0,6.76,3.3,295.4,323.3
ЮЖНЫЙ ФЕДЕРАЛЬНЫЙ ОКРУГ,2022,11,44694.0,19354.0,12036.0,3889.0,6.57,3.22,296.9,321.2
ЮЖНЫЙ ФЕДЕРАЛЬНЫЙ ОКРУГ,2022,12,70829.0,37709.0,17659.0,7323.0,5.83,3.13,304.1,326.3
ЮЖНЫЙ ФЕДЕРАЛЬНЫЙ ОКРУГ,2023,1,30436.0,14226.0,7911.0,2782.0,6.85,3.84,302.9,328.2
ЮЖНЫЙ ФЕДЕРАЛЬНЫЙ ОКРУГ,2023,2,41303.0,18721.0,10953.0,3869.0,7.32,4.47,304.7,329.7
ЮЖНЫЙ ФЕДЕРАЛЬНЫЙ ОКРУГ,2023,3,55727.0,26722.0,14741.0,5753.0,7.49,5.17,306.2,329.6
ЮЖНЫЙ ФЕДЕРАЛЬНЫЙ ОКРУГ,2023,4,52596.0,22338.0,14304.0,4957.0,8.22,6.04,303.4,324.4
ЮЖНЫЙ ФЕДЕРАЛЬНЫЙ ОКРУГ,2023,5,55922.0,24869.0,15211.0,5466.0,8.11,6.05,306.4,326.9
ЮЖНЫЙ ФЕДЕРАЛЬНЫЙ ОКРУГ,2023,6,59626.0,25104.0,16116.0,5499.0,8.17,6.06,303.2,322.8
ЮЖНЫЙ ФЕДЕРАЛЬНЫЙ ОКРУГ,2023,7,63235.0,27621.0,16686.0,5973.0,8.07,6.09,305.3,323.3
ЮЖНЫЙ ФЕДЕРАЛЬНЫЙ ОКРУГ,2023,8,82276.0,39617.0,21019.0,8616.0,7.71,5.76,308.4,324.3
ЮЖНЫЙ ФЕДЕРАЛЬНЫЙ ОКРУГ,2023,9,92455.0,48953.0,23385.0,10417.0,7.56,5.71,311.1,326.3
ЮЖНЫЙ ФЕДЕРАЛЬНЫЙ ОКРУГ,2023,10,80762.0,42012.0,21073.0,9038.0,7.88,5.92,311.2,327.1
ЮЖНЫЙ ФЕДЕРАЛЬНЫЙ ОКРУГ,2023,11,75456.0,42943.0,19868.0,9198.0,7.6,5.98,313.3,325.9
ЮЖНЫЙ ФЕДЕРАЛЬНЫЙ ОКРУГ,2023,12,83588.0,50027.0,21039.0,10588.0,7.46,5.99,316.4,329.0
ЮЖНЫЙ ФЕДЕРАЛЬНЫЙ ОКРУГ,2024,1,30666.0,17283.0,8449.0,3728.0,7.94,5.93,308.9,323.9
ЮЖНЫЙ ФЕДЕРАЛЬНЫЙ ОКРУГ,2024,2,32517.0,15970.0,9511.0,3448.0,8.77,6.3,308.0,326.3
ЮЖНЫЙ ФЕДЕРАЛЬНЫЙ ОКРУГ,2024,3,41656.0,22443.0,11662.0,4718.0,8.11,6.35,314.2,329.9
ЮЖНЫЙ ФЕДЕРАЛЬНЫЙ ОКРУГ,2024,4,47522.0,25324.0,12979.0,5271.0,8.01,6.33,314.2,328.7
ЮЖНЫЙ ФЕДЕРАЛЬНЫЙ ОКРУГ,2024,5,55384.0,32076.0,15385.0,6808.0,7.73,6.22,317.9,330.8
ЮЖНЫЙ ФЕДЕРАЛЬНЫЙ ОКРУГ,2024,6,82888.0,52656.0,22429.0,11258.0,7.25,6.26,322.2,330.9
ЮЖНЫЙ ФЕДЕРАЛЬНЫЙ ОКРУГ,2024,7,34675.0,12279.0,10850.0,2385.0,9.94,6.8,305.4,330.9
ЮЖНЫЙ ФЕДЕРАЛЬНЫЙ ОКРУГ,2024,8,37246.0,16369.0,10042.0,3170.0,9.0,6.48,313.7,335.1
ЮЖНЫЙ ФЕДЕРАЛЬНЫЙ ОКРУГ,2024,9,37000.0,18240.0,9510.0,3509.0,8.58,6.39,318.3,336.3
ЮЖНЫЙ ФЕДЕРАЛЬНЫЙ ОКРУГ,2024,10,35162.0,18736.0,9459.0,3612.0,9.21,6.18,315.5,336.7
ЮЖНЫЙ ФЕДЕРАЛЬНЫЙ ОКРУГ,2024,11,28875.0,17752.0,7856.0,3681.0,8.66,6.19,320.6,336.6
ЮЖНЫЙ ФЕДЕРАЛЬНЫЙ ОКРУГ,2024,12,30004.0,20001.0,7704.0,4011.0,8.25,6.32,322.6,338.7
ЮЖНЫЙ ФЕДЕРАЛЬНЫЙ ОКРУГ,2025,1,12749.0,8831.0,3494.0,1826.0,7.89,6.01,318.5,331.7
ЮЖНЫЙ ФЕДЕРАЛЬНЫЙ ОКРУГ,2025,2,20692.0,14123.0,5075.0,2848.0,7.54,5.98,324.0,336.9
ЮЖНЫЙ ФЕДЕРАЛЬНЫЙ ОКРУГ,2025,3,25764.0,17487.0,6010.0,3417.0,6.98,5.87,329.3,338.2
ЮЖНЫЙ ФЕДЕРАЛЬНЫЙ ОКРУГ,2025,4,28575.0,17601.0,6608.0,3421.0,7.0,5.83,328.6,339.0
ЮЖНЫЙ ФЕДЕРАЛЬНЫЙ ОКРУГ,2025,5,27790.0,17316.0,6296.0,3381.0,7.09,5.9,327.1,336.5
ЮЖНЫЙ ФЕДЕРАЛЬНЫЙ ОКРУГ,2025,6,30835.0,19223.0,6796.0,3683.0,6.95,5.78,328.9,340.5
ЮЖНЫЙ ФЕДЕРАЛЬНЫЙ ОКРУГ,2025,7,35842.0,21290.0,7790.0,3974.0,6.89,5.67,328.6,340.0
ЮЖНЫЙ ФЕДЕРАЛЬНЫЙ ОКРУГ,2025,8,38303.0,22354.0,8293.0,4185.0,7.08,5.84,325.4,337.8
ЮЖНЫЙ ФЕДЕРАЛЬНЫЙ ОКРУГ,2025,9,39567.0,23926.0,8614.0,4509.0,7.29,6.02,324.4,338.4
ЮЖНЫЙ ФЕДЕРАЛЬНЫЙ ОКРУГ,2025,10,50049.0,30297.0,10798.0,5688.0,7.47,6.07,323.4,340.2
ЮЖНЫЙ ФЕДЕРАЛЬНЫЙ ОКРУГ,2025,11,50550.0,32910.0,10688.0,6217.0,7.15,6.0,329.0,342.5
ЮЖНЫЙ ФЕДЕРАЛЬНЫЙ ОКРУГ,2025,12,88303.0,57431.0,18257.0,10883.0,6.8,5.82,333.3,343.7
ЮЖНЫЙ ФЕДЕРАЛЬНЫЙ ОКРУГ,2026,1,45273.0,30275.0,9207.0,5609.0,6.9,5.95,332.2,342.5
ЮЖНЫЙ ФЕДЕРАЛЬНЫЙ ОКРУГ,2026,2,32342.0,18360.0,7288.0,3460.0,8.41,6.02,316.4,340.0
ЮЖНЫЙ ФЕДЕРАЛЬНЫЙ ОКРУГ,2026,3,31008.0,15788.0,7207.0,2980.0,8.96,6.75,311.0,333.9
ЮЖНЫЙ ФЕДЕРАЛЬНЫЙ ОКРУГ,2026,4,31580.0,13973.0,7422.0,2671.0,9.62,7.15,305.3,330.5
ЮЖНЫЙ ФЕДЕРАЛЬНЫЙ ОКРУГ,2026,5,28601.0,12713.0,6730.0,2423.0,9.44,7.09,304.5,325.9
ЮЖНЫЙ ФЕДЕРАЛЬНЫЙ ОКРУГ,2026,6,42885.0,21389.0,9258.0,3955.0,8.35,6.55,316.5,335.8
ЮЖНЫЙ ФЕДЕРАЛЬНЫЙ ОКРУГ,2026,7,33945.0,15690.0,7907.0,2998.0,9.28,6.82,307.3,330.9
Ярославская область,2019,1,1076.0,304.0,594.0,151.0,9.84,9.6,201.8,212.7
Ярославская область,2019,2,1558.0,464.0,893.0,214.0,10.2,10.0,205.6,211.6
Ярославская область,2019,3,1632.0,445.0,908.0,193.0,10.44,10.17,210.8,211.1
Ярославская область,2019,4,1631.0,487.0,897.0,186.0,10.59,10.1,214.4,222.4
Ярославская область,2019,5,1078.0,312.0,632.0,145.0,10.55,9.97,205.8,199.4
Ярославская область,2019,6,1506.0,433.0,816.0,190.0,10.25,9.47,218.5,226.7
Ярославская область,2019,7,1425.0,332.0,842.0,163.0,10.22,9.81,206.8,210.0
Ярославская область,2019,8,1552.0,447.0,945.0,216.0,9.84,9.2,211.2,225.7
Ярославская область,2019,9,1604.0,555.0,943.0,249.0,9.6,9.08,206.7,219.8
Ярославская область,2019,10,1802.0,542.0,1044.0,251.0,9.32,8.72,205.7,217.7
Ярославская область,2019,11,1719.0,447.0,965.0,214.0,9.3,8.69,208.4,213.9
Ярославская область,2019,12,2157.0,548.0,1176.0,231.0,9.11,8.41,208.7,215.7
Ярославская область,2020,1,1241.0,387.0,656.0,150.0,8.99,8.35,211.6,223.7
Ярославская область,2020,2,1714.0,436.0,923.0,189.0,8.82,8.18,208.1,221.1
Ярославская область,2020,3,2001.0,598.0,1025.0,224.0,8.72,7.85,218.6,236.6
Ярославская область,2020,4,1294.0,315.0,758.0,137.0,8.22,6.85,209.9,218.0
Ярославская область,2020,5,1387.0,513.0,762.0,221.0,7.46,5.94,212.2,222.5
Ярославская область,2020,6,2048.0,705.0,1048.0,293.0,7.73,6.21,212.7,218.9
Ярославская область,2020,7,2462.0,935.0,1252.0,353.0,7.22,5.97,215.1,218.1
Ярославская область,2020,8,2477.0,940.0,1268.0,377.0,7.22,6.01,213.5,214.2
Ярославская область,2020,9,3115.0,1025.0,1591.0,415.0,7.3,5.79,213.5,213.2
Ярославская область,2020,10,3253.0,956.0,1646.0,396.0,7.4,5.99,212.7,210.8
Ярославская область,2020,11,2654.0,610.0,1381.0,256.0,7.44,5.72,219.5,222.2
Ярославская область,2020,12,3024.0,731.0,1535.0,252.0,7.44,6.02,218.0,229.1
Ярославская область,2021,1,1435.0,388.0,741.0,128.0,7.31,5.98,225.4,239.5
Ярославская область,2021,2,2297.0,661.0,1128.0,248.0,7.3,6.09,223.6,237.6
Ярославская область,2021,3,2989.0,888.0,1415.0,313.0,7.17,5.93,230.3,247.4
Ярославская область,2021,4,3560.0,1148.0,1586.0,387.0,7.26,5.69,234.7,241.1
Ярославская область,2021,5,2457.0,729.0,1098.0,243.0,7.44,5.79,233.2,239.2
Ярославская область,2021,6,3172.0,1174.0,1368.0,353.0,7.17,5.79,244.1,259.9
Ярославская область,2021,7,2586.0,638.0,1173.0,189.0,7.67,6.24,230.0,217.3
Ярославская область,2021,8,2412.0,611.0,1114.0,213.0,7.81,6.35,234.7,240.0
Ярославская область,2021,9,2759.0,828.0,1204.0,284.0,7.64,6.17,243.2,250.6
Ярославская область,2021,10,2807.0,851.0,1251.0,280.0,7.82,6.19,240.1,251.6
Ярославская область,2021,11,3109.0,1021.0,1296.0,335.0,7.7,6.03,245.3,258.6
Ярославская область,2021,12,3859.0,1471.0,1504.0,405.0,7.92,6.51,247.7,256.6
Ярославская область,2022,1,1734.0,734.0,705.0,228.0,8.03,6.22,254.7,258.8
Ярославская область,2022,2,2945.0,1119.0,1080.0,323.0,8.28,6.36,259.8,269.9
Ярославская область,2022,3,3088.0,1254.0,1239.0,418.0,8.21,5.86,261.0,265.9
Ярославская область,2022,4,930.0,442.0,404.0,127.0,7.67,5.8,262.7,282.6
Ярославская область,2022,5,758.0,417.0,241.0,69.0,6.66,4.61,257.6,284.4
Ярославская область,2022,6,1407.0,622.0,473.0,107.0,6.87,3.44,263.4,290.3
Ярославская область,2022,7,2056.0,818.0,682.0,156.0,7.26,4.49,265.0,292.6
Ярославская область,2022,8,2741.0,1113.0,888.0,232.0,6.86,3.57,274.6,289.0
Ярославская область,2022,9,3357.0,1383.0,1020.0,255.0,6.83,3.97,276.7,302.2
Ярославская область,2022,10,2888.0,767.0,977.0,170.0,7.78,4.41,267.9,296.6
Ярославская область,2022,11,2770.0,854.0,939.0,192.0,7.56,3.7,274.9,298.2
Ярославская область,2022,12,4073.0,1541.0,1256.0,350.0,7.26,4.2,278.0,298.4
Ярославская область,2023,1,1635.0,522.0,578.0,121.0,7.99,5.19,267.1,295.1
Ярославская область,2023,2,2648.0,989.0,893.0,224.0,8.31,5.63,281.1,304.7
Ярославская область,2023,3,3758.0,1414.0,1212.0,324.0,8.11,5.91,277.6,307.1
Ярославская область,2023,4,3514.0,1302.0,1161.0,319.0,8.23,6.2,284.0,305.2
Ярославская область,2023,5,3617.0,1176.0,1155.0,274.0,8.32,6.1,286.5,306.8
Ярославская область,2023,6,3711.0,1222.0,1204.0,296.0,8.19,6.03,285.6,311.7
Ярославская область,2023,7,3746.0,1148.0,1138.0,269.0,8.46,6.26,280.2,288.2
Ярославская область,2023,8,5274.0,2078.0,1587.0,474.0,7.98,5.92,285.8,303.6
Ярославская область,2023,9,6019.0,2554.0,1759.0,560.0,7.72,6.02,293.9,305.9
Ярославская область,2023,10,4435.0,1743.0,1408.0,407.0,8.42,6.19,295.0,309.0
Ярославская область,2023,11,4463.0,2063.0,1366.0,487.0,8.16,6.16,290.2,311.1
Ярославская область,2023,12,4887.0,2600.0,1409.0,566.0,7.82,6.29,297.5,308.8
Ярославская область,2024,1,1631.0,604.0,528.0,128.0,8.81,6.22,291.4,310.5
Ярославская область,2024,2,2078.0,656.0,717.0,153.0,9.81,7.13,284.5,300.8
Ярославская область,2024,3,2757.0,1140.0,877.0,229.0,9.0,7.13,289.8,305.2
Ярославская область,2024,4,2993.0,1169.0,971.0,263.0,8.38,6.18,289.2,303.4
Ярославская область,2024,5,3591.0,1662.0,1172.0,367.0,7.92,6.32,292.4,310.0
Ярославская область,2024,6,4517.0,2446.0,1433.0,583.0,7.86,6.35,294.0,309.5
Ярославская область,2024,7,2276.0,577.0,838.0,114.0,10.36,7.17,281.8,319.4
Ярославская область,2024,8,2171.0,842.0,763.0,177.0,9.1,6.14,288.5,318.5
Ярославская область,2024,9,2396.0,1115.0,738.0,229.0,9.09,6.33,295.5,311.7
Ярославская область,2024,10,2062.0,864.0,659.0,180.0,10.15,6.11,297.7,322.8
Ярославская область,2024,11,1476.0,686.0,502.0,144.0,9.87,6.32,299.5,321.0
Ярославская область,2024,12,1656.0,954.0,533.0,199.0,8.94,6.55,289.8,323.6
Ярославская область,2025,1,632.0,371.0,219.0,73.0,9.22,6.5,297.3,322.6
Ярославская область,2025,2,1613.0,1003.0,503.0,225.0,8.21,6.33,305.5,323.0
Ярославская область,2025,3,1767.0,1044.0,496.0,212.0,7.79,6.09,309.0,334.0
Ярославская область,2025,4,1712.0,835.0,495.0,184.0,7.84,6.29,305.1,320.6
Ярославская область,2025,5,1777.0,979.0,474.0,201.0,7.57,6.08,309.1,321.0
Ярославская область,2025,6,1982.0,1032.0,529.0,214.0,7.17,6.03,306.0,316.3
Ярославская область,2025,7,1951.0,976.0,516.0,204.0,7.87,6.05,304.3,325.6
Ярославская область,2025,8,2310.0,1180.0,626.0,237.0,8.48,6.74,296.1,317.3
Ярославская область,2025,9,2458.0,1427.0,650.0,289.0,8.04,6.67,297.0,320.8
Ярославская область,2025,10,2746.0,1394.0,754.0,278.0,8.85,7.28,292.5,317.7
Ярославская область,2025,11,2979.0,1663.0,751.0,334.0,7.87,6.42,305.0,321.9
Ярославская область,2025,12,4847.0,2708.0,1212.0,576.0,7.86,6.51,306.7,319.2
Ярославская область,2026,1,2519.0,1446.0,583.0,283.0,7.89,6.81,312.4,324.4
Ярославская область,2026,2,1729.0,683.0,544.0,163.0,10.66,7.29,274.2,304.5
Ярославская область,2026,3,1982.0,794.0,574.0,169.0,10.62,8.17,284.2,316.9
Ярославская область,2026,4,2138.0,801.0,616.0,172.0,9.94,7.41,280.7,305.1
Ярославская область,2026,5,1887.0,776.0,558.0,167.0,10.8,7.89,281.0,313.8
Ярославская область,2026,6,3190.0,1458.0,759.0,285.0,9.64,7.38,299.5,319.3
Ярославская область,2026,7,2147.0,801.0,634.0,165.0,10.65,7.67,280.7,312.2
в том числе Ненецкий автономный округ,2019,1,53.0,13.0,24.0,6.0,7.43,8.87,173.9,142.3
в том числе Ненецкий автономный округ,2019,2,72.0,26.0,31.0,9.0,9.54,9.72,186.4,192.4
в том числе Ненецкий автономный округ,2019,3,72.0,33.0,28.0,9.0,8.23,9.35,178.5,194.9
в том числе Ненецкий автономный округ,2019,4,71.0,27.0,32.0,11.0,9.13,10.64,191.3,171.3
в том числе Ненецкий автономный округ,2019,5,89.0,20.0,36.0,7.0,7.58,10.55,174.0,161.5
в том числе Ненецкий автономный округ,2019,6,72.0,24.0,28.0,9.0,7.42,10.28,202.7,205.4
в том числе Ненецкий автономный округ,2019,7,135.0,45.0,48.0,14.0,8.07,10.1,194.7,212.7
в том числе Ненецкий автономный округ,2019,8,99.0,26.0,40.0,12.0,8.13,10.32,192.0,180.4
в том числе Ненецкий автономный округ,2019,9,78.0,26.0,34.0,9.0,8.87,7.8,184.3,174.8
в том числе Ненецкий автономный округ,2019,10,95.0,22.0,38.0,8.0,9.56,9.12,205.5,249.7
в том числе Ненецкий автономный округ,2019,11,71.0,20.0,29.0,7.0,9.36,9.03,194.9,129.5
в том числе Ненецкий автономный округ,2019,12,104.0,23.0,43.0,9.0,9.43,9.31,176.4,104.8
в том числе Ненецкий автономный округ,2020,1,69.0,17.0,26.0,7.0,9.1,8.71,195.2,142.3
в том числе Ненецкий автономный округ,2020,2,66.0,33.0,27.0,10.0,8.91,8.76,236.2,249.9
в том числе Ненецкий автономный округ,2020,3,94.0,31.0,34.0,12.0,8.64,7.88,232.7,217.4
в том числе Ненецкий автономный округ,2020,4,74.0,25.0,30.0,10.0,8.74,8.03,208.2,188.0
в том числе Ненецкий автономный округ,2020,5,60.0,29.0,25.0,11.0,7.45,6.53,183.4,171.3
в том числе Ненецкий автономный округ,2020,6,128.0,49.0,41.0,19.0,7.64,5.61,197.3,208.2
в том числе Ненецкий автономный округ,2020,7,173.0,90.0,61.0,25.0,7.32,6.13,196.3,188.8
в том числе Ненецкий автономный округ,2020,8,143.0,63.0,51.0,20.0,7.34,6.42,201.1,211.2
в том числе Ненецкий автономный округ,2020,9,134.0,51.0,48.0,15.0,7.06,5.92,210.6,232.8
в том числе Ненецкий автономный округ,2020,10,133.0,54.0,49.0,18.0,7.33,5.9,203.8,189.4
в том числе Ненецкий автономный округ,2020,11,116.0,38.0,43.0,12.0,7.42,6.21,220.0,225.8
в том числе Ненецкий автономный округ,2020,12,205.0,60.0,67.0,16.0,7.59,6.12,209.4,202.9
в том числе Ненецкий автономный округ,2021,1,123.0,40.0,41.0,10.0,7.07,5.86,211.3,236.3
в том числе Ненецкий автономный округ,2021,2,155.0,60.0,49.0,15.0,7.27,6.21,203.6,205.1
в том числе Ненецкий автономный округ,2021,3,107.0,39.0,34.0,8.0,7.44,6.36,212.8,171.6
в том числе Ненецкий автономный округ,2021,4,161.0,45.0,56.0,13.0,7.47,5.94,217.4,206.6
в том числе Ненецкий автономный округ,2021,5,149.0,54.0,45.0,11.0,7.73,6.32,209.7,170.9
в том числе Ненецкий автономный округ,2021,6,114.0,36.0,45.0,12.0,7.36,5.08,202.2,206.3
в том числе Ненецкий автономный округ,2021,7,136.0,47.0,48.0,14.0,7.88,6.79,212.2,185.2
в том числе Ненецкий автономный округ,2021,8,105.0,56.0,37.0,16.0,6.99,5.6,236.1,253.2
в том числе Ненецкий автономный округ,2021,9,116.0,22.0,41.0,6.0,8.33,7.87,233.4,172.5
в том числе Ненецкий автономный округ,2021,10,199.0,33.0,62.0,9.0,8.3,5.53,208.6,201.2
в том числе Ненецкий автономный округ,2021,11,161.0,47.0,52.0,13.0,7.74,5.76,240.9,247.9
в том числе Ненецкий автономный округ,2021,12,205.0,63.0,58.0,17.0,7.68,5.24,263.9,290.8
в том числе Ненецкий автономный округ,2022,1,65.0,13.0,25.0,5.0,8.87,3.21,250.0,190.8
в том числе Ненецкий автономный округ,2022,2,132.0,59.0,39.0,12.0,7.35,4.78,242.2,256.9
в том числе Ненецкий автономный округ,2022,3,196.0,79.0,58.0,19.0,8.47,6.7,249.5,219.6
в том числе Ненецкий автономный округ,2022,4,76.0,56.0,17.0,10.0,8.48,7.26,272.4,286.5
в том числе Ненецкий автономный округ,2022,5,22.0,3.0,5.0,1.0,8.7,8.3,325.8,360.0
в том числе Ненецкий автономный округ,2022,6,83.0,42.0,20.0,8.0,7.35,4.37,243.5,262.3
в том числе Ненецкий автономный округ,2022,7,127.0,29.0,33.0,6.0,7.82,2.21,275.7,326.2
в том числе Ненецкий автономный округ,2022,8,163.0,50.0,42.0,8.0,6.14,1.66,250.5,308.6
в том числе Ненецкий автономный округ,2022,9,148.0,63.0,39.0,9.0,6.73,3.71,241.9,269.3
в том числе Ненецкий автономный округ,2022,10,124.0,35.0,34.0,7.0,8.1,4.64,278.4,307.1
в том числе Ненецкий автономный округ,2022,11,165.0,48.0,39.0,12.0,6.85,4.29,249.6,228.4
в том числе Ненецкий автономный округ,2022,12,165.0,101.0,39.0,20.0,5.4,3.21,276.9,302.0
в том числе Ненецкий автономный округ,2023,1,104.0,36.0,25.0,3.0,6.89,3.99,295.9,357.7
в том числе Ненецкий автономный округ,2023,2,107.0,28.0,30.0,6.0,8.74,5.37,262.6,244.1
в том числе Ненецкий автономный округ,2023,3,215.0,66.0,56.0,14.0,8.62,6.26,263.5,296.0
в том числе Ненецкий автономный округ,2023,4,195.0,57.0,51.0,15.0,9.38,6.69,267.4,245.7
в том числе Ненецкий автономный округ,2023,5,145.0,44.0,43.0,10.0,8.95,6.11,245.2,216.3
в том числе Ненецкий автономный округ,2023,6,238.0,73.0,57.0,15.0,9.7,7.64,294.2,317.4
в том числе Ненецкий автономный округ,2023,7,110.0,27.0,36.0,8.0,9.85,7.54,248.6,230.0
в том числе Ненецкий автономный округ,2023,8,196.0,93.0,48.0,20.0,7.69,5.38,280.3,289.6
в том числе Ненецкий автономный округ,2023,9,160.0,62.0,38.0,12.0,9.15,5.11,290.9,295.7
в том числе Ненецкий автономный округ,2023,10,175.0,84.0,35.0,16.0,9.32,6.28,312.0,299.6
в том числе Ненецкий автономный округ,2023,11,124.0,85.0,36.0,16.0,8.11,6.8,289.3,303.0
в том числе Ненецкий автономный округ,2023,12,182.0,128.0,41.0,22.0,6.71,5.9,290.8,312.4
в том числе Ненецкий автономный округ,2024,1,82.0,30.0,21.0,5.0,8.54,5.36,253.1,272.2
в том числе Ненецкий автономный округ,2024,2,100.0,25.0,28.0,5.0,10.68,6.04,296.0,337.1
в том числе Ненецкий автономный округ,2024,3,126.0,72.0,32.0,13.0,7.86,6.16,309.2,337.1
в том числе Ненецкий автономный округ,2024,4,104.0,69.0,33.0,16.0,7.61,5.79,294.5,297.1
в том числе Ненецкий автономный округ,2024,5,152.0,78.0,43.0,19.0,8.01,6.15,306.3,351.6
в том числе Ненецкий автономный округ,2024,6,189.0,128.0,58.0,31.0,7.37,5.86,300.4,320.2
в том числе Ненецкий автономный округ,2024,7,87.0,30.0,29.0,6.0,9.2,5.62,271.3,341.5
в том числе Ненецкий автономный округ,2024,8,110.0,47.0,33.0,12.0,6.79,5.0,274.7,284.7
в том числе Ненецкий автономный округ,2024,9,99.0,47.0,30.0,8.0,6.69,5.39,302.4,337.9
в том числе Ненецкий автономный округ,2024,10,35.0,21.0,14.0,5.0,4.99,4.16,246.1,270.6
в том числе Ненецкий автономный округ,2024,11,32.0,19.0,10.0,5.0,9.08,5.63,263.6,255.6
в том числе Ненецкий автономный округ,2024,12,110.0,80.0,22.0,15.0,6.5,5.36,283.3,284.4
в том числе Ненецкий автономный округ,2025,1,33.0,30.0,8.0,6.0,10.1,9.09,319.5,328.7
в том числе Ненецкий автономный округ,2025,2,38.0,19.0,12.0,5.0,8.29,4.5,280.1,256.5
в том числе Ненецкий автономный округ,2025,3,75.0,40.0,18.0,8.0,6.98,5.13,270.9,259.4
в том числе Ненецкий автономный округ,2025,4,81.0,50.0,20.0,11.0,7.56,5.42,299.8,312.7
в том числе Ненецкий автономный округ,2025,5,85.0,30.0,18.0,6.0,6.19,4.87,288.8,327.5
в том числе Ненецкий автономный округ,2025,6,147.0,71.0,30.0,16.0,6.98,4.23,291.6,268.4
в том числе Ненецкий автономный округ,2025,7,142.0,89.0,33.0,18.0,6.4,5.34,305.3,321.9
в том числе Ненецкий автономный округ,2025,8,123.0,78.0,28.0,14.0,6.43,5.24,292.8,316.9
в том числе Ненецкий автономный округ,2025,9,170.0,95.0,36.0,18.0,7.45,6.82,295.7,294.6
в том числе Ненецкий автономный округ,2025,10,137.0,83.0,31.0,16.0,6.56,5.88,282.1,301.0
в том числе Ненецкий автономный округ,2025,11,115.0,88.0,21.0,12.0,9.87,10.1,311.8,321.6
в том числе Ненецкий автономный округ,2025,12,224.0,144.0,42.0,24.0,7.22,6.67,300.6,317.4
в том числе Ненецкий автономный округ,2026,1,77.0,50.0,16.0,9.0,8.33,7.24,313.4,330.2
в том числе Ненецкий автономный округ,2026,2,141.0,56.0,33.0,13.0,6.89,6.25,273.5,292.3
в том числе Ненецкий автономный округ,2026,3,112.0,45.0,31.0,10.0,9.27,6.59,262.8,310.2
в том числе Ненецкий автономный округ,2026,4,124.0,31.0,33.0,6.0,6.4,6.09,241.4,273.1
в том числе Ненецкий автономный округ,2026,5,161.0,71.0,35.0,13.0,6.22,4.94,270.1,326.6
в том числе Ненецкий автономный округ,2026,6,200.0,82.0,36.0,14.0,8.44,4.98,273.0,315.8
в том числе Ненецкий автономный округ,2026,7,194.0,85.0,40.0,13.0,10.3,6.77,264.2,270.4
в том числе Ханты-Мансийский автономный округ - Югра,2019,1,3945.0,821.0,1587.0,305.0,9.85,9.79,205.9,189.0
в том числе Ханты-Мансийский автономный округ - Югра,2019,2,4864.0,1007.0,1927.0,360.0,10.13,9.94,212.7,205.2
в том числе Ханты-Мансийский автономный округ - Югра,2019,3,4734.0,972.0,1919.0,359.0,10.42,10.13,213.0,201.6
в том числе Ханты-Мансийский автономный округ - Югра,2019,4,5217.0,993.0,2055.0,354.0,10.67,10.35,217.4,206.9
в том числе Ханты-Мансийский автономный округ - Югра,2019,5,4308.0,1085.0,1652.0,369.0,10.62,10.18,221.2,212.1
в том числе Ханты-Мансийский автономный округ - Югра,2019,6,4734.0,1144.0,1819.0,383.0,10.33,9.68,218.9,204.8
в том числе Ханты-Мансийский автономный округ - Югра,2019,7,4860.0,1182.0,1912.0,395.0,10.31,9.82,217.1,211.2
в том числе Ханты-Мансийский автономный округ - Югра,2019,8,5237.0,1433.0,2032.0,494.0,9.97,9.59,218.3,209.6
в том числе Ханты-Мансийский автономный округ - Югра,2019,9,5299.0,1360.0,2077.0,468.0,9.76,9.16,221.1,214.0
в том числе Ханты-Мансийский автономный округ - Югра,2019,10,6468.0,1425.0,2453.0,463.0,9.54,9.06,218.3,210.7
в том числе Ханты-Мансийский автономный округ - Югра,2019,11,6300.0,1278.0,2418.0,423.0,9.27,8.6,216.3,212.0
в том числе Ханты-Мансийский автономный округ - Югра,2019,12,8065.0,1446.0,3088.0,479.0,9.17,8.51,213.9,210.5
в том числе Ханты-Мансийский автономный округ - Югра,2020,1,3835.0,801.0,1471.0,259.0,9.13,8.44,217.0,215.5
в том числе Ханты-Мансийский автономный округ - Югра,2020,2,5572.0,1129.0,2106.0,344.0,9.03,8.34,215.6,221.0
в том числе Ханты-Мансийский автономный округ - Югра,2020,3,6757.0,1374.0,2528.0,421.0,8.95,8.06,214.3,216.9
в том числе Ханты-Мансийский автономный округ - Югра,2020,4,5300.0,874.0,2007.0,293.0,8.96,7.71,213.9,210.3
в том числе Ханты-Мансийский автономный округ - Югра,2020,5,5473.0,1450.0,2075.0,527.0,8.3,6.47,215.5,204.6
в том числе Ханты-Мансийский автономный округ - Югра,2020,6,6985.0,1992.0,2663.0,696.0,8.11,6.4,209.8,203.4
в том числе Ханты-Мансийский автономный округ - Югра,2020,7,9014.0,2675.0,3374.0,926.0,7.73,6.06,216.0,205.8
в том числе Ханты-Мансийский автономный округ - Югра,2020,8,9311.0,3152.0,3367.0,1011.0,7.57,6.03,211.9,209.8
в том числе Ханты-Мансийский автономный округ - Югра,2020,9,11191.0,3641.0,4067.0,1149.0,7.55,5.93,212.7,211.6
в том числе Ханты-Мансийский автономный округ - Югра,2020,10,12662.0,3506.0,4495.0,1092.0,7.61,5.93,216.6,208.8
в том числе Ханты-Мансийский автономный округ - Югра,2020,11,10525.0,2515.0,3754.0,789.0,7.76,5.97,218.6,215.0
в том числе Ханты-Мансийский автономный округ - Югра,2020,12,12058.0,2921.0,4269.0,861.0,7.7,5.75,218.9,214.2
в том числе Ханты-Мансийский автономный округ - Югра,2021,1,5243.0,1403.0,1818.0,408.0,7.55,5.69,223.0,220.6
в том числе Ханты-Мансийский автономный округ - Югра,2021,2,8018.0,2204.0,2707.0,607.0,7.57,5.75,225.7,224.4
в том числе Ханты-Мансийский автономный округ - Югра,2021,3,10606.0,2938.0,3519.0,798.0,7.57,5.75,226.7,227.9
в том числе Ханты-Мансийский автономный округ - Югра,2021,4,11277.0,2966.0,3786.0,846.0,7.52,5.62,230.7,233.0
в том числе Ханты-Мансийский автономный округ - Югра,2021,5,9490.0,2615.0,3151.0,713.0,7.45,5.33,232.8,235.7
в том числе Ханты-Мансийский автономный округ - Югра,2021,6,11827.0,4070.0,3709.0,1065.0,7.22,5.22,238.6,241.3
в том числе Ханты-Мансийский автономный округ - Югра,2021,7,9171.0,2015.0,2990.0,534.0,7.84,6.22,241.1,245.0
в том числе Ханты-Мансийский автономный округ - Югра,2021,8,9223.0,2453.0,3009.0,688.0,7.86,6.23,240.0,242.3
в том числе Ханты-Мансийский автономный округ - Югра,2021,9,10014.0,3105.0,3189.0,817.0,7.82,6.36,240.7,242.0
в том числе Ханты-Мансийский автономный округ - Югра,2021,10,11058.0,2930.0,3428.0,743.0,7.87,6.19,246.1,248.2
в том числе Ханты-Мансийский автономный округ - Югра,2021,11,10704.0,3161.0,3252.0,840.0,7.84,6.03,249.1,250.0
в том числе Ханты-Мансийский автономный округ - Югра,2021,12,12721.0,3666.0,3804.0,975.0,8.04,5.73,253.8,246.2
в том числе Ханты-Мансийский автономный округ - Югра,2022,1,6053.0,1840.0,1796.0,499.0,8.18,5.66,258.4,253.4
в том числе Ханты-Мансийский автономный округ - Югра,2022,2,8887.0,2955.0,2531.0,729.0,8.43,6.01,263.4,259.1
в том числе Ханты-Мансийский автономный округ - Югра,2022,3,10527.0,4159.0,3212.0,1218.0,8.34,5.54,262.7,254.7
в том числе Ханты-Мансийский автономный округ - Югра,2022,4,2604.0,1499.0,803.0,363.0,7.83,5.97,257.0,266.1
в том числе Ханты-Мансийский автономный округ - Югра,2022,5,1914.0,1137.0,555.0,251.0,7.45,5.41,257.5,265.3
в том числе Ханты-Мансийский автономный округ - Югра,2022,6,4347.0,1954.0,1223.0,399.0,7.56,5.12,261.4,274.0
в том числе Ханты-Мансийский автономный округ - Югра,2022,7,7119.0,2705.0,1955.0,554.0,7.6,4.7,269.1,283.8
в том числе Ханты-Мансийский автономный округ - Югра,2022,8,10111.0,3650.0,2624.0,724.0,7.47,4.59,272.4,283.5
в том числе Ханты-Мансийский автономный округ - Югра,2022,9,11102.0,3563.0,2926.0,711.0,7.73,4.38,274.7,288.9
в том числе Ханты-Мансийский автономный округ - Югра,2022,10,10592.0,2769.0,2885.0,570.0,8.19,4.73,275.6,290.3
в том числе Ханты-Мансийский автономный округ - Югра,2022,11,10915.0,3502.0,2865.0,755.0,7.92,4.55,278.2,291.5
в том числе Ханты-Мансийский автономный округ - Югра,2022,12,14782.0,5591.0,3664.0,1121.0,7.52,4.49,284.1,298.0
в том числе Ханты-Мансийский автономный округ - Югра,2023,1,6344.0,2141.0,1652.0,443.0,8.38,5.44,283.1,290.8
в том числе Ханты-Мансийский автономный округ - Югра,2023,2,8753.0,2758.0,2251.0,596.0,8.51,5.82,287.2,299.1
в том числе Ханты-Мансийский автономный округ - Югра,2023,3,12174.0,4062.0,3160.0,872.0,8.77,6.1,286.9,299.8
в том числе Ханты-Мансийский автономный округ - Югра,2023,4,12166.0,3655.0,3158.0,811.0,8.62,6.16,289.5,303.8
в том числе Ханты-Мансийский автономный округ - Югра,2023,5,13444.0,4174.0,3371.0,903.0,8.53,6.23,293.3,301.9
в том числе Ханты-Мансийский автономный округ - Югра,2023,6,13376.0,4268.0,3390.0,930.0,8.65,6.31,287.7,295.2
в том числе Ханты-Мансийский автономный округ - Югра,2023,7,13259.0,4799.0,3440.0,1084.0,8.43,6.27,289.9,296.4
в том числе Ханты-Мансийский автономный округ - Югра,2023,8,18184.0,7909.0,4406.0,1695.0,8.17,6.12,293.0,301.2
в том числе Ханты-Мансийский автономный округ - Югра,2023,9,20336.0,9852.0,4911.0,2087.0,8.22,5.98,297.4,305.2
в том числе Ханты-Мансийский автономный округ - Югра,2023,10,14366.0,6768.0,3649.0,1469.0,8.71,6.41,293.8,303.8
в том числе Ханты-Мансийский автономный округ - Югра,2023,11,13433.0,7172.0,3446.0,1593.0,8.56,6.42,299.7,308.2
в том числе Ханты-Мансийский автономный округ - Югра,2023,12,13094.0,7017.0,3350.0,1560.0,8.35,6.28,300.9,309.2
в том числе Ханты-Мансийский автономный округ - Югра,2024,1,4101.0,2051.0,1121.0,450.0,8.77,6.39,292.8,307.6
в том числе Ханты-Мансийский автономный округ - Югра,2024,2,5503.0,2319.0,1537.0,522.0,9.99,6.68,294.8,313.6
в том числе Ханты-Мансийский автономный округ - Югра,2024,3,6991.0,3557.0,1895.0,777.0,8.88,6.54,303.7,313.8
в том числе Ханты-Мансийский автономный округ - Югра,2024,4,8193.0,3799.0,2169.0,857.0,8.89,6.37,302.8,317.4
в том числе Ханты-Мансийский автономный округ - Югра,2024,5,9664.0,5411.0,2636.0,1240.0,8.11,6.24,305.4,317.5
в том числе Ханты-Мансийский автономный округ - Югра,2024,6,14638.0,8646.0,3848.0,1912.0,7.84,6.31,309.0,317.3
в том числе Ханты-Мансийский автономный округ - Югра,2024,7,5408.0,1696.0,1704.0,376.0,11.13,6.79,293.9,318.4
в том числе Ханты-Мансийский автономный округ - Югра,2024,8,5973.0,2732.0,1590.0,545.0,9.56,6.47,309.8,331.2
в том числе Ханты-Мансийский автономный округ - Югра,2024,9,6002.0,2907.0,1526.0,585.0,9.16,5.94,309.9,327.2
в том числе Ханты-Мансийский автономный округ - Югра,2024,10,6043.0,2979.0,1582.0,589.0,9.37,5.82,310.4,330.0
в том числе Ханты-Мансийский автономный округ - Югра,2024,11,4301.0,2341.0,1158.0,485.0,8.72,6.15,316.6,334.7
в том числе Ханты-Мансийский автономный округ - Югра,2024,12,4539.0,2955.0,1236.0,650.0,8.87,6.58,308.7,322.7
в том числе Ханты-Мансийский автономный округ - Югра,2025,1,1979.0,1303.0,529.0,273.0,8.09,5.96,317.9,332.0
в том числе Ханты-Мансийский автономный округ - Югра,2025,2,3635.0,1867.0,889.0,378.0,7.35,6.04,323.7,332.5
в том числе Ханты-Мансийский автономный округ - Югра,2025,3,4416.0,2442.0,1053.0,513.0,7.39,6.17,321.6,331.0
в том числе Ханты-Мансийский автономный округ - Югра,2025,4,5322.0,2520.0,1230.0,488.0,7.65,6.08,319.9,331.1
в том числе Ханты-Мансийский автономный округ - Югра,2025,5,5492.0,2708.0,1281.0,528.0,7.63,6.1,314.5,324.8
в том числе Ханты-Мансийский автономный округ - Югра,2025,6,5950.0,2918.0,1393.0,580.0,7.42,6.04,319.0,328.9
в том числе Ханты-Мансийский автономный округ - Югра,2025,7,6938.0,3659.0,1579.0,690.0,7.36,6.08,314.9,330.3
в том числе Ханты-Мансийский автономный округ - Югра,2025,8,7801.0,4042.0,1749.0,770.0,7.71,5.97,314.3,331.5
в том числе Ханты-Мансийский автономный округ - Югра,2025,9,7567.0,4296.0,1756.0,854.0,7.72,5.95,312.8,327.8
в том числе Ханты-Мансийский автономный округ - Югра,2025,10,9379.0,4874.0,2143.0,932.0,8.34,6.55,309.3,328.6
в том числе Ханты-Мансийский автономный округ - Югра,2025,11,9485.0,5596.0,2123.0,1065.0,7.86,6.29,316.4,334.0
в том числе Ханты-Мансийский автономный округ - Югра,2025,12,13881.0,7733.0,3040.0,1456.0,7.66,6.22,319.8,335.5
в том числе Ханты-Мансийский автономный округ - Югра,2026,1,7944.0,4253.0,1695.0,778.0,7.52,6.4,320.0,332.2
в том числе Ханты-Мансийский автономный округ - Югра,2026,2,4872.0,1639.0,1207.0,314.0,10.43,7.28,289.2,327.4
в том числе Ханты-Мансийский автономный округ - Югра,2026,3,5732.0,2007.0,1464.0,414.0,10.14,7.57,293.4,316.5
в том числе Ханты-Мансийский автономный округ - Югра,2026,4,6690.0,2131.0,1692.0,428.0,10.3,8.42,291.0,316.5
в том числе Ханты-Мансийский автономный округ - Югра,2026,5,5861.0,1822.0,1450.0,355.0,10.47,8.19,289.4,315.1
в том числе Ханты-Мансийский автономный округ - Югра,2026,6,8366.0,3387.0,1941.0,640.0,8.76,6.98,305.8,325.6
в том числе Ханты-Мансийский автономный округ - Югра,2026,7,6228.0,2173.0,1601.0,420.0,10.77,7.95,284.5,308.8
в том числе Ямало-Ненецкий автономный округ,2019,1,1470.0,361.0,548.0,127.0,9.76,9.66,209.3,184.5
в том числе Ямало-Ненецкий автономный округ,2019,2,2012.0,560.0,704.0,163.0,9.89,9.61,216.3,208.6
в том числе Ямало-Ненецкий автономный округ,2019,3,2041.0,493.0,717.0,170.0,10.27,10.0,216.5,208.2
в том числе Ямало-Ненецкий автономный округ,2019,4,2254.0,585.0,797.0,174.0,10.48,10.21,217.4,198.4
в том числе Ямало-Ненецкий автономный округ,2019,5,1880.0,572.0,650.0,175.0,10.48,10.22,221.5,197.5
в том числе Ямало-Ненецкий автономный округ,2019,6,2212.0,717.0,773.0,228.0,10.29,10.08,215.1,197.5
в том числе Ямало-Ненецкий автономный округ,2019,7,2402.0,795.0,838.0,252.0,10.24,9.95,215.3,211.7
в том числе Ямало-Ненецкий автономный округ,2019,8,2149.0,780.0,763.0,244.0,9.96,9.64,217.1,210.1
в том числе Ямало-Ненецкий автономный округ,2019,9,2405.0,757.0,817.0,234.0,9.71,9.31,228.0,214.2
в том числе Ямало-Ненецкий автономный округ,2019,10,2551.0,778.0,896.0,256.0,9.46,8.92,218.2,205.8
в том числе Ямало-Ненецкий автономный округ,2019,11,2898.0,696.0,1018.0,217.0,9.24,8.65,225.7,217.8
в том числе Ямало-Ненецкий автономный округ,2019,12,3019.0,714.0,1075.0,222.0,9.13,8.39,224.7,220.8
в том числе Ямало-Ненецкий автономный округ,2020,1,1481.0,399.0,514.0,122.0,9.1,8.43,224.8,221.7
в том числе Ямало-Ненецкий автономный округ,2020,2,2139.0,580.0,698.0,163.0,8.95,8.3,221.9,212.1
в том числе Ямало-Ненецкий автономный округ,2020,3,2524.0,726.0,847.0,205.0,8.85,8.14,224.9,219.4
в том числе Ямало-Ненецкий автономный округ,2020,4,1812.0,491.0,616.0,134.0,8.6,7.33,222.4,226.2
в том числе Ямало-Ненецкий автономный округ,2020,5,1935.0,699.0,658.0,224.0,7.88,6.33,215.4,198.5
в том числе Ямало-Ненецкий автономный округ,2020,6,2860.0,1120.0,968.0,356.0,7.83,6.51,218.0,200.8
в том числе Ямало-Ненецкий автономный округ,2020,7,3879.0,1495.0,1279.0,453.0,7.74,6.42,218.8,202.6
в том числе Ямало-Ненецкий автономный округ,2020,8,3994.0,1716.0,1309.0,523.0,7.37,6.0,215.4,199.7
в том числе Ямало-Ненецкий автономный округ,2020,9,4078.0,1688.0,1318.0,471.0,7.37,6.03,215.9,201.2
в том числе Ямало-Ненецкий автономный округ,2020,10,4020.0,1492.0,1318.0,434.0,7.38,6.01,216.6,201.2
в том числе Ямало-Ненецкий автономный округ,2020,11,3608.0,1190.0,1176.0,354.0,7.5,5.99,223.2,204.8
в том числе Ямало-Ненецкий автономный округ,2020,12,4134.0,1270.0,1295.0,361.0,7.53,5.98,229.1,211.8
в том числе Ямало-Ненецкий автономный округ,2021,1,1802.0,661.0,551.0,171.0,7.4,6.12,230.6,215.7
в том числе Ямало-Ненецкий автономный округ,2021,2,2799.0,882.0,827.0,235.0,7.44,6.09,237.1,216.7
в том числе Ямало-Ненецкий автономный округ,2021,3,3516.0,1094.0,1061.0,278.0,7.33,6.0,235.6,230.0
в том числе Ямало-Ненецкий автономный округ,2021,4,4331.0,1439.0,1233.0,351.0,7.4,6.02,244.0,239.5
в том числе Ямало-Ненецкий автономный округ,2021,5,3631.0,1193.0,1025.0,297.0,7.44,5.83,248.5,243.9
в том числе Ямало-Ненецкий автономный округ,2021,6,4904.0,2164.0,1356.0,529.0,7.08,5.55,248.3,245.5
в том числе Ямало-Ненецкий автономный округ,2021,7,3692.0,975.0,1070.0,269.0,7.87,6.82,246.9,233.6
в том числе Ямало-Ненецкий автономный округ,2021,8,3831.0,1146.0,1093.0,310.0,7.89,6.55,245.2,238.3
в том числе Ямало-Ненецкий автономный округ,2021,9,3932.0,1200.0,1061.0,304.0,7.96,6.73,251.9,248.2
в том числе Ямало-Ненецкий автономный округ,2021,10,3723.0,1191.0,1045.0,328.0,7.99,6.42,261.7,248.9
в том числе Ямало-Ненецкий автономный округ,2021,11,4040.0,1237.0,1055.0,317.0,8.11,6.4,265.3,249.2
в том числе Ямало-Ненецкий автономный округ,2021,12,4632.0,1355.0,1216.0,351.0,8.3,6.14,264.1,251.8
в том числе Ямало-Ненецкий автономный округ,2022,1,2307.0,831.0,582.0,199.0,8.36,6.06,268.0,249.4
в том числе Ямало-Ненецкий автономный округ,2022,2,2937.0,831.0,747.0,209.0,8.81,6.26,274.5,262.1
в том числе Ямало-Ненецкий автономный округ,2022,3,4025.0,1511.0,1103.0,435.0,8.76,5.6,271.9,269.1
в том числе Ямало-Ненецкий автономный округ,2022,4,1285.0,766.0,355.0,185.0,9.1,6.91,255.9,256.1
в том числе Ямало-Ненецкий автономный округ,2022,5,1107.0,634.0,268.0,129.0,8.49,6.37,252.6,271.2
в том числе Ямало-Ненецкий автономный округ,2022,6,2142.0,1104.0,548.0,227.0,8.12,5.7,253.9,264.0
в том числе Ямало-Ненецкий автономный округ,2022,7,3170.0,1419.0,789.0,286.0,7.91,5.17,255.0,261.2
в том числе Ямало-Ненецкий автономный округ,2022,8,4214.0,1771.0,982.0,343.0,7.61,4.89,270.8,280.8
в том числе Ямало-Ненецкий автономный округ,2022,9,4570.0,1905.0,1042.0,360.0,7.6,4.77,272.2,273.3
в том числе Ямало-Ненецкий автономный округ,2022,10,3980.0,1158.0,959.0,252.0,8.56,5.31,273.0,271.9
в том числе Ямало-Ненецкий автономный округ,2022,11,3940.0,1503.0,914.0,296.0,8.4,5.39,273.5,278.8
в том числе Ямало-Ненецкий автономный округ,2022,12,5642.0,2501.0,1255.0,496.0,7.81,4.83,283.8,285.7
в том числе Ямало-Ненецкий автономный округ,2023,1,2320.0,737.0,533.0,149.0,8.64,5.2,280.0,306.0
в том числе Ямало-Ненецкий автономный округ,2023,2,3266.0,1036.0,773.0,223.0,9.21,5.85,288.4,293.6
в том числе Ямало-Ненецкий автономный округ,2023,3,4290.0,1519.0,1031.0,338.0,8.93,5.87,284.8,289.8
в том числе Ямало-Ненецкий автономный округ,2023,4,5341.0,2369.0,1150.0,432.0,9.17,7.0,286.7,284.9
в том числе Ямало-Ненецкий автономный округ,2023,5,5401.0,2057.0,1210.0,421.0,9.09,6.35,289.9,292.4
в том числе Ямало-Ненецкий автономный округ,2023,6,5632.0,2218.0,1290.0,457.0,9.07,6.56,287.9,297.3
в том числе Ямало-Ненецкий автономный округ,2023,7,5745.0,2438.0,1282.0,496.0,8.82,6.42,282.2,287.8
в том числе Ямало-Ненецкий автономный округ,2023,8,7755.0,3654.0,1690.0,737.0,8.67,6.45,285.6,294.0
в том числе Ямало-Ненецкий автономный округ,2023,9,6868.0,3547.0,1535.0,711.0,8.57,6.05,290.6,300.4
в том числе Ямало-Ненецкий автономный округ,2023,10,5273.0,2345.0,1229.0,498.0,9.38,6.38,290.7,298.4
в том числе Ямало-Ненецкий автономный округ,2023,11,4478.0,2401.0,1060.0,525.0,9.05,6.29,299.5,311.9
в том числе Ямало-Ненецкий автономный округ,2023,12,4916.0,2768.0,1129.0,583.0,8.84,6.55,297.8,310.1
в том числе Ямало-Ненецкий автономный округ,2024,1,1834.0,960.0,434.0,198.0,8.67,6.31,290.4,303.1
в том числе Ямало-Ненецкий автономный округ,2024,2,2190.0,952.0,574.0,202.0,9.94,6.64,290.7,311.1
в том числе Ямало-Ненецкий автономный округ,2024,3,3013.0,1555.0,708.0,301.0,9.58,6.72,295.3,309.8
в том числе Ямало-Ненецкий автономный округ,2024,4,3281.0,1598.0,769.0,335.0,9.44,6.73,292.9,311.3
в том числе Ямало-Ненецкий автономный округ,2024,5,4128.0,2509.0,1036.0,530.0,8.45,6.38,304.0,314.6
в том числе Ямало-Ненецкий автономный округ,2024,6,5925.0,3761.0,1421.0,803.0,8.15,6.6,304.7,314.8
в том числе Ямало-Ненецкий автономный округ,2024,7,2495.0,780.0,650.0,152.0,11.16,6.23,277.8,298.4
в том числе Ямало-Ненецкий автономный округ,2024,8,2547.0,1197.0,585.0,216.0,9.22,6.03,287.9,310.7
в том числе Ямало-Ненецкий автономный округ,2024,9,2576.0,1351.0,609.0,254.0,8.42,5.67,285.1,301.6
в том числе Ямало-Ненецкий автономный округ,2024,10,2362.0,1215.0,547.0,221.0,9.68,5.85,285.6,310.9
в том числе Ямало-Ненецкий автономный округ,2024,11,1785.0,1136.0,441.0,226.0,8.01,5.4,281.5,297.9
в том числе Ямало-Ненецкий автономный округ,2024,12,1531.0,1102.0,382.0,233.0,7.86,6.11,296.9,312.5
в том числе Ямало-Ненецкий автономный округ,2025,1,778.0,535.0,172.0,100.0,8.47,5.8,304.7,318.0
в том числе Ямало-Ненецкий автономный округ,2025,2,1441.0,915.0,317.0,162.0,7.66,5.39,293.9,310.9
в том числе Ямало-Ненецкий автономный округ,2025,3,1373.0,944.0,292.0,174.0,6.59,5.49,299.8,315.2
в том числе Ямало-Ненецкий автономный округ,2025,4,1791.0,1044.0,391.0,185.0,7.36,5.86,295.0,310.6
в том числе Ямало-Ненецкий автономный округ,2025,5,2108.0,1176.0,458.0,211.0,7.1,6.03,296.5,313.3
в том числе Ямало-Ненецкий автономный округ,2025,6,2674.0,1634.0,574.0,316.0,6.3,5.14,295.4,312.5
в том числе Ямало-Ненецкий автономный округ,2025,7,2949.0,1807.0,610.0,318.0,6.98,5.85,301.4,320.5
в том числе Ямало-Ненецкий автономный округ,2025,8,3324.0,1998.0,698.0,364.0,7.2,5.87,298.0,319.1
в том числе Ямало-Ненецкий автономный округ,2025,9,3044.0,1916.0,645.0,355.0,7.51,6.23,294.4,312.6
в том числе Ямало-Ненецкий автономный округ,2025,10,3799.0,2190.0,773.0,386.0,7.67,6.06,296.1,318.0
в том числе Ямало-Ненецкий автономный округ,2025,11,3479.0,2279.0,732.0,417.0,7.86,6.27,301.0,318.3
в том числе Ямало-Ненецкий автономный округ,2025,12,5188.0,3289.0,1021.0,585.0,7.26,5.84,307.8,326.8
в том числе Ямало-Ненецкий автономный округ,2026,1,2856.0,1782.0,563.0,320.0,7.36,6.28,311.0,330.7
в том числе Ямало-Ненецкий автономный округ,2026,2,1986.0,968.0,440.0,176.0,8.81,6.2,277.8,297.9
в том числе Ямало-Ненецкий автономный округ,2026,3,2284.0,1084.0,511.0,205.0,9.41,6.7,275.1,298.8
в том числе Ямало-Ненецкий автономный округ,2026,4,2810.0,1164.0,638.0,206.0,9.65,7.1,264.9,283.9
в том числе Ямало-Ненецкий автономный округ,2026,5,2812.0,1161.0,624.0,204.0,9.75,7.21,271.5,296.6
в том числе Ямало-Ненецкий автономный округ,2026,6,3755.0,1850.0,785.0,338.0,8.57,6.59,291.8,312.8
в том числе Ямало-Ненецкий автономный округ,2026,7,3321.0,1327.0,719.0,237.0,10.79,8.31,269.1,291.5
г. Москва,2019,1,23117.0,11160.0,5307.0,2601.0,9.95,9.55,212.8,219.6
г. Москва,2019,2,32611.0,14690.0,7105.0,3240.0,10.17,9.75,220.4,225.8
г. Москва,2019,3,32378.0,14708.0,7008.0,3258.0,10.4,9.89,219.7,223.8
г. Москва,2019,4,34527.0,14728.0,7397.0,3234.0,10.53,9.91,220.4,217.3
г. Москва,2019,5,26588.0,12744.0,5587.0,2701.0,10.51,9.87,220.4,226.3
г. Москва,2019,6,29869.0,13881.0,6156.0,2954.0,10.21,9.6,220.2,223.0
г. Москва,2019,7,30888.0,13037.0,6262.0,2584.0,10.26,9.47,221.4,226.5
г. Москва,2019,8,30466.0,13549.0,6455.0,2860.0,9.9,9.17,221.3,223.4
г. Москва,2019,9,30997.0,14389.0,6419.0,2981.0,9.65,9.02,223.7,226.3
г. Москва,2019,10,37845.0,17017.0,7541.0,3415.0,9.37,8.71,224.8,230.9
г. Москва,2019,11,39245.0,17152.0,7816.0,3340.0,9.13,8.38,223.8,226.5
г. Москва,2019,12,54542.0,21042.0,10496.0,4060.0,9.02,8.17,224.8,230.9
г. Москва,2020,1,30121.0,13759.0,6070.0,2761.0,8.87,8.08,227.6,235.8
г. Москва,2020,2,44898.0,18936.0,8599.0,3512.0,8.8,8.02,229.4,239.2
г. Москва,2020,3,53051.0,21214.0,9842.0,3874.0,8.71,7.96,227.4,237.3
г. Москва,2020,4,23537.0,8918.0,4813.0,1732.0,8.51,6.86,227.5,234.2
г. Москва,2020,5,24912.0,11950.0,5091.0,2427.0,7.4,5.37,223.4,222.8
г. Москва,2020,6,39773.0,17718.0,7906.0,3386.0,7.74,6.26,226.3,229.4
г. Москва,2020,7,54360.0,25341.0,10069.0,4438.0,7.49,5.98,226.8,231.8
г. Москва,2020,8,60332.0,27920.0,11158.0,4824.0,7.36,5.93,228.8,232.3
г. Москва,2020,9,74913.0,32662.0,13763.0,5460.0,7.4,6.04,230.1,232.3
г. Москва,2020,10,82320.0,36197.0,14671.0,5872.0,7.37,6.01,230.4,234.9
г. Москва,2020,11,77497.0,32418.0,13827.0,5281.0,7.43,6.06,231.1,233.2
г. Москва,2020,12,88010.0,34194.0,15359.0,5708.0,7.54,6.03,233.2,237.2
г. Москва,2021,1,42370.0,18860.0,7494.0,3185.0,7.34,6.01,233.8,237.1
г. Москва,2021,2,67937.0,30124.0,11290.0,4627.0,7.47,6.2,237.5,242.4
г. Москва,2021,3,80858.0,33679.0,13248.0,5020.0,7.51,6.22,241.0,250.1
г. Москва,2021,4,89821.0,38496.0,14339.0,5461.0,7.45,6.2,244.6,250.1
г. Москва,2021,5,66079.0,29235.0,10410.0,4165.0,7.32,5.99,247.2,257.1
г. Москва,2021,6,84255.0,41895.0,12981.0,5826.0,7.24,5.87,251.0,257.5
г. Москва,2021,7,61929.0,21701.0,9496.0,2971.0,8.11,6.78,247.1,252.6
г. Москва,2021,8,62370.0,24467.0,9622.0,3476.0,8.06,6.81,251.0,256.7
г. Москва,2021,9,68727.0,30327.0,10507.0,4319.0,8.01,6.67,253.3,257.6
г. Москва,2021,10,73321.0,32585.0,10848.0,4478.0,7.83,6.37,256.4,262.0
г. Москва,2021,11,77903.0,36332.0,10990.0,4838.0,7.57,6.16,259.3,269.0
г. Москва,2021,12,95796.0,44368.0,13560.0,6036.0,7.88,6.36,259.9,266.5
г. Москва,2022,1,49356.0,26166.0,7052.0,3658.0,7.87,6.46,266.2,272.7
г. Москва,2022,2,73659.0,36582.0,10201.0,4867.0,8.23,6.67,267.1,273.8
г. Москва,2022,3,63334.0,32725.0,10142.0,5330.0,8.31,6.14,272.2,280.2
г. Москва,2022,4,24506.0,15123.0,3973.0,2168.0,8.19,5.8,268.7,282.0
г. Москва,2022,5,25946.0,19228.0,3678.0,2431.0,4.88,2.86,280.6,295.5
г. Москва,2022,6,45882.0,28561.0,5573.0,3229.0,5.69,3.28,265.8,296.4
г. Москва,2022,7,54922.0,31937.0,6839.0,3478.0,6.09,3.61,283.2,303.8
г. Москва,2022,8,65153.0,35521.0,8217.0,3931.0,6.0,3.33,284.7,306.4
г. Москва,2022,9,69707.0,36356.0,8642.0,4000.0,6.11,3.47,285.2,307.4
г. Москва,2022,10,50384.0,19295.0,6934.0,2298.0,6.99,3.44,280.3,310.7
г. Москва,2022,11,55973.0,26850.0,7556.0,3161.0,6.46,3.2,289.4,308.9
г. Москва,2022,12,86882.0,44236.0,10861.0,5036.0,6.17,3.1,292.7,314.3
г. Москва,2023,1,34805.0,15666.0,4804.0,1949.0,7.71,5.25,289.1,310.0
г. Москва,2023,2,52540.0,25053.0,7066.0,3038.0,7.83,5.51,288.5,308.5
г. Москва,2023,3,70027.0,30207.0,9388.0,3963.0,8.34,5.93,284.9,308.0
г. Москва,2023,4,70076.0,29208.0,9389.0,3681.0,8.55,6.47,284.2,304.4
г. Москва,2023,5,69393.0,29550.0,9393.0,3724.0,8.51,6.36,287.7,305.9
г. Москва,2023,6,76697.0,31978.0,10399.0,3976.0,8.55,6.53,289.1,310.2
г. Москва,2023,7,78036.0,36594.0,10887.0,4806.0,8.26,6.3,293.6,310.7
г. Москва,2023,8,103055.0,51830.0,14007.0,6647.0,8.1,6.27,295.0,309.4
г. Москва,2023,9,111478.0,60821.0,15181.0,7646.0,8.02,6.13,300.5,313.9
г. Москва,2023,10,93184.0,51052.0,12922.0,6324.0,8.31,6.37,298.7,312.6
г. Москва,2023,11,82533.0,47343.0,11846.0,6092.0,8.4,6.35,303.0,318.4
г. Москва,2023,12,93249.0,59453.0,12924.0,7399.0,8.06,6.31,306.3,319.3
г. Москва,2024,1,31578.0,17565.0,4853.0,2257.0,8.64,6.46,300.6,317.9
г. Москва,2024,2,41083.0,20716.0,6071.0,2591.0,9.85,6.88,295.2,312.2
г. Москва,2024,3,60934.0,36125.0,8440.0,4200.0,8.77,6.61,302.9,319.0
г. Москва,2024,4,58053.0,33466.0,8131.0,3969.0,8.78,6.59,302.4,317.0
г. Москва,2024,5,66177.0,41003.0,9537.0,5065.0,8.55,6.55,306.1,321.1
г. Москва,2024,6,90666.0,58778.0,13448.0,7607.0,8.0,6.53,312.4,323.7
г. Москва,2024,7,40003.0,16942.0,6007.0,1799.0,11.33,7.17,292.4,322.7
г. Москва,2024,8,43345.0,23102.0,6136.0,2648.0,10.34,7.48,306.8,329.0
г. Москва,2024,9,42410.0,24800.0,5856.0,2866.0,9.46,6.9,312.1,331.6
г. Москва,2024,10,47118.0,27929.0,6601.0,3276.0,9.61,6.55,305.7,327.9
г. Москва,2024,11,34032.0,21465.0,5032.0,2593.0,9.26,6.53,304.9,324.4
г. Москва,2024,12,38795.0,25743.0,5580.0,3236.0,8.71,6.37,303.2,323.6
г. Москва,2025,1,21350.0,16006.0,3185.0,2130.0,8.54,6.63,310.8,324.8
г. Москва,2025,2,35489.0,25861.0,4891.0,3310.0,8.16,6.47,309.5,323.8
г. Москва,2025,3,35652.0,25642.0,4927.0,3251.0,8.08,6.58,308.0,323.2
г. Москва,2025,4,38998.0,24375.0,5131.0,2992.0,8.41,6.71,304.4,321.8
г. Москва,2025,5,36212.0,24810.0,4803.0,2999.0,8.6,6.91,307.5,320.1
г. Москва,2025,6,35714.0,23885.0,4652.0,2801.0,8.64,7.16,309.0,324.5
г. Москва,2025,7,40376.0,25142.0,5324.0,3045.0,8.69,7.06,304.8,323.9
г. Москва,2025,8,44299.0,28646.0,5884.0,3432.0,8.73,7.2,308.4,324.4
г. Москва,2025,9,49357.0,33534.0,6352.0,3828.0,9.31,7.81,305.1,320.2
г. Москва,2025,10,56046.0,35588.0,7286.0,4183.0,9.61,7.66,303.7,323.9
г. Москва,2025,11,62384.0,43109.0,7826.0,4953.0,8.89,7.18,309.4,328.5
г. Москва,2025,12,93959.0,62381.0,11710.0,7094.0,8.58,7.04,312.0,327.4
г. Москва,2026,1,56251.0,37389.0,6827.0,4186.0,8.4,7.24,316.3,327.7
г. Москва,2026,2,34474.0,15511.0,4721.0,1818.0,11.91,8.89,284.3,310.8
г. Москва,2026,3,41395.0,19821.0,5434.0,2239.0,11.44,8.83,289.0,313.1
г. Москва,2026,4,43903.0,19846.0,5812.0,2267.0,12.12,9.37,280.6,310.7
г. Москва,2026,5,43204.0,20745.0,5612.0,2357.0,11.85,9.26,281.5,305.1
г. Москва,2026,6,61403.0,33688.0,7503.0,3681.0,10.13,8.15,295.0,315.3
г. Москва,2026,7,45652.0,19335.0,6019.0,2171.0,11.69,8.9,277.0,299.9
г. Санкт-Петербург,2019,1,13225.0,6491.0,4649.0,2330.0,9.89,9.74,211.2,210.1
г. Санкт-Петербург,2019,2,15794.0,7458.0,5567.0,2679.0,10.13,10.01,208.5,206.5
г. Санкт-Петербург,2019,3,15731.0,7653.0,5430.0,2748.0,10.39,10.16,212.7,214.8
г. Санкт-Петербург,2019,4,16892.0,8197.0,5752.0,2897.0,10.51,10.19,215.1,213.8
г. Санкт-Петербург,2019,5,13780.0,7032.0,4776.0,2533.0,10.51,10.13,214.2,214.4
г. Санкт-Петербург,2019,6,14925.0,7766.0,5057.0,2676.0,10.28,9.98,215.0,213.8
г. Санкт-Петербург,2019,7,14891.0,6507.0,4891.0,2206.0,10.19,9.74,215.5,217.8
г. Санкт-Петербург,2019,8,16011.0,7738.0,5215.0,2573.0,9.79,9.42,215.5,216.1
г. Санкт-Петербург,2019,9,15176.0,7279.0,4903.0,2317.0,9.57,9.19,220.4,223.0
г. Санкт-Петербург,2019,10,16909.0,7787.0,5336.0,2500.0,9.26,8.89,220.0,223.4
г. Санкт-Петербург,2019,11,18322.0,8670.0,5841.0,2689.0,9.05,8.55,218.3,222.8
г. Санкт-Петербург,2019,12,26880.0,11334.0,8309.0,3463.0,8.88,8.25,214.3,222.4
г. Санкт-Петербург,2020,1,14306.0,6721.0,4404.0,2030.0,8.73,8.21,216.7,226.5
г. Санкт-Петербург,2020,2,21007.0,9495.0,6438.0,2789.0,8.69,8.13,220.0,229.7
г. Санкт-Петербург,2020,3,23242.0,9866.0,7162.0,3026.0,8.62,8.03,219.6,227.6
г. Санкт-Петербург,2020,4,12974.0,5207.0,4207.0,1624.0,8.44,7.41,219.2,229.9
г. Санкт-Петербург,2020,5,14348.0,7488.0,4478.0,2273.0,7.54,6.24,218.8,219.6
г. Санкт-Петербург,2020,6,19992.0,10517.0,6147.0,3105.0,7.43,6.23,218.3,223.8
г. Санкт-Петербург,2020,7,24171.0,12645.0,7056.0,3547.0,7.26,6.15,220.2,223.9
г. Санкт-Петербург,2020,8,26055.0,13275.0,7421.0,3552.0,7.17,6.14,223.4,232.4
г. Санкт-Петербург,2020,9,32380.0,14672.0,9216.0,3834.0,7.31,6.16,223.7,232.0
г. Санкт-Петербург,2020,10,35379.0,15377.0,10236.0,4131.0,7.29,6.09,225.2,231.1
г. Санкт-Петербург,2020,11,32232.0,12391.0,9156.0,3260.0,7.41,6.09,226.5,234.6
г. Санкт-Петербург,2020,12,37565.0,14595.0,10217.0,3645.0,7.38,6.11,231.0,240.8
г. Санкт-Петербург,2021,1,19633.0,9053.0,5243.0,2205.0,7.21,6.06,232.6,241.3
г. Санкт-Петербург,2021,2,28040.0,12300.0,7350.0,2889.0,7.21,6.08,236.3,247.1
г. Санкт-Петербург,2021,3,33620.0,14058.0,8385.0,3181.0,7.23,6.07,239.0,255.0
г. Санкт-Петербург,2021,4,36079.0,15158.0,8911.0,3282.0,7.18,5.78,242.3,255.9
г. Санкт-Петербург,2021,5,28451.0,12110.0,6863.0,2514.0,7.09,5.49,245.7,257.4
г. Санкт-Петербург,2021,6,35062.0,17286.0,8109.0,3555.0,6.74,5.33,250.6,259.9
г. Санкт-Петербург,2021,7,25479.0,8437.0,6050.0,1878.0,7.7,6.44,247.2,256.3
г. Санкт-Петербург,2021,8,26264.0,10255.0,6237.0,2222.0,7.66,6.46,249.6,264.7
г. Санкт-Петербург,2021,9,30708.0,12264.0,6786.0,2554.0,7.57,6.16,252.5,264.2
г. Санкт-Петербург,2021,10,31789.0,14208.0,7058.0,2824.0,7.4,5.9,259.8,272.0
г. Санкт-Петербург,2021,11,33791.0,16344.0,7359.0,3260.0,7.16,5.6,262.7,274.3
г. Санкт-Петербург,2021,12,41952.0,18602.0,8891.0,3842.0,7.48,5.79,265.8,279.3
г. Санкт-Петербург,2022,1,24600.0,12633.0,5042.0,2583.0,7.29,5.59,274.5,282.3
г. Санкт-Петербург,2022,2,32514.0,16362.0,6621.0,3306.0,7.61,5.82,272.0,282.8
г. Санкт-Петербург,2022,3,32464.0,19480.0,7577.0,4564.0,7.17,5.3,276.5,283.4
г. Санкт-Петербург,2022,4,11843.0,7724.0,2531.0,1521.0,7.28,5.66,282.5,293.5
г. Санкт-Петербург,2022,5,9105.0,6426.0,1661.0,1028.0,5.91,4.33,289.2,307.3
г. Санкт-Петербург,2022,6,17280.0,11616.0,2937.0,1737.0,5.58,3.63,289.1,306.7
г. Санкт-Петербург,2022,7,20380.0,12437.0,3462.0,1814.0,5.37,3.44,292.7,313.1
г. Санкт-Петербург,2022,8,25950.0,14583.0,4414.0,2145.0,5.45,3.09,291.7,318.3
г. Санкт-Петербург,2022,9,28784.0,15692.0,4686.0,2209.0,5.27,2.61,297.5,323.6
г. Санкт-Петербург,2022,10,22748.0,9634.0,4285.0,1677.0,6.26,2.9,291.6,322.8
г. Санкт-Петербург,2022,11,23325.0,11680.0,4416.0,2024.0,5.79,2.6,296.4,321.7
г. Санкт-Петербург,2022,12,38357.0,22297.0,6590.0,3295.0,5.08,2.47,304.1,325.4
г. Санкт-Петербург,2023,1,14675.0,7205.0,2772.0,1172.0,6.66,3.91,294.7,323.2
г. Санкт-Петербург,2023,2,21110.0,10471.0,4066.0,1760.0,7.25,4.76,295.3,317.5
г. Санкт-Петербург,2023,3,28986.0,12865.0,5575.0,2278.0,7.59,5.17,295.1,316.4
г. Санкт-Петербург,2023,4,29076.0,11857.0,5631.0,2141.0,8.08,5.67,292.4,315.4
г. Санкт-Петербург,2023,5,27504.0,11401.0,5552.0,2161.0,7.95,5.78,295.6,315.8
г. Санкт-Петербург,2023,6,30133.0,11725.0,5877.0,2154.0,7.97,5.75,294.7,315.8
г. Санкт-Петербург,2023,7,31444.0,12941.0,6144.0,2352.0,7.82,5.81,299.0,320.0
г. Санкт-Петербург,2023,8,41764.0,19981.0,7897.0,3516.0,7.68,5.7,300.9,317.4
г. Санкт-Петербург,2023,9,48906.0,26118.0,8928.0,4306.0,7.43,5.54,306.9,321.9
г. Санкт-Петербург,2023,10,39650.0,21024.0,7740.0,3660.0,7.99,6.31,303.1,319.0
г. Санкт-Петербург,2023,11,40364.0,22758.0,7989.0,4088.0,7.68,5.77,306.1,322.4
г. Санкт-Петербург,2023,12,44055.0,26084.0,8455.0,4537.0,7.49,5.96,310.2,323.6
г. Санкт-Петербург,2024,1,14497.0,7537.0,2990.0,1347.0,7.97,5.87,301.2,317.7
г. Санкт-Петербург,2024,2,18219.0,8693.0,3727.0,1527.0,8.98,6.06,301.1,320.1
г. Санкт-Петербург,2024,3,27255.0,15151.0,5340.0,2580.0,7.89,5.99,311.6,326.5
г. Санкт-Петербург,2024,4,24843.0,12508.0,5149.0,2300.0,8.3,6.15,302.2,315.3
г. Санкт-Петербург,2024,5,28904.0,15543.0,6096.0,3052.0,7.86,6.04,309.6,324.3
г. Санкт-Петербург,2024,6,42808.0,25349.0,8830.0,4792.0,7.27,6.09,315.8,323.8
г. Санкт-Петербург,2024,7,16892.0,6077.0,3835.0,991.0,10.04,6.06,300.3,328.8
г. Санкт-Петербург,2024,8,19326.0,9374.0,3861.0,1518.0,8.73,6.17,309.5,331.8
г. Санкт-Петербург,2024,9,19800.0,10168.0,3701.0,1592.0,8.7,6.3,313.3,333.7
г. Санкт-Петербург,2024,10,20213.0,10822.0,3800.0,1635.0,9.39,6.8,311.7,334.4
г. Санкт-Петербург,2024,11,16027.0,9727.0,3245.0,1649.0,8.83,6.51,310.4,329.2
г. Санкт-Петербург,2024,12,16182.0,10318.0,3192.0,1706.0,8.37,6.41,317.0,332.7
г. Санкт-Петербург,2025,1,7167.0,4636.0,1490.0,816.0,8.06,6.15,311.5,325.6
г. Санкт-Петербург,2025,2,13247.0,8000.0,2367.0,1290.0,7.47,6.12,317.9,331.2
г. Санкт-Петербург,2025,3,14973.0,9028.0,2656.0,1462.0,7.42,6.15,315.4,329.6
г. Санкт-Петербург,2025,4,15906.0,9327.0,2874.0,1534.0,7.52,6.04,314.2,329.2
г. Санкт-Петербург,2025,5,14966.0,8484.0,2622.0,1396.0,7.36,5.93,316.0,330.4
г. Санкт-Петербург,2025,6,17208.0,10367.0,3191.0,1869.0,7.4,6.11,313.1,326.0
г. Санкт-Петербург,2025,7,18240.0,9765.0,3109.0,1549.0,7.39,6.06,315.3,329.7
г. Санкт-Петербург,2025,8,20194.0,11863.0,3444.0,1845.0,7.33,6.08,315.8,330.4
г. Санкт-Петербург,2025,9,23021.0,13892.0,4083.0,2338.0,7.79,6.32,315.3,328.0
г. Санкт-Петербург,2025,10,26965.0,14731.0,4634.0,2250.0,8.11,6.24,311.8,330.1
г. Санкт-Петербург,2025,11,29177.0,18069.0,5000.0,2807.0,7.62,6.11,316.1,334.4
г. Санкт-Петербург,2025,12,50052.0,31898.0,8333.0,4972.0,7.41,6.12,322.8,336.7
г. Санкт-Петербург,2026,1,25937.0,16659.0,4163.0,2497.0,7.55,6.21,322.7,336.1
г. Санкт-Петербург,2026,2,14417.0,5754.0,2902.0,991.0,10.79,7.32,288.9,324.3
г. Санкт-Петербург,2026,3,17464.0,8378.0,3378.0,1427.0,10.31,7.43,292.1,322.3
г. Санкт-Петербург,2026,4,18859.0,8261.0,3638.0,1396.0,10.51,7.64,289.3,319.7
г. Санкт-Петербург,2026,5,17157.0,7792.0,3270.0,1332.0,9.97,7.05,291.1,322.7
г. Санкт-Петербург,2026,6,28046.0,15396.0,4751.0,2363.0,8.71,6.77,307.4,329.4
г. Санкт-Петербург,2026,7,18885.0,8092.0,3619.0,1413.0,10.65,7.55,283.1,314.3
г. Севастополь,2019,1,160.0,49.0,66.0,25.0,10.49,10.39,211.5,228.0
г. Севастополь,2019,2,208.0,45.0,94.0,23.0,10.39,10.43,204.6,223.2
г. Севастополь,2019,3,180.0,52.0,89.0,25.0,10.56,10.96,193.1,186.9
г. Севастополь,2019,4,230.0,56.0,110.0,31.0,10.51,10.48,227.6,232.7
г. Севастополь,2019,5,230.0,64.0,99.0,30.0,10.52,9.59,225.6,224.1
г. Севастополь,2019,6,244.0,91.0,100.0,34.0,10.7,10.1,237.3,245.1
г. Севастополь,2019,7,260.0,51.0,115.0,28.0,10.61,10.69,227.7,202.4
г. Севастополь,2019,8,261.0,87.0,107.0,31.0,10.1,9.25,236.0,268.1
г. Севастополь,2019,9,253.0,73.0,112.0,29.0,10.46,10.14,223.8,231.8
г. Севастополь,2019,10,305.0,90.0,130.0,36.0,10.01,9.57,223.1,231.1
г. Севастополь,2019,11,315.0,90.0,116.0,35.0,9.75,8.86,216.8,221.0
г. Севастополь,2019,12,363.0,71.0,149.0,30.0,10.02,9.45,218.9,243.4
г. Севастополь,2020,1,200.0,64.0,80.0,24.0,9.39,9.01,237.3,270.1
г. Севастополь,2020,2,362.0,84.0,150.0,36.0,9.38,8.66,222.7,217.4
г. Севастополь,2020,3,202.0,46.0,84.0,17.0,8.81,8.89,222.8,245.2
г. Севастополь,2020,4,183.0,34.0,70.0,16.0,9.42,8.86,222.5,221.2
г. Севастополь,2020,5,207.0,70.0,98.0,31.0,8.82,7.88,233.6,239.4
г. Севастополь,2020,6,468.0,219.0,192.0,89.0,8.17,6.67,239.8,243.0
г. Севастополь,2020,7,465.0,198.0,182.0,82.0,8.22,6.78,232.9,232.2
г. Севастополь,2020,8,518.0,263.0,198.0,102.0,7.82,6.35,246.2,250.0
г. Севастополь,2020,9,686.0,333.0,237.0,115.0,7.4,6.38,247.7,257.2
г. Севастополь,2020,10,645.0,227.0,225.0,69.0,7.88,6.2,229.8,215.7
г. Севастополь,2020,11,751.0,343.0,254.0,105.0,7.58,6.28,248.3,245.9
г. Севастополь,2020,12,724.0,252.0,254.0,82.0,7.95,6.36,248.9,244.0
г. Севастополь,2021,1,348.0,118.0,114.0,37.0,7.9,6.21,257.2,259.0
г. Севастополь,2021,2,627.0,222.0,195.0,66.0,7.73,6.18,253.5,243.9
г. Севастополь,2021,3,694.0,258.0,193.0,58.0,7.71,6.33,247.7,250.9
г. Севастополь,2021,4,886.0,312.0,269.0,86.0,7.49,6.14,251.4,256.1
г. Севастополь,2021,5,739.0,311.0,222.0,85.0,7.41,6.17,257.8,258.0
г. Севастополь,2021,6,810.0,285.0,238.0,75.0,7.6,5.87,252.3,249.9
г. Севастополь,2021,7,683.0,204.0,214.0,66.0,8.26,6.63,254.8,258.7
г. Севастополь,2021,8,613.0,130.0,200.0,43.0,8.77,7.34,254.1,269.5
г. Севастополь,2021,9,627.0,137.0,191.0,46.0,8.7,7.04,252.4,261.4
г. Севастополь,2021,10,640.0,105.0,193.0,31.0,8.73,5.82,255.7,271.7
г. Севастополь,2021,11,712.0,260.0,190.0,59.0,8.73,8.14,260.3,272.8
г. Севастополь,2021,12,841.0,367.0,244.0,100.0,8.64,7.56,256.4,260.3
г. Севастополь,2022,1,380.0,135.0,108.0,34.0,8.79,7.45,246.9,241.9
г. Севастополь,2022,2,534.0,132.0,159.0,44.0,8.86,5.94,259.9,267.0
г. Севастополь,2022,3,563.0,253.0,161.0,72.0,8.71,5.58,264.7,270.7
г. Севастополь,2022,4,341.0,134.0,87.0,34.0,9.45,6.24,244.7,258.1
г. Севастополь,2022,5,177.0,51.0,57.0,13.0,9.76,3.87,246.8,250.3
г. Севастополь,2022,6,248.0,64.0,66.0,16.0,8.14,3.59,272.4,312.8
г. Севастополь,2022,7,404.0,132.0,113.0,29.0,7.94,4.39,260.0,271.2
г. Севастополь,2022,8,672.0,243.0,151.0,42.0,6.48,2.36,274.2,295.1
г. Севастополь,2022,9,710.0,270.0,165.0,58.0,6.68,3.12,287.7,315.1
г. Севастополь,2022,10,765.0,280.0,171.0,51.0,6.62,3.26,297.1,320.1
г. Севастополь,2022,11,755.0,267.0,162.0,51.0,7.32,3.21,281.8,295.4
г. Севастополь,2022,12,1171.0,526.0,262.0,103.0,6.44,3.02,283.4,302.7
г. Севастополь,2023,1,466.0,164.0,115.0,34.0,7.44,3.81,293.4,299.0
г. Севастополь,2023,2,640.0,232.0,154.0,48.0,7.7,4.73,289.7,331.3
г. Севастополь,2023,3,666.0,232.0,169.0,46.0,8.71,5.86,286.8,308.9
г. Севастополь,2023,4,708.0,228.0,172.0,48.0,8.77,6.28,292.9,318.8
г. Севастополь,2023,5,957.0,331.0,238.0,79.0,8.47,5.88,295.7,315.9
г. Севастополь,2023,6,959.0,395.0,232.0,96.0,8.28,6.15,295.2,312.4
г. Севастополь,2023,7,888.0,335.0,221.0,82.0,8.57,5.49,285.0,291.9
г. Севастополь,2023,8,1164.0,481.0,277.0,97.0,7.98,5.55,287.2,298.6
г. Севастополь,2023,9,1164.0,666.0,281.0,138.0,7.29,5.49,306.4,313.8
г. Севастополь,2023,10,1191.0,627.0,305.0,127.0,7.77,5.7,293.1,302.5
г. Севастополь,2023,11,1343.0,799.0,349.0,165.0,7.13,5.19,309.7,325.6
г. Севастополь,2023,12,1544.0,971.0,388.0,198.0,7.65,5.53,311.6,319.5
г. Севастополь,2024,1,691.0,411.0,184.0,88.0,7.65,5.56,301.1,318.1
г. Севастополь,2024,2,759.0,365.0,234.0,81.0,8.05,6.02,307.3,324.0
г. Севастополь,2024,3,975.0,603.0,264.0,125.0,7.55,6.11,317.8,327.8
г. Севастополь,2024,4,874.0,508.0,241.0,107.0,7.53,6.13,314.3,327.9
г. Севастополь,2024,5,902.0,505.0,255.0,104.0,7.77,6.29,308.3,320.2
г. Севастополь,2024,6,1401.0,825.0,365.0,170.0,7.32,6.33,317.3,321.4
г. Севастополь,2024,7,579.0,222.0,190.0,49.0,9.21,6.98,306.1,308.5
г. Севастополь,2024,8,538.0,193.0,152.0,43.0,10.15,6.57,309.3,315.4
г. Севастополь,2024,9,563.0,278.0,151.0,58.0,9.64,6.31,315.8,324.5
г. Севастополь,2024,10,560.0,279.0,139.0,61.0,9.74,6.33,302.0,310.5
г. Севастополь,2024,11,743.0,479.0,186.0,95.0,7.99,6.13,323.4,329.9
г. Севастополь,2024,12,786.0,471.0,192.0,95.0,8.36,6.15,312.3,307.4
г. Севастополь,2025,1,427.0,272.0,114.0,53.0,7.93,6.11,310.9,315.4
г. Севастополь,2025,2,702.0,445.0,165.0,86.0,8.06,5.82,320.1,322.4
г. Севастополь,2025,3,448.0,308.0,124.0,63.0,7.57,5.87,305.6,316.4
г. Севастополь,2025,4,520.0,334.0,139.0,67.0,7.42,5.72,307.4,316.3
г. Севастополь,2025,5,509.0,346.0,123.0,68.0,7.82,5.97,302.4,314.1
г. Севастополь,2025,6,572.0,367.0,141.0,78.0,6.63,5.68,321.9,334.5
г. Севастополь,2025,7,651.0,409.0,141.0,76.0,8.03,6.79,313.7,313.9
г. Севастополь,2025,8,678.0,431.0,151.0,85.0,8.27,5.91,296.8,303.0
г. Севастополь,2025,9,703.0,445.0,152.0,85.0,8.23,6.25,317.5,323.5
г. Севастополь,2025,10,830.0,500.0,183.0,100.0,8.48,6.04,309.2,315.1
г. Севастополь,2025,11,1047.0,711.0,204.0,123.0,7.24,6.34,320.4,330.6
г. Севастополь,2025,12,1761.0,1254.0,358.0,234.0,6.76,5.77,326.2,336.4
г. Севастополь,2026,1,1030.0,618.0,207.0,113.0,6.75,5.82,329.3,340.3
г. Севастополь,2026,2,784.0,460.0,179.0,91.0,8.17,5.83,301.3,310.7
г. Севастополь,2026,3,788.0,449.0,179.0,88.0,7.65,5.73,303.2,322.9
г. Севастополь,2026,4,666.0,297.0,151.0,58.0,9.53,6.08,289.3,310.1
г. Севастополь,2026,5,624.0,247.0,143.0,49.0,8.51,5.57,305.2,303.1
г. Севастополь,2026,6,757.0,355.0,174.0,66.0,8.6,6.18,307.2,320.0
г. Севастополь,2026,7,501.0,229.0,117.0,44.0,8.04,5.05,291.9,315.9
