objId,rpdIssueDate,status
30292,04-07-2024,ДДУ зарегистрирован
30292,28-06-2024,ДДУ зарегистрирован
30292,03-06-2024,ДДУ зарегистрирован
30292,13-05-2024,ДДУ зарегистрирован
30292,23-04-2024,ДДУ зарегистрирован
30292,05-04-2024,ДДУ зарегистрирован
30292,29-03-2024,ДДУ зарегистрирован
30292,27-03-2024,ДДУ зарегистрирован
30292,01-03-2024,ДДУ зарегистрирован
30292,05-02-2024,ДДУ зарегистрирован
30292,29-01-2024,ДДУ зарегистрирован
30292,05-01-2024,ДДУ зарегистрирован
30292,04-12-2023,ДДУ зарегистрирован
30292,29-11-2023,ДДУ зарегистрирован
30292,28-11-2023,ДДУ зарегистрирован
30292,22-11-2023,ДДУ зарегистрирован
30292,08-11-2023,ДДУ зарегистрирован
30292,03-11-2023,ДДУ зарегистрирован
30292,17-10-2023,ДДУ зарегистрирован
30292,02-10-2023,ДДУ зарегистрирован
30292,27-09-2023,ДДУ зарегистрирован
30292,07-09-2023,ДДУ зарегистрирован
30292,02-08-2023,ДДУ зарегистрирован
30292,28-07-2023,ДДУ зарегистрирован
30292,14-07-2023,ДДУ зарегистрирован
30292,03-07-2023,ДДУ зарегистрирован
30292,06-06-2023,ДДУ зарегистрирован
30292,12-05-2023,ДДУ зарегистрирован
30292,11-05-2023,ДДУ зарегистрирован
30292,21-04-2023,ДДУ зарегистрирован
30292,03-03-2023,ДДУ зарегистрирован
30292,13-02-2023,ДДУ зарегистрирован
30292,07-01-2023,ДДУ зарегистрирован
30292,08-12-2022,ДДУ зарегистрирован
30292,05-12-2022,ДДУ зарегистрирован
30292,10-11-2022,ДДУ зарегистрирован
30292,12-10-2022,ДДУ зарегистрирован
30292,04-10-2022,ДДУ зарегистрирован
30292,05-09-2022,ДДУ зарегистрирован
30292,02-08-2022,ДДУ зарегистрирован
30292,04-07-2022,ДДУ зарегистрирован
30292,06-06-2022,ДДУ зарегистрирован
30292,06-05-2022,ДДУ зарегистрирован
30292,05-04-2022,ДДУ зарегистрирован
30292,04-03-2022,ДДУ зарегистрирован
30292,03-02-2022,ДДУ зарегистрирован
30292,10-01-2022,ДДУ зарегистрирован
30292,03-12-2021,ДДУ зарегистрирован
30292,01-11-2021,ДДУ зарегистрирован
30292,26-10-2021,ДДУ зарегистрирован
30292,01-10-2021,ДДУ зарегистрирован
30292,02-09-2021,ДДУ зарегистрирован
30292,02-08-2021,ДДУ зарегистрирован
30292,02-07-2021,ДДУ зарегистрирован
30292,02-06-2021,ДДУ зарегистрирован
30292,11-05-2021,ДДУ зарегистрирован
30292,02-04-2021,ДДУ зарегистрирован
30292,05-03-2021,ДДУ зарегистрирован
30292,08-02-2021,ДДУ зарегистрирован
30292,19-01-2021,ДДУ зарегистрирован
30292,10-01-2021,ДДУ зарегистрирован
30292,02-12-2020,ДДУ зарегистрирован
30292,06-11-2020,ДДУ зарегистрирован
30292,22-10-2020,ДДУ зарегистрирован
30292,01-10-2020,ДДУ зарегистрирован
30292,06-09-2020,ДДУ зарегистрирован
30292,04-08-2020,ДДУ зарегистрирован
30292,30-07-2020,ДДУ зарегистрирован
30292,06-07-2020,ДДУ зарегистрирован
30292,26-06-2020,ДДУ зарегистрирован
30292,26-05-2020,ДДУ зарегистрирован
30292,07-05-2020,Положительное заключение
30292,28-04-2020,Положительное заключение
32159,08-12-2022,ДДУ зарегистрирован
32159,03-12-2022,ДДУ зарегистрирован
32159,30-11-2022,ДДУ зарегистрирован
32159,29-11-2022,ДДУ зарегистрирован
32159,28-11-2022,ДДУ зарегистрирован
32159,05-11-2022,ДДУ зарегистрирован
32159,28-10-2022,ДДУ зарегистрирован
32159,18-10-2022,ДДУ зарегистрирован
32159,03-10-2022,ДДУ зарегистрирован
32159,06-09-2022,ДДУ зарегистрирован
32159,22-08-2022,ДДУ зарегистрирован
32159,03-08-2022,ДДУ зарегистрирован
32159,02-08-2022,ДДУ зарегистрирован
32159,29-07-2022,ДДУ зарегистрирован
32159,05-07-2022,ДДУ зарегистрирован
32159,20-06-2022,ДДУ зарегистрирован
32159,03-06-2022,ДДУ зарегистрирован
32159,04-05-2022,ДДУ зарегистрирован
32159,27-04-2022,ДДУ зарегистрирован
32159,01-04-2022,ДДУ зарегистрирован
32159,01-04-2022,ДДУ зарегистрирован
32159,19-03-2022,ДДУ зарегистрирован
32159,03-03-2022,ДДУ зарегистрирован
32159,03-02-2022,ДДУ зарегистрирован
32159,10-01-2022,ДДУ зарегистрирован
32159,06-12-2021,ДДУ зарегистрирован
32159,09-11-2021,ДДУ зарегистрирован
32159,09-11-2021,ДДУ зарегистрирован
32159,01-11-2021,ДДУ зарегистрирован
32159,05-10-2021,ДДУ зарегистрирован
32159,30-09-2021,ДДУ зарегистрирован
32159,01-09-2021,ДДУ зарегистрирован
32159,16-08-2021,ДДУ зарегистрирован
32159,30-07-2021,ДДУ зарегистрирован
32159,02-07-2021,ДДУ зарегистрирован
32159,07-06-2021,ДДУ зарегистрирован
32159,11-05-2021,ДДУ зарегистрирован
32159,30-04-2021,ДДУ зарегистрирован
32159,06-04-2021,ДДУ зарегистрирован
32159,30-03-2021,ДДУ зарегистрирован
32159,03-03-2021,ДДУ зарегистрирован
32159,08-02-2021,ДДУ зарегистрирован
32159,12-01-2021,ДДУ зарегистрирован
32159,11-01-2021,ДДУ зарегистрирован
32159,29-12-2020,ДДУ зарегистрирован
32159,02-12-2020,ДДУ зарегистрирован
32159,02-12-2020,ДДУ зарегистрирован
32159,26-11-2020,ДДУ зарегистрирован
32159,11-11-2020,ДДУ зарегистрирован
32159,03-11-2020,ДДУ зарегистрирован
32159,28-10-2020,ДДУ зарегистрирован
32159,08-10-2020,ДДУ зарегистрирован
32159,02-09-2020,ДДУ зарегистрирован
32159,03-08-2020,ДДУ зарегистрирован
32159,29-07-2020,ДДУ зарегистрирован
32159,09-07-2020,ДДУ зарегистрирован
32159,01-06-2020,ДДУ зарегистрирован
32159,20-05-2020,ДДУ зарегистрирован
32159,01-04-2020,ДДУ зарегистрирован
32159,06-03-2020,ДДУ зарегистрирован
32159,10-02-2020,ДДУ зарегистрирован
32159,30-10-2019,ДДУ зарегистрирован
32159,17-09-2019,ДДУ зарегистрирован
32159,26-07-2019,Положительное заключение
32159,05-07-2019,Положительное заключение
32159,29-06-2019,Положительное заключение
35914,31-03-2023,ДДУ зарегистрирован
35914,23-03-2023,ДДУ зарегистрирован
35914,15-03-2023,ДДУ зарегистрирован
35914,09-03-2023,ДДУ зарегистрирован
35914,21-02-2023,ДДУ зарегистрирован
35914,08-02-2023,ДДУ зарегистрирован
35914,07-02-2023,ДДУ зарегистрирован
35914,27-01-2023,ДДУ зарегистрирован
35914,16-01-2023,ДДУ зарегистрирован
35914,10-01-2023,ДДУ зарегистрирован
35914,13-12-2022,ДДУ зарегистрирован
35914,10-11-2022,ДДУ зарегистрирован
35914,07-11-2022,ДДУ зарегистрирован
35914,13-10-2022,ДДУ зарегистрирован
35914,04-10-2022,ДДУ зарегистрирован
35914,04-10-2022,ДДУ зарегистрирован
35914,27-09-2022,ДДУ зарегистрирован
35914,16-09-2022,ДДУ зарегистрирован
35914,08-09-2022,ДДУ зарегистрирован
35914,08-08-2022,ДДУ зарегистрирован
35914,03-08-2022,ДДУ зарегистрирован
35914,27-07-2022,ДДУ зарегистрирован
35914,25-07-2022,ДДУ зарегистрирован
35914,06-07-2022,ДДУ зарегистрирован
35914,04-07-2022,ДДУ зарегистрирован
35914,29-06-2022,ДДУ зарегистрирован
35914,23-06-2022,ДДУ зарегистрирован
35914,22-06-2022,ДДУ зарегистрирован
35914,21-06-2022,ДДУ зарегистрирован
35914,08-06-2022,ДДУ зарегистрирован
35914,11-05-2022,ДДУ зарегистрирован
35914,04-05-2022,ДДУ зарегистрирован
35914,11-04-2022,ДДУ зарегистрирован
35914,05-04-2022,ДДУ зарегистрирован
35914,31-03-2022,ДДУ зарегистрирован
35914,14-03-2022,ДДУ зарегистрирован
35914,10-03-2022,ДДУ зарегистрирован
35914,09-02-2022,ДДУ зарегистрирован
35914,07-02-2022,ДДУ зарегистрирован
35914,02-02-2022,ДДУ зарегистрирован
35914,10-01-2022,ДДУ зарегистрирован
35914,06-01-2022,ДДУ зарегистрирован
35914,24-12-2021,ДДУ зарегистрирован
35914,09-12-2021,ДДУ зарегистрирован
35914,01-12-2021,ДДУ зарегистрирован
35914,30-11-2021,ДДУ зарегистрирован
35914,18-11-2021,ДДУ зарегистрирован
35914,15-11-2021,ДДУ зарегистрирован
35914,15-11-2021,ДДУ зарегистрирован
35914,08-11-2021,ДДУ зарегистрирован
35914,28-10-2021,ДДУ зарегистрирован
35914,27-10-2021,ДДУ зарегистрирован
35914,08-10-2021,ДДУ зарегистрирован
35914,05-10-2021,ДДУ зарегистрирован
35914,10-09-2021,ДДУ зарегистрирован
35914,18-08-2021,ДДУ зарегистрирован
35914,17-08-2021,ДДУ зарегистрирован
35914,10-08-2021,ДДУ зарегистрирован
35914,09-08-2021,ДДУ зарегистрирован
35914,29-07-2021,ДДУ зарегистрирован
35914,12-07-2021,ДДУ зарегистрирован
35914,22-06-2021,ДДУ зарегистрирован
35914,09-06-2021,ДДУ зарегистрирован
35914,06-05-2021,ДДУ зарегистрирован
35914,28-04-2021,ДДУ зарегистрирован
35914,24-03-2021,ДДУ зарегистрирован
35914,23-03-2021,ДДУ зарегистрирован
35914,10-03-2021,ДДУ зарегистрирован
35914,09-03-2021,ДДУ зарегистрирован
35914,17-02-2021,ДДУ зарегистрирован
35914,10-02-2021,ДДУ зарегистрирован
35914,12-01-2021,ДДУ зарегистрирован
35914,11-01-2021,ДДУ зарегистрирован
35914,08-01-2021,ДДУ зарегистрирован
35914,07-01-2021,ДДУ зарегистрирован
35914,07-01-2021,ДДУ зарегистрирован
35914,30-12-2020,ДДУ зарегистрирован
35914,08-12-2020,ДДУ зарегистрирован
35914,02-12-2020,ДДУ зарегистрирован
35914,27-11-2020,ДДУ зарегистрирован
35914,09-11-2020,ДДУ зарегистрирован
35914,29-10-2020,ДДУ зарегистрирован
35914,08-10-2020,ДДУ зарегистрирован
35914,07-10-2020,ДДУ зарегистрирован
35914,02-10-2020,ДДУ зарегистрирован
35914,10-09-2020,ДДУ зарегистрирован
35914,10-08-2020,ДДУ зарегистрирован
35914,10-08-2020,ДДУ зарегистрирован
35914,03-08-2020,ДДУ зарегистрирован
35914,29-07-2020,ДДУ зарегистрирован
35914,28-07-2020,ДДУ зарегистрирован
35914,10-07-2020,ДДУ зарегистрирован
35914,29-06-2020,ДДУ зарегистрирован
35914,22-06-2020,ДДУ зарегистрирован
35914,03-06-2020,ДДУ зарегистрирован
35914,03-06-2020,Положительное заключение
35914,21-05-2020,Положительное заключение
37099,31-07-2023,ДДУ зарегистрирован
37099,03-07-2023,ДДУ зарегистрирован
37099,30-06-2023,ДДУ зарегистрирован
37099,05-06-2023,ДДУ зарегистрирован
37099,26-05-2023,ДДУ зарегистрирован
37099,05-05-2023,ДДУ зарегистрирован
37099,28-04-2023,ДДУ зарегистрирован
37099,07-04-2023,ДДУ зарегистрирован
37099,30-03-2023,ДДУ зарегистрирован
37099,30-03-2023,ДДУ зарегистрирован
37099,28-03-2023,ДДУ зарегистрирован
37099,09-03-2023,ДДУ зарегистрирован
37099,10-02-2023,ДДУ зарегистрирован
37099,09-01-2023,ДДУ зарегистрирован
37099,07-12-2022,ДДУ зарегистрирован
37099,09-11-2022,ДДУ зарегистрирован
37099,31-10-2022,ДДУ зарегистрирован
37099,27-10-2022,ДДУ зарегистрирован
37099,04-04-2022,ДДУ зарегистрирован
37099,30-03-2022,ДДУ зарегистрирован
37099,10-03-2022,ДДУ зарегистрирован
37099,09-02-2022,ДДУ зарегистрирован
37099,10-01-2022,ДДУ зарегистрирован
37099,08-12-2021,ДДУ зарегистрирован
37099,10-11-2021,ДДУ зарегистрирован
37099,26-10-2021,ДДУ зарегистрирован
37099,01-10-2021,ДДУ зарегистрирован
37099,17-09-2021,ДДУ зарегистрирован
37099,08-09-2021,ДДУ зарегистрирован
37099,09-04-2021,ДДУ зарегистрирован
37099,31-03-2021,ДДУ зарегистрирован
37099,22-03-2021,ДДУ зарегистрирован
37099,09-03-2021,ДДУ зарегистрирован
37099,09-02-2021,ДДУ зарегистрирован
37099,11-01-2021,ДДУ зарегистрирован
37099,10-01-2021,ДДУ зарегистрирован
37099,29-12-2020,ДДУ зарегистрирован
37099,09-12-2020,ДДУ зарегистрирован
37099,10-11-2020,ДДУ зарегистрирован
37099,30-10-2020,Положительное заключение
37099,19-10-2020,Положительное заключение
37099,09-10-2020,Положительное заключение
37099,01-10-2020,Положительное заключение
37099,23-09-2020,Положительное заключение
37099,17-09-2020,Положительное заключение
37100,12-05-2023,ДДУ зарегистрирован
37100,10-05-2023,ДДУ зарегистрирован
37100,10-05-2023,ДДУ зарегистрирован
37100,10-04-2023,ДДУ зарегистрирован
37100,31-03-2023,ДДУ зарегистрирован
37100,10-03-2023,ДДУ зарегистрирован
37100,02-03-2023,ДДУ зарегистрирован
37100,10-02-2023,ДДУ зарегистрирован
37100,10-01-2023,ДДУ зарегистрирован
37100,09-12-2022,ДДУ зарегистрирован
37100,10-11-2022,ДДУ зарегистрирован
37100,10-11-2022,ДДУ зарегистрирован
37100,10-10-2022,ДДУ зарегистрирован
37100,09-09-2022,ДДУ зарегистрирован
37100,10-08-2022,ДДУ зарегистрирован
37100,08-07-2022,ДДУ зарегистрирован
37100,10-06-2022,ДДУ зарегистрирован
37100,30-05-2022,ДДУ зарегистрирован
37100,06-05-2022,ДДУ зарегистрирован
37100,08-04-2022,ДДУ зарегистрирован
37100,09-03-2022,ДДУ зарегистрирован
37100,10-02-2022,ДДУ зарегистрирован
37100,12-01-2022,ДДУ зарегистрирован
37100,10-12-2021,ДДУ зарегистрирован
37100,10-11-2021,ДДУ зарегистрирован
37100,03-11-2021,ДДУ зарегистрирован
37100,08-10-2021,ДДУ зарегистрирован
37100,10-09-2021,ДДУ зарегистрирован
37100,10-08-2021,ДДУ зарегистрирован
37100,09-07-2021,ДДУ зарегистрирован
37100,09-06-2021,ДДУ зарегистрирован
37100,02-06-2021,ДДУ зарегистрирован
37100,01-06-2021,ДДУ зарегистрирован
37100,07-05-2021,ДДУ зарегистрирован
37100,09-04-2021,ДДУ зарегистрирован
37100,10-03-2021,ДДУ зарегистрирован
37100,10-02-2021,ДДУ зарегистрирован
37100,10-01-2021,ДДУ зарегистрирован
37100,10-12-2020,ДДУ зарегистрирован
37100,10-11-2020,ДДУ зарегистрирован
37100,09-10-2020,Положительное заключение
37100,21-09-2020,Положительное заключение
37882,08-08-2023,Снято с контроля
37882,07-07-2023,Положительное заключение
37882,08-06-2023,Положительное заключение
37882,02-05-2023,Положительное заключение
37882,05-04-2023,Положительное заключение
37882,30-03-2023,Положительное заключение
37882,10-03-2023,Положительное заключение
37882,09-03-2023,Положительное заключение
37882,20-02-2023,Положительное заключение
37882,14-02-2023,Положительное заключение
37882,08-02-2023,Положительное заключение
37882,10-01-2023,Положительное заключение
37882,09-12-2022,Положительное заключение
37882,08-11-2022,Положительное заключение
37882,07-10-2022,Положительное заключение
37882,09-09-2022,Положительное заключение
37882,09-08-2022,Положительное заключение
37882,27-07-2022,Положительное заключение
37882,06-07-2022,Положительное заключение
37882,06-06-2022,Положительное заключение
37882,06-05-2022,Положительное заключение
37882,27-04-2022,Положительное заключение
37882,07-04-2022,Положительное заключение
37882,30-03-2022,Положительное заключение
37882,29-03-2022,Положительное заключение
37882,09-03-2022,Положительное заключение
37882,09-02-2022,Положительное заключение
37882,10-01-2022,Положительное заключение
37882,06-12-2021,Положительное заключение
37882,09-11-2021,Положительное заключение
37882,29-10-2021,Положительное заключение
37882,05-10-2021,Положительное заключение
37882,07-09-2021,Положительное заключение
37882,05-08-2021,Положительное заключение
37882,26-07-2021,Положительное заключение
37882,08-07-2021,Положительное заключение
37882,08-06-2021,Положительное заключение
37882,07-05-2021,Положительное заключение
37882,28-04-2021,Положительное заключение
37882,08-04-2021,Положительное заключение
37882,31-03-2021,Положительное заключение
37882,09-03-2021,Положительное заключение
37882,09-02-2021,Положительное заключение
37882,10-01-2021,Положительное заключение
37882,04-12-2020,Положительное заключение
37882,25-11-2020,Положительное заключение
37916,07-07-2023,Снято с контроля
37916,08-06-2023,ДДУ зарегистрирован
37916,02-05-2023,ДДУ зарегистрирован
37916,17-04-2023,ДДУ зарегистрирован
37916,05-04-2023,ДДУ зарегистрирован
37916,30-03-2023,ДДУ зарегистрирован
37916,09-03-2023,ДДУ зарегистрирован
37916,14-02-2023,ДДУ зарегистрирован
37916,08-02-2023,ДДУ зарегистрирован
37916,10-01-2023,ДДУ зарегистрирован
37916,09-12-2022,ДДУ зарегистрирован
37916,08-11-2022,ДДУ зарегистрирован
37916,07-10-2022,ДДУ зарегистрирован
37916,09-09-2022,ДДУ зарегистрирован
37916,09-09-2022,ДДУ зарегистрирован
37916,09-08-2022,ДДУ зарегистрирован
37916,27-07-2022,ДДУ зарегистрирован
37916,06-07-2022,ДДУ зарегистрирован
37916,06-06-2022,ДДУ зарегистрирован
37916,06-05-2022,ДДУ зарегистрирован
37916,27-04-2022,ДДУ зарегистрирован
37916,07-04-2022,ДДУ зарегистрирован
37916,09-03-2022,ДДУ зарегистрирован
37916,09-02-2022,ДДУ зарегистрирован
37916,10-01-2022,ДДУ зарегистрирован
37916,06-12-2021,ДДУ зарегистрирован
37916,09-11-2021,ДДУ зарегистрирован
37916,29-10-2021,ДДУ зарегистрирован
37916,05-10-2021,ДДУ зарегистрирован
37916,07-09-2021,ДДУ зарегистрирован
37916,27-08-2021,ДДУ зарегистрирован
37916,05-08-2021,ДДУ зарегистрирован
37916,26-07-2021,ДДУ зарегистрирован
37916,08-07-2021,ДДУ зарегистрирован
37916,08-06-2021,ДДУ зарегистрирован
37916,07-05-2021,ДДУ зарегистрирован
37916,27-04-2021,ДДУ зарегистрирован
37916,02-04-2021,ДДУ зарегистрирован
37916,09-03-2021,ДДУ зарегистрирован
37916,09-02-2021,ДДУ зарегистрирован
37916,10-01-2021,ДДУ зарегистрирован
37916,07-12-2020,Положительное заключение
37916,27-11-2020,Положительное заключение
37932,16-02-2023,ДДУ зарегистрирован
37932,14-02-2023,ДДУ зарегистрирован
37932,13-02-2023,ДДУ зарегистрирован
37932,02-02-2023,ДДУ зарегистрирован
37932,24-01-2023,ДДУ зарегистрирован
37932,10-01-2023,ДДУ зарегистрирован
37932,09-12-2022,ДДУ зарегистрирован
37932,07-11-2022,ДДУ зарегистрирован
37932,31-10-2022,ДДУ зарегистрирован
37932,07-10-2022,ДДУ зарегистрирован
37932,29-09-2022,ДДУ зарегистрирован
37932,08-09-2022,ДДУ зарегистрирован
37932,09-08-2022,ДДУ зарегистрирован
37932,29-07-2022,ДДУ зарегистрирован
37932,06-07-2022,ДДУ зарегистрирован
37932,10-06-2022,ДДУ зарегистрирован
37932,16-05-2022,ДДУ зарегистрирован
37932,06-05-2022,ДДУ зарегистрирован
37932,29-04-2022,ДДУ зарегистрирован
37932,08-04-2022,ДДУ зарегистрирован
37932,04-04-2022,ДДУ зарегистрирован
37932,28-03-2022,ДДУ зарегистрирован
37932,10-03-2022,ДДУ зарегистрирован
37932,21-02-2022,ДДУ зарегистрирован
37932,09-02-2022,ДДУ зарегистрирован
37932,10-01-2022,ДДУ зарегистрирован
37932,09-12-2021,ДДУ зарегистрирован
37932,09-11-2021,ДДУ зарегистрирован
37932,26-10-2021,ДДУ зарегистрирован
37932,08-10-2021,ДДУ зарегистрирован
37932,16-09-2021,ДДУ зарегистрирован
37932,07-09-2021,ДДУ зарегистрирован
37932,09-08-2021,ДДУ зарегистрирован
37932,27-07-2021,ДДУ зарегистрирован
37932,09-07-2021,ДДУ зарегистрирован
37932,10-06-2021,ДДУ зарегистрирован
37932,07-05-2021,ДДУ зарегистрирован
37932,28-04-2021,ДДУ зарегистрирован
37932,09-04-2021,ДДУ зарегистрирован
37932,12-03-2021,ДДУ зарегистрирован
37932,10-03-2021,ДДУ зарегистрирован
37932,03-03-2021,ДДУ зарегистрирован
37932,10-02-2021,ДДУ зарегистрирован
37932,26-01-2021,ДДУ зарегистрирован
37932,12-01-2021,ДДУ зарегистрирован
37932,11-01-2021,ДДУ зарегистрирован
37932,11-01-2021,ДДУ зарегистрирован
37932,28-12-2020,ДДУ зарегистрирован
37932,02-12-2020,ДДУ зарегистрирован
37932,01-12-2020,Положительное заключение
38613,14-02-2023,ДДУ зарегистрирован
38613,10-01-2023,ДДУ зарегистрирован
38613,09-12-2022,ДДУ зарегистрирован
38613,17-11-2022,ДДУ зарегистрирован
38613,07-11-2022,ДДУ зарегистрирован
38613,31-10-2022,ДДУ зарегистрирован
38613,14-10-2022,ДДУ зарегистрирован
38613,07-10-2022,ДДУ зарегистрирован
38613,29-09-2022,ДДУ зарегистрирован
38613,08-09-2022,ДДУ зарегистрирован
38613,09-08-2022,ДДУ зарегистрирован
38613,29-07-2022,ДДУ зарегистрирован
38613,06-07-2022,ДДУ зарегистрирован
38613,15-06-2022,ДДУ зарегистрирован
38613,10-06-2022,ДДУ зарегистрирован
38613,16-05-2022,ДДУ зарегистрирован
38613,12-05-2022,ДДУ зарегистрирован
38613,06-05-2022,ДДУ зарегистрирован
38613,29-04-2022,ДДУ зарегистрирован
38613,08-04-2022,ДДУ зарегистрирован
38613,05-04-2022,ДДУ зарегистрирован
38613,04-04-2022,ДДУ зарегистрирован
38613,04-04-2022,ДДУ зарегистрирован
38613,28-03-2022,ДДУ зарегистрирован
38613,10-03-2022,ДДУ зарегистрирован
38613,10-03-2022,ДДУ зарегистрирован
38613,24-02-2022,ДДУ зарегистрирован
38613,09-02-2022,ДДУ зарегистрирован
38613,10-01-2022,ДДУ зарегистрирован
38613,09-12-2021,ДДУ зарегистрирован
38613,09-11-2021,ДДУ зарегистрирован
38613,26-10-2021,ДДУ зарегистрирован
38613,08-10-2021,ДДУ зарегистрирован
38613,13-09-2021,ДДУ зарегистрирован
38613,08-09-2021,ДДУ зарегистрирован
38613,09-08-2021,ДДУ зарегистрирован
38613,27-07-2021,ДДУ зарегистрирован
38613,09-07-2021,ДДУ зарегистрирован
38613,09-07-2021,ДДУ зарегистрирован
38613,10-06-2021,ДДУ зарегистрирован
38613,07-05-2021,ДДУ зарегистрирован
38613,28-04-2021,ДДУ зарегистрирован
38613,09-04-2021,ДДУ зарегистрирован
38613,10-03-2021,ДДУ зарегистрирован
38613,03-03-2021,ДДУ зарегистрирован
38613,10-02-2021,ДДУ зарегистрирован
38613,28-01-2021,ДДУ зарегистрирован
38613,19-01-2021,Положительное заключение
38968,29-05-2023,ДДУ зарегистрирован
38968,12-05-2023,ДДУ зарегистрирован
38968,11-05-2023,ДДУ зарегистрирован
38968,10-05-2023,ДДУ зарегистрирован
38968,03-05-2023,ДДУ зарегистрирован
38968,24-04-2023,ДДУ зарегистрирован
38968,06-04-2023,ДДУ зарегистрирован
38968,30-03-2023,ДДУ зарегистрирован
38968,22-03-2023,ДДУ зарегистрирован
38968,10-03-2023,ДДУ зарегистрирован
38968,01-03-2023,ДДУ зарегистрирован
38968,09-02-2023,ДДУ зарегистрирован
38968,10-01-2023,ДДУ зарегистрирован
38968,30-12-2022,ДДУ зарегистрирован
38968,27-12-2022,ДДУ зарегистрирован
38968,09-12-2022,ДДУ зарегистрирован
38968,10-11-2022,ДДУ зарегистрирован
38968,27-10-2022,ДДУ зарегистрирован
38968,10-10-2022,ДДУ зарегистрирован
38968,09-09-2022,ДДУ зарегистрирован
38968,09-08-2022,ДДУ зарегистрирован
38968,29-07-2022,ДДУ зарегистрирован
38968,29-07-2022,ДДУ зарегистрирован
38968,07-07-2022,ДДУ зарегистрирован
38968,20-06-2022,ДДУ зарегистрирован
38968,17-06-2022,ДДУ зарегистрирован
38968,08-06-2022,ДДУ зарегистрирован
38968,08-06-2022,ДДУ зарегистрирован
38968,05-05-2022,ДДУ зарегистрирован
38968,29-04-2022,ДДУ зарегистрирован
38968,06-04-2022,ДДУ зарегистрирован
38968,31-03-2022,ДДУ зарегистрирован
38968,10-03-2022,ДДУ зарегистрирован
38968,10-02-2022,ДДУ зарегистрирован
38968,10-01-2022,ДДУ зарегистрирован
38968,10-12-2021,ДДУ зарегистрирован
38968,10-12-2021,ДДУ зарегистрирован
38968,10-12-2021,ДДУ зарегистрирован
38968,16-11-2021,ДДУ зарегистрирован
38968,29-10-2021,ДДУ зарегистрирован
38968,08-10-2021,ДДУ зарегистрирован
38968,08-09-2021,ДДУ зарегистрирован
38968,10-08-2021,ДДУ зарегистрирован
38968,28-07-2021,ДДУ зарегистрирован
38968,09-07-2021,ДДУ зарегистрирован
38968,10-06-2021,ДДУ зарегистрирован
38968,09-06-2021,ДДУ зарегистрирован
38968,04-05-2021,ДДУ зарегистрирован
38968,29-04-2021,Положительное заключение
38968,09-04-2021,Положительное заключение
38968,02-04-2021,Положительное заключение
38968,31-03-2021,Положительное заключение
38968,04-03-2021,Положительное заключение
38968,09-02-2021,Положительное заключение
39112,20-02-2023,ДДУ зарегистрирован
39112,09-01-2023,ДДУ зарегистрирован
39112,09-01-2023,ДДУ зарегистрирован
39112,15-11-2022,ДДУ зарегистрирован
39112,01-11-2022,ДДУ зарегистрирован
39112,26-10-2022,ДДУ зарегистрирован
39112,26-10-2022,ДДУ зарегистрирован
39112,05-10-2022,ДДУ зарегистрирован
39112,16-09-2022,ДДУ зарегистрирован
39112,08-09-2022,ДДУ зарегистрирован
39112,08-09-2022,ДДУ зарегистрирован
39112,08-09-2022,ДДУ зарегистрирован
39112,01-09-2022,ДДУ зарегистрирован
39112,02-08-2022,ДДУ зарегистрирован
39112,27-07-2022,ДДУ зарегистрирован
39112,01-07-2022,ДДУ зарегистрирован
39112,01-06-2022,ДДУ зарегистрирован
39112,27-04-2022,ДДУ зарегистрирован
39112,01-04-2022,ДДУ зарегистрирован
39112,02-03-2022,ДДУ зарегистрирован
39112,15-02-2022,ДДУ зарегистрирован
39112,02-02-2022,ДДУ зарегистрирован
39112,25-01-2022,ДДУ зарегистрирован
39112,05-01-2022,ДДУ зарегистрирован
39112,01-12-2021,ДДУ зарегистрирован
39112,01-11-2021,ДДУ зарегистрирован
39112,27-10-2021,ДДУ зарегистрирован
39112,07-10-2021,ДДУ зарегистрирован
39112,07-10-2021,ДДУ зарегистрирован
39112,01-09-2021,ДДУ зарегистрирован
39112,02-08-2021,ДДУ зарегистрирован
39112,30-07-2021,ДДУ зарегистрирован
39112,01-07-2021,ДДУ зарегистрирован
39112,01-06-2021,ДДУ зарегистрирован
39112,04-05-2021,ДДУ зарегистрирован
39112,27-04-2021,ДДУ зарегистрирован
39112,22-04-2021,ДДУ зарегистрирован
39112,07-04-2021,ДДУ зарегистрирован
39112,02-04-2021,ДДУ зарегистрирован
39112,26-03-2021,ДДУ зарегистрирован
39112,24-03-2021,Положительное заключение
39112,24-03-2021,Положительное заключение
39112,19-03-2021,Положительное заключение
39112,16-03-2021,Положительное заключение
39112,10-03-2021,Положительное заключение
39417,09-08-2023,ДДУ зарегистрирован
39417,10-07-2023,ДДУ зарегистрирован
39417,09-06-2023,ДДУ зарегистрирован
39417,26-05-2023,ДДУ зарегистрирован
39417,10-05-2023,ДДУ зарегистрирован
39417,07-04-2023,ДДУ зарегистрирован
39417,10-03-2023,ДДУ зарегистрирован
39417,09-02-2023,ДДУ зарегистрирован
39417,11-01-2023,ДДУ зарегистрирован
39417,09-12-2022,ДДУ зарегистрирован
39417,10-11-2022,ДДУ зарегистрирован
39417,10-10-2022,ДДУ зарегистрирован
39417,09-09-2022,ДДУ зарегистрирован
39417,10-08-2022,ДДУ зарегистрирован
39417,08-07-2022,ДДУ зарегистрирован
39417,10-06-2022,ДДУ зарегистрирован
39417,06-05-2022,ДДУ зарегистрирован
39417,08-04-2022,ДДУ зарегистрирован
39417,10-03-2022,ДДУ зарегистрирован
39417,25-02-2022,ДДУ зарегистрирован
39417,10-02-2022,ДДУ зарегистрирован
39417,10-01-2022,ДДУ зарегистрирован
39417,10-12-2021,ДДУ зарегистрирован
39417,10-11-2021,ДДУ зарегистрирован
39417,10-11-2021,ДДУ зарегистрирован
39417,29-10-2021,ДДУ зарегистрирован
39417,08-10-2021,ДДУ зарегистрирован
39417,10-09-2021,ДДУ зарегистрирован
39417,10-08-2021,ДДУ зарегистрирован
39417,30-07-2021,ДДУ зарегистрирован
39417,09-07-2021,ДДУ зарегистрирован
39417,17-06-2021,ДДУ зарегистрирован
39417,10-06-2021,ДДУ зарегистрирован
39417,10-05-2021,ДДУ зарегистрирован
39417,30-04-2021,ДДУ зарегистрирован
39417,28-04-2021,ДДУ зарегистрирован
39417,27-04-2021,ДДУ зарегистрирован
39417,09-04-2021,ДДУ зарегистрирован
39417,25-03-2021,Положительное заключение
39528,09-03-2023,ДДУ зарегистрирован
39528,21-02-2023,ДДУ зарегистрирован
39528,09-02-2023,ДДУ зарегистрирован
39528,09-01-2023,ДДУ зарегистрирован
39528,15-12-2022,ДДУ зарегистрирован
39528,09-12-2022,ДДУ зарегистрирован
39528,10-11-2022,ДДУ зарегистрирован
39528,01-11-2022,ДДУ зарегистрирован
39528,01-11-2022,ДДУ зарегистрирован
39528,31-10-2022,ДДУ зарегистрирован
39528,31-10-2022,ДДУ зарегистрирован
39528,07-10-2022,ДДУ зарегистрирован
39528,07-09-2022,ДДУ зарегистрирован
39528,08-08-2022,ДДУ зарегистрирован
39528,29-07-2022,ДДУ зарегистрирован
39528,07-07-2022,ДДУ зарегистрирован
39528,08-06-2022,ДДУ зарегистрирован
39528,05-05-2022,ДДУ зарегистрирован
39528,28-04-2022,ДДУ зарегистрирован
39528,08-04-2022,ДДУ зарегистрирован
39528,30-03-2022,ДДУ зарегистрирован
39528,05-03-2022,ДДУ зарегистрирован
39528,10-02-2022,ДДУ зарегистрирован
39528,25-01-2022,ДДУ зарегистрирован
39528,20-01-2022,ДДУ зарегистрирован
39528,19-01-2022,ДДУ зарегистрирован
39528,17-01-2022,ДДУ зарегистрирован
39528,10-01-2022,ДДУ зарегистрирован
39528,09-12-2021,ДДУ зарегистрирован
39528,09-11-2021,ДДУ зарегистрирован
39528,29-10-2021,ДДУ зарегистрирован
39528,07-10-2021,ДДУ зарегистрирован
39528,09-09-2021,ДДУ зарегистрирован
39528,27-08-2021,ДДУ зарегистрирован
39528,23-08-2021,ДДУ зарегистрирован
39528,09-08-2021,ДДУ зарегистрирован
39528,30-07-2021,ДДУ зарегистрирован
39528,29-07-2021,ДДУ зарегистрирован
39528,08-07-2021,ДДУ зарегистрирован
39528,09-06-2021,ДДУ зарегистрирован
39528,31-05-2021,Положительное заключение
39528,07-05-2021,Положительное заключение
39528,30-04-2021,Положительное заключение
39528,27-04-2021,Положительное заключение
39528,19-04-2021,Положительное заключение
39528,13-04-2021,Положительное заключение
39528,12-04-2021,Положительное заключение
39589,31-10-2023,ДДУ зарегистрирован
39589,13-10-2023,ДДУ зарегистрирован
39589,10-10-2023,ДДУ зарегистрирован
39589,28-09-2023,ДДУ зарегистрирован
39589,07-09-2023,ДДУ зарегистрирован
39589,18-08-2023,ДДУ зарегистрирован
39589,04-08-2023,ДДУ зарегистрирован
39589,31-07-2023,ДДУ зарегистрирован
39589,24-07-2023,ДДУ зарегистрирован
39589,21-07-2023,ДДУ зарегистрирован
39589,18-07-2023,ДДУ зарегистрирован
39589,06-07-2023,ДДУ зарегистрирован
39589,04-07-2023,ДДУ зарегистрирован
39589,04-07-2023,ДДУ зарегистрирован
39589,04-07-2023,ДДУ зарегистрирован
39589,05-06-2023,ДДУ зарегистрирован
39589,05-05-2023,ДДУ зарегистрирован
39589,28-04-2023,ДДУ зарегистрирован
39589,06-04-2023,ДДУ зарегистрирован
39589,30-03-2023,ДДУ зарегистрирован
39589,13-03-2023,ДДУ зарегистрирован
39589,10-02-2023,ДДУ зарегистрирован
39589,25-01-2023,ДДУ зарегистрирован
39589,13-01-2023,ДДУ зарегистрирован
39589,09-01-2023,ДДУ зарегистрирован
39589,07-12-2022,ДДУ зарегистрирован
39589,10-11-2022,ДДУ зарегистрирован
39589,28-10-2022,ДДУ зарегистрирован
39589,07-10-2022,ДДУ зарегистрирован
39589,29-09-2022,ДДУ зарегистрирован
39589,02-09-2022,ДДУ зарегистрирован
39589,08-08-2022,ДДУ зарегистрирован
39589,28-07-2022,ДДУ зарегистрирован
39589,07-07-2022,ДДУ зарегистрирован
39589,07-06-2022,ДДУ зарегистрирован
39589,06-05-2022,ДДУ зарегистрирован
39589,29-04-2022,ДДУ зарегистрирован
39589,07-04-2022,ДДУ зарегистрирован
39589,30-03-2022,ДДУ зарегистрирован
39589,10-03-2022,ДДУ зарегистрирован
39589,09-02-2022,ДДУ зарегистрирован
39589,10-01-2022,ДДУ зарегистрирован
39589,08-12-2021,ДДУ зарегистрирован
39589,11-11-2021,ДДУ зарегистрирован
39589,29-10-2021,ДДУ зарегистрирован
39589,01-10-2021,ДДУ зарегистрирован
39589,10-09-2021,ДДУ зарегистрирован
39589,10-08-2021,ДДУ зарегистрирован
39589,30-07-2021,ДДУ зарегистрирован
39589,09-07-2021,ДДУ зарегистрирован
39589,09-06-2021,ДДУ зарегистрирован
39589,04-05-2021,Положительное заключение
39589,03-05-2021,Положительное заключение
39589,30-04-2021,Положительное заключение
39589,30-04-2021,Положительное заключение
39589,30-04-2021,Положительное заключение
39589,22-04-2021,Положительное заключение
39589,07-04-2021,Положительное заключение
40923,21-08-2024,ДДУ зарегистрирован
40923,15-05-2024,ДДУ зарегистрирован
40923,24-04-2024,ДДУ зарегистрирован
40923,07-03-2024,ДДУ зарегистрирован
40923,13-02-2024,ДДУ зарегистрирован
40923,10-01-2024,ДДУ зарегистрирован
40923,07-12-2023,ДДУ зарегистрирован
40923,08-11-2023,ДДУ зарегистрирован
40923,27-10-2023,ДДУ зарегистрирован
40923,04-10-2023,ДДУ зарегистрирован
40923,08-09-2023,ДДУ зарегистрирован
40923,07-09-2023,ДДУ зарегистрирован
40923,09-08-2023,ДДУ зарегистрирован
40923,26-07-2023,ДДУ зарегистрирован
40923,24-07-2023,ДДУ зарегистрирован
40923,10-07-2023,ДДУ зарегистрирован
40923,19-06-2023,ДДУ зарегистрирован
40923,09-06-2023,ДДУ зарегистрирован
40923,08-06-2023,ДДУ зарегистрирован
40923,08-06-2023,ДДУ зарегистрирован
40923,17-05-2023,ДДУ зарегистрирован
40923,10-05-2023,ДДУ зарегистрирован
40923,10-04-2023,ДДУ зарегистрирован
40923,31-03-2023,ДДУ зарегистрирован
40923,10-03-2023,ДДУ зарегистрирован
40923,14-02-2023,ДДУ зарегистрирован
40923,02-02-2023,ДДУ зарегистрирован
40923,10-01-2023,ДДУ зарегистрирован
40923,08-12-2022,ДДУ зарегистрирован
40923,09-11-2022,ДДУ зарегистрирован
40923,31-10-2022,ДДУ зарегистрирован
40923,07-10-2022,ДДУ зарегистрирован
40923,09-09-2022,ДДУ зарегистрирован
40923,10-08-2022,ДДУ зарегистрирован
40923,29-07-2022,ДДУ зарегистрирован
40923,06-07-2022,ДДУ зарегистрирован
40923,08-06-2022,ДДУ зарегистрирован
40923,06-05-2022,ДДУ зарегистрирован
40923,29-04-2022,ДДУ зарегистрирован
40923,08-04-2022,ДДУ зарегистрирован
40923,28-03-2022,ДДУ зарегистрирован
40923,09-03-2022,ДДУ зарегистрирован
40923,25-02-2022,ДДУ зарегистрирован
40923,24-02-2022,ДДУ зарегистрирован
40923,09-02-2022,ДДУ зарегистрирован
40923,09-01-2022,ДДУ зарегистрирован
40923,21-12-2021,ДДУ зарегистрирован
40923,09-12-2021,ДДУ зарегистрирован
40923,10-11-2021,ДДУ зарегистрирован
40923,26-10-2021,ДДУ зарегистрирован
40923,08-10-2021,ДДУ зарегистрирован
40923,10-09-2021,ДДУ зарегистрирован
40923,10-08-2021,ДДУ зарегистрирован
40923,28-07-2021,ДДУ зарегистрирован
40923,17-06-2021,Положительное заключение
40924,21-08-2024,ДДУ зарегистрирован
40924,15-05-2024,ДДУ зарегистрирован
40924,24-04-2024,ДДУ зарегистрирован
40924,07-03-2024,ДДУ зарегистрирован
40924,13-02-2024,ДДУ зарегистрирован
40924,10-01-2024,ДДУ зарегистрирован
40924,07-12-2023,ДДУ зарегистрирован
40924,08-11-2023,ДДУ зарегистрирован
40924,27-10-2023,ДДУ зарегистрирован
40924,04-10-2023,ДДУ зарегистрирован
40924,08-09-2023,ДДУ зарегистрирован
40924,07-09-2023,ДДУ зарегистрирован
40924,09-08-2023,ДДУ зарегистрирован
40924,26-07-2023,ДДУ зарегистрирован
40924,24-07-2023,ДДУ зарегистрирован
40924,10-07-2023,ДДУ зарегистрирован
40924,19-06-2023,ДДУ зарегистрирован
40924,09-06-2023,ДДУ зарегистрирован
40924,08-06-2023,ДДУ зарегистрирован
40924,08-06-2023,ДДУ зарегистрирован
40924,17-05-2023,ДДУ зарегистрирован
40924,10-05-2023,ДДУ зарегистрирован
40924,10-04-2023,ДДУ зарегистрирован
40924,31-03-2023,ДДУ зарегистрирован
40924,10-03-2023,ДДУ зарегистрирован
40924,14-02-2023,ДДУ зарегистрирован
40924,02-02-2023,ДДУ зарегистрирован
40924,10-01-2023,ДДУ зарегистрирован
40924,08-12-2022,ДДУ зарегистрирован
40924,09-11-2022,ДДУ зарегистрирован
40924,31-10-2022,ДДУ зарегистрирован
40924,07-10-2022,ДДУ зарегистрирован
40924,09-09-2022,ДДУ зарегистрирован
40924,10-08-2022,ДДУ зарегистрирован
40924,29-07-2022,ДДУ зарегистрирован
40924,06-07-2022,ДДУ зарегистрирован
40924,08-06-2022,ДДУ зарегистрирован
40924,06-05-2022,ДДУ зарегистрирован
40924,29-04-2022,ДДУ зарегистрирован
40924,08-04-2022,ДДУ зарегистрирован
40924,28-03-2022,ДДУ зарегистрирован
40924,09-03-2022,ДДУ зарегистрирован
40924,25-02-2022,ДДУ зарегистрирован
40924,24-02-2022,ДДУ зарегистрирован
40924,09-02-2022,ДДУ зарегистрирован
40924,09-01-2022,ДДУ зарегистрирован
40924,21-12-2021,ДДУ зарегистрирован
40924,09-12-2021,ДДУ зарегистрирован
40924,10-11-2021,ДДУ зарегистрирован
40924,26-10-2021,ДДУ зарегистрирован
40924,08-10-2021,ДДУ зарегистрирован
40924,10-09-2021,ДДУ зарегистрирован
40924,10-08-2021,ДДУ зарегистрирован
40924,28-07-2021,ДДУ зарегистрирован
40924,17-06-2021,Положительное заключение
40925,21-08-2024,ДДУ зарегистрирован
40925,15-05-2024,ДДУ зарегистрирован
40925,24-04-2024,ДДУ зарегистрирован
40925,07-03-2024,ДДУ зарегистрирован
40925,13-02-2024,ДДУ зарегистрирован
40925,10-01-2024,ДДУ зарегистрирован
40925,07-12-2023,ДДУ зарегистрирован
40925,08-11-2023,ДДУ зарегистрирован
40925,27-10-2023,ДДУ зарегистрирован
40925,04-10-2023,ДДУ зарегистрирован
40925,08-09-2023,ДДУ зарегистрирован
40925,07-09-2023,ДДУ зарегистрирован
40925,09-08-2023,ДДУ зарегистрирован
40925,26-07-2023,ДДУ зарегистрирован
40925,24-07-2023,ДДУ зарегистрирован
40925,10-07-2023,ДДУ зарегистрирован
40925,19-06-2023,ДДУ зарегистрирован
40925,09-06-2023,ДДУ зарегистрирован
40925,08-06-2023,ДДУ зарегистрирован
40925,08-06-2023,ДДУ зарегистрирован
40925,17-05-2023,ДДУ зарегистрирован
40925,10-05-2023,ДДУ зарегистрирован
40925,10-04-2023,ДДУ зарегистрирован
40925,31-03-2023,ДДУ зарегистрирован
40925,10-03-2023,ДДУ зарегистрирован
40925,14-02-2023,ДДУ зарегистрирован
40925,02-02-2023,ДДУ зарегистрирован
40925,10-01-2023,ДДУ зарегистрирован
40925,08-12-2022,ДДУ зарегистрирован
40925,09-11-2022,ДДУ зарегистрирован
40925,31-10-2022,ДДУ зарегистрирован
40925,07-10-2022,ДДУ зарегистрирован
40925,09-09-2022,ДДУ зарегистрирован
40925,10-08-2022,ДДУ зарегистрирован
40925,29-07-2022,ДДУ зарегистрирован
40925,06-07-2022,ДДУ зарегистрирован
40925,08-06-2022,ДДУ зарегистрирован
40925,06-05-2022,ДДУ зарегистрирован
40925,29-04-2022,ДДУ зарегистрирован
40925,08-04-2022,ДДУ зарегистрирован
40925,28-03-2022,ДДУ зарегистрирован
40925,09-03-2022,ДДУ зарегистрирован
40925,25-02-2022,ДДУ зарегистрирован
40925,24-02-2022,ДДУ зарегистрирован
40925,09-02-2022,ДДУ зарегистрирован
40925,09-01-2022,ДДУ зарегистрирован
40925,21-12-2021,ДДУ зарегистрирован
40925,09-12-2021,ДДУ зарегистрирован
40925,10-11-2021,ДДУ зарегистрирован
40925,26-10-2021,ДДУ зарегистрирован
40925,08-10-2021,ДДУ зарегистрирован
40925,10-09-2021,ДДУ зарегистрирован
40925,10-08-2021,ДДУ зарегистрирован
40925,28-07-2021,ДДУ зарегистрирован
40925,17-06-2021,Положительное заключение
40926,21-08-2024,ДДУ зарегистрирован
40926,15-05-2024,ДДУ зарегистрирован
40926,24-04-2024,ДДУ зарегистрирован
40926,07-03-2024,ДДУ зарегистрирован
40926,13-02-2024,ДДУ зарегистрирован
40926,10-01-2024,ДДУ зарегистрирован
40926,07-12-2023,ДДУ зарегистрирован
40926,08-11-2023,ДДУ зарегистрирован
40926,27-10-2023,ДДУ зарегистрирован
40926,04-10-2023,ДДУ зарегистрирован
40926,08-09-2023,ДДУ зарегистрирован
40926,07-09-2023,ДДУ зарегистрирован
40926,09-08-2023,ДДУ зарегистрирован
40926,26-07-2023,ДДУ зарегистрирован
40926,24-07-2023,ДДУ зарегистрирован
40926,10-07-2023,ДДУ зарегистрирован
40926,19-06-2023,ДДУ зарегистрирован
40926,09-06-2023,ДДУ зарегистрирован
40926,08-06-2023,ДДУ зарегистрирован
40926,08-06-2023,ДДУ зарегистрирован
40926,17-05-2023,ДДУ зарегистрирован
40926,10-05-2023,ДДУ зарегистрирован
40926,10-04-2023,ДДУ зарегистрирован
40926,31-03-2023,ДДУ зарегистрирован
40926,10-03-2023,ДДУ зарегистрирован
40926,14-02-2023,ДДУ зарегистрирован
40926,02-02-2023,ДДУ зарегистрирован
40926,10-01-2023,ДДУ зарегистрирован
40926,08-12-2022,ДДУ зарегистрирован
40926,09-11-2022,ДДУ зарегистрирован
40926,31-10-2022,ДДУ зарегистрирован
40926,07-10-2022,ДДУ зарегистрирован
40926,09-09-2022,ДДУ зарегистрирован
40926,10-08-2022,ДДУ зарегистрирован
40926,29-07-2022,ДДУ зарегистрирован
40926,06-07-2022,ДДУ зарегистрирован
40926,08-06-2022,ДДУ зарегистрирован
40926,06-05-2022,ДДУ зарегистрирован
40926,29-04-2022,ДДУ зарегистрирован
40926,08-04-2022,ДДУ зарегистрирован
40926,28-03-2022,ДДУ зарегистрирован
40926,09-03-2022,ДДУ зарегистрирован
40926,25-02-2022,ДДУ зарегистрирован
40926,24-02-2022,ДДУ зарегистрирован
40926,09-02-2022,ДДУ зарегистрирован
40926,09-01-2022,ДДУ зарегистрирован
40926,21-12-2021,ДДУ зарегистрирован
40926,09-12-2021,ДДУ зарегистрирован
40926,10-11-2021,ДДУ зарегистрирован
40926,26-10-2021,ДДУ зарегистрирован
40926,08-10-2021,ДДУ зарегистрирован
40926,10-09-2021,ДДУ зарегистрирован
40926,10-08-2021,ДДУ зарегистрирован
40926,28-07-2021,ДДУ зарегистрирован
40926,17-06-2021,Положительное заключение
40927,21-08-2024,ДДУ зарегистрирован
40927,15-05-2024,ДДУ зарегистрирован
40927,24-04-2024,ДДУ зарегистрирован
40927,07-03-2024,ДДУ зарегистрирован
40927,13-02-2024,ДДУ зарегистрирован
40927,10-01-2024,ДДУ зарегистрирован
40927,07-12-2023,ДДУ зарегистрирован
40927,08-11-2023,ДДУ зарегистрирован
40927,27-10-2023,ДДУ зарегистрирован
40927,04-10-2023,ДДУ зарегистрирован
40927,08-09-2023,ДДУ зарегистрирован
40927,07-09-2023,ДДУ зарегистрирован
40927,09-08-2023,ДДУ зарегистрирован
40927,26-07-2023,ДДУ зарегистрирован
40927,24-07-2023,ДДУ зарегистрирован
40927,10-07-2023,ДДУ зарегистрирован
40927,19-06-2023,ДДУ зарегистрирован
40927,09-06-2023,ДДУ зарегистрирован
40927,08-06-2023,ДДУ зарегистрирован
40927,08-06-2023,ДДУ зарегистрирован
40927,17-05-2023,ДДУ зарегистрирован
40927,10-05-2023,ДДУ зарегистрирован
40927,10-04-2023,ДДУ зарегистрирован
40927,31-03-2023,ДДУ зарегистрирован
40927,10-03-2023,ДДУ зарегистрирован
40927,14-02-2023,ДДУ зарегистрирован
40927,02-02-2023,ДДУ зарегистрирован
40927,10-01-2023,ДДУ зарегистрирован
40927,08-12-2022,ДДУ зарегистрирован
40927,09-11-2022,ДДУ зарегистрирован
40927,31-10-2022,ДДУ зарегистрирован
40927,07-10-2022,ДДУ зарегистрирован
40927,09-09-2022,ДДУ зарегистрирован
40927,10-08-2022,ДДУ зарегистрирован
40927,29-07-2022,ДДУ зарегистрирован
40927,06-07-2022,ДДУ зарегистрирован
40927,08-06-2022,ДДУ зарегистрирован
40927,06-05-2022,ДДУ зарегистрирован
40927,29-04-2022,ДДУ зарегистрирован
40927,08-04-2022,ДДУ зарегистрирован
40927,28-03-2022,ДДУ зарегистрирован
40927,09-03-2022,ДДУ зарегистрирован
40927,25-02-2022,ДДУ зарегистрирован
40927,24-02-2022,ДДУ зарегистрирован
40927,09-02-2022,ДДУ зарегистрирован
40927,09-01-2022,ДДУ зарегистрирован
40927,21-12-2021,ДДУ зарегистрирован
40927,09-12-2021,ДДУ зарегистрирован
40927,10-11-2021,ДДУ зарегистрирован
40927,26-10-2021,ДДУ зарегистрирован
40927,08-10-2021,ДДУ зарегистрирован
40927,10-09-2021,ДДУ зарегистрирован
40927,10-08-2021,ДДУ зарегистрирован
40927,28-07-2021,ДДУ зарегистрирован
40927,17-06-2021,Положительное заключение
41094,07-04-2023,ДДУ зарегистрирован
41094,24-01-2023,ДДУ зарегистрирован
41094,19-01-2023,ДДУ зарегистрирован
41094,10-01-2023,ДДУ зарегистрирован
41094,10-01-2023,ДДУ зарегистрирован
41094,09-01-2023,ДДУ зарегистрирован
41094,30-12-2022,ДДУ зарегистрирован
41094,08-12-2022,ДДУ зарегистрирован
41094,09-11-2022,ДДУ зарегистрирован
41094,31-10-2022,ДДУ зарегистрирован
41094,07-10-2022,ДДУ зарегистрирован
41094,26-09-2022,ДДУ зарегистрирован
41094,09-09-2022,ДДУ зарегистрирован
41094,08-08-2022,ДДУ зарегистрирован
41094,29-07-2022,ДДУ зарегистрирован
41094,21-07-2022,ДДУ зарегистрирован
41094,19-07-2022,ДДУ зарегистрирован
41094,07-07-2022,ДДУ зарегистрирован
41094,27-06-2022,ДДУ зарегистрирован
41094,09-06-2022,ДДУ зарегистрирован
41094,06-05-2022,ДДУ зарегистрирован
41094,29-04-2022,ДДУ зарегистрирован
41094,28-04-2022,ДДУ зарегистрирован
41094,21-04-2022,ДДУ зарегистрирован
41094,08-04-2022,ДДУ зарегистрирован
41094,09-03-2022,ДДУ зарегистрирован
41094,09-02-2022,ДДУ зарегистрирован
41094,10-01-2022,ДДУ зарегистрирован
41094,05-01-2022,ДДУ зарегистрирован
41094,09-12-2021,ДДУ зарегистрирован
41094,10-11-2021,ДДУ зарегистрирован
41094,09-11-2021,ДДУ зарегистрирован
41094,29-10-2021,ДДУ зарегистрирован
41094,11-10-2021,ДДУ зарегистрирован
41094,09-10-2021,ДДУ зарегистрирован
41094,09-09-2021,ДДУ зарегистрирован
41094,19-08-2021,ДДУ зарегистрирован
41094,09-08-2021,ДДУ зарегистрирован
41094,29-07-2021,ДДУ зарегистрирован
41094,28-07-2021,ДДУ зарегистрирован
41094,14-07-2021,ДДУ зарегистрирован
41094,25-06-2021,ДДУ зарегистрирован
41566,01-11-2023,ДДУ зарегистрирован
41566,25-07-2023,ДДУ зарегистрирован
41566,14-06-2023,ДДУ зарегистрирован
41566,05-05-2023,ДДУ зарегистрирован
41566,23-03-2023,ДДУ зарегистрирован
41566,08-02-2023,ДДУ зарегистрирован
41566,31-10-2022,ДДУ зарегистрирован
41566,13-07-2022,ДДУ зарегистрирован
41566,25-05-2022,ДДУ зарегистрирован
41566,05-05-2022,ДДУ зарегистрирован
41566,08-04-2022,ДДУ зарегистрирован
41566,10-11-2021,ДДУ зарегистрирован
41566,10-08-2021,ДДУ зарегистрирован
41566,07-07-2021,Размещена
41567,01-11-2023,ДДУ зарегистрирован
41567,25-07-2023,ДДУ зарегистрирован
41567,14-06-2023,ДДУ зарегистрирован
41567,05-05-2023,ДДУ зарегистрирован
41567,23-03-2023,ДДУ зарегистрирован
41567,08-02-2023,ДДУ зарегистрирован
41567,31-10-2022,ДДУ зарегистрирован
41567,13-07-2022,ДДУ зарегистрирован
41567,25-05-2022,ДДУ зарегистрирован
41567,05-05-2022,ДДУ зарегистрирован
41567,08-04-2022,ДДУ зарегистрирован
41567,10-11-2021,ДДУ зарегистрирован
41567,06-08-2021,ДДУ зарегистрирован
41567,07-07-2021,Размещена
41611,09-11-2023,Снято с контроля
41611,30-10-2023,ДДУ зарегистрирован
41611,09-10-2023,ДДУ зарегистрирован
41611,07-09-2023,ДДУ зарегистрирован
41611,08-08-2023,ДДУ зарегистрирован
41611,07-07-2023,ДДУ зарегистрирован
41611,08-06-2023,ДДУ зарегистрирован
41611,02-05-2023,ДДУ зарегистрирован
41611,02-05-2023,ДДУ зарегистрирован
41611,05-04-2023,ДДУ зарегистрирован
41611,05-04-2023,ДДУ зарегистрирован
41611,30-03-2023,ДДУ зарегистрирован
41611,09-03-2023,ДДУ зарегистрирован
41611,14-02-2023,ДДУ зарегистрирован
41611,08-02-2023,ДДУ зарегистрирован
41611,10-01-2023,ДДУ зарегистрирован
41611,09-12-2022,ДДУ зарегистрирован
41611,08-11-2022,ДДУ зарегистрирован
41611,07-10-2022,ДДУ зарегистрирован
41611,09-09-2022,ДДУ зарегистрирован
41611,09-08-2022,ДДУ зарегистрирован
41611,27-07-2022,ДДУ зарегистрирован
41611,06-07-2022,ДДУ зарегистрирован
41611,06-06-2022,ДДУ зарегистрирован
41611,06-05-2022,ДДУ зарегистрирован
41611,27-04-2022,ДДУ зарегистрирован
41611,07-04-2022,ДДУ зарегистрирован
41611,30-03-2022,ДДУ зарегистрирован
41611,29-03-2022,ДДУ зарегистрирован
41611,09-03-2022,ДДУ зарегистрирован
41611,09-02-2022,ДДУ зарегистрирован
41611,10-01-2022,ДДУ зарегистрирован
41611,06-12-2021,ДДУ зарегистрирован
41611,09-11-2021,ДДУ зарегистрирован
41611,29-10-2021,ДДУ зарегистрирован
41611,05-10-2021,ДДУ зарегистрирован
41611,08-09-2021,ДДУ зарегистрирован
41611,07-09-2021,Размещена
41611,05-08-2021,Размещена
41611,26-07-2021,Размещена
41611,21-07-2021,Размещена
41611,08-07-2021,Размещена
41665,08-09-2023,ДДУ зарегистрирован
41665,03-08-2023,ДДУ зарегистрирован
41665,31-07-2023,ДДУ зарегистрирован
41665,05-07-2023,ДДУ зарегистрирован
41665,08-06-2023,ДДУ зарегистрирован
41665,24-05-2023,ДДУ зарегистрирован
41665,05-05-2023,ДДУ зарегистрирован
41665,07-04-2023,ДДУ зарегистрирован
41665,09-03-2023,ДДУ зарегистрирован
41665,09-02-2023,ДДУ зарегистрирован
41665,09-01-2023,ДДУ зарегистрирован
41665,13-12-2022,ДДУ зарегистрирован
41665,09-12-2022,ДДУ зарегистрирован
41665,08-11-2022,ДДУ зарегистрирован
41665,07-10-2022,ДДУ зарегистрирован
41665,09-09-2022,ДДУ зарегистрирован
41665,09-08-2022,ДДУ зарегистрирован
41665,27-07-2022,ДДУ зарегистрирован
41665,27-07-2022,ДДУ зарегистрирован
41665,08-07-2022,ДДУ зарегистрирован
41665,28-06-2022,ДДУ зарегистрирован
41665,16-06-2022,ДДУ зарегистрирован
41665,06-06-2022,ДДУ зарегистрирован
41665,06-05-2022,ДДУ зарегистрирован
41665,27-04-2022,ДДУ зарегистрирован
41665,07-04-2022,ДДУ зарегистрирован
41665,29-03-2022,ДДУ зарегистрирован
41665,09-03-2022,ДДУ зарегистрирован
41665,09-02-2022,ДДУ зарегистрирован
41665,10-01-2022,ДДУ зарегистрирован
41665,22-12-2021,ДДУ зарегистрирован
41665,06-12-2021,ДДУ зарегистрирован
41665,09-11-2021,ДДУ зарегистрирован
41665,29-10-2021,ДДУ зарегистрирован
41665,05-10-2021,ДДУ зарегистрирован
41665,08-09-2021,ДДУ зарегистрирован
41665,07-09-2021,ДДУ зарегистрирован
41665,27-08-2021,Размещена
41665,11-08-2021,Размещена
41665,05-08-2021,Размещена
41665,26-07-2021,Размещена
41665,12-07-2021,Размещена
41665,09-07-2021,Размещена
41940,05-05-2023,ДДУ зарегистрирован
41940,10-04-2023,ДДУ зарегистрирован
41940,09-03-2023,ДДУ зарегистрирован
41940,09-02-2023,ДДУ зарегистрирован
41940,19-01-2023,ДДУ зарегистрирован
41940,09-01-2023,ДДУ зарегистрирован
41940,30-12-2022,ДДУ зарегистрирован
41940,08-12-2022,ДДУ зарегистрирован
41940,09-11-2022,ДДУ зарегистрирован
41940,31-10-2022,ДДУ зарегистрирован
41940,07-10-2022,ДДУ зарегистрирован
41940,09-09-2022,ДДУ зарегистрирован
41940,08-08-2022,ДДУ зарегистрирован
41940,29-07-2022,ДДУ зарегистрирован
41940,21-07-2022,ДДУ зарегистрирован
41940,19-07-2022,ДДУ зарегистрирован
41940,07-07-2022,ДДУ зарегистрирован
41940,27-06-2022,ДДУ зарегистрирован
41940,09-06-2022,ДДУ зарегистрирован
41940,06-05-2022,ДДУ зарегистрирован
41940,29-04-2022,ДДУ зарегистрирован
41940,21-04-2022,ДДУ зарегистрирован
41940,08-04-2022,ДДУ зарегистрирован
41940,09-03-2022,ДДУ зарегистрирован
41940,09-02-2022,ДДУ зарегистрирован
41940,31-01-2022,ДДУ зарегистрирован
41940,10-01-2022,ДДУ зарегистрирован
41940,05-01-2022,ДДУ зарегистрирован
41940,09-12-2021,ДДУ зарегистрирован
41940,09-11-2021,ДДУ зарегистрирован
41940,29-10-2021,ДДУ зарегистрирован
41940,09-10-2021,ДДУ зарегистрирован
41940,29-09-2021,ДДУ зарегистрирован
41940,09-09-2021,ДДУ зарегистрирован
41940,27-08-2021,ДДУ зарегистрирован
41940,09-08-2021,ДДУ зарегистрирован
41940,23-07-2021,ДДУ зарегистрирован
41987,28-04-2023,ДДУ зарегистрирован
41987,06-04-2023,ДДУ зарегистрирован
41987,30-03-2023,ДДУ зарегистрирован
41987,29-03-2023,ДДУ зарегистрирован
41987,27-03-2023,ДДУ зарегистрирован
41987,09-03-2023,ДДУ зарегистрирован
41987,10-02-2023,ДДУ зарегистрирован
41987,10-02-2023,ДДУ зарегистрирован
41987,10-01-2023,ДДУ зарегистрирован
41987,08-12-2022,ДДУ зарегистрирован
41987,15-11-2022,ДДУ зарегистрирован
41987,10-11-2022,ДДУ зарегистрирован
41987,28-10-2022,ДДУ зарегистрирован
41987,14-10-2022,ДДУ зарегистрирован
41987,07-10-2022,ДДУ зарегистрирован
41987,30-09-2022,ДДУ зарегистрирован
41987,02-09-2022,ДДУ зарегистрирован
41987,08-08-2022,ДДУ зарегистрирован
41987,28-07-2022,ДДУ зарегистрирован
41987,07-07-2022,ДДУ зарегистрирован
41987,17-06-2022,ДДУ зарегистрирован
41987,07-06-2022,ДДУ зарегистрирован
41987,01-06-2022,ДДУ зарегистрирован
41987,06-05-2022,ДДУ зарегистрирован
41987,29-04-2022,ДДУ зарегистрирован
41987,07-04-2022,ДДУ зарегистрирован
41987,30-03-2022,ДДУ зарегистрирован
41987,10-03-2022,ДДУ зарегистрирован
41987,17-02-2022,ДДУ зарегистрирован
41987,09-02-2022,ДДУ зарегистрирован
41987,10-01-2022,ДДУ зарегистрирован
41987,08-12-2021,ДДУ зарегистрирован
41987,11-11-2021,ДДУ зарегистрирован
41987,29-10-2021,ДДУ зарегистрирован
41987,09-09-2021,ДДУ зарегистрирован
41987,27-08-2021,Размещена
41987,07-08-2021,Размещена
41987,30-07-2021,Размещена
41987,28-07-2021,Размещена
42003,09-06-2023,ДДУ зарегистрирован
42003,31-05-2023,ДДУ зарегистрирован
42003,05-05-2023,ДДУ зарегистрирован
42003,07-04-2023,ДДУ зарегистрирован
42003,04-04-2023,ДДУ зарегистрирован
42003,30-03-2023,ДДУ зарегистрирован
42003,30-03-2023,ДДУ зарегистрирован
42003,24-03-2023,ДДУ зарегистрирован
42003,09-03-2023,ДДУ зарегистрирован
42003,09-03-2023,ДДУ зарегистрирован
42003,09-02-2023,ДДУ зарегистрирован
42003,20-01-2023,ДДУ зарегистрирован
42003,09-01-2023,ДДУ зарегистрирован
42003,08-12-2022,ДДУ зарегистрирован
42003,23-11-2022,ДДУ зарегистрирован
42003,09-11-2022,ДДУ зарегистрирован
42003,31-10-2022,ДДУ зарегистрирован
42003,07-10-2022,ДДУ зарегистрирован
42003,09-09-2022,ДДУ зарегистрирован
42003,08-08-2022,ДДУ зарегистрирован
42003,28-07-2022,ДДУ зарегистрирован
42003,25-07-2022,ДДУ зарегистрирован
42003,07-07-2022,ДДУ зарегистрирован
42003,27-06-2022,ДДУ зарегистрирован
42003,09-06-2022,ДДУ зарегистрирован
42003,06-05-2022,ДДУ зарегистрирован
42003,29-04-2022,ДДУ зарегистрирован
42003,08-04-2022,ДДУ зарегистрирован
42003,09-03-2022,ДДУ зарегистрирован
42003,09-02-2022,ДДУ зарегистрирован
42003,09-02-2022,ДДУ зарегистрирован
42003,18-01-2022,ДДУ зарегистрирован
42003,17-01-2022,ДДУ зарегистрирован
42003,14-01-2022,ДДУ зарегистрирован
42003,10-01-2022,ДДУ зарегистрирован
42003,05-01-2022,ДДУ зарегистрирован
42003,30-12-2021,ДДУ зарегистрирован
42003,09-12-2021,ДДУ зарегистрирован
42003,09-11-2021,ДДУ зарегистрирован
42003,29-10-2021,ДДУ зарегистрирован
42003,28-10-2021,ДДУ зарегистрирован
42003,09-10-2021,ДДУ зарегистрирован
42003,10-09-2021,ДДУ зарегистрирован
42003,09-09-2021,ДДУ зарегистрирован
42003,19-08-2021,ДДУ зарегистрирован
42003,12-08-2021,ДДУ зарегистрирован
42003,30-07-2021,ДДУ зарегистрирован
42156,08-09-2023,ДДУ зарегистрирован
42156,03-08-2023,ДДУ зарегистрирован
42156,31-07-2023,ДДУ зарегистрирован
42156,05-07-2023,ДДУ зарегистрирован
42156,08-06-2023,ДДУ зарегистрирован
42156,24-05-2023,ДДУ зарегистрирован
42156,05-05-2023,ДДУ зарегистрирован
42156,07-04-2023,ДДУ зарегистрирован
42156,09-03-2023,ДДУ зарегистрирован
42156,09-02-2023,ДДУ зарегистрирован
42156,09-01-2023,ДДУ зарегистрирован
42156,13-12-2022,ДДУ зарегистрирован
42156,09-12-2022,ДДУ зарегистрирован
42156,08-11-2022,ДДУ зарегистрирован
42156,07-10-2022,ДДУ зарегистрирован
42156,09-09-2022,ДДУ зарегистрирован
42156,09-08-2022,ДДУ зарегистрирован
42156,27-07-2022,ДДУ зарегистрирован
42156,27-07-2022,ДДУ зарегистрирован
42156,08-07-2022,ДДУ зарегистрирован
42156,28-06-2022,ДДУ зарегистрирован
42156,16-06-2022,ДДУ зарегистрирован
42156,06-06-2022,ДДУ зарегистрирован
42156,06-05-2022,ДДУ зарегистрирован
42156,27-04-2022,ДДУ зарегистрирован
42156,07-04-2022,ДДУ зарегистрирован
42156,29-03-2022,ДДУ зарегистрирован
42156,09-03-2022,ДДУ зарегистрирован
42156,09-02-2022,ДДУ зарегистрирован
42156,10-01-2022,ДДУ зарегистрирован
42156,22-12-2021,ДДУ зарегистрирован
42156,06-12-2021,ДДУ зарегистрирован
42156,09-11-2021,ДДУ зарегистрирован
42156,29-10-2021,ДДУ зарегистрирован
42156,05-10-2021,ДДУ зарегистрирован
42156,08-09-2021,ДДУ зарегистрирован
42156,07-09-2021,Размещена
42156,11-08-2021,Размещена
42236,08-09-2023,ДДУ зарегистрирован
42236,16-08-2023,ДДУ зарегистрирован
42236,15-08-2023,ДДУ зарегистрирован
42236,09-08-2023,ДДУ зарегистрирован
42236,07-08-2023,ДДУ зарегистрирован
42236,04-08-2023,ДДУ зарегистрирован
42236,25-07-2023,ДДУ зарегистрирован
42236,07-07-2023,ДДУ зарегистрирован
42236,20-06-2023,ДДУ зарегистрирован
42236,08-06-2023,ДДУ зарегистрирован
42236,04-05-2023,ДДУ зарегистрирован
42236,10-04-2023,ДДУ зарегистрирован
42236,07-04-2023,ДДУ зарегистрирован
42236,17-03-2023,ДДУ зарегистрирован
42236,10-03-2023,Снято с контроля
42236,10-02-2023,ДДУ зарегистрирован
42236,10-01-2023,ДДУ зарегистрирован
42236,09-12-2022,ДДУ зарегистрирован
42236,10-11-2022,ДДУ зарегистрирован
42236,06-10-2022,ДДУ зарегистрирован
42236,08-09-2022,ДДУ зарегистрирован
42236,26-08-2022,ДДУ зарегистрирован
42236,09-08-2022,ДДУ зарегистрирован
42236,07-07-2022,ДДУ зарегистрирован
42236,04-07-2022,ДДУ зарегистрирован
42236,07-06-2022,ДДУ зарегистрирован
42236,07-06-2022,ДДУ зарегистрирован
42236,07-06-2022,ДДУ зарегистрирован
42236,06-05-2022,ДДУ зарегистрирован
42236,28-04-2022,ДДУ зарегистрирован
42236,28-04-2022,ДДУ зарегистрирован
42236,07-04-2022,ДДУ зарегистрирован
42236,10-03-2022,ДДУ зарегистрирован
42236,04-02-2022,ДДУ зарегистрирован
42236,10-01-2022,ДДУ зарегистрирован
42236,09-12-2021,ДДУ зарегистрирован
42236,10-11-2021,ДДУ зарегистрирован
42236,08-10-2021,ДДУ зарегистрирован
42236,10-09-2021,ДДУ зарегистрирован
42236,18-08-2021,Размещена
42523,03-04-2023,Снято с контроля
42523,02-03-2023,ДДУ зарегистрирован
42523,01-02-2023,ДДУ зарегистрирован
42523,31-01-2023,ДДУ зарегистрирован
42523,30-01-2023,ДДУ зарегистрирован
42523,18-01-2023,ДДУ зарегистрирован
42523,12-01-2023,ДДУ зарегистрирован
42523,19-12-2022,ДДУ зарегистрирован
42523,02-12-2022,ДДУ зарегистрирован
42523,03-11-2022,ДДУ зарегистрирован
42523,07-10-2022,ДДУ зарегистрирован
42523,03-10-2022,ДДУ зарегистрирован
42523,28-09-2022,ДДУ зарегистрирован
42523,20-09-2022,ДДУ зарегистрирован
42523,02-09-2022,ДДУ зарегистрирован
42523,02-09-2022,ДДУ зарегистрирован
42523,04-08-2022,ДДУ зарегистрирован
42523,04-08-2022,ДДУ зарегистрирован
42523,04-07-2022,ДДУ зарегистрирован
42523,03-06-2022,ДДУ зарегистрирован
42523,06-05-2022,ДДУ зарегистрирован
42523,04-05-2022,ДДУ зарегистрирован
42523,04-04-2022,ДДУ зарегистрирован
42523,03-03-2022,ДДУ зарегистрирован
42523,22-02-2022,ДДУ зарегистрирован
42523,02-02-2022,ДДУ зарегистрирован
42523,10-01-2022,ДДУ зарегистрирован
42523,17-12-2021,ДДУ зарегистрирован
42523,02-12-2021,ДДУ зарегистрирован
42523,15-11-2021,ДДУ зарегистрирован
42523,11-11-2021,ДДУ зарегистрирован
42523,01-11-2021,ДДУ зарегистрирован
42523,22-10-2021,ДДУ зарегистрирован
42523,18-10-2021,Размещена
42523,05-10-2021,Размещена
42523,22-09-2021,Размещена
42523,16-09-2021,Размещена
42523,10-09-2021,Размещена
42523,09-09-2021,Размещена
42523,03-09-2021,Размещена
42524,03-04-2023,Снято с контроля
42524,02-03-2023,ДДУ зарегистрирован
42524,01-02-2023,ДДУ зарегистрирован
42524,31-01-2023,ДДУ зарегистрирован
42524,30-01-2023,ДДУ зарегистрирован
42524,18-01-2023,ДДУ зарегистрирован
42524,12-01-2023,ДДУ зарегистрирован
42524,19-12-2022,ДДУ зарегистрирован
42524,02-12-2022,ДДУ зарегистрирован
42524,03-11-2022,ДДУ зарегистрирован
42524,07-10-2022,ДДУ зарегистрирован
42524,03-10-2022,ДДУ зарегистрирован
42524,28-09-2022,ДДУ зарегистрирован
42524,20-09-2022,ДДУ зарегистрирован
42524,02-09-2022,ДДУ зарегистрирован
42524,02-09-2022,ДДУ зарегистрирован
42524,04-08-2022,ДДУ зарегистрирован
42524,04-08-2022,ДДУ зарегистрирован
42524,04-07-2022,ДДУ зарегистрирован
42524,03-06-2022,ДДУ зарегистрирован
42524,06-05-2022,ДДУ зарегистрирован
42524,04-05-2022,ДДУ зарегистрирован
42524,04-04-2022,ДДУ зарегистрирован
42524,03-03-2022,ДДУ зарегистрирован
42524,22-02-2022,ДДУ зарегистрирован
42524,02-02-2022,ДДУ зарегистрирован
42524,10-01-2022,ДДУ зарегистрирован
42524,17-12-2021,ДДУ зарегистрирован
42524,02-12-2021,ДДУ зарегистрирован
42524,15-11-2021,ДДУ зарегистрирован
42524,11-11-2021,ДДУ зарегистрирован
42524,01-11-2021,ДДУ зарегистрирован
42524,22-10-2021,ДДУ зарегистрирован
42524,18-10-2021,Размещена
42524,05-10-2021,Размещена
42524,22-09-2021,Размещена
42524,16-09-2021,Размещена
42524,10-09-2021,Размещена
42524,09-09-2021,Размещена
42524,03-09-2021,Размещена
42525,03-04-2023,Снято с контроля
42525,02-03-2023,ДДУ зарегистрирован
42525,01-02-2023,ДДУ зарегистрирован
42525,31-01-2023,ДДУ зарегистрирован
42525,30-01-2023,ДДУ зарегистрирован
42525,18-01-2023,ДДУ зарегистрирован
42525,12-01-2023,ДДУ зарегистрирован
42525,19-12-2022,ДДУ зарегистрирован
42525,02-12-2022,ДДУ зарегистрирован
42525,03-11-2022,ДДУ зарегистрирован
42525,07-10-2022,ДДУ зарегистрирован
42525,03-10-2022,ДДУ зарегистрирован
42525,28-09-2022,ДДУ зарегистрирован
42525,20-09-2022,ДДУ зарегистрирован
42525,02-09-2022,ДДУ зарегистрирован
42525,02-09-2022,ДДУ зарегистрирован
42525,04-08-2022,ДДУ зарегистрирован
42525,04-08-2022,ДДУ зарегистрирован
42525,04-07-2022,ДДУ зарегистрирован
42525,03-06-2022,ДДУ зарегистрирован
42525,06-05-2022,ДДУ зарегистрирован
42525,04-05-2022,ДДУ зарегистрирован
42525,04-04-2022,ДДУ зарегистрирован
42525,03-03-2022,ДДУ зарегистрирован
42525,22-02-2022,ДДУ зарегистрирован
42525,02-02-2022,ДДУ зарегистрирован
42525,10-01-2022,ДДУ зарегистрирован
42525,17-12-2021,ДДУ зарегистрирован
42525,02-12-2021,ДДУ зарегистрирован
42525,15-11-2021,ДДУ зарегистрирован
42525,11-11-2021,ДДУ зарегистрирован
42525,01-11-2021,ДДУ зарегистрирован
42525,22-10-2021,ДДУ зарегистрирован
42525,18-10-2021,Размещена
42525,05-10-2021,Размещена
42525,22-09-2021,Размещена
42525,16-09-2021,Размещена
42525,10-09-2021,Размещена
42525,09-09-2021,Размещена
42525,03-09-2021,Размещена
42619,08-09-2023,ДДУ зарегистрирован
42619,10-08-2023,ДДУ зарегистрирован
42619,10-08-2023,ДДУ зарегистрирован
42619,09-08-2023,ДДУ зарегистрирован
42619,10-07-2023,ДДУ зарегистрирован
42619,10-07-2023,ДДУ зарегистрирован
42619,07-07-2023,ДДУ зарегистрирован
42619,04-07-2023,ДДУ зарегистрирован
42619,19-06-2023,ДДУ зарегистрирован
42619,09-06-2023,ДДУ зарегистрирован
42619,05-05-2023,ДДУ зарегистрирован
42619,10-04-2023,ДДУ зарегистрирован
42619,10-03-2023,ДДУ зарегистрирован
42619,09-03-2023,ДДУ зарегистрирован
42619,20-02-2023,ДДУ зарегистрирован
42619,16-02-2023,ДДУ зарегистрирован
42619,09-02-2023,ДДУ зарегистрирован
42619,26-01-2023,ДДУ зарегистрирован
42619,09-01-2023,ДДУ зарегистрирован
42619,29-12-2022,ДДУ зарегистрирован
42619,26-12-2022,ДДУ зарегистрирован
42619,12-12-2022,ДДУ зарегистрирован
42619,08-12-2022,ДДУ зарегистрирован
42619,14-11-2022,ДДУ зарегистрирован
42619,09-11-2022,ДДУ зарегистрирован
42619,31-10-2022,ДДУ зарегистрирован
42619,10-10-2022,ДДУ зарегистрирован
42619,07-10-2022,ДДУ зарегистрирован
42619,14-09-2022,ДДУ зарегистрирован
42619,09-09-2022,ДДУ зарегистрирован
42619,08-08-2022,ДДУ зарегистрирован
42619,28-07-2022,ДДУ зарегистрирован
42619,08-07-2022,ДДУ зарегистрирован
42619,09-06-2022,ДДУ зарегистрирован
42619,06-05-2022,ДДУ зарегистрирован
42619,29-04-2022,ДДУ зарегистрирован
42619,08-04-2022,ДДУ зарегистрирован
42619,09-03-2022,ДДУ зарегистрирован
42619,09-02-2022,ДДУ зарегистрирован
42619,10-01-2022,ДДУ зарегистрирован
42619,05-01-2022,ДДУ зарегистрирован
42619,09-12-2021,ДДУ зарегистрирован
42619,09-11-2021,ДДУ зарегистрирован
42619,29-10-2021,ДДУ зарегистрирован
42619,07-10-2021,ДДУ зарегистрирован
42619,10-09-2021,ДДУ зарегистрирован
42619,10-09-2021,Размещена
42666,10-02-2023,ДДУ зарегистрирован
42666,10-01-2023,ДДУ зарегистрирован
42666,09-12-2022,ДДУ зарегистрирован
42666,10-11-2022,ДДУ зарегистрирован
42666,10-10-2022,ДДУ зарегистрирован
42666,09-09-2022,ДДУ зарегистрирован
42666,10-08-2022,ДДУ зарегистрирован
42666,08-07-2022,ДДУ зарегистрирован
42666,10-06-2022,ДДУ зарегистрирован
42666,30-05-2022,ДДУ зарегистрирован
42666,06-05-2022,ДДУ зарегистрирован
42666,29-04-2022,ДДУ зарегистрирован
42666,08-04-2022,ДДУ зарегистрирован
42666,10-03-2022,ДДУ зарегистрирован
42666,10-02-2022,ДДУ зарегистрирован
42666,10-01-2022,ДДУ зарегистрирован
42666,29-12-2021,ДДУ зарегистрирован
42666,13-12-2021,ДДУ зарегистрирован
42666,15-11-2021,ДДУ зарегистрирован
42666,10-11-2021,Размещена
42666,06-10-2021,Размещена
42666,14-09-2021,Размещена
43092,16-06-2023,ДДУ зарегистрирован
43092,09-06-2023,ДДУ зарегистрирован
43092,11-05-2023,ДДУ зарегистрирован
43092,05-05-2023,ДДУ зарегистрирован
43092,07-04-2023,ДДУ зарегистрирован
43092,14-03-2023,ДДУ зарегистрирован
43092,09-03-2023,ДДУ зарегистрирован
43092,17-02-2023,ДДУ зарегистрирован
43092,09-02-2023,ДДУ зарегистрирован
43092,26-01-2023,ДДУ зарегистрирован
43092,09-01-2023,ДДУ зарегистрирован
43092,08-12-2022,ДДУ зарегистрирован
43092,09-11-2022,ДДУ зарегистрирован
43092,31-10-2022,ДДУ зарегистрирован
43092,07-10-2022,ДДУ зарегистрирован
43092,09-09-2022,ДДУ зарегистрирован
43092,08-08-2022,ДДУ зарегистрирован
43092,29-07-2022,ДДУ зарегистрирован
43092,27-07-2022,ДДУ зарегистрирован
43092,08-07-2022,ДДУ зарегистрирован
43092,09-06-2022,ДДУ зарегистрирован
43092,06-05-2022,ДДУ зарегистрирован
43092,29-04-2022,ДДУ зарегистрирован
43092,28-04-2022,ДДУ зарегистрирован
43092,21-04-2022,ДДУ зарегистрирован
43092,08-04-2022,ДДУ зарегистрирован
43092,09-03-2022,ДДУ зарегистрирован
43092,09-02-2022,ДДУ зарегистрирован
43092,10-01-2022,ДДУ зарегистрирован
43092,05-01-2022,ДДУ зарегистрирован
43092,09-12-2021,ДДУ зарегистрирован
43092,03-12-2021,ДДУ зарегистрирован
43092,23-11-2021,ДДУ зарегистрирован
43092,12-11-2021,ДДУ зарегистрирован
43092,10-11-2021,ДДУ зарегистрирован
43092,09-11-2021,Размещена
43092,29-10-2021,Размещена
43092,12-10-2021,Размещена
43166,09-06-2025,ДДУ зарегистрирован
43166,22-05-2025,ДДУ зарегистрирован
43166,07-05-2025,ДДУ зарегистрирован
43166,17-04-2025,ДДУ зарегистрирован
43166,09-04-2025,ДДУ зарегистрирован
43166,26-03-2025,ДДУ зарегистрирован
43166,21-03-2025,ДДУ зарегистрирован
43166,10-03-2025,ДДУ зарегистрирован
43166,10-02-2025,ДДУ зарегистрирован
43166,21-01-2025,ДДУ зарегистрирован
43166,10-01-2025,ДДУ зарегистрирован
43166,09-12-2024,ДДУ зарегистрирован
43166,26-11-2024,ДДУ зарегистрирован
43166,07-11-2024,ДДУ зарегистрирован
43166,08-10-2024,ДДУ зарегистрирован
43166,05-09-2024,ДДУ зарегистрирован
43166,05-08-2024,ДДУ зарегистрирован
43166,31-07-2024,ДДУ зарегистрирован
43166,09-07-2024,ДДУ зарегистрирован
43166,10-06-2024,ДДУ зарегистрирован
43166,08-05-2024,ДДУ зарегистрирован
43166,08-04-2024,ДДУ зарегистрирован
43166,18-03-2024,ДДУ зарегистрирован
43166,15-03-2024,ДДУ зарегистрирован
43166,07-03-2024,ДДУ зарегистрирован
43166,05-02-2024,ДДУ зарегистрирован
43166,12-01-2024,ДДУ зарегистрирован
43166,09-01-2024,ДДУ зарегистрирован
43166,06-12-2023,ДДУ зарегистрирован
43166,10-11-2023,ДДУ зарегистрирован
43166,10-10-2023,ДДУ зарегистрирован
43166,07-09-2023,ДДУ зарегистрирован
43166,14-08-2023,ДДУ зарегистрирован
43166,04-08-2023,ДДУ зарегистрирован
43166,05-07-2023,ДДУ зарегистрирован
43166,08-06-2023,ДДУ зарегистрирован
43166,18-05-2023,ДДУ зарегистрирован
43166,04-05-2023,ДДУ зарегистрирован
43166,04-04-2023,ДДУ зарегистрирован
43166,04-04-2023,ДДУ зарегистрирован
43166,03-04-2023,ДДУ зарегистрирован
43166,31-03-2023,ДДУ зарегистрирован
43166,31-03-2023,ДДУ зарегистрирован
43166,03-03-2023,ДДУ зарегистрирован
43166,03-02-2023,ДДУ зарегистрирован
43166,10-01-2023,ДДУ зарегистрирован
43166,06-12-2022,ДДУ зарегистрирован
43166,03-11-2022,ДДУ зарегистрирован
43166,06-10-2022,ДДУ зарегистрирован
43166,07-09-2022,ДДУ зарегистрирован
43166,04-08-2022,ДДУ зарегистрирован
43166,03-08-2022,ДДУ зарегистрирован
43166,07-07-2022,ДДУ зарегистрирован
43166,03-06-2022,ДДУ зарегистрирован
43166,03-06-2022,ДДУ зарегистрирован
43166,27-05-2022,ДДУ зарегистрирован
43166,20-05-2022,ДДУ зарегистрирован
43166,05-05-2022,ДДУ зарегистрирован
43166,22-04-2022,ДДУ зарегистрирован
43166,19-04-2022,ДДУ зарегистрирован
43166,04-04-2022,ДДУ зарегистрирован
43166,09-03-2022,ДДУ зарегистрирован
43166,10-02-2022,ДДУ зарегистрирован
43166,03-02-2022,ДДУ зарегистрирован
43166,13-01-2022,ДДУ зарегистрирован
43166,16-12-2021,ДДУ зарегистрирован
43166,13-12-2021,ДДУ зарегистрирован
43166,10-12-2021,Размещена
43166,07-12-2021,Размещена
43166,03-11-2021,Размещена
43166,25-10-2021,Размещена
43166,21-10-2021,Размещена
43166,18-10-2021,Размещена
43202,06-02-2024,Снято с контроля
43202,24-01-2024,ДДУ зарегистрирован
43202,10-01-2024,ДДУ зарегистрирован
43202,07-12-2023,ДДУ зарегистрирован
43202,09-11-2023,ДДУ зарегистрирован
43202,10-10-2023,ДДУ зарегистрирован
43202,08-09-2023,ДДУ зарегистрирован
43202,22-08-2023,ДДУ зарегистрирован
43202,08-08-2023,ДДУ зарегистрирован
43202,10-07-2023,ДДУ зарегистрирован
43202,06-07-2023,ДДУ зарегистрирован
43202,06-06-2023,ДДУ зарегистрирован
43202,10-05-2023,ДДУ зарегистрирован
43202,06-04-2023,ДДУ зарегистрирован
43202,10-03-2023,ДДУ зарегистрирован
43202,09-03-2023,ДДУ зарегистрирован
43202,06-03-2023,ДДУ зарегистрирован
43202,07-02-2023,ДДУ зарегистрирован
43202,10-01-2023,ДДУ зарегистрирован
43202,22-12-2022,ДДУ зарегистрирован
43202,06-12-2022,ДДУ зарегистрирован
43202,09-11-2022,ДДУ зарегистрирован
43202,06-10-2022,ДДУ зарегистрирован
43202,06-09-2022,ДДУ зарегистрирован
43202,10-08-2022,ДДУ зарегистрирован
43202,09-08-2022,ДДУ зарегистрирован
43202,08-07-2022,ДДУ зарегистрирован
43202,09-06-2022,ДДУ зарегистрирован
43202,27-05-2022,ДДУ зарегистрирован
43202,06-05-2022,ДДУ зарегистрирован
43202,06-05-2022,ДДУ зарегистрирован
43202,09-04-2022,ДДУ зарегистрирован
43202,11-03-2022,ДДУ зарегистрирован
43202,10-03-2022,ДДУ зарегистрирован
43202,10-03-2022,ДДУ зарегистрирован
43202,21-02-2022,ДДУ зарегистрирован
43202,09-02-2022,ДДУ зарегистрирован
43202,13-01-2022,ДДУ зарегистрирован
43202,11-01-2022,ДДУ зарегистрирован
43202,02-12-2021,ДДУ зарегистрирован
43202,26-11-2021,ДДУ зарегистрирован
43202,20-10-2021,ДДУ зарегистрирован
43424,08-09-2023,ДДУ зарегистрирован
43424,07-08-2023,ДДУ зарегистрирован
43424,28-07-2023,ДДУ зарегистрирован
43424,07-07-2023,ДДУ зарегистрирован
43424,09-06-2023,ДДУ зарегистрирован
43424,05-05-2023,ДДУ зарегистрирован
43424,28-04-2023,ДДУ зарегистрирован
43424,07-04-2023,ДДУ зарегистрирован
43424,31-03-2023,ДДУ зарегистрирован
43424,09-03-2023,ДДУ зарегистрирован
43424,09-02-2023,ДДУ зарегистрирован
43424,09-01-2023,ДДУ зарегистрирован
43424,15-12-2022,ДДУ зарегистрирован
43424,09-12-2022,ДДУ зарегистрирован
43424,10-11-2022,ДДУ зарегистрирован
43424,01-11-2022,ДДУ зарегистрирован
43424,01-11-2022,ДДУ зарегистрирован
43424,31-10-2022,ДДУ зарегистрирован
43424,31-10-2022,ДДУ зарегистрирован
43424,07-10-2022,ДДУ зарегистрирован
43424,07-09-2022,ДДУ зарегистрирован
43424,08-08-2022,ДДУ зарегистрирован
43424,29-07-2022,ДДУ зарегистрирован
43424,07-07-2022,ДДУ зарегистрирован
43424,08-06-2022,ДДУ зарегистрирован
43424,05-05-2022,ДДУ зарегистрирован
43424,28-04-2022,ДДУ зарегистрирован
43424,08-04-2022,ДДУ зарегистрирован
43424,05-03-2022,ДДУ зарегистрирован
43424,10-02-2022,ДДУ зарегистрирован
43424,10-02-2022,ДДУ зарегистрирован
43424,25-01-2022,ДДУ зарегистрирован
43424,17-01-2022,ДДУ зарегистрирован
43424,10-01-2022,ДДУ зарегистрирован
43424,09-12-2021,ДДУ зарегистрирован
43424,09-11-2021,ДДУ зарегистрирован
43424,05-11-2021,Размещена
43425,07-08-2023,ДДУ зарегистрирован
43425,28-07-2023,ДДУ зарегистрирован
43425,07-07-2023,ДДУ зарегистрирован
43425,09-06-2023,ДДУ зарегистрирован
43425,05-05-2023,ДДУ зарегистрирован
43425,28-04-2023,ДДУ зарегистрирован
43425,07-04-2023,ДДУ зарегистрирован
43425,31-03-2023,ДДУ зарегистрирован
43425,09-03-2023,ДДУ зарегистрирован
43425,09-02-2023,ДДУ зарегистрирован
43425,09-01-2023,ДДУ зарегистрирован
43425,15-12-2022,ДДУ зарегистрирован
43425,09-12-2022,ДДУ зарегистрирован
43425,10-11-2022,ДДУ зарегистрирован
43425,31-10-2022,ДДУ зарегистрирован
43425,31-10-2022,ДДУ зарегистрирован
43425,07-10-2022,ДДУ зарегистрирован
43425,07-09-2022,ДДУ зарегистрирован
43425,08-08-2022,ДДУ зарегистрирован
43425,29-07-2022,ДДУ зарегистрирован
43425,07-07-2022,ДДУ зарегистрирован
43425,08-06-2022,ДДУ зарегистрирован
43425,05-05-2022,ДДУ зарегистрирован
43425,28-04-2022,ДДУ зарегистрирован
43425,08-04-2022,ДДУ зарегистрирован
43425,30-03-2022,ДДУ зарегистрирован
43425,05-03-2022,ДДУ зарегистрирован
43425,10-02-2022,ДДУ зарегистрирован
43425,10-02-2022,ДДУ зарегистрирован
43425,25-01-2022,ДДУ зарегистрирован
43425,17-01-2022,ДДУ зарегистрирован
43425,10-01-2022,ДДУ зарегистрирован
43425,09-12-2021,ДДУ зарегистрирован
43425,22-11-2021,ДДУ зарегистрирован
43425,09-11-2021,Размещена
43425,08-11-2021,Размещена
43425,05-11-2021,Размещена
43979,09-02-2023,ДДУ зарегистрирован
43979,10-01-2023,ДДУ зарегистрирован
43979,09-12-2022,ДДУ зарегистрирован
43979,11-11-2022,ДДУ зарегистрирован
43979,10-11-2022,ДДУ зарегистрирован
43979,10-10-2022,ДДУ зарегистрирован
43979,09-09-2022,ДДУ зарегистрирован
43979,10-08-2022,ДДУ зарегистрирован
43979,08-07-2022,ДДУ зарегистрирован
43979,10-06-2022,ДДУ зарегистрирован
43979,09-06-2022,ДДУ зарегистрирован
43979,06-05-2022,ДДУ зарегистрирован
43979,08-04-2022,ДДУ зарегистрирован
43979,16-03-2022,ДДУ зарегистрирован
43979,10-03-2022,ДДУ зарегистрирован
43979,17-02-2022,ДДУ зарегистрирован
43979,10-02-2022,ДДУ зарегистрирован
43979,10-01-2022,ДДУ зарегистрирован
43979,07-12-2021,ДДУ зарегистрирован
43980,09-02-2023,ДДУ зарегистрирован
43980,11-01-2023,ДДУ зарегистрирован
43980,09-12-2022,ДДУ зарегистрирован
43980,11-11-2022,ДДУ зарегистрирован
43980,10-11-2022,ДДУ зарегистрирован
43980,10-10-2022,ДДУ зарегистрирован
43980,09-09-2022,ДДУ зарегистрирован
43980,10-08-2022,ДДУ зарегистрирован
43980,08-07-2022,ДДУ зарегистрирован
43980,10-06-2022,ДДУ зарегистрирован
43980,09-06-2022,ДДУ зарегистрирован
43980,06-05-2022,ДДУ зарегистрирован
43980,06-05-2022,ДДУ зарегистрирован
43980,08-04-2022,ДДУ зарегистрирован
43980,16-03-2022,ДДУ зарегистрирован
43980,10-03-2022,ДДУ зарегистрирован
43980,17-02-2022,ДДУ зарегистрирован
43980,10-02-2022,ДДУ зарегистрирован
43980,10-02-2022,ДДУ зарегистрирован
43980,10-01-2022,ДДУ зарегистрирован
43980,07-12-2021,ДДУ зарегистрирован
44051,10-02-2023,ДДУ зарегистрирован
44051,31-01-2023,ДДУ зарегистрирован
44051,09-12-2022,ДДУ зарегистрирован
44051,15-11-2022,ДДУ зарегистрирован
44051,09-11-2022,ДДУ зарегистрирован
44051,10-10-2022,ДДУ зарегистрирован
44051,09-09-2022,ДДУ зарегистрирован
44051,01-08-2022,ДДУ зарегистрирован
44051,04-07-2022,ДДУ зарегистрирован
44051,10-06-2022,ДДУ зарегистрирован
44051,09-05-2022,ДДУ зарегистрирован
44051,05-04-2022,ДДУ зарегистрирован
44051,08-03-2022,ДДУ зарегистрирован
44051,09-02-2022,ДДУ зарегистрирован
44051,21-01-2022,ДДУ зарегистрирован
44051,20-12-2021,ДДУ зарегистрирован
44051,17-12-2021,Размещена
44051,10-12-2021,Размещена
44422,18-12-2024,ДДУ зарегистрирован
44422,17-12-2024,ДДУ зарегистрирован
44422,05-12-2024,ДДУ зарегистрирован
44422,11-11-2024,ДДУ зарегистрирован
44422,30-10-2024,ДДУ зарегистрирован
44422,09-10-2024,ДДУ зарегистрирован
44422,09-09-2024,ДДУ зарегистрирован
44422,09-08-2024,ДДУ зарегистрирован
44422,30-07-2024,ДДУ зарегистрирован
44422,10-07-2024,ДДУ зарегистрирован
44422,07-06-2024,ДДУ зарегистрирован
44422,08-05-2024,ДДУ зарегистрирован
44422,27-04-2024,ДДУ зарегистрирован
44422,09-04-2024,ДДУ зарегистрирован
44422,22-03-2024,ДДУ зарегистрирован
44422,07-03-2024,ДДУ зарегистрирован
44422,09-02-2024,ДДУ зарегистрирован
44422,10-01-2024,ДДУ зарегистрирован
44422,08-12-2023,ДДУ зарегистрирован
44422,09-11-2023,ДДУ зарегистрирован
44422,30-10-2023,ДДУ зарегистрирован
44422,06-10-2023,ДДУ зарегистрирован
44422,08-09-2023,ДДУ зарегистрирован
44422,09-08-2023,ДДУ зарегистрирован
44422,28-07-2023,ДДУ зарегистрирован
44422,10-07-2023,ДДУ зарегистрирован
44422,09-06-2023,ДДУ зарегистрирован
44422,25-05-2023,ДДУ зарегистрирован
44422,10-05-2023,ДДУ зарегистрирован
44422,27-04-2023,ДДУ зарегистрирован
44422,10-04-2023,ДДУ зарегистрирован
44422,30-03-2023,ДДУ зарегистрирован
44422,09-03-2023,ДДУ зарегистрирован
44422,10-02-2023,ДДУ зарегистрирован
44422,10-01-2023,ДДУ зарегистрирован
44422,09-12-2022,ДДУ зарегистрирован
44422,10-11-2022,ДДУ зарегистрирован
44422,28-10-2022,ДДУ зарегистрирован
44422,07-10-2022,ДДУ зарегистрирован
44422,09-09-2022,ДДУ зарегистрирован
44422,09-08-2022,ДДУ зарегистрирован
44422,29-07-2022,ДДУ зарегистрирован
44422,08-07-2022,ДДУ зарегистрирован
44422,08-06-2022,ДДУ зарегистрирован
44422,06-05-2022,ДДУ зарегистрирован
44422,29-04-2022,ДДУ зарегистрирован
44422,08-04-2022,ДДУ зарегистрирован
44422,30-03-2022,ДДУ зарегистрирован
44422,14-03-2022,ДДУ зарегистрирован
44422,10-03-2022,ДДУ зарегистрирован
44422,10-02-2022,ДДУ зарегистрирован
44422,12-01-2022,ДДУ зарегистрирован
44422,11-01-2022,Размещена
44422,11-01-2022,Размещена
44422,29-12-2021,Размещена
44503,02-02-2024,Снято с контроля
44503,21-12-2023,ДДУ зарегистрирован
44503,13-12-2023,ДДУ зарегистрирован
44503,08-12-2023,ДДУ зарегистрирован
44503,08-12-2023,ДДУ зарегистрирован
44503,29-11-2023,ДДУ зарегистрирован
44503,10-11-2023,ДДУ зарегистрирован
44503,30-10-2023,ДДУ зарегистрирован
44503,06-10-2023,ДДУ зарегистрирован
44503,08-09-2023,ДДУ зарегистрирован
44503,08-08-2023,ДДУ зарегистрирован
44503,07-07-2023,ДДУ зарегистрирован
44503,09-06-2023,ДДУ зарегистрирован
44503,10-05-2023,ДДУ зарегистрирован
44503,05-04-2023,ДДУ зарегистрирован
44503,10-03-2023,ДДУ зарегистрирован
44503,13-02-2023,ДДУ зарегистрирован
44503,10-01-2023,ДДУ зарегистрирован
44503,08-12-2022,ДДУ зарегистрирован
44503,10-11-2022,ДДУ зарегистрирован
44503,10-10-2022,ДДУ зарегистрирован
44503,10-08-2022,ДДУ зарегистрирован
44503,08-07-2022,ДДУ зарегистрирован
44503,12-05-2022,ДДУ зарегистрирован
44503,11-04-2022,ДДУ зарегистрирован
44503,10-03-2022,ДДУ зарегистрирован
44503,28-01-2022,ДДУ зарегистрирован
44503,27-01-2022,Размещена
44503,13-01-2022,Размещена
44886,25-04-2025,ДДУ зарегистрирован
44886,25-04-2025,ДДУ зарегистрирован
44886,10-04-2025,ДДУ зарегистрирован
44886,10-03-2025,ДДУ зарегистрирован
44886,10-02-2025,ДДУ зарегистрирован
44886,10-01-2025,ДДУ зарегистрирован
44886,10-12-2024,ДДУ зарегистрирован
44886,27-11-2024,ДДУ зарегистрирован
44886,08-11-2024,ДДУ зарегистрирован
44886,10-10-2024,ДДУ зарегистрирован
44886,10-09-2024,ДДУ зарегистрирован
44886,09-08-2024,ДДУ зарегистрирован
44886,10-07-2024,ДДУ зарегистрирован
44886,10-06-2024,ДДУ зарегистрирован
44886,17-05-2024,ДДУ зарегистрирован
44886,08-05-2024,ДДУ зарегистрирован
44886,09-04-2024,ДДУ зарегистрирован
44886,07-03-2024,ДДУ зарегистрирован
44886,09-02-2024,ДДУ зарегистрирован
44886,10-01-2024,ДДУ зарегистрирован
44886,08-12-2023,ДДУ зарегистрирован
44886,10-11-2023,ДДУ зарегистрирован
44886,10-10-2023,ДДУ зарегистрирован
44886,08-09-2023,ДДУ зарегистрирован
44886,21-08-2023,ДДУ зарегистрирован
44886,21-08-2023,ДДУ зарегистрирован
44886,09-08-2023,ДДУ зарегистрирован
44886,10-07-2023,ДДУ зарегистрирован
44886,09-06-2023,ДДУ зарегистрирован
44886,10-05-2023,ДДУ зарегистрирован
44886,07-04-2023,ДДУ зарегистрирован
44886,10-03-2023,ДДУ зарегистрирован
44886,10-02-2023,ДДУ зарегистрирован
44886,07-02-2023,ДДУ зарегистрирован
44886,11-01-2023,ДДУ зарегистрирован
44886,09-12-2022,ДДУ зарегистрирован
44886,10-11-2022,ДДУ зарегистрирован
44886,10-10-2022,ДДУ зарегистрирован
44886,09-09-2022,ДДУ зарегистрирован
44886,10-08-2022,ДДУ зарегистрирован
44886,22-07-2022,ДДУ зарегистрирован
44886,08-07-2022,ДДУ зарегистрирован
44886,10-06-2022,ДДУ зарегистрирован
44886,04-05-2022,ДДУ зарегистрирован
44886,29-04-2022,ДДУ зарегистрирован
44886,08-04-2022,ДДУ зарегистрирован
44886,14-03-2022,ДДУ зарегистрирован
44886,10-03-2022,ДДУ зарегистрирован
44886,22-02-2022,ДДУ зарегистрирован
44886,17-02-2022,Размещена
44886,01-02-2022,Размещена
44887,25-04-2025,ДДУ зарегистрирован
44887,25-04-2025,ДДУ зарегистрирован
44887,10-04-2025,ДДУ зарегистрирован
44887,10-03-2025,ДДУ зарегистрирован
44887,10-02-2025,ДДУ зарегистрирован
44887,10-01-2025,ДДУ зарегистрирован
44887,10-12-2024,ДДУ зарегистрирован
44887,27-11-2024,ДДУ зарегистрирован
44887,08-11-2024,ДДУ зарегистрирован
44887,10-10-2024,ДДУ зарегистрирован
44887,10-09-2024,ДДУ зарегистрирован
44887,09-08-2024,ДДУ зарегистрирован
44887,10-07-2024,ДДУ зарегистрирован
44887,10-06-2024,ДДУ зарегистрирован
44887,17-05-2024,ДДУ зарегистрирован
44887,08-05-2024,ДДУ зарегистрирован
44887,09-04-2024,ДДУ зарегистрирован
44887,07-03-2024,ДДУ зарегистрирован
44887,09-02-2024,ДДУ зарегистрирован
44887,10-01-2024,ДДУ зарегистрирован
44887,08-12-2023,ДДУ зарегистрирован
44887,10-11-2023,ДДУ зарегистрирован
44887,10-10-2023,ДДУ зарегистрирован
44887,08-09-2023,ДДУ зарегистрирован
44887,21-08-2023,ДДУ зарегистрирован
44887,21-08-2023,ДДУ зарегистрирован
44887,09-08-2023,ДДУ зарегистрирован
44887,10-07-2023,ДДУ зарегистрирован
44887,09-06-2023,ДДУ зарегистрирован
44887,10-05-2023,ДДУ зарегистрирован
44887,07-04-2023,ДДУ зарегистрирован
44887,10-03-2023,ДДУ зарегистрирован
44887,10-02-2023,ДДУ зарегистрирован
44887,07-02-2023,ДДУ зарегистрирован
44887,11-01-2023,ДДУ зарегистрирован
44887,09-12-2022,ДДУ зарегистрирован
44887,10-11-2022,ДДУ зарегистрирован
44887,10-10-2022,ДДУ зарегистрирован
44887,09-09-2022,ДДУ зарегистрирован
44887,10-08-2022,ДДУ зарегистрирован
44887,22-07-2022,ДДУ зарегистрирован
44887,08-07-2022,ДДУ зарегистрирован
44887,10-06-2022,ДДУ зарегистрирован
44887,04-05-2022,ДДУ зарегистрирован
44887,29-04-2022,ДДУ зарегистрирован
44887,08-04-2022,ДДУ зарегистрирован
44887,14-03-2022,ДДУ зарегистрирован
44887,10-03-2022,ДДУ зарегистрирован
44887,22-02-2022,ДДУ зарегистрирован
44887,17-02-2022,Размещена
44887,01-02-2022,Размещена
44888,25-04-2025,ДДУ зарегистрирован
44888,25-04-2025,ДДУ зарегистрирован
44888,10-04-2025,ДДУ зарегистрирован
44888,10-03-2025,ДДУ зарегистрирован
44888,10-02-2025,ДДУ зарегистрирован
44888,10-01-2025,ДДУ зарегистрирован
44888,10-12-2024,ДДУ зарегистрирован
44888,27-11-2024,ДДУ зарегистрирован
44888,08-11-2024,ДДУ зарегистрирован
44888,10-10-2024,ДДУ зарегистрирован
44888,10-09-2024,ДДУ зарегистрирован
44888,09-08-2024,ДДУ зарегистрирован
44888,10-07-2024,ДДУ зарегистрирован
44888,10-06-2024,ДДУ зарегистрирован
44888,17-05-2024,ДДУ зарегистрирован
44888,08-05-2024,ДДУ зарегистрирован
44888,09-04-2024,ДДУ зарегистрирован
44888,07-03-2024,ДДУ зарегистрирован
44888,09-02-2024,ДДУ зарегистрирован
44888,10-01-2024,ДДУ зарегистрирован
44888,08-12-2023,ДДУ зарегистрирован
44888,10-11-2023,ДДУ зарегистрирован
44888,10-10-2023,ДДУ зарегистрирован
44888,08-09-2023,ДДУ зарегистрирован
44888,21-08-2023,ДДУ зарегистрирован
44888,21-08-2023,ДДУ зарегистрирован
44888,09-08-2023,ДДУ зарегистрирован
44888,10-07-2023,ДДУ зарегистрирован
44888,09-06-2023,ДДУ зарегистрирован
44888,10-05-2023,ДДУ зарегистрирован
44888,07-04-2023,ДДУ зарегистрирован
44888,10-03-2023,ДДУ зарегистрирован
44888,10-02-2023,ДДУ зарегистрирован
44888,07-02-2023,ДДУ зарегистрирован
44888,11-01-2023,ДДУ зарегистрирован
44888,09-12-2022,ДДУ зарегистрирован
44888,10-11-2022,ДДУ зарегистрирован
44888,10-10-2022,ДДУ зарегистрирован
44888,09-09-2022,ДДУ зарегистрирован
44888,10-08-2022,ДДУ зарегистрирован
44888,22-07-2022,ДДУ зарегистрирован
44888,08-07-2022,ДДУ зарегистрирован
44888,10-06-2022,ДДУ зарегистрирован
44888,04-05-2022,ДДУ зарегистрирован
44888,29-04-2022,ДДУ зарегистрирован
44888,08-04-2022,ДДУ зарегистрирован
44888,14-03-2022,ДДУ зарегистрирован
44888,10-03-2022,ДДУ зарегистрирован
44888,22-02-2022,ДДУ зарегистрирован
44888,17-02-2022,Размещена
44888,01-02-2022,Размещена
45007,17-02-2025,ДДУ зарегистрирован
45007,03-02-2025,ДДУ зарегистрирован
45007,23-01-2025,ДДУ зарегистрирован
45007,21-01-2025,ДДУ зарегистрирован
45007,20-01-2025,ДДУ зарегистрирован
45007,10-01-2025,ДДУ зарегистрирован
45007,09-12-2024,ДДУ зарегистрирован
45007,08-11-2024,ДДУ зарегистрирован
45007,28-10-2024,ДДУ зарегистрирован
45007,04-10-2024,ДДУ зарегистрирован
45007,24-09-2024,ДДУ зарегистрирован
45007,09-09-2024,ДДУ зарегистрирован
45007,09-08-2024,ДДУ зарегистрирован
45007,30-07-2024,ДДУ зарегистрирован
45007,08-07-2024,ДДУ зарегистрирован
45007,07-06-2024,ДДУ зарегистрирован
45007,06-05-2024,ДДУ зарегистрирован
45007,06-05-2024,ДДУ зарегистрирован
45007,02-05-2024,ДДУ зарегистрирован
45007,23-04-2024,ДДУ зарегистрирован
45007,09-04-2024,ДДУ зарегистрирован
45007,29-03-2024,ДДУ зарегистрирован
45007,07-03-2024,ДДУ зарегистрирован
45007,01-02-2024,ДДУ зарегистрирован
45007,09-01-2024,ДДУ зарегистрирован
45007,15-12-2023,ДДУ зарегистрирован
45007,08-12-2023,ДДУ зарегистрирован
45007,09-11-2023,ДДУ зарегистрирован
45007,30-10-2023,ДДУ зарегистрирован
45007,09-10-2023,ДДУ зарегистрирован
45007,01-09-2023,ДДУ зарегистрирован
45007,23-08-2023,ДДУ зарегистрирован
45007,08-08-2023,ДДУ зарегистрирован
45007,21-07-2023,ДДУ зарегистрирован
45007,07-07-2023,ДДУ зарегистрирован
45007,08-06-2023,ДДУ зарегистрирован
45007,02-05-2023,ДДУ зарегистрирован
45007,05-04-2023,ДДУ зарегистрирован
45007,30-03-2023,ДДУ зарегистрирован
45007,09-03-2023,ДДУ зарегистрирован
45007,14-02-2023,ДДУ зарегистрирован
45007,02-02-2023,ДДУ зарегистрирован
45007,10-01-2023,ДДУ зарегистрирован
45007,09-12-2022,ДДУ зарегистрирован
45007,08-11-2022,ДДУ зарегистрирован
45007,07-10-2022,ДДУ зарегистрирован
45007,09-09-2022,ДДУ зарегистрирован
45007,09-08-2022,ДДУ зарегистрирован
45007,27-07-2022,ДДУ зарегистрирован
45007,18-07-2022,ДДУ зарегистрирован
45007,18-07-2022,ДДУ зарегистрирован
45007,06-07-2022,ДДУ зарегистрирован
45007,06-06-2022,ДДУ зарегистрирован
45007,06-06-2022,ДДУ зарегистрирован
45007,31-05-2022,ДДУ зарегистрирован
45007,28-04-2022,Размещена
45007,27-04-2022,Размещена
45007,30-03-2022,Размещена
45007,09-02-2022,Размещена
45016,27-06-2024,ДДУ зарегистрирован
45016,03-06-2024,ДДУ зарегистрирован
45016,31-05-2024,ДДУ зарегистрирован
45016,02-05-2024,ДДУ зарегистрирован
45016,01-04-2024,ДДУ зарегистрирован
45016,26-03-2024,ДДУ зарегистрирован
45016,07-03-2024,ДДУ зарегистрирован
45016,08-02-2024,ДДУ зарегистрирован
45016,09-01-2024,ДДУ зарегистрирован
45016,28-12-2023,ДДУ зарегистрирован
45016,08-12-2023,ДДУ зарегистрирован
45016,03-11-2023,ДДУ зарегистрирован
45016,31-10-2023,ДДУ зарегистрирован
45016,02-10-2023,ДДУ зарегистрирован
45016,02-10-2023,ДДУ зарегистрирован
45016,27-09-2023,ДДУ зарегистрирован
45016,07-09-2023,ДДУ зарегистрирован
45016,14-08-2023,ДДУ зарегистрирован
45016,08-08-2023,ДДУ зарегистрирован
45016,28-07-2023,ДДУ зарегистрирован
45016,06-07-2023,ДДУ зарегистрирован
45016,15-06-2023,ДДУ зарегистрирован
45016,08-06-2023,ДДУ зарегистрирован
45016,02-05-2023,ДДУ зарегистрирован
45016,06-04-2023,ДДУ зарегистрирован
45016,13-03-2023,ДДУ зарегистрирован
45016,07-03-2023,ДДУ зарегистрирован
45016,09-02-2023,ДДУ зарегистрирован
45016,10-01-2023,ДДУ зарегистрирован
45016,08-12-2022,ДДУ зарегистрирован
45016,08-11-2022,ДДУ зарегистрирован
45016,31-10-2022,ДДУ зарегистрирован
45016,10-10-2022,ДДУ зарегистрирован
45016,10-10-2022,ДДУ зарегистрирован
45016,08-09-2022,ДДУ зарегистрирован
45016,23-08-2022,ДДУ зарегистрирован
45016,08-08-2022,ДДУ зарегистрирован
45016,08-07-2022,ДДУ зарегистрирован
45016,20-06-2022,ДДУ зарегистрирован
45016,08-06-2022,ДДУ зарегистрирован
45016,04-05-2022,ДДУ зарегистрирован
45016,19-04-2022,ДДУ зарегистрирован
45016,18-04-2022,ДДУ зарегистрирован
45016,13-04-2022,ДДУ зарегистрирован
45016,06-04-2022,ДДУ зарегистрирован
45016,06-04-2022,ДДУ зарегистрирован
45016,04-03-2022,ДДУ зарегистрирован
45016,03-03-2022,ДДУ зарегистрирован
45016,14-02-2022,ДДУ зарегистрирован
45016,09-02-2022,Размещена
45077,06-12-2023,Снято с контроля
45077,01-12-2023,ДДУ зарегистрирован
45077,21-11-2023,ДДУ зарегистрирован
45077,08-11-2023,ДДУ зарегистрирован
45077,27-10-2023,ДДУ зарегистрирован
45077,10-10-2023,ДДУ зарегистрирован
45077,08-09-2023,ДДУ зарегистрирован
45077,09-08-2023,ДДУ зарегистрирован
45077,28-07-2023,ДДУ зарегистрирован
45077,07-07-2023,ДДУ зарегистрирован
45077,08-06-2023,ДДУ зарегистрирован
45077,05-05-2023,ДДУ зарегистрирован
45077,28-04-2023,ДДУ зарегистрирован
45077,10-04-2023,ДДУ зарегистрирован
45077,07-04-2023,ДДУ зарегистрирован
45077,30-03-2023,ДДУ зарегистрирован
45077,21-03-2023,ДДУ зарегистрирован
45077,17-03-2023,ДДУ зарегистрирован
45077,09-03-2023,ДДУ зарегистрирован
45077,09-02-2023,ДДУ зарегистрирован
45077,09-01-2023,ДДУ зарегистрирован
45077,23-12-2022,ДДУ зарегистрирован
45077,06-12-2022,ДДУ зарегистрирован
45077,05-12-2022,ДДУ зарегистрирован
45077,11-11-2022,ДДУ зарегистрирован
45077,31-10-2022,ДДУ зарегистрирован
45077,28-10-2022,Размещена
45077,21-10-2022,Размещена
45077,26-09-2022,Размещена
45077,11-07-2022,Размещена
45077,16-03-2022,Размещена
45077,11-03-2022,Размещена
45077,14-02-2022,Размещена
45317,09-02-2024,ДДУ зарегистрирован
45317,31-01-2024,ДДУ зарегистрирован
45317,10-01-2024,ДДУ зарегистрирован
45317,29-12-2023,ДДУ зарегистрирован
45317,15-12-2023,ДДУ зарегистрирован
45317,08-12-2023,ДДУ зарегистрирован
45317,30-11-2023,ДДУ зарегистрирован
45317,10-11-2023,ДДУ зарегистрирован
45317,10-10-2023,ДДУ зарегистрирован
45317,28-09-2023,ДДУ зарегистрирован
45317,08-09-2023,ДДУ зарегистрирован
45317,10-08-2023,ДДУ зарегистрирован
45317,11-07-2023,ДДУ зарегистрирован
45317,10-07-2023,ДДУ зарегистрирован
45317,09-06-2023,ДДУ зарегистрирован
45317,10-05-2023,ДДУ зарегистрирован
45317,10-04-2023,ДДУ зарегистрирован
45317,10-03-2023,ДДУ зарегистрирован
45317,10-02-2023,ДДУ зарегистрирован
45317,10-01-2023,ДДУ зарегистрирован
45317,09-12-2022,ДДУ зарегистрирован
45317,10-11-2022,ДДУ зарегистрирован
45317,10-10-2022,ДДУ зарегистрирован
45317,09-09-2022,ДДУ зарегистрирован
45317,10-08-2022,ДДУ зарегистрирован
45317,07-07-2022,ДДУ зарегистрирован
45317,24-06-2022,ДДУ зарегистрирован
45317,10-06-2022,ДДУ зарегистрирован
45317,05-05-2022,ДДУ зарегистрирован
45317,29-04-2022,Размещена
45317,08-04-2022,Размещена
45317,08-04-2022,Размещена
45317,02-03-2022,Размещена
45516,28-12-2024,ДДУ зарегистрирован
45516,23-12-2024,ДДУ зарегистрирован
45516,09-12-2024,ДДУ зарегистрирован
45516,12-11-2024,ДДУ зарегистрирован
45516,07-11-2024,ДДУ зарегистрирован
45516,28-10-2024,ДДУ зарегистрирован
45516,28-10-2024,ДДУ зарегистрирован
45516,17-10-2024,ДДУ зарегистрирован
45516,17-10-2024,ДДУ зарегистрирован
45516,10-10-2024,ДДУ зарегистрирован
45516,09-10-2024,ДДУ зарегистрирован
45516,09-09-2024,ДДУ зарегистрирован
45516,28-08-2024,ДДУ зарегистрирован
45516,08-08-2024,ДДУ зарегистрирован
45516,26-07-2024,ДДУ зарегистрирован
45516,17-07-2024,ДДУ зарегистрирован
45516,16-07-2024,ДДУ зарегистрирован
45516,05-07-2024,ДДУ зарегистрирован
45516,10-06-2024,ДДУ зарегистрирован
45516,07-06-2024,ДДУ зарегистрирован
45516,07-05-2024,ДДУ зарегистрирован
45516,26-04-2024,ДДУ зарегистрирован
45516,09-04-2024,ДДУ зарегистрирован
45516,11-03-2024,ДДУ зарегистрирован
45516,06-03-2024,ДДУ зарегистрирован
45516,09-02-2024,ДДУ зарегистрирован
45516,09-02-2024,ДДУ зарегистрирован
45516,09-01-2024,ДДУ зарегистрирован
45516,14-12-2023,ДДУ зарегистрирован
45516,09-12-2023,ДДУ зарегистрирован
45516,03-11-2023,ДДУ зарегистрирован
45516,30-10-2023,ДДУ зарегистрирован
45516,09-10-2023,ДДУ зарегистрирован
45516,06-10-2023,ДДУ зарегистрирован
45516,19-09-2023,ДДУ зарегистрирован
45516,08-09-2023,ДДУ зарегистрирован
45516,09-08-2023,ДДУ зарегистрирован
45516,25-07-2023,ДДУ зарегистрирован
45516,07-07-2023,ДДУ зарегистрирован
45516,09-06-2023,ДДУ зарегистрирован
45516,05-05-2023,ДДУ зарегистрирован
45516,07-04-2023,ДДУ зарегистрирован
45516,10-03-2023,ДДУ зарегистрирован
45516,21-02-2023,ДДУ зарегистрирован
45516,17-02-2023,ДДУ зарегистрирован
45516,16-02-2023,ДДУ зарегистрирован
45516,09-02-2023,ДДУ зарегистрирован
45516,09-01-2023,ДДУ зарегистрирован
45516,09-12-2022,ДДУ зарегистрирован
45516,09-11-2022,ДДУ зарегистрирован
45516,31-10-2022,ДДУ зарегистрирован
45516,07-10-2022,ДДУ зарегистрирован
45516,09-09-2022,ДДУ зарегистрирован
45516,09-09-2022,ДДУ зарегистрирован
45516,10-08-2022,ДДУ зарегистрирован
45516,08-08-2022,ДДУ зарегистрирован
45516,29-07-2022,ДДУ зарегистрирован
45516,07-07-2022,ДДУ зарегистрирован
45516,22-06-2022,ДДУ зарегистрирован
45516,09-06-2022,ДДУ зарегистрирован
45516,30-05-2022,ДДУ зарегистрирован
45516,06-05-2022,ДДУ зарегистрирован
45516,04-05-2022,ДДУ зарегистрирован
45516,27-04-2022,Размещена
45516,26-04-2022,Размещена
45516,01-04-2022,Размещена
45516,23-03-2022,Размещена
45551,09-02-2023,ДДУ зарегистрирован
45551,07-02-2023,ДДУ зарегистрирован
45551,10-01-2023,ДДУ зарегистрирован
45551,29-12-2022,ДДУ зарегистрирован
45551,22-12-2022,ДДУ зарегистрирован
45551,09-12-2022,ДДУ зарегистрирован
45551,10-11-2022,ДДУ зарегистрирован
45551,10-10-2022,ДДУ зарегистрирован
45551,09-09-2022,ДДУ зарегистрирован
45551,10-08-2022,ДДУ зарегистрирован
45551,08-07-2022,ДДУ зарегистрирован
45551,10-06-2022,ДДУ зарегистрирован
45551,06-05-2022,ДДУ зарегистрирован
45551,08-04-2022,ДДУ зарегистрирован
45551,25-03-2022,ДДУ зарегистрирован
45551,25-03-2022,Размещена
45553,09-02-2023,ДДУ зарегистрирован
45553,07-02-2023,ДДУ зарегистрирован
45553,10-01-2023,ДДУ зарегистрирован
45553,29-12-2022,ДДУ зарегистрирован
45553,22-12-2022,ДДУ зарегистрирован
45553,09-12-2022,ДДУ зарегистрирован
45553,10-11-2022,ДДУ зарегистрирован
45553,10-10-2022,ДДУ зарегистрирован
45553,09-09-2022,ДДУ зарегистрирован
45553,10-08-2022,ДДУ зарегистрирован
45553,08-07-2022,ДДУ зарегистрирован
45553,10-06-2022,ДДУ зарегистрирован
45553,06-05-2022,ДДУ зарегистрирован
45553,08-04-2022,ДДУ зарегистрирован
45553,08-04-2022,ДДУ зарегистрирован
45553,25-03-2022,ДДУ зарегистрирован
45819,01-07-2025,ДДУ зарегистрирован
45819,05-06-2025,ДДУ зарегистрирован
45819,05-05-2025,ДДУ зарегистрирован
45819,29-04-2025,ДДУ зарегистрирован
45819,24-04-2025,ДДУ зарегистрирован
45819,14-04-2025,ДДУ зарегистрирован
45819,08-04-2025,ДДУ зарегистрирован
45819,28-03-2025,ДДУ зарегистрирован
45819,10-03-2025,ДДУ зарегистрирован
45819,04-02-2025,ДДУ зарегистрирован
45819,24-01-2025,ДДУ зарегистрирован
45819,10-01-2025,ДДУ зарегистрирован
45819,09-12-2024,ДДУ зарегистрирован
45819,08-11-2024,ДДУ зарегистрирован
45819,28-10-2024,ДДУ зарегистрирован
45819,04-10-2024,ДДУ зарегистрирован
45819,24-09-2024,ДДУ зарегистрирован
45819,09-09-2024,ДДУ зарегистрирован
45819,09-08-2024,ДДУ зарегистрирован
45819,30-07-2024,ДДУ зарегистрирован
45819,08-07-2024,ДДУ зарегистрирован
45819,07-06-2024,ДДУ зарегистрирован
45819,07-05-2024,ДДУ зарегистрирован
45819,23-04-2024,ДДУ зарегистрирован
45819,16-04-2024,ДДУ зарегистрирован
45819,09-04-2024,ДДУ зарегистрирован
45819,29-03-2024,ДДУ зарегистрирован
45819,07-03-2024,ДДУ зарегистрирован
45819,01-02-2024,ДДУ зарегистрирован
45819,09-01-2024,ДДУ зарегистрирован
45819,08-12-2023,ДДУ зарегистрирован
45819,09-11-2023,ДДУ зарегистрирован
45819,30-10-2023,ДДУ зарегистрирован
45819,09-10-2023,ДДУ зарегистрирован
45819,04-09-2023,ДДУ зарегистрирован
45819,08-08-2023,ДДУ зарегистрирован
45819,08-08-2023,ДДУ зарегистрирован
45819,07-07-2023,ДДУ зарегистрирован
45819,08-06-2023,ДДУ зарегистрирован
45819,02-05-2023,ДДУ зарегистрирован
45819,05-04-2023,ДДУ зарегистрирован
45819,05-04-2023,ДДУ зарегистрирован
45819,30-03-2023,ДДУ зарегистрирован
45819,10-03-2023,ДДУ зарегистрирован
45819,14-02-2023,ДДУ зарегистрирован
45819,08-02-2023,ДДУ зарегистрирован
45819,10-01-2023,ДДУ зарегистрирован
45819,09-12-2022,ДДУ зарегистрирован
45819,08-11-2022,ДДУ зарегистрирован
45819,07-10-2022,ДДУ зарегистрирован
45819,09-09-2022,ДДУ зарегистрирован
45819,09-08-2022,ДДУ зарегистрирован
45819,27-07-2022,ДДУ зарегистрирован
45819,06-07-2022,ДДУ зарегистрирован
45819,06-06-2022,ДДУ зарегистрирован
45819,27-04-2022,ДДУ зарегистрирован
45819,15-04-2022,Размещена
45877,08-05-2024,ДДУ зарегистрирован
45877,26-04-2024,ДДУ зарегистрирован
45877,18-04-2024,ДДУ зарегистрирован
45877,17-04-2024,ДДУ зарегистрирован
45877,09-04-2024,ДДУ зарегистрирован
45877,27-03-2024,ДДУ зарегистрирован
45877,06-03-2024,ДДУ зарегистрирован
45877,26-02-2024,ДДУ зарегистрирован
45877,07-02-2024,ДДУ зарегистрирован
45877,01-02-2024,ДДУ зарегистрирован
45877,09-01-2024,ДДУ зарегистрирован
45877,08-12-2023,ДДУ зарегистрирован
45877,10-11-2023,ДДУ зарегистрирован
45877,26-10-2023,ДДУ зарегистрирован
45877,09-10-2023,ДДУ зарегистрирован
45877,08-09-2023,ДДУ зарегистрирован
45877,04-09-2023,ДДУ зарегистрирован
45877,08-08-2023,ДДУ зарегистрирован
45877,26-07-2023,ДДУ зарегистрирован
45877,10-07-2023,ДДУ зарегистрирован
45877,13-06-2023,ДДУ зарегистрирован
45877,10-05-2023,ДДУ зарегистрирован
45877,10-05-2023,ДДУ зарегистрирован
45877,07-04-2023,ДДУ зарегистрирован
45877,24-03-2023,ДДУ зарегистрирован
45877,13-03-2023,ДДУ зарегистрирован
45877,09-03-2023,ДДУ зарегистрирован
45877,09-02-2023,ДДУ зарегистрирован
45877,09-01-2023,ДДУ зарегистрирован
45877,08-12-2022,ДДУ зарегистрирован
45877,10-11-2022,ДДУ зарегистрирован
45877,07-10-2022,ДДУ зарегистрирован
45877,08-09-2022,ДДУ зарегистрирован
45877,25-08-2022,ДДУ зарегистрирован
45877,09-08-2022,ДДУ зарегистрирован
45877,02-08-2022,ДДУ зарегистрирован
45877,28-07-2022,Размещена
45877,11-07-2022,Размещена
45877,08-07-2022,Размещена
45877,07-06-2022,Размещена
45877,12-05-2022,Размещена
45877,21-04-2022,Размещена
45878,08-05-2024,ДДУ зарегистрирован
45878,26-04-2024,ДДУ зарегистрирован
45878,18-04-2024,ДДУ зарегистрирован
45878,17-04-2024,ДДУ зарегистрирован
45878,09-04-2024,ДДУ зарегистрирован
45878,27-03-2024,ДДУ зарегистрирован
45878,06-03-2024,ДДУ зарегистрирован
45878,26-02-2024,ДДУ зарегистрирован
45878,07-02-2024,ДДУ зарегистрирован
45878,01-02-2024,ДДУ зарегистрирован
45878,09-01-2024,ДДУ зарегистрирован
45878,08-12-2023,ДДУ зарегистрирован
45878,10-11-2023,ДДУ зарегистрирован
45878,26-10-2023,ДДУ зарегистрирован
45878,09-10-2023,ДДУ зарегистрирован
45878,08-09-2023,ДДУ зарегистрирован
45878,04-09-2023,ДДУ зарегистрирован
45878,08-08-2023,ДДУ зарегистрирован
45878,26-07-2023,ДДУ зарегистрирован
45878,10-07-2023,ДДУ зарегистрирован
45878,13-06-2023,ДДУ зарегистрирован
45878,10-05-2023,ДДУ зарегистрирован
45878,10-05-2023,ДДУ зарегистрирован
45878,07-04-2023,ДДУ зарегистрирован
45878,24-03-2023,ДДУ зарегистрирован
45878,13-03-2023,ДДУ зарегистрирован
45878,09-03-2023,ДДУ зарегистрирован
45878,09-02-2023,ДДУ зарегистрирован
45878,09-01-2023,ДДУ зарегистрирован
45878,08-12-2022,ДДУ зарегистрирован
45878,10-11-2022,ДДУ зарегистрирован
45878,07-10-2022,ДДУ зарегистрирован
45878,08-09-2022,ДДУ зарегистрирован
45878,25-08-2022,ДДУ зарегистрирован
45878,09-08-2022,ДДУ зарегистрирован
45878,02-08-2022,ДДУ зарегистрирован
45878,28-07-2022,Размещена
45878,11-07-2022,Размещена
45878,08-07-2022,Размещена
45878,07-06-2022,Размещена
45878,12-05-2022,Размещена
45878,21-04-2022,Размещена
46030,04-12-2023,Размещена
46030,01-11-2023,Размещена
46030,25-10-2023,Размещена
46030,24-10-2023,Размещена
46030,16-10-2023,Размещена
46030,04-10-2023,Размещена
46030,02-10-2023,Размещена
46030,05-09-2023,Размещена
46030,02-08-2023,Размещена
46030,31-07-2023,Размещена
46030,28-07-2023,Размещена
46030,25-07-2023,Размещена
46030,04-07-2023,Размещена
46030,23-06-2023,Размещена
46030,20-06-2023,Размещена
46030,01-06-2023,Размещена
46030,15-05-2023,Размещена
46030,03-05-2023,Размещена
46030,03-05-2023,Размещена
46030,28-04-2023,Размещена
46030,03-04-2023,Размещена
46030,02-03-2023,Размещена
46030,02-02-2023,Размещена
46030,24-01-2023,Размещена
46030,09-01-2023,Размещена
46030,06-12-2022,Размещена
46030,02-12-2022,Размещена
46030,22-11-2022,Размещена
46030,09-11-2022,Размещена
46030,03-11-2022,Размещена
46030,04-10-2022,Размещена
46030,09-09-2022,Размещена
46030,02-08-2022,Размещена
46030,01-08-2022,Размещена
46030,01-07-2022,Размещена
46030,01-06-2022,Размещена
46030,27-05-2022,Размещена
46030,06-05-2022,Размещена
46119,11-01-2023,ДДУ зарегистрирован
46119,02-12-2022,ДДУ зарегистрирован
46119,09-11-2022,ДДУ зарегистрирован
46119,09-11-2022,ДДУ зарегистрирован
46119,07-11-2022,ДДУ зарегистрирован
46119,10-10-2022,ДДУ зарегистрирован
46119,28-09-2022,ДДУ зарегистрирован
46119,24-08-2022,ДДУ зарегистрирован
46119,23-08-2022,ДДУ зарегистрирован
46119,19-08-2022,ДДУ зарегистрирован
46119,08-08-2022,ДДУ зарегистрирован
46119,03-08-2022,ДДУ зарегистрирован
46119,08-07-2022,ДДУ зарегистрирован
46119,23-05-2022,ДДУ зарегистрирован
46119,18-05-2022,Размещена
46119,16-05-2022,Размещена
46156,29-12-2025,ДДУ зарегистрирован
46156,25-12-2025,ДДУ зарегистрирован
46156,10-12-2025,ДДУ зарегистрирован
46156,06-11-2025,ДДУ зарегистрирован
46156,29-10-2025,ДДУ зарегистрирован
46156,06-10-2025,ДДУ зарегистрирован
46156,10-09-2025,ДДУ зарегистрирован
46156,08-08-2025,ДДУ зарегистрирован
46156,30-07-2025,ДДУ зарегистрирован
46156,07-07-2025,ДДУ зарегистрирован
46156,07-07-2025,ДДУ зарегистрирован
46156,04-06-2025,ДДУ зарегистрирован
46156,06-05-2025,ДДУ зарегистрирован
46156,30-04-2025,ДДУ зарегистрирован
46156,10-04-2025,ДДУ зарегистрирован
46156,28-03-2025,ДДУ зарегистрирован
46156,28-03-2025,ДДУ зарегистрирован
46156,05-03-2025,ДДУ зарегистрирован
46156,10-02-2025,ДДУ зарегистрирован
46156,10-01-2025,ДДУ зарегистрирован
46156,10-12-2024,ДДУ зарегистрирован
46156,11-11-2024,ДДУ зарегистрирован
46156,30-10-2024,ДДУ зарегистрирован
46156,09-10-2024,ДДУ зарегистрирован
46156,09-09-2024,ДДУ зарегистрирован
46156,09-08-2024,ДДУ зарегистрирован
46156,31-07-2024,ДДУ зарегистрирован
46156,30-07-2024,ДДУ зарегистрирован
46156,10-07-2024,ДДУ зарегистрирован
46156,07-06-2024,ДДУ зарегистрирован
46156,08-05-2024,ДДУ зарегистрирован
46156,27-04-2024,ДДУ зарегистрирован
46156,09-04-2024,ДДУ зарегистрирован
46156,22-03-2024,ДДУ зарегистрирован
46156,07-03-2024,ДДУ зарегистрирован
46156,09-02-2024,ДДУ зарегистрирован
46156,10-01-2024,ДДУ зарегистрирован
46156,08-12-2023,ДДУ зарегистрирован
46156,09-11-2023,ДДУ зарегистрирован
46156,30-10-2023,ДДУ зарегистрирован
46156,06-10-2023,ДДУ зарегистрирован
46156,08-09-2023,ДДУ зарегистрирован
46156,09-08-2023,ДДУ зарегистрирован
46156,28-07-2023,ДДУ зарегистрирован
46156,10-07-2023,ДДУ зарегистрирован
46156,09-06-2023,ДДУ зарегистрирован
46156,10-05-2023,ДДУ зарегистрирован
46156,27-04-2023,ДДУ зарегистрирован
46156,24-04-2023,ДДУ зарегистрирован
46156,10-04-2023,ДДУ зарегистрирован
46156,30-03-2023,ДДУ зарегистрирован
46156,10-03-2023,ДДУ зарегистрирован
46156,10-02-2023,ДДУ зарегистрирован
46156,10-01-2023,ДДУ зарегистрирован
46156,09-12-2022,ДДУ зарегистрирован
46156,10-11-2022,ДДУ зарегистрирован
46156,28-10-2022,ДДУ зарегистрирован
46156,07-10-2022,ДДУ зарегистрирован
46156,09-09-2022,ДДУ зарегистрирован
46156,09-08-2022,ДДУ зарегистрирован
46156,29-07-2022,ДДУ зарегистрирован
46156,14-07-2022,ДДУ зарегистрирован
46156,08-06-2022,ДДУ зарегистрирован
46156,18-05-2022,Размещена
46259,26-01-2023,ДДУ зарегистрирован
46259,16-01-2023,ДДУ зарегистрирован
46259,10-01-2023,ДДУ зарегистрирован
46259,29-12-2022,ДДУ зарегистрирован
46259,26-12-2022,ДДУ зарегистрирован
46259,12-12-2022,ДДУ зарегистрирован
46259,08-12-2022,ДДУ зарегистрирован
46259,18-11-2022,ДДУ зарегистрирован
46259,15-11-2022,ДДУ зарегистрирован
46259,09-11-2022,ДДУ зарегистрирован
46259,31-10-2022,ДДУ зарегистрирован
46259,07-10-2022,ДДУ зарегистрирован
46259,16-09-2022,ДДУ зарегистрирован
46259,10-08-2022,ДДУ зарегистрирован
46259,08-08-2022,ДДУ зарегистрирован
46259,28-07-2022,ДДУ зарегистрирован
46259,09-06-2022,ДДУ зарегистрирован
46259,24-05-2022,ДДУ зарегистрирован
46259,24-05-2022,Размещена
46286,27-12-2024,ДДУ зарегистрирован
46286,09-12-2024,ДДУ зарегистрирован
46286,19-11-2024,ДДУ зарегистрирован
46286,08-11-2024,ДДУ зарегистрирован
46286,08-11-2024,ДДУ зарегистрирован
46286,29-10-2024,ДДУ зарегистрирован
46286,07-10-2024,ДДУ зарегистрирован
46286,02-10-2024,ДДУ зарегистрирован
46286,12-09-2024,ДДУ зарегистрирован
46286,10-09-2024,ДДУ зарегистрирован
46286,20-08-2024,ДДУ зарегистрирован
46286,08-08-2024,ДДУ зарегистрирован
46286,29-07-2024,ДДУ зарегистрирован
46286,10-07-2024,ДДУ зарегистрирован
46286,20-06-2024,ДДУ зарегистрирован
46286,06-06-2024,ДДУ зарегистрирован
46286,06-06-2024,ДДУ зарегистрирован
46286,07-05-2024,ДДУ зарегистрирован
46286,27-04-2024,ДДУ зарегистрирован
46286,09-04-2024,ДДУ зарегистрирован
46286,22-03-2024,ДДУ зарегистрирован
46286,14-03-2024,ДДУ зарегистрирован
46286,07-03-2024,ДДУ зарегистрирован
46286,16-02-2024,ДДУ зарегистрирован
46286,15-02-2024,ДДУ зарегистрирован
46286,15-02-2024,ДДУ зарегистрирован
46286,08-02-2024,ДДУ зарегистрирован
46286,05-02-2024,ДДУ зарегистрирован
46286,05-02-2024,ДДУ зарегистрирован
46286,10-01-2024,ДДУ зарегистрирован
46286,08-12-2023,ДДУ зарегистрирован
46286,10-11-2023,ДДУ зарегистрирован
46286,20-10-2023,ДДУ зарегистрирован
46286,19-10-2023,ДДУ зарегистрирован
46286,10-10-2023,ДДУ зарегистрирован
46286,09-10-2023,ДДУ зарегистрирован
46286,07-09-2023,ДДУ зарегистрирован
46286,22-08-2023,ДДУ зарегистрирован
46286,09-08-2023,ДДУ зарегистрирован
46286,24-07-2023,ДДУ зарегистрирован
46286,05-07-2023,ДДУ зарегистрирован
46286,06-06-2023,ДДУ зарегистрирован
46286,22-05-2023,ДДУ зарегистрирован
46286,05-05-2023,ДДУ зарегистрирован
46286,20-04-2023,ДДУ зарегистрирован
46286,10-04-2023,ДДУ зарегистрирован
46286,10-03-2023,ДДУ зарегистрирован
46286,09-02-2023,ДДУ зарегистрирован
46286,09-01-2023,ДДУ зарегистрирован
46286,30-12-2022,ДДУ зарегистрирован
46286,21-12-2022,ДДУ зарегистрирован
46286,09-12-2022,ДДУ зарегистрирован
46286,06-12-2022,ДДУ зарегистрирован
46286,21-11-2022,ДДУ зарегистрирован
46286,21-11-2022,ДДУ зарегистрирован
46286,10-11-2022,ДДУ зарегистрирован
46286,10-11-2022,ДДУ зарегистрирован
46286,26-10-2022,ДДУ зарегистрирован
46286,10-10-2022,ДДУ зарегистрирован
46286,21-09-2022,ДДУ зарегистрирован
46286,09-09-2022,ДДУ зарегистрирован
46286,08-08-2022,ДДУ зарегистрирован
46286,08-08-2022,ДДУ зарегистрирован
46286,26-07-2022,ДДУ зарегистрирован
46286,07-07-2022,ДДУ зарегистрирован
46286,06-06-2022,ДДУ зарегистрирован
46286,03-06-2022,Размещена
46286,26-05-2022,Размещена
46286,25-05-2022,Размещена
46286,25-05-2022,Размещена
46286,25-05-2022,Размещена
46287,27-12-2024,ДДУ зарегистрирован
46287,09-12-2024,ДДУ зарегистрирован
46287,19-11-2024,ДДУ зарегистрирован
46287,08-11-2024,ДДУ зарегистрирован
46287,08-11-2024,ДДУ зарегистрирован
46287,29-10-2024,ДДУ зарегистрирован
46287,07-10-2024,ДДУ зарегистрирован
46287,02-10-2024,ДДУ зарегистрирован
46287,12-09-2024,ДДУ зарегистрирован
46287,10-09-2024,ДДУ зарегистрирован
46287,20-08-2024,ДДУ зарегистрирован
46287,08-08-2024,ДДУ зарегистрирован
46287,29-07-2024,ДДУ зарегистрирован
46287,10-07-2024,ДДУ зарегистрирован
46287,20-06-2024,ДДУ зарегистрирован
46287,06-06-2024,ДДУ зарегистрирован
46287,06-06-2024,ДДУ зарегистрирован
46287,07-05-2024,ДДУ зарегистрирован
46287,27-04-2024,ДДУ зарегистрирован
46287,09-04-2024,ДДУ зарегистрирован
46287,22-03-2024,ДДУ зарегистрирован
46287,14-03-2024,ДДУ зарегистрирован
46287,07-03-2024,ДДУ зарегистрирован
46287,16-02-2024,ДДУ зарегистрирован
46287,15-02-2024,ДДУ зарегистрирован
46287,15-02-2024,ДДУ зарегистрирован
46287,08-02-2024,ДДУ зарегистрирован
46287,05-02-2024,ДДУ зарегистрирован
46287,05-02-2024,ДДУ зарегистрирован
46287,10-01-2024,ДДУ зарегистрирован
46287,08-12-2023,ДДУ зарегистрирован
46287,10-11-2023,ДДУ зарегистрирован
46287,20-10-2023,ДДУ зарегистрирован
46287,19-10-2023,ДДУ зарегистрирован
46287,10-10-2023,ДДУ зарегистрирован
46287,09-10-2023,ДДУ зарегистрирован
46287,07-09-2023,ДДУ зарегистрирован
46287,22-08-2023,ДДУ зарегистрирован
46287,09-08-2023,ДДУ зарегистрирован
46287,24-07-2023,ДДУ зарегистрирован
46287,05-07-2023,ДДУ зарегистрирован
46287,06-06-2023,ДДУ зарегистрирован
46287,22-05-2023,ДДУ зарегистрирован
46287,05-05-2023,ДДУ зарегистрирован
46287,20-04-2023,ДДУ зарегистрирован
46287,10-04-2023,ДДУ зарегистрирован
46287,10-03-2023,ДДУ зарегистрирован
46287,09-02-2023,ДДУ зарегистрирован
46287,09-01-2023,ДДУ зарегистрирован
46287,30-12-2022,ДДУ зарегистрирован
46287,21-12-2022,ДДУ зарегистрирован
46287,09-12-2022,ДДУ зарегистрирован
46287,06-12-2022,ДДУ зарегистрирован
46287,21-11-2022,ДДУ зарегистрирован
46287,21-11-2022,ДДУ зарегистрирован
46287,10-11-2022,ДДУ зарегистрирован
46287,10-11-2022,ДДУ зарегистрирован
46287,26-10-2022,ДДУ зарегистрирован
46287,10-10-2022,ДДУ зарегистрирован
46287,21-09-2022,ДДУ зарегистрирован
46287,09-09-2022,ДДУ зарегистрирован
46287,08-08-2022,ДДУ зарегистрирован
46287,08-08-2022,ДДУ зарегистрирован
46287,26-07-2022,ДДУ зарегистрирован
46287,07-07-2022,ДДУ зарегистрирован
46287,06-06-2022,ДДУ зарегистрирован
46287,03-06-2022,Размещена
46287,26-05-2022,Размещена
46287,25-05-2022,Размещена
46287,25-05-2022,Размещена
46287,25-05-2022,Размещена
46288,27-12-2024,ДДУ зарегистрирован
46288,09-12-2024,ДДУ зарегистрирован
46288,19-11-2024,ДДУ зарегистрирован
46288,08-11-2024,ДДУ зарегистрирован
46288,08-11-2024,ДДУ зарегистрирован
46288,29-10-2024,ДДУ зарегистрирован
46288,07-10-2024,ДДУ зарегистрирован
46288,02-10-2024,ДДУ зарегистрирован
46288,12-09-2024,ДДУ зарегистрирован
46288,10-09-2024,ДДУ зарегистрирован
46288,20-08-2024,ДДУ зарегистрирован
46288,08-08-2024,ДДУ зарегистрирован
46288,29-07-2024,ДДУ зарегистрирован
46288,10-07-2024,ДДУ зарегистрирован
46288,20-06-2024,ДДУ зарегистрирован
46288,06-06-2024,ДДУ зарегистрирован
46288,06-06-2024,ДДУ зарегистрирован
46288,07-05-2024,ДДУ зарегистрирован
46288,27-04-2024,ДДУ зарегистрирован
46288,09-04-2024,ДДУ зарегистрирован
46288,22-03-2024,ДДУ зарегистрирован
46288,14-03-2024,ДДУ зарегистрирован
46288,07-03-2024,ДДУ зарегистрирован
46288,16-02-2024,ДДУ зарегистрирован
46288,15-02-2024,ДДУ зарегистрирован
46288,15-02-2024,ДДУ зарегистрирован
46288,08-02-2024,ДДУ зарегистрирован
46288,05-02-2024,ДДУ зарегистрирован
46288,05-02-2024,ДДУ зарегистрирован
46288,10-01-2024,ДДУ зарегистрирован
46288,08-12-2023,ДДУ зарегистрирован
46288,10-11-2023,ДДУ зарегистрирован
46288,20-10-2023,ДДУ зарегистрирован
46288,19-10-2023,ДДУ зарегистрирован
46288,10-10-2023,ДДУ зарегистрирован
46288,09-10-2023,ДДУ зарегистрирован
46288,07-09-2023,ДДУ зарегистрирован
46288,22-08-2023,ДДУ зарегистрирован
46288,09-08-2023,ДДУ зарегистрирован
46288,24-07-2023,ДДУ зарегистрирован
46288,05-07-2023,ДДУ зарегистрирован
46288,06-06-2023,ДДУ зарегистрирован
46288,22-05-2023,ДДУ зарегистрирован
46288,05-05-2023,ДДУ зарегистрирован
46288,20-04-2023,ДДУ зарегистрирован
46288,10-04-2023,ДДУ зарегистрирован
46288,10-03-2023,ДДУ зарегистрирован
46288,09-02-2023,ДДУ зарегистрирован
46288,09-01-2023,ДДУ зарегистрирован
46288,30-12-2022,ДДУ зарегистрирован
46288,21-12-2022,ДДУ зарегистрирован
46288,09-12-2022,ДДУ зарегистрирован
46288,06-12-2022,ДДУ зарегистрирован
46288,21-11-2022,ДДУ зарегистрирован
46288,21-11-2022,ДДУ зарегистрирован
46288,10-11-2022,ДДУ зарегистрирован
46288,10-11-2022,ДДУ зарегистрирован
46288,26-10-2022,ДДУ зарегистрирован
46288,10-10-2022,ДДУ зарегистрирован
46288,21-09-2022,ДДУ зарегистрирован
46288,09-09-2022,ДДУ зарегистрирован
46288,08-08-2022,ДДУ зарегистрирован
46288,08-08-2022,ДДУ зарегистрирован
46288,26-07-2022,ДДУ зарегистрирован
46288,07-07-2022,ДДУ зарегистрирован
46288,06-06-2022,ДДУ зарегистрирован
46288,03-06-2022,Размещена
46288,26-05-2022,Размещена
46288,25-05-2022,Размещена
46288,25-05-2022,Размещена
46288,25-05-2022,Размещена
46551,08-09-2023,Снято с контроля
46551,28-08-2023,ДДУ зарегистрирован
46551,10-08-2023,ДДУ зарегистрирован
46551,07-07-2023,ДДУ зарегистрирован
46551,09-06-2023,ДДУ зарегистрирован
46551,30-05-2023,ДДУ зарегистрирован
46551,05-05-2023,ДДУ зарегистрирован
46551,08-04-2023,ДДУ зарегистрирован
46551,09-03-2023,ДДУ зарегистрирован
46551,07-02-2023,ДДУ зарегистрирован
46551,09-01-2023,ДДУ зарегистрирован
46551,14-12-2022,ДДУ зарегистрирован
46551,09-12-2022,ДДУ зарегистрирован
46551,09-11-2022,ДДУ зарегистрирован
46551,07-10-2022,ДДУ зарегистрирован
46551,08-09-2022,ДДУ зарегистрирован
46551,10-08-2022,ДДУ зарегистрирован
46551,06-08-2022,ДДУ зарегистрирован
46551,09-07-2022,ДДУ зарегистрирован
46551,11-06-2022,ДДУ зарегистрирован
46558,18-06-2025,ДДУ зарегистрирован
46558,25-04-2025,ДДУ зарегистрирован
46558,10-04-2025,ДДУ зарегистрирован
46558,19-03-2025,ДДУ зарегистрирован
46558,10-03-2025,ДДУ зарегистрирован
46558,10-02-2025,ДДУ зарегистрирован
46558,10-01-2025,ДДУ зарегистрирован
46558,10-12-2024,ДДУ зарегистрирован
46558,27-11-2024,ДДУ зарегистрирован
46558,08-11-2024,ДДУ зарегистрирован
46558,10-10-2024,ДДУ зарегистрирован
46558,10-09-2024,ДДУ зарегистрирован
46558,29-08-2024,ДДУ зарегистрирован
46558,09-08-2024,ДДУ зарегистрирован
46558,10-07-2024,ДДУ зарегистрирован
46558,10-06-2024,ДДУ зарегистрирован
46558,08-05-2024,ДДУ зарегистрирован
46558,09-04-2024,ДДУ зарегистрирован
46558,07-03-2024,ДДУ зарегистрирован
46558,09-02-2024,ДДУ зарегистрирован
46558,10-01-2024,ДДУ зарегистрирован
46558,08-12-2023,ДДУ зарегистрирован
46558,10-11-2023,ДДУ зарегистрирован
46558,10-10-2023,ДДУ зарегистрирован
46558,08-09-2023,ДДУ зарегистрирован
46558,22-08-2023,ДДУ зарегистрирован
46558,09-08-2023,ДДУ зарегистрирован
46558,10-07-2023,ДДУ зарегистрирован
46558,09-06-2023,ДДУ зарегистрирован
46558,10-05-2023,ДДУ зарегистрирован
46558,07-04-2023,ДДУ зарегистрирован
46558,10-03-2023,ДДУ зарегистрирован
46558,09-02-2023,ДДУ зарегистрирован
46558,10-01-2023,ДДУ зарегистрирован
46558,09-12-2022,ДДУ зарегистрирован
46558,23-11-2022,ДДУ зарегистрирован
46558,10-11-2022,ДДУ зарегистрирован
46558,10-10-2022,ДДУ зарегистрирован
46558,09-09-2022,ДДУ зарегистрирован
46558,10-08-2022,ДДУ зарегистрирован
46558,08-07-2022,ДДУ зарегистрирован
46558,14-06-2022,Размещена
46559,18-06-2025,ДДУ зарегистрирован
46559,25-04-2025,ДДУ зарегистрирован
46559,10-04-2025,ДДУ зарегистрирован
46559,19-03-2025,ДДУ зарегистрирован
46559,10-03-2025,ДДУ зарегистрирован
46559,10-02-2025,ДДУ зарегистрирован
46559,10-01-2025,ДДУ зарегистрирован
46559,10-12-2024,ДДУ зарегистрирован
46559,27-11-2024,ДДУ зарегистрирован
46559,08-11-2024,ДДУ зарегистрирован
46559,10-10-2024,ДДУ зарегистрирован
46559,10-09-2024,ДДУ зарегистрирован
46559,29-08-2024,ДДУ зарегистрирован
46559,09-08-2024,ДДУ зарегистрирован
46559,10-07-2024,ДДУ зарегистрирован
46559,10-06-2024,ДДУ зарегистрирован
46559,08-05-2024,ДДУ зарегистрирован
46559,09-04-2024,ДДУ зарегистрирован
46559,07-03-2024,ДДУ зарегистрирован
46559,09-02-2024,ДДУ зарегистрирован
46559,10-01-2024,ДДУ зарегистрирован
46559,08-12-2023,ДДУ зарегистрирован
46559,10-11-2023,ДДУ зарегистрирован
46559,10-10-2023,ДДУ зарегистрирован
46559,08-09-2023,ДДУ зарегистрирован
46559,22-08-2023,ДДУ зарегистрирован
46559,09-08-2023,ДДУ зарегистрирован
46559,10-07-2023,ДДУ зарегистрирован
46559,09-06-2023,ДДУ зарегистрирован
46559,10-05-2023,ДДУ зарегистрирован
46559,07-04-2023,ДДУ зарегистрирован
46559,10-03-2023,ДДУ зарегистрирован
46559,09-02-2023,ДДУ зарегистрирован
46559,10-01-2023,ДДУ зарегистрирован
46559,09-12-2022,ДДУ зарегистрирован
46559,23-11-2022,ДДУ зарегистрирован
46559,10-11-2022,ДДУ зарегистрирован
46559,10-10-2022,ДДУ зарегистрирован
46559,09-09-2022,ДДУ зарегистрирован
46559,10-08-2022,ДДУ зарегистрирован
46559,08-07-2022,ДДУ зарегистрирован
46559,14-06-2022,Размещена
46560,18-06-2025,ДДУ зарегистрирован
46560,25-04-2025,ДДУ зарегистрирован
46560,10-04-2025,ДДУ зарегистрирован
46560,19-03-2025,ДДУ зарегистрирован
46560,10-03-2025,ДДУ зарегистрирован
46560,10-02-2025,ДДУ зарегистрирован
46560,10-01-2025,ДДУ зарегистрирован
46560,10-12-2024,ДДУ зарегистрирован
46560,27-11-2024,ДДУ зарегистрирован
46560,08-11-2024,ДДУ зарегистрирован
46560,10-10-2024,ДДУ зарегистрирован
46560,10-09-2024,ДДУ зарегистрирован
46560,29-08-2024,ДДУ зарегистрирован
46560,09-08-2024,ДДУ зарегистрирован
46560,10-07-2024,ДДУ зарегистрирован
46560,10-06-2024,ДДУ зарегистрирован
46560,08-05-2024,ДДУ зарегистрирован
46560,09-04-2024,ДДУ зарегистрирован
46560,07-03-2024,ДДУ зарегистрирован
46560,09-02-2024,ДДУ зарегистрирован
46560,10-01-2024,ДДУ зарегистрирован
46560,08-12-2023,ДДУ зарегистрирован
46560,10-11-2023,ДДУ зарегистрирован
46560,10-10-2023,ДДУ зарегистрирован
46560,08-09-2023,ДДУ зарегистрирован
46560,22-08-2023,ДДУ зарегистрирован
46560,09-08-2023,ДДУ зарегистрирован
46560,10-07-2023,ДДУ зарегистрирован
46560,09-06-2023,ДДУ зарегистрирован
46560,10-05-2023,ДДУ зарегистрирован
46560,07-04-2023,ДДУ зарегистрирован
46560,10-03-2023,ДДУ зарегистрирован
46560,09-02-2023,ДДУ зарегистрирован
46560,10-01-2023,ДДУ зарегистрирован
46560,09-12-2022,ДДУ зарегистрирован
46560,23-11-2022,ДДУ зарегистрирован
46560,10-11-2022,ДДУ зарегистрирован
46560,10-10-2022,ДДУ зарегистрирован
46560,09-09-2022,ДДУ зарегистрирован
46560,10-08-2022,ДДУ зарегистрирован
46560,08-07-2022,ДДУ зарегистрирован
46560,14-06-2022,Размещена
46587,30-04-2025,ДДУ зарегистрирован
46587,29-04-2025,ДДУ зарегистрирован
46587,26-04-2025,ДДУ зарегистрирован
46587,20-03-2025,ДДУ зарегистрирован
46587,03-03-2025,ДДУ зарегистрирован
46587,06-02-2025,ДДУ зарегистрирован
46587,09-01-2025,ДДУ зарегистрирован
46587,27-12-2024,ДДУ зарегистрирован
46587,05-12-2024,ДДУ зарегистрирован
46587,08-11-2024,ДДУ зарегистрирован
46587,30-10-2024,ДДУ зарегистрирован
46587,03-10-2024,ДДУ зарегистрирован
46587,16-09-2024,ДДУ зарегистрирован
46587,09-09-2024,ДДУ зарегистрирован
46587,08-08-2024,ДДУ зарегистрирован
46587,31-07-2024,ДДУ зарегистрирован
46587,02-07-2024,ДДУ зарегистрирован
46587,07-06-2024,ДДУ зарегистрирован
46587,03-05-2024,ДДУ зарегистрирован
46587,27-04-2024,ДДУ зарегистрирован
46587,09-04-2024,ДДУ зарегистрирован
46587,29-03-2024,ДДУ зарегистрирован
46587,04-03-2024,ДДУ зарегистрирован
46587,08-02-2024,ДДУ зарегистрирован
46587,08-02-2024,ДДУ зарегистрирован
46587,09-01-2024,ДДУ зарегистрирован
46587,07-12-2023,ДДУ зарегистрирован
46587,10-11-2023,ДДУ зарегистрирован
46587,31-10-2023,ДДУ зарегистрирован
46587,10-10-2023,ДДУ зарегистрирован
46587,07-09-2023,ДДУ зарегистрирован
46587,14-08-2023,ДДУ зарегистрирован
46587,31-07-2023,ДДУ зарегистрирован
46587,07-07-2023,ДДУ зарегистрирован
46587,05-06-2023,ДДУ зарегистрирован
46587,29-05-2023,ДДУ зарегистрирован
46587,05-05-2023,ДДУ зарегистрирован
46587,28-04-2023,ДДУ зарегистрирован
46587,06-04-2023,ДДУ зарегистрирован
46587,30-03-2023,ДДУ зарегистрирован
46587,23-03-2023,ДДУ зарегистрирован
46587,22-03-2023,ДДУ зарегистрирован
46587,20-03-2023,ДДУ зарегистрирован
46587,17-03-2023,ДДУ зарегистрирован
46587,17-03-2023,ДДУ зарегистрирован
46587,09-03-2023,ДДУ зарегистрирован
46587,10-02-2023,ДДУ зарегистрирован
46587,09-01-2023,ДДУ зарегистрирован
46587,27-12-2022,ДДУ зарегистрирован
46587,07-12-2022,ДДУ зарегистрирован
46587,02-11-2022,ДДУ зарегистрирован
46587,28-10-2022,Размещена
46587,07-10-2022,Размещена
46587,02-09-2022,Размещена
46587,08-08-2022,Размещена
46587,28-07-2022,Размещена
46587,07-07-2022,Размещена
46587,01-07-2022,Размещена
46587,15-06-2022,Размещена
46784,02-02-2024,ДДУ зарегистрирован
46784,04-01-2024,ДДУ зарегистрирован
46784,04-12-2023,ДДУ зарегистрирован
46784,27-11-2023,ДДУ зарегистрирован
46784,01-11-2023,ДДУ зарегистрирован
46784,01-11-2023,ДДУ зарегистрирован
46784,02-10-2023,ДДУ зарегистрирован
46784,01-09-2023,ДДУ зарегистрирован
46784,24-08-2023,ДДУ зарегистрирован
46784,08-08-2023,ДДУ зарегистрирован
46784,01-08-2023,ДДУ зарегистрирован
46784,01-08-2023,ДДУ зарегистрирован
46784,03-07-2023,ДДУ зарегистрирован
46784,03-07-2023,ДДУ зарегистрирован
46784,01-06-2023,ДДУ зарегистрирован
46784,05-05-2023,ДДУ зарегистрирован
46784,03-05-2023,ДДУ зарегистрирован
46784,03-05-2023,ДДУ зарегистрирован
46784,05-04-2023,ДДУ зарегистрирован
46784,09-03-2023,ДДУ зарегистрирован
46784,01-02-2023,ДДУ зарегистрирован
46784,11-01-2023,ДДУ зарегистрирован
46784,02-12-2022,ДДУ зарегистрирован
46784,07-11-2022,ДДУ зарегистрирован
46784,24-10-2022,ДДУ зарегистрирован
46784,10-10-2022,ДДУ зарегистрирован
46784,30-09-2022,ДДУ зарегистрирован
46784,07-09-2022,ДДУ зарегистрирован
46784,11-08-2022,ДДУ зарегистрирован
46784,29-06-2022,Размещена
46837,01-10-2024,ДДУ зарегистрирован
46837,03-09-2024,ДДУ зарегистрирован
46837,01-08-2024,ДДУ зарегистрирован
46837,02-07-2024,ДДУ зарегистрирован
46837,18-06-2024,ДДУ зарегистрирован
46837,03-06-2024,ДДУ зарегистрирован
46837,03-05-2024,ДДУ зарегистрирован
46837,01-04-2024,ДДУ зарегистрирован
46837,11-03-2024,ДДУ зарегистрирован
46837,04-03-2024,ДДУ зарегистрирован
46837,14-02-2024,ДДУ зарегистрирован
46837,13-02-2024,ДДУ зарегистрирован
46837,13-02-2024,ДДУ зарегистрирован
46837,02-02-2024,ДДУ зарегистрирован
46837,04-01-2024,ДДУ зарегистрирован
46837,04-12-2023,ДДУ зарегистрирован
46837,01-11-2023,ДДУ зарегистрирован
46837,02-10-2023,ДДУ зарегистрирован
46837,01-09-2023,ДДУ зарегистрирован
46837,01-09-2023,ДДУ зарегистрирован
46837,24-08-2023,ДДУ зарегистрирован
46837,04-08-2023,ДДУ зарегистрирован
46837,01-08-2023,ДДУ зарегистрирован
46837,14-07-2023,ДДУ зарегистрирован
46837,03-07-2023,ДДУ зарегистрирован
46837,01-06-2023,ДДУ зарегистрирован
46837,03-05-2023,ДДУ зарегистрирован
46837,05-04-2023,ДДУ зарегистрирован
46837,09-03-2023,ДДУ зарегистрирован
46837,01-02-2023,ДДУ зарегистрирован
46837,11-01-2023,ДДУ зарегистрирован
46837,02-12-2022,ДДУ зарегистрирован
46837,22-11-2022,ДДУ зарегистрирован
46837,07-11-2022,ДДУ зарегистрирован
46837,24-10-2022,ДДУ зарегистрирован
46837,10-10-2022,ДДУ зарегистрирован
46837,30-09-2022,ДДУ зарегистрирован
46837,07-09-2022,ДДУ зарегистрирован
46837,18-08-2022,ДДУ зарегистрирован
46837,30-06-2022,Размещена
46846,01-04-2024,ДДУ зарегистрирован
46846,07-03-2024,ДДУ зарегистрирован
46846,09-02-2024,ДДУ зарегистрирован
46846,09-01-2024,ДДУ зарегистрирован
46846,19-12-2023,ДДУ зарегистрирован
46846,08-12-2023,ДДУ зарегистрирован
46846,08-11-2023,ДДУ зарегистрирован
46846,30-10-2023,ДДУ зарегистрирован
46846,06-10-2023,ДДУ зарегистрирован
46846,08-09-2023,ДДУ зарегистрирован
46846,07-08-2023,ДДУ зарегистрирован
46846,28-07-2023,ДДУ зарегистрирован
46846,07-07-2023,ДДУ зарегистрирован
46846,09-06-2023,ДДУ зарегистрирован
46846,05-05-2023,ДДУ зарегистрирован
46846,28-04-2023,ДДУ зарегистрирован
46846,19-04-2023,ДДУ зарегистрирован
46846,07-04-2023,ДДУ зарегистрирован
46846,31-03-2023,ДДУ зарегистрирован
46846,09-03-2023,ДДУ зарегистрирован
46846,09-02-2023,ДДУ зарегистрирован
46846,09-01-2023,ДДУ зарегистрирован
46846,09-01-2023,ДДУ зарегистрирован
46846,15-12-2022,ДДУ зарегистрирован
46846,09-12-2022,ДДУ зарегистрирован
46846,10-11-2022,ДДУ зарегистрирован
46846,01-11-2022,ДДУ зарегистрирован
46846,01-11-2022,ДДУ зарегистрирован
46846,31-10-2022,ДДУ зарегистрирован
46846,07-10-2022,ДДУ зарегистрирован
46846,23-09-2022,ДДУ зарегистрирован
46846,07-09-2022,ДДУ зарегистрирован
46846,29-07-2022,ДДУ зарегистрирован
46846,27-07-2022,Размещена
46846,07-07-2022,Размещена
46846,01-07-2022,Размещена
46861,24-04-2025,ДДУ зарегистрирован
46861,29-01-2025,ДДУ зарегистрирован
46861,26-12-2024,ДДУ зарегистрирован
46861,16-12-2024,ДДУ зарегистрирован
46861,16-12-2024,ДДУ зарегистрирован
46861,05-12-2024,ДДУ зарегистрирован
46861,08-11-2024,ДДУ зарегистрирован
46861,30-10-2024,ДДУ зарегистрирован
46861,30-10-2024,ДДУ зарегистрирован
46861,03-10-2024,ДДУ зарегистрирован
46861,09-09-2024,ДДУ зарегистрирован
46861,20-08-2024,ДДУ зарегистрирован
46861,20-08-2024,ДДУ зарегистрирован
46861,08-08-2024,ДДУ зарегистрирован
46861,31-07-2024,ДДУ зарегистрирован
46861,02-07-2024,ДДУ зарегистрирован
46861,07-06-2024,ДДУ зарегистрирован
46861,03-05-2024,ДДУ зарегистрирован
46861,27-04-2024,ДДУ зарегистрирован
46861,27-04-2024,ДДУ зарегистрирован
46861,09-04-2024,ДДУ зарегистрирован
46861,29-03-2024,ДДУ зарегистрирован
46861,04-03-2024,ДДУ зарегистрирован
46861,21-02-2024,ДДУ зарегистрирован
46861,08-02-2024,ДДУ зарегистрирован
46861,08-02-2024,ДДУ зарегистрирован
46861,09-01-2024,ДДУ зарегистрирован
46861,07-12-2023,ДДУ зарегистрирован
46861,10-11-2023,ДДУ зарегистрирован
46861,30-10-2023,ДДУ зарегистрирован
46861,10-10-2023,ДДУ зарегистрирован
46861,08-09-2023,ДДУ зарегистрирован
46861,09-08-2023,ДДУ зарегистрирован
46861,28-07-2023,ДДУ зарегистрирован
46861,07-07-2023,ДДУ зарегистрирован
46861,05-06-2023,ДДУ зарегистрирован
46861,05-05-2023,ДДУ зарегистрирован
46861,28-04-2023,ДДУ зарегистрирован
46861,06-04-2023,ДДУ зарегистрирован
46861,30-03-2023,ДДУ зарегистрирован
46861,15-03-2023,ДДУ зарегистрирован
46861,15-03-2023,ДДУ зарегистрирован
46861,14-03-2023,ДДУ зарегистрирован
46861,09-03-2023,ДДУ зарегистрирован
46861,10-02-2023,ДДУ зарегистрирован
46861,09-01-2023,ДДУ зарегистрирован
46861,11-12-2022,ДДУ зарегистрирован
46861,07-12-2022,ДДУ зарегистрирован
46861,10-11-2022,ДДУ зарегистрирован
46861,28-10-2022,ДДУ зарегистрирован
46861,07-10-2022,ДДУ зарегистрирован
46861,02-09-2022,ДДУ зарегистрирован
46861,29-08-2022,ДДУ зарегистрирован
46861,08-08-2022,ДДУ зарегистрирован
46861,29-07-2022,ДДУ зарегистрирован
46861,27-07-2022,ДДУ зарегистрирован
46861,21-07-2022,Размещена
46861,21-07-2022,Размещена
46861,20-07-2022,Размещена
46861,07-07-2022,Размещена
46861,01-07-2022,Размещена
46969,08-12-2023,ДДУ зарегистрирован
46969,08-11-2023,ДДУ зарегистрирован
46969,30-10-2023,ДДУ зарегистрирован
46969,06-10-2023,ДДУ зарегистрирован
46969,13-09-2023,ДДУ зарегистрирован
46969,08-09-2023,ДДУ зарегистрирован
46969,07-08-2023,ДДУ зарегистрирован
46969,07-07-2023,ДДУ зарегистрирован
46969,09-06-2023,ДДУ зарегистрирован
46969,05-05-2023,ДДУ зарегистрирован
46969,28-04-2023,ДДУ зарегистрирован
46969,07-04-2023,ДДУ зарегистрирован
46969,03-03-2023,ДДУ зарегистрирован
46969,09-02-2023,ДДУ зарегистрирован
46969,09-01-2023,ДДУ зарегистрирован
46969,15-12-2022,ДДУ зарегистрирован
46969,09-12-2022,ДДУ зарегистрирован
46969,10-11-2022,ДДУ зарегистрирован
46969,31-10-2022,ДДУ зарегистрирован
46969,07-10-2022,ДДУ зарегистрирован
46969,23-09-2022,ДДУ зарегистрирован
46969,07-09-2022,ДДУ зарегистрирован
46969,08-08-2022,ДДУ зарегистрирован
46969,29-07-2022,ДДУ зарегистрирован
46969,08-07-2022,ДДУ зарегистрирован
46996,17-11-2025,ДДУ зарегистрирован
46996,14-11-2025,ДДУ зарегистрирован
46996,10-11-2025,ДДУ зарегистрирован
46996,15-10-2025,ДДУ зарегистрирован
46996,08-10-2025,ДДУ зарегистрирован
46996,10-09-2025,ДДУ зарегистрирован
46996,02-09-2025,ДДУ зарегистрирован
46996,22-08-2025,ДДУ зарегистрирован
46996,18-08-2025,ДДУ зарегистрирован
46996,01-08-2025,ДДУ зарегистрирован
46996,30-07-2025,ДДУ зарегистрирован
46996,07-07-2025,ДДУ зарегистрирован
46996,04-06-2025,ДДУ зарегистрирован
46996,05-05-2025,ДДУ зарегистрирован
46996,21-04-2025,ДДУ зарегистрирован
46996,04-04-2025,ДДУ зарегистрирован
46996,31-03-2025,ДДУ зарегистрирован
46996,14-03-2025,ДДУ зарегистрирован
46996,10-03-2025,ДДУ зарегистрирован
46996,20-02-2025,ДДУ зарегистрирован
46996,20-02-2025,ДДУ зарегистрирован
46996,04-02-2025,ДДУ зарегистрирован
46996,09-01-2025,ДДУ зарегистрирован
46996,26-12-2024,ДДУ зарегистрирован
46996,12-12-2024,ДДУ зарегистрирован
46996,05-12-2024,ДДУ зарегистрирован
46996,27-11-2024,ДДУ зарегистрирован
46996,07-11-2024,ДДУ зарегистрирован
46996,17-10-2024,ДДУ зарегистрирован
46996,08-10-2024,ДДУ зарегистрирован
46996,17-09-2024,ДДУ зарегистрирован
46996,05-09-2024,ДДУ зарегистрирован
46996,07-08-2024,ДДУ зарегистрирован
46996,22-07-2024,ДДУ зарегистрирован
46996,08-07-2024,ДДУ зарегистрирован
46996,07-06-2024,ДДУ зарегистрирован
46996,07-06-2024,ДДУ зарегистрирован
46996,15-05-2024,ДДУ зарегистрирован
46996,06-05-2024,ДДУ зарегистрирован
46996,24-04-2024,ДДУ зарегистрирован
46996,19-04-2024,ДДУ зарегистрирован
46996,09-04-2024,ДДУ зарегистрирован
46996,07-03-2024,ДДУ зарегистрирован
46996,16-02-2024,ДДУ зарегистрирован
46996,13-02-2024,ДДУ зарегистрирован
46996,09-01-2024,ДДУ зарегистрирован
46996,07-12-2023,ДДУ зарегистрирован
46996,08-11-2023,ДДУ зарегистрирован
46996,27-10-2023,ДДУ зарегистрирован
46996,05-10-2023,ДДУ зарегистрирован
46996,08-09-2023,ДДУ зарегистрирован
46996,09-08-2023,ДДУ зарегистрирован
46996,26-07-2023,ДДУ зарегистрирован
46996,24-07-2023,ДДУ зарегистрирован
46996,07-07-2023,ДДУ зарегистрирован
46996,09-06-2023,ДДУ зарегистрирован
46996,10-05-2023,ДДУ зарегистрирован
46996,10-04-2023,ДДУ зарегистрирован
46996,10-03-2023,ДДУ зарегистрирован
46996,14-02-2023,ДДУ зарегистрирован
46996,02-02-2023,ДДУ зарегистрирован
46996,31-01-2023,ДДУ зарегистрирован
46996,10-01-2023,ДДУ зарегистрирован
46996,09-12-2022,ДДУ зарегистрирован
46996,10-11-2022,ДДУ зарегистрирован
46996,07-11-2022,ДДУ зарегистрирован
46996,31-10-2022,ДДУ зарегистрирован
46996,07-10-2022,ДДУ зарегистрирован
46996,08-09-2022,ДДУ зарегистрирован
46996,09-08-2022,ДДУ зарегистрирован
46996,04-08-2022,ДДУ зарегистрирован
46996,29-07-2022,ДДУ зарегистрирован
46996,26-07-2022,ДДУ зарегистрирован
46996,25-07-2022,ДДУ зарегистрирован
46996,13-07-2022,Размещена
46996,13-07-2022,Размещена
46996,11-07-2022,Размещена
47139,10-10-2025,ДДУ зарегистрирован
47139,15-09-2025,ДДУ зарегистрирован
47139,10-09-2025,Размещена
47139,11-08-2025,Размещена
47139,10-07-2025,Размещена
47139,10-06-2025,Размещена
47139,07-05-2025,Размещена
47139,10-04-2025,Размещена
47139,10-03-2025,Размещена
47139,10-02-2025,Размещена
47139,10-01-2025,Размещена
47139,10-12-2024,Размещена
47139,08-11-2024,Размещена
47139,10-10-2024,Размещена
47139,09-08-2024,Размещена
47139,10-07-2024,Размещена
47139,10-06-2024,Размещена
47139,08-05-2024,Размещена
47139,09-04-2024,Размещена
47139,07-03-2024,Размещена
47139,09-02-2024,Размещена
47139,10-01-2024,Размещена
47139,08-12-2023,Размещена
47139,10-11-2023,Размещена
47139,10-10-2023,Размещена
47139,08-09-2023,Размещена
47139,09-08-2023,Размещена
47139,10-07-2023,Размещена
47139,09-06-2023,Размещена
47139,10-05-2023,Размещена
47139,07-04-2023,Размещена
47139,10-03-2023,Размещена
47139,10-02-2023,Размещена
47139,11-01-2023,Размещена
47139,09-12-2022,Размещена
47139,10-11-2022,Размещена
47139,10-10-2022,Размещена
47139,09-09-2022,Размещена
47139,11-08-2022,Размещена
47139,21-07-2022,Размещена
47256,29-05-2023,ДДУ зарегистрирован
47256,10-05-2023,ДДУ зарегистрирован
47256,27-04-2023,ДДУ зарегистрирован
47256,24-04-2023,ДДУ зарегистрирован
47256,06-04-2023,ДДУ зарегистрирован
47256,30-03-2023,ДДУ зарегистрирован
47256,22-03-2023,ДДУ зарегистрирован
47256,15-03-2023,ДДУ зарегистрирован
47256,10-03-2023,ДДУ зарегистрирован
47256,08-02-2023,ДДУ зарегистрирован
47256,10-01-2023,Размещена
47256,21-12-2022,Размещена
47256,21-12-2022,Размещена
47256,09-12-2022,Размещена
47256,10-11-2022,Размещена
47256,27-10-2022,Размещена
47256,17-10-2022,Размещена
47256,10-10-2022,Размещена
47256,04-10-2022,Размещена
47256,09-09-2022,Размещена
47256,18-08-2022,Размещена
47256,10-08-2022,Размещена
47256,29-07-2022,Размещена
47256,26-07-2022,Размещена
47396,04-12-2023,ДДУ зарегистрирован
47396,03-11-2023,ДДУ зарегистрирован
47396,01-11-2023,ДДУ зарегистрирован
47396,25-10-2023,ДДУ зарегистрирован
47396,24-10-2023,ДДУ зарегистрирован
47396,16-10-2023,ДДУ зарегистрирован
47396,03-10-2023,ДДУ зарегистрирован
47396,05-09-2023,ДДУ зарегистрирован
47396,02-08-2023,ДДУ зарегистрирован
47396,28-07-2023,ДДУ зарегистрирован
47396,25-07-2023,ДДУ зарегистрирован
47396,04-07-2023,ДДУ зарегистрирован
47396,22-06-2023,ДДУ зарегистрирован
47396,20-06-2023,ДДУ зарегистрирован
47396,01-06-2023,ДДУ зарегистрирован
47396,15-05-2023,ДДУ зарегистрирован
47396,03-05-2023,ДДУ зарегистрирован
47396,03-05-2023,ДДУ зарегистрирован
47396,28-04-2023,ДДУ зарегистрирован
47396,03-04-2023,ДДУ зарегистрирован
47396,03-03-2023,ДДУ зарегистрирован
47396,02-02-2023,ДДУ зарегистрирован
47396,24-01-2023,ДДУ зарегистрирован
47396,09-01-2023,ДДУ зарегистрирован
47396,02-12-2022,ДДУ зарегистрирован
47396,17-11-2022,ДДУ зарегистрирован
47396,16-11-2022,ДДУ зарегистрирован
47396,09-11-2022,ДДУ зарегистрирован
47396,03-11-2022,ДДУ зарегистрирован
47396,21-09-2022,ДДУ зарегистрирован
47396,02-08-2022,Размещена
47546,07-06-2024,ДДУ зарегистрирован
47546,07-05-2024,ДДУ зарегистрирован
47546,07-05-2024,ДДУ зарегистрирован
47546,24-04-2024,ДДУ зарегистрирован
47546,09-04-2024,ДДУ зарегистрирован
47546,09-04-2024,ДДУ зарегистрирован
47546,06-03-2024,ДДУ зарегистрирован
47546,09-02-2024,ДДУ зарегистрирован
47546,30-01-2024,ДДУ зарегистрирован
47546,09-01-2024,ДДУ зарегистрирован
47546,09-01-2024,ДДУ зарегистрирован
47546,08-12-2023,ДДУ зарегистрирован
47546,07-11-2023,ДДУ зарегистрирован
47546,26-10-2023,ДДУ зарегистрирован
47546,09-10-2023,ДДУ зарегистрирован
47546,09-10-2023,ДДУ зарегистрирован
47546,08-09-2023,ДДУ зарегистрирован
47546,09-08-2023,ДДУ зарегистрирован
47546,28-07-2023,ДДУ зарегистрирован
47546,07-07-2023,ДДУ зарегистрирован
47546,07-07-2023,ДДУ зарегистрирован
47546,19-06-2023,ДДУ зарегистрирован
47546,09-06-2023,ДДУ зарегистрирован
47546,05-05-2023,ДДУ зарегистрирован
47546,28-04-2023,ДДУ зарегистрирован
47546,07-04-2023,ДДУ зарегистрирован
47546,06-03-2023,ДДУ зарегистрирован
47546,09-02-2023,ДДУ зарегистрирован
47546,13-01-2023,ДДУ зарегистрирован
47546,10-01-2023,ДДУ зарегистрирован
47546,09-12-2022,ДДУ зарегистрирован
47546,10-11-2022,ДДУ зарегистрирован
47546,28-10-2022,ДДУ зарегистрирован
47546,17-10-2022,ДДУ зарегистрирован
47546,07-10-2022,ДДУ зарегистрирован
47546,09-09-2022,ДДУ зарегистрирован
47546,24-08-2022,ДДУ зарегистрирован
47546,17-08-2022,Размещена
47546,12-08-2022,Размещена
47897,31-08-2026,ДДУ зарегистрирован
47897,26-08-2026,ДДУ зарегистрирован
47897,21-08-2026,ДДУ зарегистрирован
47897,21-08-2026,ДДУ зарегистрирован
47897,06-08-2026,ДДУ зарегистрирован
47897,06-07-2026,ДДУ зарегистрирован
47897,02-07-2026,ДДУ зарегистрирован
47897,22-06-2026,ДДУ зарегистрирован
47897,03-06-2026,ДДУ зарегистрирован
47897,08-05-2026,ДДУ зарегистрирован
47897,08-05-2026,ДДУ зарегистрирован
47897,24-04-2026,ДДУ зарегистрирован
47897,15-04-2026,ДДУ зарегистрирован
47897,10-04-2026,ДДУ зарегистрирован
47897,20-03-2026,ДДУ зарегистрирован
47897,19-03-2026,ДДУ зарегистрирован
47897,11-03-2026,ДДУ зарегистрирован
47897,10-03-2026,ДДУ зарегистрирован
47897,03-03-2026,ДДУ зарегистрирован
47897,25-02-2026,ДДУ зарегистрирован
47897,24-02-2026,ДДУ зарегистрирован
47897,24-02-2026,ДДУ зарегистрирован
47897,06-02-2026,ДДУ зарегистрирован
47897,05-02-2026,Размещена
47897,04-02-2026,Размещена
47897,09-01-2026,Размещена
47897,29-12-2025,Размещена
47897,28-12-2025,Размещена
47897,27-12-2025,Размещена
47897,19-12-2025,ДДУ зарегистрирован
47897,11-12-2025,ДДУ зарегистрирован
47897,10-12-2025,ДДУ зарегистрирован
47897,09-12-2025,ДДУ зарегистрирован
47897,06-11-2025,ДДУ зарегистрирован
47897,27-10-2025,ДДУ зарегистрирован
47897,03-10-2025,ДДУ зарегистрирован
47897,09-09-2025,ДДУ зарегистрирован
47897,05-09-2025,ДДУ зарегистрирован
47897,14-08-2025,ДДУ зарегистрирован
47897,08-08-2025,ДДУ зарегистрирован
47897,28-07-2025,ДДУ зарегистрирован
47897,09-07-2025,ДДУ зарегистрирован
47897,17-06-2025,ДДУ зарегистрирован
47897,10-06-2025,ДДУ зарегистрирован
47897,07-05-2025,ДДУ зарегистрирован
47897,28-04-2025,ДДУ зарегистрирован
47897,09-04-2025,ДДУ зарегистрирован
47897,25-03-2025,ДДУ зарегистрирован
47897,07-03-2025,ДДУ зарегистрирован
47897,07-02-2025,ДДУ зарегистрирован
47897,04-02-2025,ДДУ зарегистрирован
47897,10-01-2025,ДДУ зарегистрирован
47897,09-12-2024,ДДУ зарегистрирован
47897,08-11-2024,ДДУ зарегистрирован
47897,29-10-2024,ДДУ зарегистрирован
47897,07-10-2024,ДДУ зарегистрирован
47897,12-09-2024,ДДУ зарегистрирован
47897,10-09-2024,ДДУ зарегистрирован
47897,08-08-2024,ДДУ зарегистрирован
47897,29-07-2024,ДДУ зарегистрирован
47897,10-07-2024,ДДУ зарегистрирован
47897,08-07-2024,ДДУ зарегистрирован
47897,01-07-2024,ДДУ зарегистрирован
47897,06-06-2024,ДДУ зарегистрирован
47897,07-05-2024,ДДУ зарегистрирован
47897,27-04-2024,ДДУ зарегистрирован
47897,09-04-2024,ДДУ зарегистрирован
47897,22-03-2024,ДДУ зарегистрирован
47897,07-03-2024,ДДУ зарегистрирован
47897,16-02-2024,ДДУ зарегистрирован
47897,15-02-2024,ДДУ зарегистрирован
47897,09-02-2024,ДДУ зарегистрирован
47897,10-01-2024,ДДУ зарегистрирован
47897,08-12-2023,ДДУ зарегистрирован
47897,10-11-2023,ДДУ зарегистрирован
47897,19-10-2023,ДДУ зарегистрирован
47897,10-10-2023,ДДУ зарегистрирован
47897,09-10-2023,ДДУ зарегистрирован
47897,06-09-2023,ДДУ зарегистрирован
47897,01-09-2023,ДДУ зарегистрирован
47897,24-08-2023,ДДУ зарегистрирован
47897,09-08-2023,ДДУ зарегистрирован
47897,05-07-2023,ДДУ зарегистрирован
47897,06-06-2023,ДДУ зарегистрирован
47897,10-05-2023,ДДУ зарегистрирован
47897,10-05-2023,ДДУ зарегистрирован
47897,10-04-2023,ДДУ зарегистрирован
47897,22-03-2023,ДДУ зарегистрирован
47897,10-03-2023,ДДУ зарегистрирован
47897,09-02-2023,ДДУ зарегистрирован
47897,09-01-2023,ДДУ зарегистрирован
47897,27-12-2022,ДДУ зарегистрирован
47897,22-12-2022,ДДУ зарегистрирован
47897,09-12-2022,ДДУ зарегистрирован
47897,06-12-2022,ДДУ зарегистрирован
47897,08-11-2022,ДДУ зарегистрирован
47897,05-10-2022,ДДУ зарегистрирован
47897,22-09-2022,ДДУ зарегистрирован
47897,14-09-2022,Размещена
47897,14-09-2022,Размещена
47897,08-09-2022,Размещена
47903,06-12-2024,ДДУ зарегистрирован
47903,21-11-2024,ДДУ зарегистрирован
47903,11-11-2024,ДДУ зарегистрирован
47903,30-10-2024,ДДУ зарегистрирован
47903,10-10-2024,ДДУ зарегистрирован
47903,09-09-2024,ДДУ зарегистрирован
47903,02-08-2024,ДДУ зарегистрирован
47903,31-07-2024,ДДУ зарегистрирован
47903,09-07-2024,ДДУ зарегистрирован
47903,07-06-2024,ДДУ зарегистрирован
47903,14-05-2024,ДДУ зарегистрирован
47903,08-05-2024,ДДУ зарегистрирован
47903,09-04-2024,ДДУ зарегистрирован
47903,07-03-2024,ДДУ зарегистрирован
47903,09-02-2024,ДДУ зарегистрирован
47903,09-01-2024,ДДУ зарегистрирован
47903,08-12-2023,ДДУ зарегистрирован
47903,30-11-2023,ДДУ зарегистрирован
47903,08-11-2023,ДДУ зарегистрирован
47903,30-10-2023,ДДУ зарегистрирован
47903,06-10-2023,ДДУ зарегистрирован
47903,27-09-2023,ДДУ зарегистрирован
47903,08-09-2023,ДДУ зарегистрирован
47903,07-08-2023,ДДУ зарегистрирован
47903,28-07-2023,ДДУ зарегистрирован
47903,07-07-2023,ДДУ зарегистрирован
47903,09-06-2023,ДДУ зарегистрирован
47903,12-05-2023,ДДУ зарегистрирован
47903,05-05-2023,ДДУ зарегистрирован
47903,29-04-2023,ДДУ зарегистрирован
47903,26-04-2023,ДДУ зарегистрирован
47903,26-04-2023,ДДУ зарегистрирован
47903,07-04-2023,ДДУ зарегистрирован
47903,31-03-2023,ДДУ зарегистрирован
47903,09-03-2023,ДДУ зарегистрирован
47903,09-02-2023,ДДУ зарегистрирован
47903,09-01-2023,ДДУ зарегистрирован
47903,09-12-2022,ДДУ зарегистрирован
47903,16-11-2022,ДДУ зарегистрирован
47903,16-11-2022,ДДУ зарегистрирован
47903,31-10-2022,ДДУ зарегистрирован
47903,07-10-2022,ДДУ зарегистрирован
47903,13-09-2022,ДДУ зарегистрирован
47903,13-09-2022,Размещена
47903,12-09-2022,Размещена
47903,08-09-2022,Размещена
48036,24-03-2026,ДДУ зарегистрирован
48036,10-03-2026,ДДУ зарегистрирован
48036,06-02-2026,ДДУ зарегистрирован
48036,13-01-2026,ДДУ зарегистрирован
48036,05-12-2025,ДДУ зарегистрирован
48036,11-11-2025,ДДУ зарегистрирован
48036,30-10-2025,ДДУ зарегистрирован
48036,03-10-2025,ДДУ зарегистрирован
48036,09-09-2025,ДДУ зарегистрирован
48036,05-09-2025,ДДУ зарегистрирован
48036,05-09-2025,ДДУ зарегистрирован
48036,01-09-2025,ДДУ зарегистрирован
48036,05-08-2025,ДДУ зарегистрирован
48036,29-07-2025,ДДУ зарегистрирован
48036,03-07-2025,ДДУ зарегистрирован
48036,04-06-2025,ДДУ зарегистрирован
48036,06-05-2025,ДДУ зарегистрирован
48036,30-04-2025,ДДУ зарегистрирован
48036,10-04-2025,ДДУ зарегистрирован
48036,10-03-2025,ДДУ зарегистрирован
48036,10-02-2025,ДДУ зарегистрирован
48036,10-01-2025,ДДУ зарегистрирован
48036,10-12-2024,ДДУ зарегистрирован
48036,08-11-2024,ДДУ зарегистрирован
48036,29-10-2024,ДДУ зарегистрирован
48036,09-10-2024,ДДУ зарегистрирован
48036,09-09-2024,ДДУ зарегистрирован
48036,10-08-2024,ДДУ зарегистрирован
48036,30-07-2024,ДДУ зарегистрирован
48036,04-07-2024,ДДУ зарегистрирован
48036,05-06-2024,ДДУ зарегистрирован
48036,08-05-2024,ДДУ зарегистрирован
48036,26-04-2024,ДДУ зарегистрирован
48036,22-04-2024,ДДУ зарегистрирован
48036,19-04-2024,ДДУ зарегистрирован
48036,18-04-2024,ДДУ зарегистрирован
48036,09-04-2024,ДДУ зарегистрирован
48036,07-03-2024,ДДУ зарегистрирован
48036,09-02-2024,ДДУ зарегистрирован
48036,10-01-2024,ДДУ зарегистрирован
48036,08-12-2023,ДДУ зарегистрирован
48036,10-11-2023,ДДУ зарегистрирован
48036,30-10-2023,ДДУ зарегистрирован
48036,27-10-2023,ДДУ зарегистрирован
48036,13-10-2023,ДДУ зарегистрирован
48036,09-10-2023,ДДУ зарегистрирован
48036,06-09-2023,ДДУ зарегистрирован
48036,01-08-2023,ДДУ зарегистрирован
48036,04-07-2023,ДДУ зарегистрирован
48036,26-06-2023,ДДУ зарегистрирован
48036,05-06-2023,ДДУ зарегистрирован
48036,16-05-2023,ДДУ зарегистрирован
48036,03-05-2023,ДДУ зарегистрирован
48036,20-04-2023,ДДУ зарегистрирован
48036,03-04-2023,ДДУ зарегистрирован
48036,06-03-2023,ДДУ зарегистрирован
48036,01-02-2023,Размещена
48036,10-01-2023,Размещена
48036,20-12-2022,Размещена
48036,01-12-2022,Размещена
48036,02-11-2022,Размещена
48036,31-10-2022,Размещена
48036,28-10-2022,Размещена
48036,30-09-2022,Размещена
48036,21-09-2022,Размещена
48036,19-09-2022,Размещена
48036,15-09-2022,Размещена
48037,24-03-2026,ДДУ зарегистрирован
48037,10-03-2026,ДДУ зарегистрирован
48037,06-02-2026,ДДУ зарегистрирован
48037,13-01-2026,ДДУ зарегистрирован
48037,05-12-2025,ДДУ зарегистрирован
48037,11-11-2025,ДДУ зарегистрирован
48037,30-10-2025,ДДУ зарегистрирован
48037,03-10-2025,ДДУ зарегистрирован
48037,09-09-2025,ДДУ зарегистрирован
48037,05-09-2025,ДДУ зарегистрирован
48037,05-09-2025,ДДУ зарегистрирован
48037,01-09-2025,ДДУ зарегистрирован
48037,05-08-2025,ДДУ зарегистрирован
48037,29-07-2025,ДДУ зарегистрирован
48037,03-07-2025,ДДУ зарегистрирован
48037,04-06-2025,ДДУ зарегистрирован
48037,06-05-2025,ДДУ зарегистрирован
48037,30-04-2025,ДДУ зарегистрирован
48037,10-04-2025,ДДУ зарегистрирован
48037,10-03-2025,ДДУ зарегистрирован
48037,10-02-2025,ДДУ зарегистрирован
48037,10-01-2025,ДДУ зарегистрирован
48037,10-12-2024,ДДУ зарегистрирован
48037,08-11-2024,ДДУ зарегистрирован
48037,29-10-2024,ДДУ зарегистрирован
48037,09-10-2024,ДДУ зарегистрирован
48037,09-09-2024,ДДУ зарегистрирован
48037,10-08-2024,ДДУ зарегистрирован
48037,30-07-2024,ДДУ зарегистрирован
48037,04-07-2024,ДДУ зарегистрирован
48037,05-06-2024,ДДУ зарегистрирован
48037,08-05-2024,ДДУ зарегистрирован
48037,26-04-2024,ДДУ зарегистрирован
48037,22-04-2024,ДДУ зарегистрирован
48037,19-04-2024,ДДУ зарегистрирован
48037,18-04-2024,ДДУ зарегистрирован
48037,09-04-2024,ДДУ зарегистрирован
48037,07-03-2024,ДДУ зарегистрирован
48037,09-02-2024,ДДУ зарегистрирован
48037,10-01-2024,ДДУ зарегистрирован
48037,08-12-2023,ДДУ зарегистрирован
48037,10-11-2023,ДДУ зарегистрирован
48037,30-10-2023,ДДУ зарегистрирован
48037,27-10-2023,ДДУ зарегистрирован
48037,13-10-2023,ДДУ зарегистрирован
48037,09-10-2023,ДДУ зарегистрирован
48037,06-09-2023,ДДУ зарегистрирован
48037,01-08-2023,ДДУ зарегистрирован
48037,04-07-2023,ДДУ зарегистрирован
48037,26-06-2023,ДДУ зарегистрирован
48037,05-06-2023,ДДУ зарегистрирован
48037,16-05-2023,ДДУ зарегистрирован
48037,03-05-2023,ДДУ зарегистрирован
48037,20-04-2023,ДДУ зарегистрирован
48037,03-04-2023,ДДУ зарегистрирован
48037,06-03-2023,ДДУ зарегистрирован
48037,01-02-2023,Размещена
48037,10-01-2023,Размещена
48037,20-12-2022,Размещена
48037,01-12-2022,Размещена
48037,02-11-2022,Размещена
48037,31-10-2022,Размещена
48037,28-10-2022,Размещена
48037,30-09-2022,Размещена
48037,21-09-2022,Размещена
48037,19-09-2022,Размещена
48037,15-09-2022,Размещена
48038,24-03-2026,ДДУ зарегистрирован
48038,10-03-2026,ДДУ зарегистрирован
48038,06-02-2026,ДДУ зарегистрирован
48038,13-01-2026,ДДУ зарегистрирован
48038,05-12-2025,ДДУ зарегистрирован
48038,11-11-2025,ДДУ зарегистрирован
48038,30-10-2025,ДДУ зарегистрирован
48038,03-10-2025,ДДУ зарегистрирован
48038,09-09-2025,ДДУ зарегистрирован
48038,05-09-2025,ДДУ зарегистрирован
48038,05-09-2025,ДДУ зарегистрирован
48038,01-09-2025,ДДУ зарегистрирован
48038,05-08-2025,ДДУ зарегистрирован
48038,29-07-2025,ДДУ зарегистрирован
48038,03-07-2025,ДДУ зарегистрирован
48038,04-06-2025,ДДУ зарегистрирован
48038,06-05-2025,ДДУ зарегистрирован
48038,30-04-2025,ДДУ зарегистрирован
48038,10-04-2025,ДДУ зарегистрирован
48038,10-03-2025,ДДУ зарегистрирован
48038,10-02-2025,ДДУ зарегистрирован
48038,10-01-2025,ДДУ зарегистрирован
48038,10-12-2024,ДДУ зарегистрирован
48038,08-11-2024,ДДУ зарегистрирован
48038,29-10-2024,ДДУ зарегистрирован
48038,09-10-2024,ДДУ зарегистрирован
48038,09-09-2024,ДДУ зарегистрирован
48038,10-08-2024,ДДУ зарегистрирован
48038,30-07-2024,ДДУ зарегистрирован
48038,04-07-2024,ДДУ зарегистрирован
48038,05-06-2024,ДДУ зарегистрирован
48038,08-05-2024,ДДУ зарегистрирован
48038,26-04-2024,ДДУ зарегистрирован
48038,22-04-2024,ДДУ зарегистрирован
48038,19-04-2024,ДДУ зарегистрирован
48038,18-04-2024,ДДУ зарегистрирован
48038,09-04-2024,ДДУ зарегистрирован
48038,07-03-2024,ДДУ зарегистрирован
48038,09-02-2024,ДДУ зарегистрирован
48038,10-01-2024,ДДУ зарегистрирован
48038,08-12-2023,ДДУ зарегистрирован
48038,10-11-2023,ДДУ зарегистрирован
48038,30-10-2023,ДДУ зарегистрирован
48038,27-10-2023,ДДУ зарегистрирован
48038,13-10-2023,ДДУ зарегистрирован
48038,09-10-2023,ДДУ зарегистрирован
48038,06-09-2023,ДДУ зарегистрирован
48038,01-08-2023,ДДУ зарегистрирован
48038,04-07-2023,ДДУ зарегистрирован
48038,26-06-2023,ДДУ зарегистрирован
48038,05-06-2023,ДДУ зарегистрирован
48038,16-05-2023,ДДУ зарегистрирован
48038,03-05-2023,ДДУ зарегистрирован
48038,20-04-2023,ДДУ зарегистрирован
48038,03-04-2023,ДДУ зарегистрирован
48038,06-03-2023,ДДУ зарегистрирован
48038,01-02-2023,Размещена
48038,10-01-2023,Размещена
48038,20-12-2022,Размещена
48038,01-12-2022,Размещена
48038,02-11-2022,Размещена
48038,31-10-2022,Размещена
48038,28-10-2022,Размещена
48038,30-09-2022,Размещена
48038,21-09-2022,Размещена
48038,19-09-2022,Размещена
48038,15-09-2022,Размещена
48098,06-12-2024,ДДУ зарегистрирован
48098,21-11-2024,ДДУ зарегистрирован
48098,11-11-2024,ДДУ зарегистрирован
48098,30-10-2024,ДДУ зарегистрирован
48098,10-10-2024,ДДУ зарегистрирован
48098,09-09-2024,ДДУ зарегистрирован
48098,02-08-2024,ДДУ зарегистрирован
48098,31-07-2024,ДДУ зарегистрирован
48098,09-07-2024,ДДУ зарегистрирован
48098,07-06-2024,ДДУ зарегистрирован
48098,14-05-2024,ДДУ зарегистрирован
48098,08-05-2024,ДДУ зарегистрирован
48098,09-04-2024,ДДУ зарегистрирован
48098,07-03-2024,ДДУ зарегистрирован
48098,09-02-2024,ДДУ зарегистрирован
48098,09-01-2024,ДДУ зарегистрирован
48098,08-12-2023,ДДУ зарегистрирован
48098,29-11-2023,ДДУ зарегистрирован
48098,08-11-2023,ДДУ зарегистрирован
48098,30-10-2023,ДДУ зарегистрирован
48098,06-10-2023,ДДУ зарегистрирован
48098,08-09-2023,ДДУ зарегистрирован
48098,07-08-2023,ДДУ зарегистрирован
48098,28-07-2023,ДДУ зарегистрирован
48098,07-07-2023,ДДУ зарегистрирован
48098,09-06-2023,ДДУ зарегистрирован
48098,29-05-2023,ДДУ зарегистрирован
48098,05-05-2023,ДДУ зарегистрирован
48098,29-04-2023,ДДУ зарегистрирован
48098,26-04-2023,ДДУ зарегистрирован
48098,07-04-2023,ДДУ зарегистрирован
48098,31-03-2023,ДДУ зарегистрирован
48098,09-03-2023,ДДУ зарегистрирован
48098,09-02-2023,ДДУ зарегистрирован
48098,09-01-2023,ДДУ зарегистрирован
48098,09-12-2022,ДДУ зарегистрирован
48098,16-11-2022,ДДУ зарегистрирован
48098,31-10-2022,ДДУ зарегистрирован
48098,07-10-2022,ДДУ зарегистрирован
48098,20-09-2022,Размещена
48220,01-04-2025,ДДУ зарегистрирован
48220,11-03-2025,ДДУ зарегистрирован
48220,03-03-2025,ДДУ зарегистрирован
48220,19-02-2025,ДДУ зарегистрирован
48220,03-02-2025,ДДУ зарегистрирован
48220,09-01-2025,ДДУ зарегистрирован
48220,02-12-2024,ДДУ зарегистрирован
48220,01-11-2024,ДДУ зарегистрирован
48220,25-10-2024,ДДУ зарегистрирован
48220,01-10-2024,ДДУ зарегистрирован
48220,03-09-2024,ДДУ зарегистрирован
48220,28-08-2024,ДДУ зарегистрирован
48220,01-08-2024,ДДУ зарегистрирован
48220,02-07-2024,ДДУ зарегистрирован
48220,20-06-2024,ДДУ зарегистрирован
48220,18-06-2024,ДДУ зарегистрирован
48220,03-06-2024,ДДУ зарегистрирован
48220,03-05-2024,ДДУ зарегистрирован
48220,08-04-2024,ДДУ зарегистрирован
48220,01-04-2024,ДДУ зарегистрирован
48220,25-03-2024,ДДУ зарегистрирован
48220,22-03-2024,ДДУ зарегистрирован
48220,04-03-2024,ДДУ зарегистрирован
48220,13-02-2024,ДДУ зарегистрирован
48220,12-02-2024,ДДУ зарегистрирован
48220,02-02-2024,ДДУ зарегистрирован
48220,04-01-2024,ДДУ зарегистрирован
48220,21-12-2023,ДДУ зарегистрирован
48220,04-12-2023,Размещена
48220,01-11-2023,Размещена
48220,01-11-2023,Размещена
48220,25-10-2023,Размещена
48220,02-10-2023,Размещена
48220,26-09-2023,Размещена
48220,25-09-2023,Размещена
48220,15-09-2023,Размещена
48220,04-09-2023,Размещена
48220,01-09-2023,Размещена
48220,02-08-2023,Размещена
48220,03-07-2023,Размещена
48220,20-06-2023,Размещена
48220,01-06-2023,Размещена
48220,24-05-2023,Размещена
48220,03-05-2023,Размещена
48220,20-04-2023,Размещена
48220,06-04-2023,Размещена
48220,05-04-2023,Размещена
48220,09-03-2023,Размещена
48220,01-02-2023,Размещена
48220,10-01-2023,Размещена
48220,02-12-2022,Размещена
48220,07-11-2022,Размещена
48220,01-11-2022,Размещена
48220,27-10-2022,Размещена
48220,24-10-2022,Размещена
48220,10-10-2022,Размещена
48220,27-09-2022,Размещена
48220,26-09-2022,Размещена
48221,01-04-2025,ДДУ зарегистрирован
48221,11-03-2025,ДДУ зарегистрирован
48221,03-03-2025,ДДУ зарегистрирован
48221,19-02-2025,ДДУ зарегистрирован
48221,03-02-2025,ДДУ зарегистрирован
48221,09-01-2025,ДДУ зарегистрирован
48221,02-12-2024,ДДУ зарегистрирован
48221,01-11-2024,ДДУ зарегистрирован
48221,25-10-2024,ДДУ зарегистрирован
48221,01-10-2024,ДДУ зарегистрирован
48221,03-09-2024,ДДУ зарегистрирован
48221,28-08-2024,ДДУ зарегистрирован
48221,01-08-2024,ДДУ зарегистрирован
48221,02-07-2024,ДДУ зарегистрирован
48221,20-06-2024,ДДУ зарегистрирован
48221,18-06-2024,ДДУ зарегистрирован
48221,03-06-2024,ДДУ зарегистрирован
48221,03-05-2024,ДДУ зарегистрирован
48221,08-04-2024,ДДУ зарегистрирован
48221,01-04-2024,ДДУ зарегистрирован
48221,25-03-2024,ДДУ зарегистрирован
48221,22-03-2024,ДДУ зарегистрирован
48221,04-03-2024,ДДУ зарегистрирован
48221,13-02-2024,ДДУ зарегистрирован
48221,12-02-2024,ДДУ зарегистрирован
48221,02-02-2024,ДДУ зарегистрирован
48221,04-01-2024,ДДУ зарегистрирован
48221,21-12-2023,ДДУ зарегистрирован
48221,04-12-2023,Размещена
48221,01-11-2023,Размещена
48221,01-11-2023,Размещена
48221,25-10-2023,Размещена
48221,02-10-2023,Размещена
48221,26-09-2023,Размещена
48221,25-09-2023,Размещена
48221,15-09-2023,Размещена
48221,04-09-2023,Размещена
48221,01-09-2023,Размещена
48221,02-08-2023,Размещена
48221,03-07-2023,Размещена
48221,20-06-2023,Размещена
48221,01-06-2023,Размещена
48221,24-05-2023,Размещена
48221,03-05-2023,Размещена
48221,20-04-2023,Размещена
48221,06-04-2023,Размещена
48221,05-04-2023,Размещена
48221,09-03-2023,Размещена
48221,01-02-2023,Размещена
48221,10-01-2023,Размещена
48221,02-12-2022,Размещена
48221,07-11-2022,Размещена
48221,01-11-2022,Размещена
48221,27-10-2022,Размещена
48221,24-10-2022,Размещена
48221,10-10-2022,Размещена
48221,27-09-2022,Размещена
48221,26-09-2022,Размещена
48222,01-04-2025,ДДУ зарегистрирован
48222,11-03-2025,ДДУ зарегистрирован
48222,03-03-2025,ДДУ зарегистрирован
48222,19-02-2025,ДДУ зарегистрирован
48222,03-02-2025,ДДУ зарегистрирован
48222,09-01-2025,ДДУ зарегистрирован
48222,02-12-2024,ДДУ зарегистрирован
48222,01-11-2024,ДДУ зарегистрирован
48222,25-10-2024,ДДУ зарегистрирован
48222,01-10-2024,ДДУ зарегистрирован
48222,03-09-2024,ДДУ зарегистрирован
48222,28-08-2024,ДДУ зарегистрирован
48222,01-08-2024,ДДУ зарегистрирован
48222,02-07-2024,ДДУ зарегистрирован
48222,20-06-2024,ДДУ зарегистрирован
48222,18-06-2024,ДДУ зарегистрирован
48222,03-06-2024,ДДУ зарегистрирован
48222,03-05-2024,ДДУ зарегистрирован
48222,08-04-2024,ДДУ зарегистрирован
48222,01-04-2024,ДДУ зарегистрирован
48222,25-03-2024,ДДУ зарегистрирован
48222,22-03-2024,ДДУ зарегистрирован
48222,04-03-2024,ДДУ зарегистрирован
48222,13-02-2024,ДДУ зарегистрирован
48222,12-02-2024,ДДУ зарегистрирован
48222,02-02-2024,ДДУ зарегистрирован
48222,04-01-2024,ДДУ зарегистрирован
48222,21-12-2023,ДДУ зарегистрирован
48222,04-12-2023,Размещена
48222,01-11-2023,Размещена
48222,01-11-2023,Размещена
48222,25-10-2023,Размещена
48222,02-10-2023,Размещена
48222,26-09-2023,Размещена
48222,25-09-2023,Размещена
48222,15-09-2023,Размещена
48222,04-09-2023,Размещена
48222,01-09-2023,Размещена
48222,02-08-2023,Размещена
48222,03-07-2023,Размещена
48222,20-06-2023,Размещена
48222,01-06-2023,Размещена
48222,24-05-2023,Размещена
48222,03-05-2023,Размещена
48222,20-04-2023,Размещена
48222,06-04-2023,Размещена
48222,05-04-2023,Размещена
48222,09-03-2023,Размещена
48222,01-02-2023,Размещена
48222,10-01-2023,Размещена
48222,02-12-2022,Размещена
48222,07-11-2022,Размещена
48222,01-11-2022,Размещена
48222,27-10-2022,Размещена
48222,24-10-2022,Размещена
48222,10-10-2022,Размещена
48222,27-09-2022,Размещена
48222,26-09-2022,Размещена
48263,11-01-2023,ДДУ зарегистрирован
48263,02-12-2022,ДДУ зарегистрирован
48263,09-11-2022,ДДУ зарегистрирован
48263,07-11-2022,ДДУ зарегистрирован
48263,27-10-2022,ДДУ зарегистрирован
48263,10-10-2022,Размещена
48263,28-09-2022,Размещена
48263,28-09-2022,Размещена
48473,25-07-2024,ДДУ зарегистрирован
48473,10-07-2024,ДДУ зарегистрирован
48473,05-07-2024,ДДУ зарегистрирован
48473,07-06-2024,ДДУ зарегистрирован
48473,14-05-2024,ДДУ зарегистрирован
48473,07-05-2024,ДДУ зарегистрирован
48473,06-05-2024,ДДУ зарегистрирован
48473,02-05-2024,ДДУ зарегистрирован
48473,25-04-2024,ДДУ зарегистрирован
48473,09-04-2024,ДДУ зарегистрирован
48473,06-03-2024,ДДУ зарегистрирован
48473,09-02-2024,ДДУ зарегистрирован
48473,10-01-2024,ДДУ зарегистрирован
48473,09-01-2024,ДДУ зарегистрирован
48473,29-12-2023,ДДУ зарегистрирован
48473,08-12-2023,ДДУ зарегистрирован
48473,09-11-2023,ДДУ зарегистрирован
48473,03-11-2023,ДДУ зарегистрирован
48473,09-10-2023,ДДУ зарегистрирован
48473,06-10-2023,ДДУ зарегистрирован
48473,08-09-2023,ДДУ зарегистрирован
48473,10-08-2023,ДДУ зарегистрирован
48473,09-08-2023,ДДУ зарегистрирован
48473,09-08-2023,ДДУ зарегистрирован
48473,10-07-2023,ДДУ зарегистрирован
48473,07-07-2023,ДДУ зарегистрирован
48473,09-06-2023,ДДУ зарегистрирован
48473,05-05-2023,ДДУ зарегистрирован
48473,11-04-2023,ДДУ зарегистрирован
48473,11-04-2023,ДДУ зарегистрирован
48473,07-04-2023,ДДУ зарегистрирован
48473,31-03-2023,ДДУ зарегистрирован
48473,09-03-2023,ДДУ зарегистрирован
48473,09-02-2023,ДДУ зарегистрирован
48473,20-01-2023,ДДУ зарегистрирован
48473,09-01-2023,ДДУ зарегистрирован
48473,09-12-2022,ДДУ зарегистрирован
48473,08-12-2022,ДДУ зарегистрирован
48473,15-11-2022,ДДУ зарегистрирован
48473,10-11-2022,Размещена
48473,03-11-2022,Размещена
48473,31-10-2022,Размещена
48473,31-10-2022,Размещена
48473,14-10-2022,Размещена
48879,07-11-2025,ДДУ зарегистрирован
48879,29-10-2025,ДДУ зарегистрирован
48879,06-10-2025,ДДУ зарегистрирован
48879,06-10-2025,ДДУ зарегистрирован
48879,24-09-2025,ДДУ зарегистрирован
48879,08-09-2025,ДДУ зарегистрирован
48879,11-08-2025,ДДУ зарегистрирован
48879,01-08-2025,ДДУ зарегистрирован
48879,30-07-2025,ДДУ зарегистрирован
48879,07-07-2025,ДДУ зарегистрирован
48879,23-06-2025,ДДУ зарегистрирован
48879,04-06-2025,ДДУ зарегистрирован
48879,29-05-2025,ДДУ зарегистрирован
48879,06-05-2025,ДДУ зарегистрирован
48879,21-04-2025,ДДУ зарегистрирован
48879,11-04-2025,ДДУ зарегистрирован
48879,10-04-2025,ДДУ зарегистрирован
48879,04-04-2025,ДДУ зарегистрирован
48879,14-03-2025,ДДУ зарегистрирован
48879,06-03-2025,ДДУ зарегистрирован
48879,27-02-2025,ДДУ зарегистрирован
48879,17-02-2025,ДДУ зарегистрирован
48879,07-02-2025,ДДУ зарегистрирован
48879,09-01-2025,ДДУ зарегистрирован
48879,27-12-2024,ДДУ зарегистрирован
48879,11-12-2024,ДДУ зарегистрирован
48879,10-12-2024,ДДУ зарегистрирован
48879,06-12-2024,ДДУ зарегистрирован
48879,06-12-2024,ДДУ зарегистрирован
48879,07-11-2024,ДДУ зарегистрирован
48879,17-10-2024,ДДУ зарегистрирован
48879,08-10-2024,ДДУ зарегистрирован
48879,17-09-2024,ДДУ зарегистрирован
48879,05-09-2024,ДДУ зарегистрирован
48879,06-08-2024,ДДУ зарегистрирован
48879,22-07-2024,ДДУ зарегистрирован
48879,08-07-2024,ДДУ зарегистрирован
48879,07-06-2024,ДДУ зарегистрирован
48879,07-06-2024,ДДУ зарегистрирован
48879,15-05-2024,ДДУ зарегистрирован
48879,06-05-2024,ДДУ зарегистрирован
48879,19-04-2024,ДДУ зарегистрирован
48879,09-04-2024,ДДУ зарегистрирован
48879,07-03-2024,ДДУ зарегистрирован
48879,12-02-2024,ДДУ зарегистрирован
48879,09-01-2024,ДДУ зарегистрирован
48879,11-12-2023,ДДУ зарегистрирован
48879,08-11-2023,ДДУ зарегистрирован
48879,27-10-2023,ДДУ зарегистрирован
48879,12-10-2023,ДДУ зарегистрирован
48879,12-10-2023,ДДУ зарегистрирован
48879,12-10-2023,ДДУ зарегистрирован
48879,06-10-2023,ДДУ зарегистрирован
48879,06-09-2023,ДДУ зарегистрирован
48879,08-08-2023,ДДУ зарегистрирован
48879,21-07-2023,ДДУ зарегистрирован
48879,10-07-2023,ДДУ зарегистрирован
48879,09-06-2023,ДДУ зарегистрирован
48879,09-06-2023,ДДУ зарегистрирован
48879,16-05-2023,ДДУ зарегистрирован
48879,10-05-2023,ДДУ зарегистрирован
48879,10-04-2023,ДДУ зарегистрирован
48879,10-03-2023,ДДУ зарегистрирован
48879,14-02-2023,Размещена
48879,03-02-2023,Размещена
48879,24-01-2023,Размещена
48879,10-01-2023,Размещена
48879,15-12-2022,Размещена
48879,14-12-2022,Размещена
48879,09-12-2022,Размещена
48879,17-11-2022,Размещена
48879,10-11-2022,Размещена
48879,08-11-2022,Размещена
48879,08-11-2022,Размещена
48880,07-11-2025,ДДУ зарегистрирован
48880,29-10-2025,ДДУ зарегистрирован
48880,06-10-2025,ДДУ зарегистрирован
48880,06-10-2025,ДДУ зарегистрирован
48880,24-09-2025,ДДУ зарегистрирован
48880,08-09-2025,ДДУ зарегистрирован
48880,11-08-2025,ДДУ зарегистрирован
48880,01-08-2025,ДДУ зарегистрирован
48880,30-07-2025,ДДУ зарегистрирован
48880,07-07-2025,ДДУ зарегистрирован
48880,23-06-2025,ДДУ зарегистрирован
48880,04-06-2025,ДДУ зарегистрирован
48880,29-05-2025,ДДУ зарегистрирован
48880,06-05-2025,ДДУ зарегистрирован
48880,21-04-2025,ДДУ зарегистрирован
48880,11-04-2025,ДДУ зарегистрирован
48880,10-04-2025,ДДУ зарегистрирован
48880,04-04-2025,ДДУ зарегистрирован
48880,14-03-2025,ДДУ зарегистрирован
48880,06-03-2025,ДДУ зарегистрирован
48880,27-02-2025,ДДУ зарегистрирован
48880,17-02-2025,ДДУ зарегистрирован
48880,07-02-2025,ДДУ зарегистрирован
48880,09-01-2025,ДДУ зарегистрирован
48880,27-12-2024,ДДУ зарегистрирован
48880,11-12-2024,ДДУ зарегистрирован
48880,10-12-2024,ДДУ зарегистрирован
48880,06-12-2024,ДДУ зарегистрирован
48880,06-12-2024,ДДУ зарегистрирован
48880,07-11-2024,ДДУ зарегистрирован
48880,17-10-2024,ДДУ зарегистрирован
48880,08-10-2024,ДДУ зарегистрирован
48880,17-09-2024,ДДУ зарегистрирован
48880,05-09-2024,ДДУ зарегистрирован
48880,06-08-2024,ДДУ зарегистрирован
48880,22-07-2024,ДДУ зарегистрирован
48880,08-07-2024,ДДУ зарегистрирован
48880,07-06-2024,ДДУ зарегистрирован
48880,07-06-2024,ДДУ зарегистрирован
48880,15-05-2024,ДДУ зарегистрирован
48880,06-05-2024,ДДУ зарегистрирован
48880,19-04-2024,ДДУ зарегистрирован
48880,09-04-2024,ДДУ зарегистрирован
48880,07-03-2024,ДДУ зарегистрирован
48880,12-02-2024,ДДУ зарегистрирован
48880,09-01-2024,ДДУ зарегистрирован
48880,11-12-2023,ДДУ зарегистрирован
48880,08-11-2023,ДДУ зарегистрирован
48880,27-10-2023,ДДУ зарегистрирован
48880,12-10-2023,ДДУ зарегистрирован
48880,12-10-2023,ДДУ зарегистрирован
48880,12-10-2023,ДДУ зарегистрирован
48880,06-10-2023,ДДУ зарегистрирован
48880,06-09-2023,ДДУ зарегистрирован
48880,08-08-2023,ДДУ зарегистрирован
48880,21-07-2023,ДДУ зарегистрирован
48880,10-07-2023,ДДУ зарегистрирован
48880,09-06-2023,ДДУ зарегистрирован
48880,09-06-2023,ДДУ зарегистрирован
48880,16-05-2023,ДДУ зарегистрирован
48880,10-05-2023,ДДУ зарегистрирован
48880,10-04-2023,ДДУ зарегистрирован
48880,10-03-2023,ДДУ зарегистрирован
48880,14-02-2023,Размещена
48880,03-02-2023,Размещена
48880,24-01-2023,Размещена
48880,10-01-2023,Размещена
48880,15-12-2022,Размещена
48880,14-12-2022,Размещена
48880,09-12-2022,Размещена
48880,17-11-2022,Размещена
48880,10-11-2022,Размещена
48880,08-11-2022,Размещена
48880,08-11-2022,Размещена
49020,09-09-2025,ДДУ зарегистрирован
49020,08-08-2025,ДДУ зарегистрирован
49020,28-07-2025,ДДУ зарегистрирован
49020,15-07-2025,ДДУ зарегистрирован
49020,09-07-2025,ДДУ зарегистрирован
49020,10-06-2025,ДДУ зарегистрирован
49020,06-06-2025,ДДУ зарегистрирован
49020,07-05-2025,ДДУ зарегистрирован
49020,28-04-2025,ДДУ зарегистрирован
49020,11-04-2025,ДДУ зарегистрирован
49020,09-04-2025,ДДУ зарегистрирован
49020,17-03-2025,ДДУ зарегистрирован
49020,14-03-2025,ДДУ зарегистрирован
49020,10-03-2025,ДДУ зарегистрирован
49020,10-03-2025,ДДУ зарегистрирован
49020,14-02-2025,ДДУ зарегистрирован
49020,07-02-2025,ДДУ зарегистрирован
49020,10-01-2025,ДДУ зарегистрирован
49020,26-12-2024,ДДУ зарегистрирован
49020,09-12-2024,ДДУ зарегистрирован
49020,08-11-2024,ДДУ зарегистрирован
49020,08-11-2024,ДДУ зарегистрирован
49020,29-10-2024,ДДУ зарегистрирован
49020,07-10-2024,ДДУ зарегистрирован
49020,12-09-2024,ДДУ зарегистрирован
49020,12-09-2024,ДДУ зарегистрирован
49020,10-09-2024,ДДУ зарегистрирован
49020,20-08-2024,ДДУ зарегистрирован
49020,08-08-2024,ДДУ зарегистрирован
49020,29-07-2024,ДДУ зарегистрирован
49020,10-07-2024,ДДУ зарегистрирован
49020,18-06-2024,ДДУ зарегистрирован
49020,07-06-2024,ДДУ зарегистрирован
49020,06-06-2024,ДДУ зарегистрирован
49020,07-05-2024,ДДУ зарегистрирован
49020,27-04-2024,ДДУ зарегистрирован
49020,09-04-2024,ДДУ зарегистрирован
49020,22-03-2024,ДДУ зарегистрирован
49020,07-03-2024,ДДУ зарегистрирован
49020,16-02-2024,ДДУ зарегистрирован
49020,15-02-2024,ДДУ зарегистрирован
49020,05-02-2024,ДДУ зарегистрирован
49020,10-01-2024,ДДУ зарегистрирован
49020,08-12-2023,ДДУ зарегистрирован
49020,10-11-2023,ДДУ зарегистрирован
49020,20-10-2023,ДДУ зарегистрирован
49020,19-10-2023,ДДУ зарегистрирован
49020,10-10-2023,ДДУ зарегистрирован
49020,09-10-2023,ДДУ зарегистрирован
49020,07-09-2023,ДДУ зарегистрирован
49020,09-08-2023,ДДУ зарегистрирован
49020,21-07-2023,ДДУ зарегистрирован
49020,06-07-2023,ДДУ зарегистрирован
49020,06-06-2023,ДДУ зарегистрирован
49020,05-05-2023,ДДУ зарегистрирован
49020,10-04-2023,ДДУ зарегистрирован
49020,10-03-2023,ДДУ зарегистрирован
49020,09-02-2023,ДДУ зарегистрирован
49020,09-01-2023,ДДУ зарегистрирован
49020,30-12-2022,ДДУ зарегистрирован
49020,22-12-2022,ДДУ зарегистрирован
49020,21-12-2022,ДДУ зарегистрирован
49020,09-12-2022,ДДУ зарегистрирован
49020,05-12-2022,Размещена
49020,21-11-2022,Размещена
49020,21-11-2022,Размещена
49020,17-11-2022,Размещена
49020,17-11-2022,Размещена
49021,09-09-2025,ДДУ зарегистрирован
49021,08-08-2025,ДДУ зарегистрирован
49021,28-07-2025,ДДУ зарегистрирован
49021,15-07-2025,ДДУ зарегистрирован
49021,09-07-2025,ДДУ зарегистрирован
49021,10-06-2025,ДДУ зарегистрирован
49021,06-06-2025,ДДУ зарегистрирован
49021,07-05-2025,ДДУ зарегистрирован
49021,28-04-2025,ДДУ зарегистрирован
49021,11-04-2025,ДДУ зарегистрирован
49021,09-04-2025,ДДУ зарегистрирован
49021,17-03-2025,ДДУ зарегистрирован
49021,14-03-2025,ДДУ зарегистрирован
49021,10-03-2025,ДДУ зарегистрирован
49021,10-03-2025,ДДУ зарегистрирован
49021,14-02-2025,ДДУ зарегистрирован
49021,07-02-2025,ДДУ зарегистрирован
49021,10-01-2025,ДДУ зарегистрирован
49021,26-12-2024,ДДУ зарегистрирован
49021,09-12-2024,ДДУ зарегистрирован
49021,08-11-2024,ДДУ зарегистрирован
49021,08-11-2024,ДДУ зарегистрирован
49021,29-10-2024,ДДУ зарегистрирован
49021,07-10-2024,ДДУ зарегистрирован
49021,12-09-2024,ДДУ зарегистрирован
49021,12-09-2024,ДДУ зарегистрирован
49021,10-09-2024,ДДУ зарегистрирован
49021,20-08-2024,ДДУ зарегистрирован
49021,08-08-2024,ДДУ зарегистрирован
49021,29-07-2024,ДДУ зарегистрирован
49021,10-07-2024,ДДУ зарегистрирован
49021,18-06-2024,ДДУ зарегистрирован
49021,07-06-2024,ДДУ зарегистрирован
49021,06-06-2024,ДДУ зарегистрирован
49021,07-05-2024,ДДУ зарегистрирован
49021,27-04-2024,ДДУ зарегистрирован
49021,09-04-2024,ДДУ зарегистрирован
49021,22-03-2024,ДДУ зарегистрирован
49021,07-03-2024,ДДУ зарегистрирован
49021,16-02-2024,ДДУ зарегистрирован
49021,15-02-2024,ДДУ зарегистрирован
49021,05-02-2024,ДДУ зарегистрирован
49021,10-01-2024,ДДУ зарегистрирован
49021,08-12-2023,ДДУ зарегистрирован
49021,10-11-2023,ДДУ зарегистрирован
49021,20-10-2023,ДДУ зарегистрирован
49021,19-10-2023,ДДУ зарегистрирован
49021,10-10-2023,ДДУ зарегистрирован
49021,09-10-2023,ДДУ зарегистрирован
49021,07-09-2023,ДДУ зарегистрирован
49021,09-08-2023,ДДУ зарегистрирован
49021,21-07-2023,ДДУ зарегистрирован
49021,06-07-2023,ДДУ зарегистрирован
49021,06-06-2023,ДДУ зарегистрирован
49021,05-05-2023,ДДУ зарегистрирован
49021,10-04-2023,ДДУ зарегистрирован
49021,10-03-2023,ДДУ зарегистрирован
49021,09-02-2023,ДДУ зарегистрирован
49021,09-01-2023,ДДУ зарегистрирован
49021,30-12-2022,ДДУ зарегистрирован
49021,22-12-2022,ДДУ зарегистрирован
49021,21-12-2022,ДДУ зарегистрирован
49021,09-12-2022,ДДУ зарегистрирован
49021,05-12-2022,Размещена
49021,21-11-2022,Размещена
49021,21-11-2022,Размещена
49021,17-11-2022,Размещена
49021,17-11-2022,Размещена
49022,09-09-2025,ДДУ зарегистрирован
49022,08-08-2025,ДДУ зарегистрирован
49022,28-07-2025,ДДУ зарегистрирован
49022,15-07-2025,ДДУ зарегистрирован
49022,09-07-2025,ДДУ зарегистрирован
49022,10-06-2025,ДДУ зарегистрирован
49022,06-06-2025,ДДУ зарегистрирован
49022,07-05-2025,ДДУ зарегистрирован
49022,28-04-2025,ДДУ зарегистрирован
49022,11-04-2025,ДДУ зарегистрирован
49022,09-04-2025,ДДУ зарегистрирован
49022,17-03-2025,ДДУ зарегистрирован
49022,14-03-2025,ДДУ зарегистрирован
49022,10-03-2025,ДДУ зарегистрирован
49022,10-03-2025,ДДУ зарегистрирован
49022,14-02-2025,ДДУ зарегистрирован
49022,07-02-2025,ДДУ зарегистрирован
49022,10-01-2025,ДДУ зарегистрирован
49022,26-12-2024,ДДУ зарегистрирован
49022,09-12-2024,ДДУ зарегистрирован
49022,08-11-2024,ДДУ зарегистрирован
49022,08-11-2024,ДДУ зарегистрирован
49022,29-10-2024,ДДУ зарегистрирован
49022,07-10-2024,ДДУ зарегистрирован
49022,12-09-2024,ДДУ зарегистрирован
49022,12-09-2024,ДДУ зарегистрирован
49022,10-09-2024,ДДУ зарегистрирован
49022,20-08-2024,ДДУ зарегистрирован
49022,08-08-2024,ДДУ зарегистрирован
49022,29-07-2024,ДДУ зарегистрирован
49022,10-07-2024,ДДУ зарегистрирован
49022,18-06-2024,ДДУ зарегистрирован
49022,07-06-2024,ДДУ зарегистрирован
49022,06-06-2024,ДДУ зарегистрирован
49022,07-05-2024,ДДУ зарегистрирован
49022,27-04-2024,ДДУ зарегистрирован
49022,09-04-2024,ДДУ зарегистрирован
49022,22-03-2024,ДДУ зарегистрирован
49022,07-03-2024,ДДУ зарегистрирован
49022,16-02-2024,ДДУ зарегистрирован
49022,15-02-2024,ДДУ зарегистрирован
49022,05-02-2024,ДДУ зарегистрирован
49022,10-01-2024,ДДУ зарегистрирован
49022,08-12-2023,ДДУ зарегистрирован
49022,10-11-2023,ДДУ зарегистрирован
49022,20-10-2023,ДДУ зарегистрирован
49022,19-10-2023,ДДУ зарегистрирован
49022,10-10-2023,ДДУ зарегистрирован
49022,09-10-2023,ДДУ зарегистрирован
49022,07-09-2023,ДДУ зарегистрирован
49022,09-08-2023,ДДУ зарегистрирован
49022,21-07-2023,ДДУ зарегистрирован
49022,06-07-2023,ДДУ зарегистрирован
49022,06-06-2023,ДДУ зарегистрирован
49022,05-05-2023,ДДУ зарегистрирован
49022,10-04-2023,ДДУ зарегистрирован
49022,10-03-2023,ДДУ зарегистрирован
49022,09-02-2023,ДДУ зарегистрирован
49022,09-01-2023,ДДУ зарегистрирован
49022,30-12-2022,ДДУ зарегистрирован
49022,22-12-2022,ДДУ зарегистрирован
49022,21-12-2022,ДДУ зарегистрирован
49022,09-12-2022,ДДУ зарегистрирован
49022,05-12-2022,Размещена
49022,21-11-2022,Размещена
49022,21-11-2022,Размещена
49022,17-11-2022,Размещена
49022,17-11-2022,Размещена
49153,08-12-2023,ДДУ зарегистрирован
49153,10-11-2023,ДДУ зарегистрирован
49153,09-10-2023,ДДУ зарегистрирован
49153,08-09-2023,ДДУ зарегистрирован
49153,21-08-2023,ДДУ зарегистрирован
49153,09-08-2023,ДДУ зарегистрирован
49153,10-07-2023,ДДУ зарегистрирован
49153,09-06-2023,ДДУ зарегистрирован
49153,10-05-2023,ДДУ зарегистрирован
49153,07-04-2023,ДДУ зарегистрирован
49153,10-03-2023,ДДУ зарегистрирован
49153,10-02-2023,ДДУ зарегистрирован
49153,11-01-2023,ДДУ зарегистрирован
49153,09-12-2022,ДДУ зарегистрирован
49153,28-11-2022,ДДУ зарегистрирован
49153,25-11-2022,Размещена
49153,23-11-2022,Размещена
49154,09-08-2024,ДДУ зарегистрирован
49154,11-07-2024,ДДУ зарегистрирован
49154,10-07-2024,ДДУ зарегистрирован
49154,10-06-2024,ДДУ зарегистрирован
49154,08-05-2024,ДДУ зарегистрирован
49154,09-04-2024,ДДУ зарегистрирован
49154,07-03-2024,ДДУ зарегистрирован
49154,20-02-2024,ДДУ зарегистрирован
49154,08-02-2024,ДДУ зарегистрирован
49154,10-01-2024,ДДУ зарегистрирован
49154,25-12-2023,ДДУ зарегистрирован
49154,08-12-2023,ДДУ зарегистрирован
49154,10-11-2023,ДДУ зарегистрирован
49154,09-10-2023,ДДУ зарегистрирован
49154,08-09-2023,ДДУ зарегистрирован
49154,21-08-2023,ДДУ зарегистрирован
49154,09-08-2023,ДДУ зарегистрирован
49154,10-07-2023,ДДУ зарегистрирован
49154,09-06-2023,ДДУ зарегистрирован
49154,10-05-2023,ДДУ зарегистрирован
49154,07-04-2023,ДДУ зарегистрирован
49154,10-03-2023,ДДУ зарегистрирован
49154,10-02-2023,ДДУ зарегистрирован
49154,11-01-2023,ДДУ зарегистрирован
49154,09-12-2022,ДДУ зарегистрирован
49154,28-11-2022,ДДУ зарегистрирован
49154,25-11-2022,Размещена
49154,23-11-2022,Размещена
49155,25-12-2023,ДДУ зарегистрирован
49155,08-12-2023,ДДУ зарегистрирован
49155,10-11-2023,ДДУ зарегистрирован
49155,09-10-2023,ДДУ зарегистрирован
49155,08-09-2023,ДДУ зарегистрирован
49155,21-08-2023,ДДУ зарегистрирован
49155,09-08-2023,ДДУ зарегистрирован
49155,10-07-2023,ДДУ зарегистрирован
49155,09-06-2023,ДДУ зарегистрирован
49155,10-05-2023,ДДУ зарегистрирован
49155,07-04-2023,ДДУ зарегистрирован
49155,10-03-2023,ДДУ зарегистрирован
49155,10-02-2023,ДДУ зарегистрирован
49155,11-01-2023,ДДУ зарегистрирован
49155,09-12-2022,ДДУ зарегистрирован
49155,25-11-2022,ДДУ зарегистрирован
49155,23-11-2022,Размещена
49250,08-02-2024,ДДУ зарегистрирован
49250,26-01-2024,ДДУ зарегистрирован
49250,09-01-2024,ДДУ зарегистрирован
49250,09-01-2024,ДДУ зарегистрирован
49250,01-12-2023,ДДУ зарегистрирован
49250,01-11-2023,ДДУ зарегистрирован
49250,01-11-2023,ДДУ зарегистрирован
49250,09-10-2023,ДДУ зарегистрирован
49250,02-10-2023,ДДУ зарегистрирован
49250,06-09-2023,ДДУ зарегистрирован
49250,18-08-2023,ДДУ зарегистрирован
49250,11-08-2023,ДДУ зарегистрирован
49250,02-08-2023,ДДУ зарегистрирован
49250,02-08-2023,ДДУ зарегистрирован
49250,19-07-2023,ДДУ зарегистрирован
49250,04-07-2023,Размещена
49250,07-06-2023,Размещена
49250,25-05-2023,Размещена
49250,25-05-2023,Размещена
49250,04-05-2023,Размещена
49250,04-04-2023,Размещена
49250,10-03-2023,Размещена
49250,06-03-2023,Размещена
49250,07-02-2023,Размещена
49250,09-01-2023,Размещена
49250,26-12-2022,Размещена
49250,16-12-2022,Размещена
49250,05-12-2022,Размещена
49250,30-11-2022,Размещена
49259,12-01-2026,ДДУ зарегистрирован
49259,09-12-2025,ДДУ зарегистрирован
49259,10-11-2025,ДДУ зарегистрирован
49259,24-10-2025,ДДУ зарегистрирован
49259,09-10-2025,ДДУ зарегистрирован
49259,08-09-2025,ДДУ зарегистрирован
49259,08-08-2025,ДДУ зарегистрирован
49259,30-07-2025,ДДУ зарегистрирован
49259,04-07-2025,ДДУ зарегистрирован
49259,05-06-2025,ДДУ зарегистрирован
49259,05-05-2025,ДДУ зарегистрирован
49259,29-04-2025,ДДУ зарегистрирован
49259,08-04-2025,ДДУ зарегистрирован
49259,28-03-2025,ДДУ зарегистрирован
49259,10-03-2025,ДДУ зарегистрирован
49259,10-02-2025,ДДУ зарегистрирован
49259,10-01-2025,ДДУ зарегистрирован
49259,09-12-2024,ДДУ зарегистрирован
49259,03-12-2024,ДДУ зарегистрирован
49259,02-12-2024,ДДУ зарегистрирован
49259,02-12-2024,ДДУ зарегистрирован
49259,08-11-2024,ДДУ зарегистрирован
49259,28-10-2024,ДДУ зарегистрирован
49259,04-10-2024,ДДУ зарегистрирован
49259,24-09-2024,ДДУ зарегистрирован
49259,09-09-2024,ДДУ зарегистрирован
49259,09-08-2024,ДДУ зарегистрирован
49259,30-07-2024,ДДУ зарегистрирован
49259,08-07-2024,ДДУ зарегистрирован
49259,28-06-2024,ДДУ зарегистрирован
49259,25-06-2024,ДДУ зарегистрирован
49259,14-06-2024,ДДУ зарегистрирован
49259,07-06-2024,ДДУ зарегистрирован
49259,21-05-2024,ДДУ зарегистрирован
49259,21-05-2024,ДДУ зарегистрирован
49259,21-05-2024,ДДУ зарегистрирован
49259,07-05-2024,ДДУ зарегистрирован
49259,23-04-2024,ДДУ зарегистрирован
49259,09-04-2024,ДДУ зарегистрирован
49259,29-03-2024,ДДУ зарегистрирован
49259,07-03-2024,ДДУ зарегистрирован
49259,01-02-2024,ДДУ зарегистрирован
49259,09-01-2024,ДДУ зарегистрирован
49259,08-12-2023,ДДУ зарегистрирован
49259,09-11-2023,ДДУ зарегистрирован
49259,30-10-2023,ДДУ зарегистрирован
49259,09-10-2023,ДДУ зарегистрирован
49259,11-09-2023,ДДУ зарегистрирован
49259,07-09-2023,ДДУ зарегистрирован
49259,08-08-2023,ДДУ зарегистрирован
49259,20-07-2023,ДДУ зарегистрирован
49259,07-07-2023,ДДУ зарегистрирован
49259,30-06-2023,ДДУ зарегистрирован
49259,08-06-2023,ДДУ зарегистрирован
49259,02-05-2023,ДДУ зарегистрирован
49259,28-04-2023,ДДУ зарегистрирован
49259,14-04-2023,ДДУ зарегистрирован
49259,05-04-2023,ДДУ зарегистрирован
49259,31-03-2023,ДДУ зарегистрирован
49259,30-03-2023,ДДУ зарегистрирован
49259,09-03-2023,ДДУ зарегистрирован
49259,14-02-2023,ДДУ зарегистрирован
49259,08-02-2023,ДДУ зарегистрирован
49259,10-01-2023,ДДУ зарегистрирован
49259,14-12-2022,ДДУ зарегистрирован
49259,09-12-2022,Размещена
49259,08-12-2022,Размещена
49259,06-12-2022,Размещена
49259,05-12-2022,Размещена
49259,30-11-2022,Размещена
49336,02-12-2025,ДДУ зарегистрирован
49336,07-11-2025,ДДУ зарегистрирован
49336,30-10-2025,ДДУ зарегистрирован
49336,07-10-2025,ДДУ зарегистрирован
49336,03-09-2025,ДДУ зарегистрирован
49336,05-08-2025,ДДУ зарегистрирован
49336,31-07-2025,ДДУ зарегистрирован
49336,04-07-2025,ДДУ зарегистрирован
49336,03-06-2025,ДДУ зарегистрирован
49336,06-05-2025,ДДУ зарегистрирован
49336,30-04-2025,ДДУ зарегистрирован
49336,02-04-2025,ДДУ зарегистрирован
49336,20-03-2025,ДДУ зарегистрирован
49336,04-03-2025,ДДУ зарегистрирован
49336,03-02-2025,ДДУ зарегистрирован
49336,09-01-2025,ДДУ зарегистрирован
49336,09-12-2024,ДДУ зарегистрирован
49336,09-12-2024,ДДУ зарегистрирован
49336,05-11-2024,ДДУ зарегистрирован
49336,02-10-2024,ДДУ зарегистрирован
49336,06-09-2024,ДДУ зарегистрирован
49336,16-08-2024,ДДУ зарегистрирован
49336,02-08-2024,ДДУ зарегистрирован
49336,02-07-2024,ДДУ зарегистрирован
49336,07-06-2024,ДДУ зарегистрирован
49336,08-05-2024,ДДУ зарегистрирован
49336,08-05-2024,ДДУ зарегистрирован
49336,03-04-2024,ДДУ зарегистрирован
49336,07-03-2024,ДДУ зарегистрирован
49336,04-03-2024,ДДУ зарегистрирован
49336,12-02-2024,ДДУ зарегистрирован
49336,07-02-2024,ДДУ зарегистрирован
49336,09-01-2024,ДДУ зарегистрирован
49336,12-12-2023,ДДУ зарегистрирован
49336,09-11-2023,ДДУ зарегистрирован
49336,09-10-2023,ДДУ зарегистрирован
49336,08-09-2023,ДДУ зарегистрирован
49336,03-08-2023,ДДУ зарегистрирован
49336,05-07-2023,ДДУ зарегистрирован
49336,08-06-2023,ДДУ зарегистрирован
49336,24-05-2023,ДДУ зарегистрирован
49336,23-05-2023,ДДУ зарегистрирован
49336,05-05-2023,ДДУ зарегистрирован
49336,07-04-2023,ДДУ зарегистрирован
49336,01-03-2023,ДДУ зарегистрирован
49336,22-02-2023,ДДУ зарегистрирован
49336,14-02-2023,ДДУ зарегистрирован
49336,09-02-2023,ДДУ зарегистрирован
49336,09-01-2023,ДДУ зарегистрирован
49336,26-12-2022,Размещена
49336,13-12-2022,Размещена
49336,07-12-2022,Размещена
49361,07-09-2026,ДДУ зарегистрирован
49361,28-08-2026,ДДУ зарегистрирован
49361,05-08-2026,ДДУ зарегистрирован
49361,29-07-2026,ДДУ зарегистрирован
49361,06-07-2026,ДДУ зарегистрирован
49361,30-06-2026,ДДУ зарегистрирован
49361,23-06-2026,ДДУ зарегистрирован
49361,04-06-2026,ДДУ зарегистрирован
49361,26-05-2026,ДДУ зарегистрирован
49361,18-05-2026,ДДУ зарегистрирован
49361,08-05-2026,ДДУ зарегистрирован
49361,28-04-2026,ДДУ зарегистрирован
49361,10-04-2026,ДДУ зарегистрирован
49361,27-03-2026,ДДУ зарегистрирован
49361,05-03-2026,ДДУ зарегистрирован
49361,09-02-2026,ДДУ зарегистрирован
49361,12-01-2026,ДДУ зарегистрирован
49361,05-12-2025,ДДУ зарегистрирован
49361,26-11-2025,ДДУ зарегистрирован
49361,07-11-2025,ДДУ зарегистрирован
49361,28-10-2025,ДДУ зарегистрирован
49361,27-10-2025,ДДУ зарегистрирован
49361,09-10-2025,ДДУ зарегистрирован
49361,05-09-2025,ДДУ зарегистрирован
49361,08-08-2025,ДДУ зарегистрирован
49361,30-07-2025,ДДУ зарегистрирован
49361,28-07-2025,ДДУ зарегистрирован
49361,09-07-2025,ДДУ зарегистрирован
49361,09-06-2025,ДДУ зарегистрирован
49361,07-05-2025,ДДУ зарегистрирован
49361,30-04-2025,ДДУ зарегистрирован
49361,09-04-2025,ДДУ зарегистрирован
49361,07-03-2025,ДДУ зарегистрирован
49361,07-02-2025,ДДУ зарегистрирован
49361,07-02-2025,ДДУ зарегистрирован
49361,09-01-2025,ДДУ зарегистрирован
49361,09-12-2024,ДДУ зарегистрирован
49361,07-11-2024,ДДУ зарегистрирован
49361,29-10-2024,ДДУ зарегистрирован
49361,09-10-2024,ДДУ зарегистрирован
49361,09-09-2024,ДДУ зарегистрирован
49361,23-08-2024,ДДУ зарегистрирован
49361,06-08-2024,ДДУ зарегистрирован
49361,25-07-2024,ДДУ зарегистрирован
49361,05-07-2024,ДДУ зарегистрирован
49361,07-06-2024,ДДУ зарегистрирован
49361,27-05-2024,ДДУ зарегистрирован
49361,14-05-2024,ДДУ зарегистрирован
49361,07-05-2024,ДДУ зарегистрирован
49361,27-04-2024,ДДУ зарегистрирован
49361,17-04-2024,ДДУ зарегистрирован
49361,16-04-2024,ДДУ зарегистрирован
49361,10-04-2024,ДДУ зарегистрирован
49361,10-04-2024,ДДУ зарегистрирован
49361,09-04-2024,ДДУ зарегистрирован
49361,04-04-2024,ДДУ зарегистрирован
49361,28-03-2024,ДДУ зарегистрирован
49361,15-03-2024,ДДУ зарегистрирован
49361,15-02-2024,ДДУ зарегистрирован
49361,12-02-2024,ДДУ зарегистрирован
49361,08-02-2024,ДДУ зарегистрирован
49361,07-02-2024,ДДУ зарегистрирован
49361,15-01-2024,ДДУ зарегистрирован
49361,10-01-2024,ДДУ зарегистрирован
49361,20-12-2023,ДДУ зарегистрирован
49361,19-12-2023,ДДУ зарегистрирован
49361,13-12-2023,ДДУ зарегистрирован
49361,12-12-2023,ДДУ зарегистрирован
49361,10-11-2023,ДДУ зарегистрирован
49361,26-10-2023,ДДУ зарегистрирован
49361,25-10-2023,ДДУ зарегистрирован
49361,10-10-2023,ДДУ зарегистрирован
49361,11-09-2023,ДДУ зарегистрирован
49361,17-08-2023,ДДУ зарегистрирован
49361,08-08-2023,ДДУ зарегистрирован
49361,27-07-2023,ДДУ зарегистрирован
49361,10-07-2023,ДДУ зарегистрирован
49361,09-06-2023,ДДУ зарегистрирован
49361,07-06-2023,ДДУ зарегистрирован
49361,29-05-2023,ДДУ зарегистрирован
49361,11-05-2023,ДДУ зарегистрирован
49361,10-05-2023,ДДУ зарегистрирован
49361,10-04-2023,ДДУ зарегистрирован
49361,10-03-2023,ДДУ зарегистрирован
49361,10-02-2023,ДДУ зарегистрирован
49361,07-02-2023,ДДУ зарегистрирован
49361,26-01-2023,ДДУ зарегистрирован
49361,16-01-2023,ДДУ зарегистрирован
49361,10-01-2023,ДДУ зарегистрирован
49361,23-12-2022,ДДУ зарегистрирован
49361,14-12-2022,Размещена
49361,08-12-2022,Размещена
49693,07-09-2026,ДДУ зарегистрирован
49693,10-08-2026,ДДУ зарегистрирован
49693,29-07-2026,ДДУ зарегистрирован
49693,10-07-2026,ДДУ зарегистрирован
49693,10-06-2026,ДДУ зарегистрирован
49693,05-05-2026,ДДУ зарегистрирован
49693,29-04-2026,ДДУ зарегистрирован
49693,10-04-2026,ДДУ зарегистрирован
49693,30-03-2026,ДДУ зарегистрирован
49693,18-03-2026,ДДУ зарегистрирован
49693,10-03-2026,ДДУ зарегистрирован
49693,25-02-2026,ДДУ зарегистрирован
49693,04-02-2026,ДДУ зарегистрирован
49693,12-01-2026,ДДУ зарегистрирован
49693,09-12-2025,ДДУ зарегистрирован
49693,10-11-2025,ДДУ зарегистрирован
49693,24-10-2025,ДДУ зарегистрирован
49693,09-10-2025,ДДУ зарегистрирован
49693,08-09-2025,ДДУ зарегистрирован
49693,08-08-2025,ДДУ зарегистрирован
49693,30-07-2025,ДДУ зарегистрирован
49693,04-07-2025,ДДУ зарегистрирован
49693,05-06-2025,ДДУ зарегистрирован
49693,05-05-2025,ДДУ зарегистрирован
49693,29-04-2025,ДДУ зарегистрирован
49693,08-04-2025,ДДУ зарегистрирован
49693,28-03-2025,ДДУ зарегистрирован
49693,10-03-2025,ДДУ зарегистрирован
49693,10-02-2025,ДДУ зарегистрирован
49693,10-01-2025,ДДУ зарегистрирован
49693,02-12-2024,ДДУ зарегистрирован
49693,08-11-2024,ДДУ зарегистрирован
49693,28-10-2024,ДДУ зарегистрирован
49693,04-10-2024,ДДУ зарегистрирован
49693,24-09-2024,ДДУ зарегистрирован
49693,09-09-2024,ДДУ зарегистрирован
49693,09-08-2024,ДДУ зарегистрирован
49693,30-07-2024,ДДУ зарегистрирован
49693,08-07-2024,ДДУ зарегистрирован
49693,28-06-2024,ДДУ зарегистрирован
49693,14-06-2024,ДДУ зарегистрирован
49693,07-06-2024,ДДУ зарегистрирован
49693,21-05-2024,ДДУ зарегистрирован
49693,21-05-2024,ДДУ зарегистрирован
49693,07-05-2024,ДДУ зарегистрирован
49693,23-04-2024,ДДУ зарегистрирован
49693,09-04-2024,ДДУ зарегистрирован
49693,29-03-2024,ДДУ зарегистрирован
49693,07-03-2024,ДДУ зарегистрирован
49693,01-02-2024,ДДУ зарегистрирован
49693,29-01-2024,ДДУ зарегистрирован
49693,09-01-2024,ДДУ зарегистрирован
49693,08-12-2023,ДДУ зарегистрирован
49693,09-11-2023,ДДУ зарегистрирован
49693,30-10-2023,ДДУ зарегистрирован
49693,09-10-2023,ДДУ зарегистрирован
49693,18-09-2023,ДДУ зарегистрирован
49693,07-09-2023,ДДУ зарегистрирован
49693,16-08-2023,ДДУ зарегистрирован
49693,11-08-2023,Размещена
49693,03-07-2023,Размещена
49693,02-05-2023,Размещена
49693,05-04-2023,Размещена
49693,31-03-2023,Размещена
49693,30-03-2023,Размещена
49693,14-02-2023,Размещена
49693,22-12-2022,Размещена
49918,02-12-2024,ДДУ зарегистрирован
49918,02-11-2024,ДДУ зарегистрирован
49918,28-10-2024,ДДУ зарегистрирован
49918,01-10-2024,ДДУ зарегистрирован
49918,02-09-2024,ДДУ зарегистрирован
49918,23-08-2024,ДДУ зарегистрирован
49918,22-08-2024,ДДУ зарегистрирован
49918,05-08-2024,ДДУ зарегистрирован
49918,26-07-2024,ДДУ зарегистрирован
49918,03-07-2024,ДДУ зарегистрирован
49918,03-06-2024,ДДУ зарегистрирован
49918,02-05-2024,ДДУ зарегистрирован
49918,02-05-2024,ДДУ зарегистрирован
49918,26-04-2024,ДДУ зарегистрирован
49918,23-04-2024,ДДУ зарегистрирован
49918,23-04-2024,ДДУ зарегистрирован
49918,08-04-2024,ДДУ зарегистрирован
49918,04-04-2024,ДДУ зарегистрирован
49918,15-03-2024,ДДУ зарегистрирован
49918,05-03-2024,ДДУ зарегистрирован
49918,27-02-2024,ДДУ зарегистрирован
49918,01-02-2024,ДДУ зарегистрирован
49918,09-01-2024,ДДУ зарегистрирован
49918,05-12-2023,ДДУ зарегистрирован
49918,07-11-2023,ДДУ зарегистрирован
49918,02-10-2023,ДДУ зарегистрирован
49918,28-09-2023,ДДУ зарегистрирован
49918,20-09-2023,ДДУ зарегистрирован
49918,07-09-2023,ДДУ зарегистрирован
49918,02-08-2023,ДДУ зарегистрирован
49918,28-07-2023,ДДУ зарегистрирован
49918,25-07-2023,ДДУ зарегистрирован
49918,21-07-2023,ДДУ зарегистрирован
49918,11-07-2023,ДДУ зарегистрирован
49918,03-07-2023,ДДУ зарегистрирован
49918,01-06-2023,ДДУ зарегистрирован
49918,23-05-2023,ДДУ зарегистрирован
49918,03-05-2023,ДДУ зарегистрирован
49918,02-05-2023,ДДУ зарегистрирован
49918,28-04-2023,ДДУ зарегистрирован
49918,06-04-2023,ДДУ зарегистрирован
49918,20-03-2023,ДДУ зарегистрирован
49918,15-03-2023,ДДУ зарегистрирован
49918,03-03-2023,ДДУ зарегистрирован
49918,01-03-2023,Размещена
49918,17-02-2023,Размещена
49918,09-01-2023,Размещена
49919,02-12-2024,ДДУ зарегистрирован
49919,02-11-2024,ДДУ зарегистрирован
49919,28-10-2024,ДДУ зарегистрирован
49919,01-10-2024,ДДУ зарегистрирован
49919,02-09-2024,ДДУ зарегистрирован
49919,23-08-2024,ДДУ зарегистрирован
49919,22-08-2024,ДДУ зарегистрирован
49919,05-08-2024,ДДУ зарегистрирован
49919,26-07-2024,ДДУ зарегистрирован
49919,03-07-2024,ДДУ зарегистрирован
49919,03-06-2024,ДДУ зарегистрирован
49919,02-05-2024,ДДУ зарегистрирован
49919,02-05-2024,ДДУ зарегистрирован
49919,26-04-2024,ДДУ зарегистрирован
49919,23-04-2024,ДДУ зарегистрирован
49919,23-04-2024,ДДУ зарегистрирован
49919,08-04-2024,ДДУ зарегистрирован
49919,04-04-2024,ДДУ зарегистрирован
49919,15-03-2024,ДДУ зарегистрирован
49919,05-03-2024,ДДУ зарегистрирован
49919,27-02-2024,ДДУ зарегистрирован
49919,01-02-2024,ДДУ зарегистрирован
49919,09-01-2024,ДДУ зарегистрирован
49919,05-12-2023,ДДУ зарегистрирован
49919,07-11-2023,ДДУ зарегистрирован
49919,02-10-2023,ДДУ зарегистрирован
49919,28-09-2023,ДДУ зарегистрирован
49919,20-09-2023,ДДУ зарегистрирован
49919,07-09-2023,ДДУ зарегистрирован
49919,02-08-2023,ДДУ зарегистрирован
49919,28-07-2023,ДДУ зарегистрирован
49919,25-07-2023,ДДУ зарегистрирован
49919,21-07-2023,ДДУ зарегистрирован
49919,11-07-2023,ДДУ зарегистрирован
49919,03-07-2023,ДДУ зарегистрирован
49919,01-06-2023,ДДУ зарегистрирован
49919,23-05-2023,ДДУ зарегистрирован
49919,03-05-2023,ДДУ зарегистрирован
49919,02-05-2023,ДДУ зарегистрирован
49919,28-04-2023,ДДУ зарегистрирован
49919,06-04-2023,ДДУ зарегистрирован
49919,20-03-2023,ДДУ зарегистрирован
49919,15-03-2023,ДДУ зарегистрирован
49919,03-03-2023,ДДУ зарегистрирован
49919,01-03-2023,Размещена
49919,17-02-2023,Размещена
49919,09-01-2023,Размещена
50232,08-12-2023,ДДУ зарегистрирован
50232,10-11-2023,ДДУ зарегистрирован
50232,09-10-2023,ДДУ зарегистрирован
50232,08-09-2023,ДДУ зарегистрирован
50232,22-08-2023,ДДУ зарегистрирован
50232,10-08-2023,ДДУ зарегистрирован
50232,09-08-2023,ДДУ зарегистрирован
50232,10-07-2023,ДДУ зарегистрирован
50232,09-06-2023,ДДУ зарегистрирован
50232,26-05-2023,ДДУ зарегистрирован
50232,10-05-2023,ДДУ зарегистрирован
50232,02-05-2023,ДДУ зарегистрирован
50232,07-04-2023,ДДУ зарегистрирован
50232,10-03-2023,ДДУ зарегистрирован
50232,09-02-2023,ДДУ зарегистрирован
50232,26-01-2023,Размещена
50233,28-07-2025,ДДУ зарегистрирован
50233,10-07-2025,ДДУ зарегистрирован
50233,07-07-2025,ДДУ зарегистрирован
50233,07-07-2025,ДДУ зарегистрирован
50233,02-07-2025,ДДУ зарегистрирован
50233,30-06-2025,ДДУ зарегистрирован
50233,25-06-2025,ДДУ зарегистрирован
50233,11-06-2025,ДДУ зарегистрирован
50233,10-06-2025,ДДУ зарегистрирован
50233,07-05-2025,ДДУ зарегистрирован
50233,29-04-2025,ДДУ зарегистрирован
50233,10-04-2025,ДДУ зарегистрирован
50233,09-04-2025,ДДУ зарегистрирован
50233,17-03-2025,ДДУ зарегистрирован
50233,10-03-2025,ДДУ зарегистрирован
50233,07-03-2025,ДДУ зарегистрирован
50233,10-02-2025,ДДУ зарегистрирован
50233,05-02-2025,ДДУ зарегистрирован
50233,05-02-2025,ДДУ зарегистрирован
50233,04-02-2025,ДДУ зарегистрирован
50233,13-01-2025,ДДУ зарегистрирован
50233,10-01-2025,ДДУ зарегистрирован
50233,10-01-2025,ДДУ зарегистрирован
50233,24-12-2024,ДДУ зарегистрирован
50233,23-12-2024,ДДУ зарегистрирован
50233,10-12-2024,ДДУ зарегистрирован
50233,09-12-2024,ДДУ зарегистрирован
50233,11-11-2024,ДДУ зарегистрирован
50233,07-11-2024,ДДУ зарегистрирован
50233,29-10-2024,ДДУ зарегистрирован
50233,10-10-2024,ДДУ зарегистрирован
50233,09-10-2024,ДДУ зарегистрирован
50233,09-09-2024,ДДУ зарегистрирован
50233,15-08-2024,ДДУ зарегистрирован
50233,12-08-2024,ДДУ зарегистрирован
50233,08-08-2024,ДДУ зарегистрирован
50233,30-07-2024,ДДУ зарегистрирован
50233,10-07-2024,ДДУ зарегистрирован
50233,08-07-2024,ДДУ зарегистрирован
50233,10-06-2024,ДДУ зарегистрирован
50233,07-06-2024,ДДУ зарегистрирован
50233,08-05-2024,ДДУ зарегистрирован
50233,07-05-2024,ДДУ зарегистрирован
50233,06-05-2024,ДДУ зарегистрирован
50233,02-05-2024,ДДУ зарегистрирован
50233,11-04-2024,ДДУ зарегистрирован
50233,09-04-2024,ДДУ зарегистрирован
50233,09-04-2024,ДДУ зарегистрирован
50233,20-03-2024,ДДУ зарегистрирован
50233,15-03-2024,ДДУ зарегистрирован
50233,07-03-2024,ДДУ зарегистрирован
50233,06-03-2024,ДДУ зарегистрирован
50233,09-02-2024,ДДУ зарегистрирован
50233,10-01-2024,ДДУ зарегистрирован
50233,10-01-2024,ДДУ зарегистрирован
50233,09-01-2024,ДДУ зарегистрирован
50233,29-12-2023,ДДУ зарегистрирован
50233,14-12-2023,ДДУ зарегистрирован
50233,12-12-2023,ДДУ зарегистрирован
50233,08-12-2023,ДДУ зарегистрирован
50233,28-11-2023,ДДУ зарегистрирован
50233,03-11-2023,ДДУ зарегистрирован
50233,27-10-2023,ДДУ зарегистрирован
50233,19-10-2023,ДДУ зарегистрирован
50233,19-10-2023,ДДУ зарегистрирован
50233,06-10-2023,ДДУ зарегистрирован
50233,19-09-2023,ДДУ зарегистрирован
50233,18-09-2023,ДДУ зарегистрирован
50233,08-09-2023,ДДУ зарегистрирован
50233,15-08-2023,ДДУ зарегистрирован
50233,11-08-2023,ДДУ зарегистрирован
50233,09-08-2023,ДДУ зарегистрирован
50233,19-07-2023,ДДУ зарегистрирован
50233,07-07-2023,ДДУ зарегистрирован
50233,09-06-2023,ДДУ зарегистрирован
50233,23-05-2023,ДДУ зарегистрирован
50233,19-05-2023,ДДУ зарегистрирован
50233,17-05-2023,ДДУ зарегистрирован
50233,05-05-2023,ДДУ зарегистрирован
50233,10-04-2023,ДДУ зарегистрирован
50233,31-03-2023,ДДУ зарегистрирован
50233,09-03-2023,ДДУ зарегистрирован
50233,14-02-2023,ДДУ зарегистрирован
50233,31-01-2023,Размещена
50233,26-01-2023,Размещена
50324,24-12-2024,ДДУ зарегистрирован
50324,09-12-2024,ДДУ зарегистрирован
50324,02-11-2024,ДДУ зарегистрирован
50324,17-10-2024,ДДУ зарегистрирован
50324,08-10-2024,ДДУ зарегистрирован
50324,11-09-2024,ДДУ зарегистрирован
50324,09-09-2024,ДДУ зарегистрирован
50324,08-08-2024,ДДУ зарегистрирован
50324,08-07-2024,ДДУ зарегистрирован
50324,07-06-2024,ДДУ зарегистрирован
50324,21-05-2024,ДДУ зарегистрирован
50324,17-05-2024,ДДУ зарегистрирован
50324,08-05-2024,ДДУ зарегистрирован
50324,09-04-2024,ДДУ зарегистрирован
50324,07-03-2024,ДДУ зарегистрирован
50324,07-03-2024,ДДУ зарегистрирован
50324,07-02-2024,ДДУ зарегистрирован
50324,09-01-2024,ДДУ зарегистрирован
50324,06-12-2023,ДДУ зарегистрирован
50324,09-11-2023,ДДУ зарегистрирован
50324,09-10-2023,ДДУ зарегистрирован
50324,06-10-2023,ДДУ зарегистрирован
50324,25-09-2023,ДДУ зарегистрирован
50324,08-09-2023,ДДУ зарегистрирован
50324,16-08-2023,ДДУ зарегистрирован
50324,09-08-2023,ДДУ зарегистрирован
50324,07-08-2023,ДДУ зарегистрирован
50324,07-07-2023,ДДУ зарегистрирован
50324,20-06-2023,ДДУ зарегистрирован
50324,09-06-2023,ДДУ зарегистрирован
50324,08-06-2023,ДДУ зарегистрирован
50324,08-06-2023,ДДУ зарегистрирован
50324,04-05-2023,ДДУ зарегистрирован
50324,07-04-2023,ДДУ зарегистрирован
50324,10-03-2023,ДДУ зарегистрирован
50324,02-02-2023,ДДУ зарегистрирован
50324,01-02-2023,Размещена
50454,05-02-2025,Снято с контроля
50454,09-01-2025,ДДУ зарегистрирован
50454,12-12-2024,ДДУ зарегистрирован
50454,02-12-2024,ДДУ зарегистрирован
50454,01-11-2024,ДДУ зарегистрирован
50454,29-10-2024,ДДУ зарегистрирован
50454,01-10-2024,ДДУ зарегистрирован
50454,26-09-2024,ДДУ зарегистрирован
50454,02-09-2024,ДДУ зарегистрирован
50454,01-08-2024,ДДУ зарегистрирован
50454,29-07-2024,ДДУ зарегистрирован
50454,01-07-2024,ДДУ зарегистрирован
50454,10-06-2024,ДДУ зарегистрирован
50454,03-06-2024,ДДУ зарегистрирован
50454,02-05-2024,ДДУ зарегистрирован
50454,26-04-2024,ДДУ зарегистрирован
50454,02-04-2024,ДДУ зарегистрирован
50454,29-03-2024,ДДУ зарегистрирован
50454,04-03-2024,ДДУ зарегистрирован
50454,02-02-2024,ДДУ зарегистрирован
50454,02-02-2024,ДДУ зарегистрирован
50454,01-02-2024,ДДУ зарегистрирован
50454,09-01-2024,ДДУ зарегистрирован
50454,01-12-2023,ДДУ зарегистрирован
50454,01-11-2023,ДДУ зарегистрирован
50454,27-10-2023,ДДУ зарегистрирован
50454,02-10-2023,ДДУ зарегистрирован
50454,05-09-2023,ДДУ зарегистрирован
50454,02-08-2023,ДДУ зарегистрирован
50454,24-07-2023,ДДУ зарегистрирован
50454,03-07-2023,ДДУ зарегистрирован
50454,01-06-2023,ДДУ зарегистрирован
50454,02-05-2023,ДДУ зарегистрирован
50454,28-04-2023,ДДУ зарегистрирован
50454,03-04-2023,ДДУ зарегистрирован
50454,27-03-2023,ДДУ зарегистрирован
50454,22-03-2023,ДДУ зарегистрирован
50454,21-03-2023,ДДУ зарегистрирован
50454,13-02-2023,ДДУ зарегистрирован
50454,13-02-2023,Размещена
50454,08-02-2023,Размещена
50454,08-02-2023,Размещена
50477,01-10-2024,Снято с контроля
50477,02-09-2024,ДДУ зарегистрирован
50477,01-08-2024,ДДУ зарегистрирован
50477,10-07-2024,ДДУ зарегистрирован
50477,01-07-2024,ДДУ зарегистрирован
50477,04-06-2024,ДДУ зарегистрирован
50477,03-06-2024,ДДУ зарегистрирован
50477,06-05-2024,ДДУ зарегистрирован
50477,01-04-2024,ДДУ зарегистрирован
50477,01-03-2024,ДДУ зарегистрирован
50477,26-02-2024,ДДУ зарегистрирован
50477,21-02-2024,ДДУ зарегистрирован
50477,02-02-2024,ДДУ зарегистрирован
50477,09-01-2024,ДДУ зарегистрирован
50477,04-12-2023,ДДУ зарегистрирован
50477,01-11-2023,ДДУ зарегистрирован
50477,03-10-2023,ДДУ зарегистрирован
50477,04-09-2023,ДДУ зарегистрирован
50477,03-08-2023,ДДУ зарегистрирован
50477,03-08-2023,ДДУ зарегистрирован
50477,03-07-2023,ДДУ зарегистрирован
50477,02-06-2023,ДДУ зарегистрирован
50477,02-05-2023,ДДУ зарегистрирован
50477,27-04-2023,ДДУ зарегистрирован
50477,03-04-2023,ДДУ зарегистрирован
50477,02-03-2023,ДДУ зарегистрирован
50477,20-02-2023,ДДУ зарегистрирован
50477,10-02-2023,Размещена
50477,09-02-2023,Размещена
50727,12-05-2025,ДДУ зарегистрирован
50727,10-04-2025,ДДУ зарегистрирован
50727,10-03-2025,ДДУ зарегистрирован
50727,10-02-2025,ДДУ зарегистрирован
50727,10-01-2025,ДДУ зарегистрирован
50727,10-12-2024,ДДУ зарегистрирован
50727,08-11-2024,ДДУ зарегистрирован
50727,10-10-2024,ДДУ зарегистрирован
50727,10-09-2024,ДДУ зарегистрирован
50727,09-08-2024,ДДУ зарегистрирован
50727,10-07-2024,ДДУ зарегистрирован
50727,10-06-2024,ДДУ зарегистрирован
50727,08-05-2024,ДДУ зарегистрирован
50727,09-04-2024,ДДУ зарегистрирован
50727,07-03-2024,ДДУ зарегистрирован
50727,20-02-2024,ДДУ зарегистрирован
50727,08-02-2024,ДДУ зарегистрирован
50727,10-01-2024,ДДУ зарегистрирован
50727,25-12-2023,ДДУ зарегистрирован
50727,08-12-2023,ДДУ зарегистрирован
50727,10-11-2023,ДДУ зарегистрирован
50727,09-10-2023,ДДУ зарегистрирован
50727,08-09-2023,ДДУ зарегистрирован
50727,21-08-2023,ДДУ зарегистрирован
50727,21-08-2023,ДДУ зарегистрирован
50727,09-08-2023,ДДУ зарегистрирован
50727,10-07-2023,ДДУ зарегистрирован
50727,09-06-2023,ДДУ зарегистрирован
50727,10-05-2023,ДДУ зарегистрирован
50727,07-04-2023,ДДУ зарегистрирован
50727,10-03-2023,ДДУ зарегистрирован
50727,03-03-2023,Размещена
50733,28-01-2026,ДДУ зарегистрирован
50733,12-01-2026,ДДУ зарегистрирован
50733,24-12-2025,ДДУ зарегистрирован
50733,10-12-2025,ДДУ зарегистрирован
50733,09-12-2025,ДДУ зарегистрирован
50733,25-11-2025,ДДУ зарегистрирован
50733,07-11-2025,ДДУ зарегистрирован
50733,31-10-2025,ДДУ зарегистрирован
50733,30-10-2025,ДДУ зарегистрирован
50733,08-10-2025,ДДУ зарегистрирован
50733,08-10-2025,ДДУ зарегистрирован
50733,29-09-2025,ДДУ зарегистрирован
50733,05-09-2025,ДДУ зарегистрирован
50733,12-08-2025,ДДУ зарегистрирован
50733,08-08-2025,ДДУ зарегистрирован
50733,11-07-2025,ДДУ зарегистрирован
50733,09-07-2025,ДДУ зарегистрирован
50733,02-07-2025,ДДУ зарегистрирован
50733,02-07-2025,ДДУ зарегистрирован
50733,24-06-2025,ДДУ зарегистрирован
50733,11-06-2025,ДДУ зарегистрирован
50733,09-06-2025,ДДУ зарегистрирован
50733,05-06-2025,ДДУ зарегистрирован
50733,07-05-2025,ДДУ зарегистрирован
50733,24-04-2025,ДДУ зарегистрирован
50733,22-04-2025,ДДУ зарегистрирован
50733,08-04-2025,ДДУ зарегистрирован
50733,07-03-2025,ДДУ зарегистрирован
50733,07-02-2025,ДДУ зарегистрирован
50733,09-01-2025,ДДУ зарегистрирован
50733,09-12-2024,ДДУ зарегистрирован
50733,02-11-2024,ДДУ зарегистрирован
50733,17-10-2024,ДДУ зарегистрирован
50733,08-10-2024,ДДУ зарегистрирован
50733,08-10-2024,ДДУ зарегистрирован
50733,11-09-2024,ДДУ зарегистрирован
50733,09-09-2024,ДДУ зарегистрирован
50733,08-08-2024,ДДУ зарегистрирован
50733,08-07-2024,ДДУ зарегистрирован
50733,08-07-2024,ДДУ зарегистрирован
50733,07-06-2024,ДДУ зарегистрирован
50733,21-05-2024,ДДУ зарегистрирован
50733,17-05-2024,ДДУ зарегистрирован
50733,08-05-2024,ДДУ зарегистрирован
50733,09-04-2024,ДДУ зарегистрирован
50733,07-03-2024,ДДУ зарегистрирован
50733,07-02-2024,ДДУ зарегистрирован
50733,09-01-2024,ДДУ зарегистрирован
50733,06-12-2023,ДДУ зарегистрирован
50733,09-11-2023,ДДУ зарегистрирован
50733,09-10-2023,ДДУ зарегистрирован
50733,06-10-2023,ДДУ зарегистрирован
50733,08-09-2023,ДДУ зарегистрирован
50733,16-08-2023,ДДУ зарегистрирован
50733,09-08-2023,ДДУ зарегистрирован
50733,07-08-2023,ДДУ зарегистрирован
50733,19-07-2023,ДДУ зарегистрирован
50733,07-07-2023,ДДУ зарегистрирован
50733,20-06-2023,ДДУ зарегистрирован
50733,08-06-2023,ДДУ зарегистрирован
50733,02-06-2023,ДДУ зарегистрирован
50733,11-05-2023,Размещена
50733,04-05-2023,Размещена
50733,13-04-2023,Размещена
50733,13-04-2023,Размещена
50733,07-04-2023,Размещена
50733,30-03-2023,Размещена
50733,24-03-2023,Размещена
50733,17-03-2023,Размещена
50733,10-03-2023,Размещена
50733,03-03-2023,Размещена
50904,07-10-2025,ДДУ зарегистрирован
50904,24-09-2025,ДДУ зарегистрирован
50904,24-09-2025,ДДУ зарегистрирован
50904,02-09-2025,ДДУ зарегистрирован
50904,02-09-2025,ДДУ зарегистрирован
50904,04-08-2025,ДДУ зарегистрирован
50904,29-07-2025,ДДУ зарегистрирован
50904,03-07-2025,ДДУ зарегистрирован
50904,04-06-2025,ДДУ зарегистрирован
50904,05-05-2025,ДДУ зарегистрирован
50904,24-04-2025,ДДУ зарегистрирован
50904,07-04-2025,ДДУ зарегистрирован
50904,20-03-2025,ДДУ зарегистрирован
50904,04-03-2025,ДДУ зарегистрирован
50904,04-02-2025,ДДУ зарегистрирован
50904,09-01-2025,ДДУ зарегистрирован
50904,13-12-2024,ДДУ зарегистрирован
50904,08-11-2024,ДДУ зарегистрирован
50904,28-10-2024,ДДУ зарегистрирован
50904,08-10-2024,ДДУ зарегистрирован
50904,05-09-2024,ДДУ зарегистрирован
50904,06-08-2024,ДДУ зарегистрирован
50904,30-07-2024,ДДУ зарегистрирован
50904,05-07-2024,ДДУ зарегистрирован
50904,07-06-2024,ДДУ зарегистрирован
50904,07-06-2024,ДДУ зарегистрирован
50904,15-05-2024,ДДУ зарегистрирован
50904,06-05-2024,ДДУ зарегистрирован
50904,24-04-2024,ДДУ зарегистрирован
50904,04-04-2024,ДДУ зарегистрирован
50904,07-03-2024,ДДУ зарегистрирован
50904,13-02-2024,ДДУ зарегистрирован
50904,10-01-2024,ДДУ зарегистрирован
50904,11-12-2023,ДДУ зарегистрирован
50904,09-11-2023,ДДУ зарегистрирован
50904,27-10-2023,ДДУ зарегистрирован
50904,09-10-2023,ДДУ зарегистрирован
50904,19-09-2023,ДДУ зарегистрирован
50904,11-09-2023,ДДУ зарегистрирован
50904,09-08-2023,ДДУ зарегистрирован
50904,11-07-2023,ДДУ зарегистрирован
50904,04-07-2023,ДДУ зарегистрирован
50904,27-06-2023,ДДУ зарегистрирован
50904,27-06-2023,ДДУ зарегистрирован
50904,09-06-2023,ДДУ зарегистрирован
50904,10-05-2023,ДДУ зарегистрирован
50904,04-04-2023,ДДУ зарегистрирован
50904,03-04-2023,Размещена
50904,17-03-2023,Размещена
50904,16-03-2023,Размещена
50971,10-12-2025,ДДУ зарегистрирован
50971,10-11-2025,ДДУ зарегистрирован
50971,01-11-2025,ДДУ зарегистрирован
50971,30-10-2025,ДДУ зарегистрирован
50971,13-10-2025,ДДУ зарегистрирован
50971,10-10-2025,ДДУ зарегистрирован
50971,10-09-2025,ДДУ зарегистрирован
50971,11-08-2025,ДДУ зарегистрирован
50971,10-07-2025,ДДУ зарегистрирован
50971,10-06-2025,ДДУ зарегистрирован
50971,07-05-2025,ДДУ зарегистрирован
50971,10-04-2025,ДДУ зарегистрирован
50971,10-03-2025,ДДУ зарегистрирован
50971,10-02-2025,ДДУ зарегистрирован
50971,10-01-2025,ДДУ зарегистрирован
50971,10-12-2024,ДДУ зарегистрирован
50971,08-11-2024,ДДУ зарегистрирован
50971,10-10-2024,ДДУ зарегистрирован
50971,10-09-2024,ДДУ зарегистрирован
50971,09-08-2024,ДДУ зарегистрирован
50971,10-07-2024,ДДУ зарегистрирован
50971,10-06-2024,ДДУ зарегистрирован
50971,23-05-2024,ДДУ зарегистрирован
50971,08-05-2024,ДДУ зарегистрирован
50971,09-04-2024,ДДУ зарегистрирован
50971,07-03-2024,ДДУ зарегистрирован
50971,09-02-2024,ДДУ зарегистрирован
50971,10-01-2024,ДДУ зарегистрирован
50971,08-12-2023,ДДУ зарегистрирован
50971,10-11-2023,ДДУ зарегистрирован
50971,09-10-2023,Размещена
50971,08-09-2023,Размещена
50971,09-08-2023,Размещена
50971,10-07-2023,Размещена
50971,09-06-2023,Размещена
50971,10-05-2023,Размещена
50971,10-05-2023,Размещена
50971,10-04-2023,Размещена
50971,27-03-2023,Размещена
50971,21-03-2023,Размещена
51175,02-12-2024,ДДУ зарегистрирован
51175,02-11-2024,ДДУ зарегистрирован
51175,29-10-2024,ДДУ зарегистрирован
51175,01-10-2024,ДДУ зарегистрирован
51175,02-09-2024,ДДУ зарегистрирован
51175,22-08-2024,ДДУ зарегистрирован
51175,02-08-2024,ДДУ зарегистрирован
51175,26-07-2024,ДДУ зарегистрирован
51175,04-07-2024,ДДУ зарегистрирован
51175,03-07-2024,ДДУ зарегистрирован
51175,03-07-2024,ДДУ зарегистрирован
51175,03-06-2024,ДДУ зарегистрирован
51175,16-05-2024,ДДУ зарегистрирован
51175,13-05-2024,ДДУ зарегистрирован
51175,03-05-2024,ДДУ зарегистрирован
51175,26-04-2024,ДДУ зарегистрирован
51175,05-04-2024,ДДУ зарегистрирован
51175,05-04-2024,ДДУ зарегистрирован
51175,03-04-2024,ДДУ зарегистрирован
51175,19-03-2024,ДДУ зарегистрирован
51175,05-03-2024,ДДУ зарегистрирован
51175,01-02-2024,ДДУ зарегистрирован
51175,09-01-2024,ДДУ зарегистрирован
51175,05-12-2023,ДДУ зарегистрирован
51175,07-11-2023,ДДУ зарегистрирован
51175,02-10-2023,ДДУ зарегистрирован
51175,20-09-2023,ДДУ зарегистрирован
51175,20-09-2023,ДДУ зарегистрирован
51175,07-09-2023,ДДУ зарегистрирован
51175,24-08-2023,ДДУ зарегистрирован
51175,02-08-2023,ДДУ зарегистрирован
51175,28-07-2023,Размещена
51175,03-07-2023,Размещена
51175,08-06-2023,Размещена
51175,28-04-2023,Размещена
51175,04-04-2023,Размещена
51175,31-03-2023,Размещена
51519,19-12-2025,ДДУ зарегистрирован
51519,09-12-2025,ДДУ зарегистрирован
51519,06-11-2025,ДДУ зарегистрирован
51519,27-10-2025,ДДУ зарегистрирован
51519,03-10-2025,ДДУ зарегистрирован
51519,29-09-2025,ДДУ зарегистрирован
51519,09-09-2025,ДДУ зарегистрирован
51519,03-09-2025,ДДУ зарегистрирован
51519,08-08-2025,ДДУ зарегистрирован
51519,05-08-2025,ДДУ зарегистрирован
51519,05-08-2025,Размещена
51519,28-07-2025,ДДУ зарегистрирован
51519,09-07-2025,ДДУ зарегистрирован
51519,10-06-2025,ДДУ зарегистрирован
51519,06-06-2025,ДДУ зарегистрирован
51519,10-05-2025,ДДУ зарегистрирован
51519,07-05-2025,ДДУ зарегистрирован
51519,28-04-2025,ДДУ зарегистрирован
51519,28-04-2025,ДДУ зарегистрирован
51519,17-04-2025,ДДУ зарегистрирован
51519,17-04-2025,ДДУ зарегистрирован
51519,11-04-2025,ДДУ зарегистрирован
51519,09-04-2025,ДДУ зарегистрирован
51519,14-03-2025,ДДУ зарегистрирован
51519,10-03-2025,ДДУ зарегистрирован
51519,14-02-2025,ДДУ зарегистрирован
51519,07-02-2025,ДДУ зарегистрирован
51519,10-01-2025,ДДУ зарегистрирован
51519,09-12-2024,ДДУ зарегистрирован
51519,08-11-2024,ДДУ зарегистрирован
51519,08-11-2024,ДДУ зарегистрирован
51519,29-10-2024,ДДУ зарегистрирован
51519,07-10-2024,ДДУ зарегистрирован
51519,12-09-2024,ДДУ зарегистрирован
51519,10-09-2024,ДДУ зарегистрирован
51519,20-08-2024,ДДУ зарегистрирован
51519,08-08-2024,ДДУ зарегистрирован
51519,29-07-2024,ДДУ зарегистрирован
51519,12-07-2024,ДДУ зарегистрирован
51519,10-07-2024,ДДУ зарегистрирован
51519,07-06-2024,ДДУ зарегистрирован
51519,15-05-2024,ДДУ зарегистрирован
51519,07-05-2024,ДДУ зарегистрирован
51519,27-04-2024,ДДУ зарегистрирован
51519,09-04-2024,ДДУ зарегистрирован
51519,22-03-2024,ДДУ зарегистрирован
51519,07-03-2024,ДДУ зарегистрирован
51519,16-02-2024,ДДУ зарегистрирован
51519,15-02-2024,ДДУ зарегистрирован
51519,05-02-2024,ДДУ зарегистрирован
51519,10-01-2024,ДДУ зарегистрирован
51519,08-12-2023,ДДУ зарегистрирован
51519,10-11-2023,ДДУ зарегистрирован
51519,10-10-2023,ДДУ зарегистрирован
51519,09-10-2023,ДДУ зарегистрирован
51519,07-09-2023,ДДУ зарегистрирован
51519,25-08-2023,ДДУ зарегистрирован
51519,09-08-2023,ДДУ зарегистрирован
51519,05-07-2023,ДДУ зарегистрирован
51519,06-06-2023,ДДУ зарегистрирован
51519,05-05-2023,ДДУ зарегистрирован
51519,20-04-2023,Размещена
51519,19-04-2023,Размещена
51520,19-12-2025,ДДУ зарегистрирован
51520,09-12-2025,ДДУ зарегистрирован
51520,06-11-2025,ДДУ зарегистрирован
51520,27-10-2025,ДДУ зарегистрирован
51520,03-10-2025,ДДУ зарегистрирован
51520,29-09-2025,ДДУ зарегистрирован
51520,09-09-2025,ДДУ зарегистрирован
51520,03-09-2025,ДДУ зарегистрирован
51520,08-08-2025,ДДУ зарегистрирован
51520,05-08-2025,ДДУ зарегистрирован
51520,05-08-2025,Размещена
51520,28-07-2025,ДДУ зарегистрирован
51520,09-07-2025,ДДУ зарегистрирован
51520,10-06-2025,ДДУ зарегистрирован
51520,06-06-2025,ДДУ зарегистрирован
51520,10-05-2025,ДДУ зарегистрирован
51520,07-05-2025,ДДУ зарегистрирован
51520,28-04-2025,ДДУ зарегистрирован
51520,28-04-2025,ДДУ зарегистрирован
51520,17-04-2025,ДДУ зарегистрирован
51520,17-04-2025,ДДУ зарегистрирован
51520,11-04-2025,ДДУ зарегистрирован
51520,09-04-2025,ДДУ зарегистрирован
51520,14-03-2025,ДДУ зарегистрирован
51520,10-03-2025,ДДУ зарегистрирован
51520,14-02-2025,ДДУ зарегистрирован
51520,07-02-2025,ДДУ зарегистрирован
51520,10-01-2025,ДДУ зарегистрирован
51520,09-12-2024,ДДУ зарегистрирован
51520,08-11-2024,ДДУ зарегистрирован
51520,08-11-2024,ДДУ зарегистрирован
51520,29-10-2024,ДДУ зарегистрирован
51520,07-10-2024,ДДУ зарегистрирован
51520,12-09-2024,ДДУ зарегистрирован
51520,10-09-2024,ДДУ зарегистрирован
51520,20-08-2024,ДДУ зарегистрирован
51520,08-08-2024,ДДУ зарегистрирован
51520,29-07-2024,ДДУ зарегистрирован
51520,12-07-2024,ДДУ зарегистрирован
51520,10-07-2024,ДДУ зарегистрирован
51520,07-06-2024,ДДУ зарегистрирован
51520,15-05-2024,ДДУ зарегистрирован
51520,07-05-2024,ДДУ зарегистрирован
51520,27-04-2024,ДДУ зарегистрирован
51520,09-04-2024,ДДУ зарегистрирован
51520,22-03-2024,ДДУ зарегистрирован
51520,07-03-2024,ДДУ зарегистрирован
51520,16-02-2024,ДДУ зарегистрирован
51520,15-02-2024,ДДУ зарегистрирован
51520,05-02-2024,ДДУ зарегистрирован
51520,10-01-2024,ДДУ зарегистрирован
51520,08-12-2023,ДДУ зарегистрирован
51520,10-11-2023,ДДУ зарегистрирован
51520,10-10-2023,ДДУ зарегистрирован
51520,09-10-2023,ДДУ зарегистрирован
51520,07-09-2023,ДДУ зарегистрирован
51520,25-08-2023,ДДУ зарегистрирован
51520,09-08-2023,ДДУ зарегистрирован
51520,05-07-2023,ДДУ зарегистрирован
51520,06-06-2023,ДДУ зарегистрирован
51520,05-05-2023,ДДУ зарегистрирован
51520,20-04-2023,Размещена
51520,19-04-2023,Размещена
51607,10-09-2026,ДДУ зарегистрирован
51607,25-08-2026,ДДУ зарегистрирован
51607,25-08-2026,ДДУ зарегистрирован
51607,10-08-2026,ДДУ зарегистрирован
51607,10-07-2026,ДДУ зарегистрирован
51607,10-06-2026,ДДУ зарегистрирован
51607,08-05-2026,ДДУ зарегистрирован
51607,10-04-2026,ДДУ зарегистрирован
51607,10-03-2026,ДДУ зарегистрирован
51607,10-02-2026,ДДУ зарегистрирован
51607,12-01-2026,ДДУ зарегистрирован
51607,29-12-2025,ДДУ зарегистрирован
51607,09-12-2025,ДДУ зарегистрирован
51607,10-11-2025,ДДУ зарегистрирован
51607,10-10-2025,ДДУ зарегистрирован
51607,30-09-2025,ДДУ зарегистрирован
51607,10-09-2025,ДДУ зарегистрирован
51607,11-08-2025,ДДУ зарегистрирован
51607,10-07-2025,ДДУ зарегистрирован
51607,10-06-2025,ДДУ зарегистрирован
51607,07-05-2025,ДДУ зарегистрирован
51607,10-04-2025,ДДУ зарегистрирован
51607,10-03-2025,ДДУ зарегистрирован
51607,10-02-2025,ДДУ зарегистрирован
51607,10-01-2025,ДДУ зарегистрирован
51607,10-12-2024,ДДУ зарегистрирован
51607,08-11-2024,ДДУ зарегистрирован
51607,10-10-2024,ДДУ зарегистрирован
51607,10-09-2024,ДДУ зарегистрирован
51607,04-09-2024,ДДУ зарегистрирован
51607,09-08-2024,ДДУ зарегистрирован
51607,10-07-2024,ДДУ зарегистрирован
51607,10-06-2024,ДДУ зарегистрирован
51607,08-05-2024,ДДУ зарегистрирован
51607,09-04-2024,ДДУ зарегистрирован
51607,07-03-2024,ДДУ зарегистрирован
51607,09-02-2024,ДДУ зарегистрирован
51607,10-01-2024,ДДУ зарегистрирован
51607,08-12-2023,ДДУ зарегистрирован
51607,10-11-2023,ДДУ зарегистрирован
51607,09-10-2023,ДДУ зарегистрирован
51607,08-09-2023,ДДУ зарегистрирован
51607,24-08-2023,ДДУ зарегистрирован
51607,22-08-2023,ДДУ зарегистрирован
51607,09-08-2023,ДДУ зарегистрирован
51607,10-07-2023,ДДУ зарегистрирован
51607,09-06-2023,ДДУ зарегистрирован
51607,10-05-2023,ДДУ зарегистрирован
51607,24-04-2023,Размещена
51721,15-09-2026,ДДУ зарегистрирован
51721,07-09-2026,ДДУ зарегистрирован
51721,02-09-2026,ДДУ зарегистрирован
51721,02-09-2026,ДДУ зарегистрирован
51721,26-08-2026,ДДУ зарегистрирован
51721,12-08-2026,ДДУ зарегистрирован
51721,05-08-2026,ДДУ зарегистрирован
51721,28-07-2026,ДДУ зарегистрирован
51721,06-07-2026,ДДУ зарегистрирован
51721,02-07-2026,ДДУ зарегистрирован
51721,26-06-2026,ДДУ зарегистрирован
51721,26-06-2026,ДДУ зарегистрирован
51721,19-06-2026,ДДУ зарегистрирован
51721,04-06-2026,ДДУ зарегистрирован
51721,27-05-2026,ДДУ зарегистрирован
51721,26-05-2026,ДДУ зарегистрирован
51721,13-05-2026,ДДУ зарегистрирован
51721,12-05-2026,ДДУ зарегистрирован
51721,12-05-2026,ДДУ зарегистрирован
51721,08-05-2026,ДДУ зарегистрирован
51721,08-05-2026,ДДУ зарегистрирован
51721,28-04-2026,ДДУ зарегистрирован
51721,10-04-2026,ДДУ зарегистрирован
51721,27-03-2026,ДДУ зарегистрирован
51721,05-03-2026,ДДУ зарегистрирован
51721,04-03-2026,ДДУ зарегистрирован
51721,04-03-2026,ДДУ зарегистрирован
51721,13-02-2026,ДДУ зарегистрирован
51721,09-02-2026,ДДУ зарегистрирован
51721,12-01-2026,ДДУ зарегистрирован
51721,05-12-2025,ДДУ зарегистрирован
51721,26-11-2025,ДДУ зарегистрирован
51721,25-11-2025,ДДУ зарегистрирован
51721,10-11-2025,ДДУ зарегистрирован
51721,07-11-2025,ДДУ зарегистрирован
51721,27-10-2025,ДДУ зарегистрирован
51721,09-10-2025,ДДУ зарегистрирован
51721,17-09-2025,ДДУ зарегистрирован
51721,05-09-2025,ДДУ зарегистрирован
51721,08-08-2025,ДДУ зарегистрирован
51721,28-07-2025,ДДУ зарегистрирован
51721,18-07-2025,ДДУ зарегистрирован
51721,14-07-2025,ДДУ зарегистрирован
51721,09-07-2025,ДДУ зарегистрирован
51721,09-06-2025,ДДУ зарегистрирован
51721,07-05-2025,ДДУ зарегистрирован
51721,30-04-2025,ДДУ зарегистрирован
51721,09-04-2025,ДДУ зарегистрирован
51721,09-04-2025,ДДУ зарегистрирован
51721,07-04-2025,ДДУ зарегистрирован
51721,07-03-2025,ДДУ зарегистрирован
51721,07-02-2025,ДДУ зарегистрирован
51721,27-01-2025,ДДУ зарегистрирован
51721,09-01-2025,ДДУ зарегистрирован
51721,11-12-2024,ДДУ зарегистрирован
51721,09-12-2024,ДДУ зарегистрирован
51721,09-12-2024,ДДУ зарегистрирован
51721,08-11-2024,ДДУ зарегистрирован
51721,07-11-2024,ДДУ зарегистрирован
51721,31-10-2024,ДДУ зарегистрирован
51721,28-10-2024,ДДУ зарегистрирован
51721,10-10-2024,ДДУ зарегистрирован
51721,09-10-2024,ДДУ зарегистрирован
51721,25-09-2024,ДДУ зарегистрирован
51721,25-09-2024,ДДУ зарегистрирован
51721,25-09-2024,ДДУ зарегистрирован
51721,06-09-2024,ДДУ зарегистрирован
51721,06-08-2024,ДДУ зарегистрирован
51721,25-07-2024,ДДУ зарегистрирован
51721,05-07-2024,ДДУ зарегистрирован
51721,07-06-2024,ДДУ зарегистрирован
51721,27-05-2024,ДДУ зарегистрирован
51721,14-05-2024,ДДУ зарегистрирован
51721,07-05-2024,ДДУ зарегистрирован
51721,27-04-2024,ДДУ зарегистрирован
51721,19-04-2024,ДДУ зарегистрирован
51721,17-04-2024,ДДУ зарегистрирован
51721,09-04-2024,ДДУ зарегистрирован
51721,28-03-2024,ДДУ зарегистрирован
51721,06-03-2024,ДДУ зарегистрирован
51721,09-02-2024,ДДУ зарегистрирован
51721,08-02-2024,ДДУ зарегистрирован
51721,15-01-2024,ДДУ зарегистрирован
51721,12-01-2024,ДДУ зарегистрирован
51721,11-01-2024,ДДУ зарегистрирован
51721,09-01-2024,ДДУ зарегистрирован
51721,12-12-2023,ДДУ зарегистрирован
51721,08-12-2023,ДДУ зарегистрирован
51721,09-11-2023,ДДУ зарегистрирован
51721,07-11-2023,Размещена
51721,27-10-2023,Размещена
51721,26-10-2023,Размещена
51721,11-09-2023,Размещена
51721,07-08-2023,Размещена
51721,01-08-2023,Размещена
51721,27-07-2023,Размещена
51721,18-07-2023,Размещена
51721,10-07-2023,Размещена
51721,20-06-2023,Размещена
51721,06-06-2023,Размещена
51721,29-05-2023,Размещена
51721,04-05-2023,Размещена
51721,03-05-2023,Размещена
51721,26-04-2023,Размещена
52057,02-06-2025,ДДУ зарегистрирован
52057,05-05-2025,ДДУ зарегистрирован
52057,30-04-2025,ДДУ зарегистрирован
52057,29-04-2025,ДДУ зарегистрирован
52057,11-04-2025,ДДУ зарегистрирован
52057,04-04-2025,ДДУ зарегистрирован
52057,27-03-2025,ДДУ зарегистрирован
52057,10-03-2025,ДДУ зарегистрирован
52057,07-02-2025,ДДУ зарегистрирован
52057,09-01-2025,ДДУ зарегистрирован
52057,06-12-2024,ДДУ зарегистрирован
52057,11-11-2024,ДДУ зарегистрирован
52057,30-10-2024,ДДУ зарегистрирован
52057,10-10-2024,ДДУ зарегистрирован
52057,09-09-2024,ДДУ зарегистрирован
52057,02-08-2024,ДДУ зарегистрирован
52057,31-07-2024,ДДУ зарегистрирован
52057,09-07-2024,ДДУ зарегистрирован
52057,13-06-2024,ДДУ зарегистрирован
52057,07-06-2024,ДДУ зарегистрирован
52057,14-05-2024,ДДУ зарегистрирован
52057,14-05-2024,ДДУ зарегистрирован
52057,08-05-2024,ДДУ зарегистрирован
52057,09-04-2024,ДДУ зарегистрирован
52057,07-03-2024,ДДУ зарегистрирован
52057,09-02-2024,ДДУ зарегистрирован
52057,09-01-2024,ДДУ зарегистрирован
52057,08-12-2023,ДДУ зарегистрирован
52057,08-11-2023,ДДУ зарегистрирован
52057,30-10-2023,ДДУ зарегистрирован
52057,11-10-2023,ДДУ зарегистрирован
52057,06-10-2023,ДДУ зарегистрирован
52057,08-09-2023,ДДУ зарегистрирован
52057,07-08-2023,ДДУ зарегистрирован
52057,14-07-2023,ДДУ зарегистрирован
52057,07-07-2023,ДДУ зарегистрирован
52057,09-06-2023,ДДУ зарегистрирован
52057,09-06-2023,Размещена
52057,23-05-2023,Размещена
52057,19-05-2023,Размещена
52368,07-09-2026,ДДУ зарегистрирован
52368,10-08-2026,ДДУ зарегистрирован
52368,30-07-2026,ДДУ зарегистрирован
52368,07-07-2026,ДДУ зарегистрирован
52368,30-06-2026,ДДУ зарегистрирован
52368,04-06-2026,ДДУ зарегистрирован
52368,14-05-2026,ДДУ зарегистрирован
52368,12-05-2026,ДДУ зарегистрирован
52368,08-05-2026,ДДУ зарегистрирован
52368,30-04-2026,ДДУ зарегистрирован
52368,08-04-2026,ДДУ зарегистрирован
52368,02-04-2026,ДДУ зарегистрирован
52368,11-03-2026,ДДУ зарегистрирован
52368,06-03-2026,ДДУ зарегистрирован
52368,09-02-2026,ДДУ зарегистрирован
52368,29-01-2026,ДДУ зарегистрирован
52368,12-01-2026,ДДУ зарегистрирован
52368,10-12-2025,ДДУ зарегистрирован
52368,07-11-2025,ДДУ зарегистрирован
52368,31-10-2025,ДДУ зарегистрирован
52368,08-10-2025,ДДУ зарегистрирован
52368,09-09-2025,ДДУ зарегистрирован
52368,08-08-2025,ДДУ зарегистрирован
52368,30-07-2025,ДДУ зарегистрирован
52368,08-07-2025,ДДУ зарегистрирован
52368,09-06-2025,ДДУ зарегистрирован
52368,22-05-2025,ДДУ зарегистрирован
52368,07-05-2025,ДДУ зарегистрирован
52368,17-04-2025,ДДУ зарегистрирован
52368,09-04-2025,ДДУ зарегистрирован
52368,07-03-2025,ДДУ зарегистрирован
52368,10-02-2025,ДДУ зарегистрирован
52368,10-01-2025,ДДУ зарегистрирован
52368,13-12-2024,ДДУ зарегистрирован
52368,10-12-2024,ДДУ зарегистрирован
52368,08-11-2024,ДДУ зарегистрирован
52368,08-10-2024,ДДУ зарегистрирован
52368,05-09-2024,ДДУ зарегистрирован
52368,05-08-2024,ДДУ зарегистрирован
52368,31-07-2024,ДДУ зарегистрирован
52368,02-07-2024,ДДУ зарегистрирован
52368,06-06-2024,ДДУ зарегистрирован
52368,07-05-2024,ДДУ зарегистрирован
52368,03-05-2024,ДДУ зарегистрирован
52368,17-04-2024,ДДУ зарегистрирован
52368,04-04-2024,ДДУ зарегистрирован
52368,01-04-2024,ДДУ зарегистрирован
52368,15-03-2024,ДДУ зарегистрирован
52368,05-03-2024,ДДУ зарегистрирован
52368,05-02-2024,ДДУ зарегистрирован
52368,09-01-2024,ДДУ зарегистрирован
52368,06-12-2023,ДДУ зарегистрирован
52368,08-11-2023,ДДУ зарегистрирован
52368,10-10-2023,ДДУ зарегистрирован
52368,07-09-2023,ДДУ зарегистрирован
52368,04-08-2023,ДДУ зарегистрирован
52368,01-08-2023,ДДУ зарегистрирован
52368,14-07-2023,ДДУ зарегистрирован
52368,07-07-2023,ДДУ зарегистрирован
52368,04-07-2023,ДДУ зарегистрирован
52368,30-06-2023,ДДУ зарегистрирован
52368,14-06-2023,Размещена
52368,13-06-2023,Размещена
52368,08-06-2023,Размещена
52402,09-09-2026,ДДУ зарегистрирован
52402,12-08-2026,ДДУ зарегистрирован
52402,10-08-2026,ДДУ зарегистрирован
52402,10-07-2026,ДДУ зарегистрирован
52402,25-06-2026,ДДУ зарегистрирован
52402,10-06-2026,ДДУ зарегистрирован
52402,08-05-2026,ДДУ зарегистрирован
52402,10-04-2026,ДДУ зарегистрирован
52402,10-03-2026,ДДУ зарегистрирован
52402,10-02-2026,ДДУ зарегистрирован
52402,12-01-2026,ДДУ зарегистрирован
52402,09-12-2025,ДДУ зарегистрирован
52402,10-11-2025,ДДУ зарегистрирован
52402,10-10-2025,ДДУ зарегистрирован
52402,10-09-2025,ДДУ зарегистрирован
52402,11-08-2025,ДДУ зарегистрирован
52402,10-07-2025,ДДУ зарегистрирован
52402,10-06-2025,ДДУ зарегистрирован
52402,22-05-2025,ДДУ зарегистрирован
52402,07-05-2025,ДДУ зарегистрирован
52402,10-04-2025,ДДУ зарегистрирован
52402,31-03-2025,ДДУ зарегистрирован
52402,10-03-2025,ДДУ зарегистрирован
52402,10-02-2025,ДДУ зарегистрирован
52402,10-01-2025,ДДУ зарегистрирован
52402,10-12-2024,ДДУ зарегистрирован
52402,08-11-2024,ДДУ зарегистрирован
52402,10-10-2024,ДДУ зарегистрирован
52402,10-09-2024,ДДУ зарегистрирован
52402,29-08-2024,ДДУ зарегистрирован
52402,09-08-2024,ДДУ зарегистрирован
52402,10-07-2024,ДДУ зарегистрирован
52402,10-06-2024,ДДУ зарегистрирован
52402,08-05-2024,ДДУ зарегистрирован
52402,09-04-2024,ДДУ зарегистрирован
52402,07-03-2024,ДДУ зарегистрирован
52402,09-02-2024,ДДУ зарегистрирован
52402,10-01-2024,ДДУ зарегистрирован
52402,08-12-2023,ДДУ зарегистрирован
52402,10-11-2023,ДДУ зарегистрирован
52402,10-10-2023,ДДУ зарегистрирован
52402,08-09-2023,ДДУ зарегистрирован
52402,24-08-2023,ДДУ зарегистрирован
52402,21-08-2023,ДДУ зарегистрирован
52402,09-08-2023,ДДУ зарегистрирован
52402,31-07-2023,Размещена
52402,10-07-2023,Размещена
52402,04-07-2023,Размещена
52402,09-06-2023,Размещена
52403,09-09-2026,ДДУ зарегистрирован
52403,12-08-2026,ДДУ зарегистрирован
52403,10-08-2026,ДДУ зарегистрирован
52403,10-07-2026,ДДУ зарегистрирован
52403,25-06-2026,ДДУ зарегистрирован
52403,10-06-2026,ДДУ зарегистрирован
52403,08-05-2026,ДДУ зарегистрирован
52403,10-04-2026,ДДУ зарегистрирован
52403,10-03-2026,ДДУ зарегистрирован
52403,10-02-2026,ДДУ зарегистрирован
52403,12-01-2026,ДДУ зарегистрирован
52403,09-12-2025,ДДУ зарегистрирован
52403,10-11-2025,ДДУ зарегистрирован
52403,10-10-2025,ДДУ зарегистрирован
52403,10-09-2025,ДДУ зарегистрирован
52403,11-08-2025,ДДУ зарегистрирован
52403,10-07-2025,ДДУ зарегистрирован
52403,10-06-2025,ДДУ зарегистрирован
52403,22-05-2025,ДДУ зарегистрирован
52403,07-05-2025,ДДУ зарегистрирован
52403,10-04-2025,ДДУ зарегистрирован
52403,31-03-2025,ДДУ зарегистрирован
52403,10-03-2025,ДДУ зарегистрирован
52403,10-02-2025,ДДУ зарегистрирован
52403,10-01-2025,ДДУ зарегистрирован
52403,10-12-2024,ДДУ зарегистрирован
52403,08-11-2024,ДДУ зарегистрирован
52403,10-10-2024,ДДУ зарегистрирован
52403,10-09-2024,ДДУ зарегистрирован
52403,29-08-2024,ДДУ зарегистрирован
52403,09-08-2024,ДДУ зарегистрирован
52403,10-07-2024,ДДУ зарегистрирован
52403,10-06-2024,ДДУ зарегистрирован
52403,08-05-2024,ДДУ зарегистрирован
52403,09-04-2024,ДДУ зарегистрирован
52403,07-03-2024,ДДУ зарегистрирован
52403,09-02-2024,ДДУ зарегистрирован
52403,10-01-2024,ДДУ зарегистрирован
52403,08-12-2023,ДДУ зарегистрирован
52403,10-11-2023,ДДУ зарегистрирован
52403,10-10-2023,ДДУ зарегистрирован
52403,08-09-2023,ДДУ зарегистрирован
52403,24-08-2023,ДДУ зарегистрирован
52403,21-08-2023,ДДУ зарегистрирован
52403,09-08-2023,ДДУ зарегистрирован
52403,31-07-2023,Размещена
52403,10-07-2023,Размещена
52403,04-07-2023,Размещена
52403,09-06-2023,Размещена
52404,09-09-2026,ДДУ зарегистрирован
52404,12-08-2026,ДДУ зарегистрирован
52404,10-08-2026,ДДУ зарегистрирован
52404,10-07-2026,ДДУ зарегистрирован
52404,25-06-2026,ДДУ зарегистрирован
52404,10-06-2026,ДДУ зарегистрирован
52404,08-05-2026,ДДУ зарегистрирован
52404,10-04-2026,ДДУ зарегистрирован
52404,10-03-2026,ДДУ зарегистрирован
52404,10-02-2026,ДДУ зарегистрирован
52404,12-01-2026,ДДУ зарегистрирован
52404,09-12-2025,ДДУ зарегистрирован
52404,10-11-2025,ДДУ зарегистрирован
52404,10-10-2025,ДДУ зарегистрирован
52404,10-09-2025,ДДУ зарегистрирован
52404,11-08-2025,ДДУ зарегистрирован
52404,10-07-2025,ДДУ зарегистрирован
52404,10-06-2025,ДДУ зарегистрирован
52404,22-05-2025,ДДУ зарегистрирован
52404,07-05-2025,ДДУ зарегистрирован
52404,10-04-2025,ДДУ зарегистрирован
52404,31-03-2025,ДДУ зарегистрирован
52404,10-03-2025,ДДУ зарегистрирован
52404,10-02-2025,ДДУ зарегистрирован
52404,10-01-2025,ДДУ зарегистрирован
52404,10-12-2024,ДДУ зарегистрирован
52404,08-11-2024,ДДУ зарегистрирован
52404,10-10-2024,ДДУ зарегистрирован
52404,10-09-2024,ДДУ зарегистрирован
52404,29-08-2024,ДДУ зарегистрирован
52404,09-08-2024,ДДУ зарегистрирован
52404,10-07-2024,ДДУ зарегистрирован
52404,10-06-2024,ДДУ зарегистрирован
52404,08-05-2024,ДДУ зарегистрирован
52404,09-04-2024,ДДУ зарегистрирован
52404,07-03-2024,ДДУ зарегистрирован
52404,09-02-2024,ДДУ зарегистрирован
52404,10-01-2024,ДДУ зарегистрирован
52404,08-12-2023,ДДУ зарегистрирован
52404,10-11-2023,ДДУ зарегистрирован
52404,10-10-2023,ДДУ зарегистрирован
52404,08-09-2023,ДДУ зарегистрирован
52404,24-08-2023,ДДУ зарегистрирован
52404,21-08-2023,ДДУ зарегистрирован
52404,09-08-2023,ДДУ зарегистрирован
52404,31-07-2023,Размещена
52404,10-07-2023,Размещена
52404,04-07-2023,Размещена
52404,09-06-2023,Размещена
52564,09-12-2024,ДДУ зарегистрирован
52564,06-12-2024,ДДУ зарегистрирован
52564,11-11-2024,ДДУ зарегистрирован
52564,07-11-2024,ДДУ зарегистрирован
52564,05-11-2024,ДДУ зарегистрирован
52564,02-11-2024,ДДУ зарегистрирован
52564,31-10-2024,ДДУ зарегистрирован
52564,31-10-2024,Размещена
52564,30-10-2024,Размещена
52564,17-10-2024,ДДУ зарегистрирован
52564,09-10-2024,ДДУ зарегистрирован
52564,09-10-2024,ДДУ зарегистрирован
52564,09-09-2024,ДДУ зарегистрирован
52564,23-08-2024,ДДУ зарегистрирован
52564,23-08-2024,ДДУ зарегистрирован
52564,23-08-2024,ДДУ зарегистрирован
52564,12-08-2024,ДДУ зарегистрирован
52564,09-08-2024,ДДУ зарегистрирован
52564,08-08-2024,ДДУ зарегистрирован
52564,30-07-2024,ДДУ зарегистрирован
52564,30-07-2024,ДДУ зарегистрирован
52564,09-07-2024,ДДУ зарегистрирован
52564,09-07-2024,ДДУ зарегистрирован
52564,08-07-2024,ДДУ зарегистрирован
52564,10-06-2024,ДДУ зарегистрирован
52564,07-06-2024,ДДУ зарегистрирован
52564,08-05-2024,ДДУ зарегистрирован
52564,07-05-2024,ДДУ зарегистрирован
52564,06-05-2024,ДДУ зарегистрирован
52564,02-05-2024,ДДУ зарегистрирован
52564,11-04-2024,ДДУ зарегистрирован
52564,09-04-2024,ДДУ зарегистрирован
52564,25-03-2024,ДДУ зарегистрирован
52564,07-03-2024,ДДУ зарегистрирован
52564,07-03-2024,ДДУ зарегистрирован
52564,14-02-2024,ДДУ зарегистрирован
52564,09-02-2024,ДДУ зарегистрирован
52564,11-01-2024,ДДУ зарегистрирован
52564,10-01-2024,ДДУ зарегистрирован
52564,09-01-2024,ДДУ зарегистрирован
52564,20-12-2023,ДДУ зарегистрирован
52564,15-12-2023,ДДУ зарегистрирован
52564,11-12-2023,ДДУ зарегистрирован
52564,08-12-2023,ДДУ зарегистрирован
52564,03-11-2023,ДДУ зарегистрирован
52564,30-10-2023,ДДУ зарегистрирован
52564,30-10-2023,ДДУ зарегистрирован
52564,30-10-2023,ДДУ зарегистрирован
52564,10-10-2023,ДДУ зарегистрирован
52564,06-10-2023,ДДУ зарегистрирован
52564,08-09-2023,ДДУ зарегистрирован
52564,15-08-2023,ДДУ зарегистрирован
52564,10-08-2023,ДДУ зарегистрирован
52564,10-08-2023,ДДУ зарегистрирован
52564,09-08-2023,ДДУ зарегистрирован
52564,26-07-2023,ДДУ зарегистрирован
52564,20-07-2023,ДДУ зарегистрирован
52564,20-07-2023,ДДУ зарегистрирован
52564,20-07-2023,ДДУ зарегистрирован
52564,07-07-2023,ДДУ зарегистрирован
52564,22-06-2023,ДДУ зарегистрирован
52564,20-06-2023,ДДУ зарегистрирован
52564,16-06-2023,Размещена
52564,16-06-2023,Размещена
52564,14-06-2023,Размещена
52727,06-05-2026,ДДУ зарегистрирован
52727,28-04-2026,ДДУ зарегистрирован
52727,07-04-2026,ДДУ зарегистрирован
52727,12-03-2026,ДДУ зарегистрирован
52727,11-03-2026,ДДУ зарегистрирован
52727,06-03-2026,ДДУ зарегистрирован
52727,25-02-2026,ДДУ зарегистрирован
52727,06-02-2026,ДДУ зарегистрирован
52727,16-01-2026,ДДУ зарегистрирован
52727,13-01-2026,ДДУ зарегистрирован
52727,09-12-2025,ДДУ зарегистрирован
52727,26-11-2025,ДДУ зарегистрирован
52727,26-11-2025,ДДУ зарегистрирован
52727,11-11-2025,ДДУ зарегистрирован
52727,10-11-2025,ДДУ зарегистрирован
52727,15-10-2025,ДДУ зарегистрирован
52727,06-10-2025,ДДУ зарегистрирован
52727,08-09-2025,ДДУ зарегистрирован
52727,06-08-2025,ДДУ зарегистрирован
52727,05-08-2025,ДДУ зарегистрирован
52727,30-07-2025,ДДУ зарегистрирован
52727,07-07-2025,ДДУ зарегистрирован
52727,19-06-2025,ДДУ зарегистрирован
52727,05-06-2025,ДДУ зарегистрирован
52727,23-05-2025,ДДУ зарегистрирован
52727,13-05-2025,ДДУ зарегистрирован
52727,05-05-2025,ДДУ зарегистрирован
52727,21-04-2025,ДДУ зарегистрирован
52727,09-04-2025,ДДУ зарегистрирован
52727,04-04-2025,ДДУ зарегистрирован
52727,14-03-2025,ДДУ зарегистрирован
52727,04-03-2025,ДДУ зарегистрирован
52727,06-02-2025,ДДУ зарегистрирован
52727,09-01-2025,ДДУ зарегистрирован
52727,27-12-2024,ДДУ зарегистрирован
52727,12-12-2024,ДДУ зарегистрирован
52727,09-12-2024,ДДУ зарегистрирован
52727,06-12-2024,ДДУ зарегистрирован
52727,07-11-2024,ДДУ зарегистрирован
52727,17-10-2024,ДДУ зарегистрирован
52727,08-10-2024,ДДУ зарегистрирован
52727,17-09-2024,ДДУ зарегистрирован
52727,05-09-2024,ДДУ зарегистрирован
52727,06-08-2024,ДДУ зарегистрирован
52727,25-07-2024,ДДУ зарегистрирован
52727,08-07-2024,ДДУ зарегистрирован
52727,07-06-2024,ДДУ зарегистрирован
52727,07-06-2024,ДДУ зарегистрирован
52727,15-05-2024,ДДУ зарегистрирован
52727,06-05-2024,ДДУ зарегистрирован
52727,24-04-2024,ДДУ зарегистрирован
52727,19-04-2024,ДДУ зарегистрирован
52727,09-04-2024,ДДУ зарегистрирован
52727,07-03-2024,ДДУ зарегистрирован
52727,19-02-2024,ДДУ зарегистрирован
52727,19-02-2024,ДДУ зарегистрирован
52727,12-02-2024,ДДУ зарегистрирован
52727,10-01-2024,ДДУ зарегистрирован
52727,08-12-2023,ДДУ зарегистрирован
52727,10-11-2023,ДДУ зарегистрирован
52727,27-10-2023,ДДУ зарегистрирован
52727,05-10-2023,ДДУ зарегистрирован
52727,08-09-2023,ДДУ зарегистрирован
52727,09-08-2023,ДДУ зарегистрирован
52727,31-07-2023,ДДУ зарегистрирован
52727,31-07-2023,ДДУ зарегистрирован
52727,26-07-2023,ДДУ зарегистрирован
52727,24-07-2023,ДДУ зарегистрирован
52727,17-07-2023,Размещена
52727,23-06-2023,Размещена
52727,22-06-2023,Размещена
52727,22-06-2023,Размещена
52730,06-05-2026,ДДУ зарегистрирован
52730,28-04-2026,ДДУ зарегистрирован
52730,07-04-2026,ДДУ зарегистрирован
52730,12-03-2026,ДДУ зарегистрирован
52730,11-03-2026,ДДУ зарегистрирован
52730,06-03-2026,ДДУ зарегистрирован
52730,25-02-2026,ДДУ зарегистрирован
52730,06-02-2026,ДДУ зарегистрирован
52730,16-01-2026,ДДУ зарегистрирован
52730,13-01-2026,ДДУ зарегистрирован
52730,09-12-2025,ДДУ зарегистрирован
52730,26-11-2025,ДДУ зарегистрирован
52730,26-11-2025,ДДУ зарегистрирован
52730,11-11-2025,ДДУ зарегистрирован
52730,10-11-2025,ДДУ зарегистрирован
52730,15-10-2025,ДДУ зарегистрирован
52730,06-10-2025,ДДУ зарегистрирован
52730,08-09-2025,ДДУ зарегистрирован
52730,06-08-2025,ДДУ зарегистрирован
52730,05-08-2025,ДДУ зарегистрирован
52730,30-07-2025,ДДУ зарегистрирован
52730,07-07-2025,ДДУ зарегистрирован
52730,19-06-2025,ДДУ зарегистрирован
52730,05-06-2025,ДДУ зарегистрирован
52730,23-05-2025,ДДУ зарегистрирован
52730,13-05-2025,ДДУ зарегистрирован
52730,05-05-2025,ДДУ зарегистрирован
52730,21-04-2025,ДДУ зарегистрирован
52730,09-04-2025,ДДУ зарегистрирован
52730,04-04-2025,ДДУ зарегистрирован
52730,14-03-2025,ДДУ зарегистрирован
52730,04-03-2025,ДДУ зарегистрирован
52730,06-02-2025,ДДУ зарегистрирован
52730,09-01-2025,ДДУ зарегистрирован
52730,27-12-2024,ДДУ зарегистрирован
52730,12-12-2024,ДДУ зарегистрирован
52730,09-12-2024,ДДУ зарегистрирован
52730,06-12-2024,ДДУ зарегистрирован
52730,07-11-2024,ДДУ зарегистрирован
52730,17-10-2024,ДДУ зарегистрирован
52730,08-10-2024,ДДУ зарегистрирован
52730,17-09-2024,ДДУ зарегистрирован
52730,05-09-2024,ДДУ зарегистрирован
52730,06-08-2024,ДДУ зарегистрирован
52730,25-07-2024,ДДУ зарегистрирован
52730,08-07-2024,ДДУ зарегистрирован
52730,07-06-2024,ДДУ зарегистрирован
52730,07-06-2024,ДДУ зарегистрирован
52730,15-05-2024,ДДУ зарегистрирован
52730,06-05-2024,ДДУ зарегистрирован
52730,24-04-2024,ДДУ зарегистрирован
52730,19-04-2024,ДДУ зарегистрирован
52730,09-04-2024,ДДУ зарегистрирован
52730,07-03-2024,ДДУ зарегистрирован
52730,19-02-2024,ДДУ зарегистрирован
52730,12-02-2024,ДДУ зарегистрирован
52730,12-02-2024,ДДУ зарегистрирован
52730,10-01-2024,ДДУ зарегистрирован
52730,08-12-2023,ДДУ зарегистрирован
52730,10-11-2023,ДДУ зарегистрирован
52730,27-10-2023,ДДУ зарегистрирован
52730,05-10-2023,ДДУ зарегистрирован
52730,08-09-2023,ДДУ зарегистрирован
52730,09-08-2023,ДДУ зарегистрирован
52730,31-07-2023,ДДУ зарегистрирован
52730,31-07-2023,ДДУ зарегистрирован
52730,26-07-2023,ДДУ зарегистрирован
52730,24-07-2023,ДДУ зарегистрирован
52730,17-07-2023,Размещена
52730,23-06-2023,Размещена
52730,22-06-2023,Размещена
52730,22-06-2023,Размещена
52732,06-05-2026,ДДУ зарегистрирован
52732,28-04-2026,ДДУ зарегистрирован
52732,07-04-2026,ДДУ зарегистрирован
52732,12-03-2026,ДДУ зарегистрирован
52732,11-03-2026,ДДУ зарегистрирован
52732,06-03-2026,ДДУ зарегистрирован
52732,25-02-2026,ДДУ зарегистрирован
52732,06-02-2026,ДДУ зарегистрирован
52732,16-01-2026,ДДУ зарегистрирован
52732,13-01-2026,ДДУ зарегистрирован
52732,09-12-2025,ДДУ зарегистрирован
52732,26-11-2025,ДДУ зарегистрирован
52732,26-11-2025,ДДУ зарегистрирован
52732,11-11-2025,ДДУ зарегистрирован
52732,10-11-2025,ДДУ зарегистрирован
52732,15-10-2025,ДДУ зарегистрирован
52732,06-10-2025,ДДУ зарегистрирован
52732,08-09-2025,ДДУ зарегистрирован
52732,06-08-2025,ДДУ зарегистрирован
52732,05-08-2025,ДДУ зарегистрирован
52732,30-07-2025,ДДУ зарегистрирован
52732,07-07-2025,ДДУ зарегистрирован
52732,19-06-2025,ДДУ зарегистрирован
52732,05-06-2025,ДДУ зарегистрирован
52732,23-05-2025,ДДУ зарегистрирован
52732,13-05-2025,ДДУ зарегистрирован
52732,05-05-2025,ДДУ зарегистрирован
52732,21-04-2025,ДДУ зарегистрирован
52732,09-04-2025,ДДУ зарегистрирован
52732,04-04-2025,ДДУ зарегистрирован
52732,14-03-2025,ДДУ зарегистрирован
52732,04-03-2025,ДДУ зарегистрирован
52732,06-02-2025,ДДУ зарегистрирован
52732,09-01-2025,ДДУ зарегистрирован
52732,27-12-2024,ДДУ зарегистрирован
52732,12-12-2024,ДДУ зарегистрирован
52732,09-12-2024,ДДУ зарегистрирован
52732,06-12-2024,ДДУ зарегистрирован
52732,07-11-2024,ДДУ зарегистрирован
52732,17-10-2024,ДДУ зарегистрирован
52732,08-10-2024,ДДУ зарегистрирован
52732,17-09-2024,ДДУ зарегистрирован
52732,05-09-2024,ДДУ зарегистрирован
52732,06-08-2024,ДДУ зарегистрирован
52732,25-07-2024,ДДУ зарегистрирован
52732,08-07-2024,ДДУ зарегистрирован
52732,07-06-2024,ДДУ зарегистрирован
52732,07-06-2024,ДДУ зарегистрирован
52732,15-05-2024,ДДУ зарегистрирован
52732,06-05-2024,ДДУ зарегистрирован
52732,24-04-2024,ДДУ зарегистрирован
52732,19-04-2024,ДДУ зарегистрирован
52732,09-04-2024,ДДУ зарегистрирован
52732,07-03-2024,ДДУ зарегистрирован
52732,19-02-2024,ДДУ зарегистрирован
52732,12-02-2024,ДДУ зарегистрирован
52732,10-01-2024,ДДУ зарегистрирован
52732,21-12-2023,ДДУ зарегистрирован
52732,10-11-2023,ДДУ зарегистрирован
52732,27-10-2023,ДДУ зарегистрирован
52732,05-10-2023,ДДУ зарегистрирован
52732,08-09-2023,ДДУ зарегистрирован
52732,09-08-2023,ДДУ зарегистрирован
52732,07-08-2023,ДДУ зарегистрирован
52732,03-08-2023,ДДУ зарегистрирован
52732,26-07-2023,ДДУ зарегистрирован
52732,24-07-2023,ДДУ зарегистрирован
52732,17-07-2023,Размещена
52732,23-06-2023,Размещена
52732,23-06-2023,Размещена
52732,22-06-2023,Размещена
52733,06-05-2026,ДДУ зарегистрирован
52733,28-04-2026,ДДУ зарегистрирован
52733,07-04-2026,ДДУ зарегистрирован
52733,12-03-2026,ДДУ зарегистрирован
52733,11-03-2026,ДДУ зарегистрирован
52733,06-03-2026,ДДУ зарегистрирован
52733,25-02-2026,ДДУ зарегистрирован
52733,06-02-2026,ДДУ зарегистрирован
52733,16-01-2026,ДДУ зарегистрирован
52733,13-01-2026,ДДУ зарегистрирован
52733,09-12-2025,ДДУ зарегистрирован
52733,26-11-2025,ДДУ зарегистрирован
52733,26-11-2025,ДДУ зарегистрирован
52733,11-11-2025,ДДУ зарегистрирован
52733,10-11-2025,ДДУ зарегистрирован
52733,15-10-2025,ДДУ зарегистрирован
52733,06-10-2025,ДДУ зарегистрирован
52733,26-09-2025,ДДУ зарегистрирован
52733,26-09-2025,ДДУ зарегистрирован
52733,08-09-2025,ДДУ зарегистрирован
52733,06-08-2025,ДДУ зарегистрирован
52733,05-08-2025,ДДУ зарегистрирован
52733,30-07-2025,ДДУ зарегистрирован
52733,07-07-2025,ДДУ зарегистрирован
52733,19-06-2025,ДДУ зарегистрирован
52733,09-06-2025,ДДУ зарегистрирован
52733,05-06-2025,ДДУ зарегистрирован
52733,05-05-2025,ДДУ зарегистрирован
52733,21-04-2025,ДДУ зарегистрирован
52733,09-04-2025,ДДУ зарегистрирован
52733,04-04-2025,ДДУ зарегистрирован
52733,14-03-2025,ДДУ зарегистрирован
52733,04-03-2025,ДДУ зарегистрирован
52733,06-02-2025,ДДУ зарегистрирован
52733,29-01-2025,ДДУ зарегистрирован
52733,29-01-2025,ДДУ зарегистрирован
52733,28-01-2025,ДДУ зарегистрирован
52733,09-01-2025,ДДУ зарегистрирован
52733,27-12-2024,ДДУ зарегистрирован
52733,09-12-2024,ДДУ зарегистрирован
52733,06-12-2024,ДДУ зарегистрирован
52733,07-11-2024,ДДУ зарегистрирован
52733,17-10-2024,ДДУ зарегистрирован
52733,08-10-2024,ДДУ зарегистрирован
52733,05-09-2024,ДДУ зарегистрирован
52733,06-08-2024,ДДУ зарегистрирован
52733,25-07-2024,ДДУ зарегистрирован
52733,08-07-2024,ДДУ зарегистрирован
52733,07-06-2024,ДДУ зарегистрирован
52733,07-06-2024,ДДУ зарегистрирован
52733,31-05-2024,ДДУ зарегистрирован
52733,30-05-2024,ДДУ зарегистрирован
52733,15-05-2024,ДДУ зарегистрирован
52733,06-05-2024,ДДУ зарегистрирован
52733,24-04-2024,ДДУ зарегистрирован
52733,19-04-2024,ДДУ зарегистрирован
52733,09-04-2024,ДДУ зарегистрирован
52733,07-03-2024,ДДУ зарегистрирован
52733,19-02-2024,ДДУ зарегистрирован
52733,12-02-2024,ДДУ зарегистрирован
52733,10-01-2024,ДДУ зарегистрирован
52733,13-12-2023,ДДУ зарегистрирован
52733,12-12-2023,Размещена
52733,08-12-2023,Размещена
52733,10-11-2023,Размещена
52733,27-10-2023,Размещена
52733,05-10-2023,Размещена
52733,08-09-2023,Размещена
52733,09-08-2023,Размещена
52733,31-07-2023,Размещена
52733,31-07-2023,Размещена
52733,26-07-2023,Размещена
52733,24-07-2023,Размещена
52733,23-06-2023,Размещена
52733,23-06-2023,Размещена
52733,22-06-2023,Размещена
52735,02-09-2025,ДДУ зарегистрирован
52735,04-08-2025,ДДУ зарегистрирован
52735,29-07-2025,ДДУ зарегистрирован
52735,02-07-2025,ДДУ зарегистрирован
52735,27-06-2025,ДДУ зарегистрирован
52735,09-06-2025,ДДУ зарегистрирован
52735,05-05-2025,ДДУ зарегистрирован
52735,30-04-2025,ДДУ зарегистрирован
52735,25-04-2025,ДДУ зарегистрирован
52735,25-04-2025,ДДУ зарегистрирован
52735,03-04-2025,ДДУ зарегистрирован
52735,18-03-2025,ДДУ зарегистрирован
52735,04-03-2025,ДДУ зарегистрирован
52735,06-02-2025,ДДУ зарегистрирован
52735,05-02-2025,ДДУ зарегистрирован
52735,10-01-2025,ДДУ зарегистрирован
52735,09-12-2024,ДДУ зарегистрирован
52735,03-12-2024,ДДУ зарегистрирован
52735,14-11-2024,ДДУ зарегистрирован
52735,01-11-2024,ДДУ зарегистрирован
52735,29-10-2024,ДДУ зарегистрирован
52735,17-10-2024,ДДУ зарегистрирован
52735,07-10-2024,ДДУ зарегистрирован
52735,01-10-2024,ДДУ зарегистрирован
52735,09-09-2024,ДДУ зарегистрирован
52735,01-08-2024,ДДУ зарегистрирован
52735,30-07-2024,ДДУ зарегистрирован
52735,01-07-2024,ДДУ зарегистрирован
52735,03-06-2024,ДДУ зарегистрирован
52735,03-05-2024,ДДУ зарегистрирован
52735,25-04-2024,ДДУ зарегистрирован
52735,25-04-2024,ДДУ зарегистрирован
52735,24-04-2024,ДДУ зарегистрирован
52735,24-04-2024,ДДУ зарегистрирован
52735,19-04-2024,ДДУ зарегистрирован
52735,03-04-2024,ДДУ зарегистрирован
52735,03-04-2024,ДДУ зарегистрирован
52735,14-03-2024,ДДУ зарегистрирован
52735,06-03-2024,ДДУ зарегистрирован
52735,06-03-2024,ДДУ зарегистрирован
52735,21-02-2024,ДДУ зарегистрирован
52735,02-02-2024,ДДУ зарегистрирован
52735,26-01-2024,ДДУ зарегистрирован
52735,15-01-2024,ДДУ зарегистрирован
52735,09-01-2024,ДДУ зарегистрирован
52735,04-12-2023,ДДУ зарегистрирован
52735,01-11-2023,ДДУ зарегистрирован
52735,25-10-2023,ДДУ зарегистрирован
52735,24-10-2023,ДДУ зарегистрирован
52735,16-10-2023,ДДУ зарегистрирован
52735,10-10-2023,ДДУ зарегистрирован
52735,02-10-2023,ДДУ зарегистрирован
52735,14-09-2023,ДДУ зарегистрирован
52735,11-08-2023,Размещена
52735,25-07-2023,Размещена
52735,04-07-2023,Размещена
52735,22-06-2023,Размещена
52735,22-06-2023,Размещена
52911,09-09-2025,ДДУ зарегистрирован
52911,18-08-2025,ДДУ зарегистрирован
52911,11-08-2025,ДДУ зарегистрирован
52911,11-08-2025,ДДУ зарегистрирован
52911,08-08-2025,ДДУ зарегистрирован
52911,08-08-2025,ДДУ зарегистрирован
52911,28-07-2025,ДДУ зарегистрирован
52911,17-07-2025,ДДУ зарегистрирован
52911,09-07-2025,ДДУ зарегистрирован
52911,07-07-2025,ДДУ зарегистрирован
52911,02-07-2025,ДДУ зарегистрирован
52911,10-06-2025,ДДУ зарегистрирован
52911,09-06-2025,ДДУ зарегистрирован
52911,09-06-2025,ДДУ зарегистрирован
52911,29-05-2025,ДДУ зарегистрирован
52911,07-05-2025,ДДУ зарегистрирован
52911,07-05-2025,ДДУ зарегистрирован
52911,29-04-2025,ДДУ зарегистрирован
52911,10-04-2025,ДДУ зарегистрирован
52911,09-04-2025,ДДУ зарегистрирован
52911,09-04-2025,ДДУ зарегистрирован
52911,10-03-2025,ДДУ зарегистрирован
52911,07-03-2025,ДДУ зарегистрирован
52911,07-02-2025,ДДУ зарегистрирован
52911,05-02-2025,ДДУ зарегистрирован
52911,04-02-2025,ДДУ зарегистрирован
52911,30-01-2025,ДДУ зарегистрирован
52911,29-01-2025,ДДУ зарегистрирован
52911,13-01-2025,ДДУ зарегистрирован
52911,13-01-2025,ДДУ зарегистрирован
52911,10-01-2025,ДДУ зарегистрирован
52911,09-01-2025,ДДУ зарегистрирован
52911,09-12-2024,ДДУ зарегистрирован
52911,06-12-2024,ДДУ зарегистрирован
52911,11-11-2024,ДДУ зарегистрирован
52911,08-11-2024,ДДУ зарегистрирован
52911,28-10-2024,ДДУ зарегистрирован
52911,09-10-2024,ДДУ зарегистрирован
52911,09-10-2024,ДДУ зарегистрирован
52911,17-09-2024,ДДУ зарегистрирован
52911,11-09-2024,ДДУ зарегистрирован
52911,11-09-2024,ДДУ зарегистрирован
52911,09-09-2024,ДДУ зарегистрирован
52911,23-08-2024,ДДУ зарегистрирован
52911,13-08-2024,ДДУ зарегистрирован
52911,12-08-2024,ДДУ зарегистрирован
52911,09-08-2024,ДДУ зарегистрирован
52911,08-08-2024,ДДУ зарегистрирован
52911,30-07-2024,ДДУ зарегистрирован
52911,22-07-2024,ДДУ зарегистрирован
52911,22-07-2024,ДДУ зарегистрирован
52911,22-07-2024,ДДУ зарегистрирован
52911,09-07-2024,ДДУ зарегистрирован
52911,09-07-2024,ДДУ зарегистрирован
52911,05-07-2024,ДДУ зарегистрирован
52911,13-06-2024,ДДУ зарегистрирован
52911,13-06-2024,ДДУ зарегистрирован
52911,11-06-2024,ДДУ зарегистрирован
52911,08-05-2024,ДДУ зарегистрирован
52911,07-05-2024,ДДУ зарегистрирован
52911,06-05-2024,ДДУ зарегистрирован
52911,02-05-2024,ДДУ зарегистрирован
52911,02-05-2024,ДДУ зарегистрирован
52911,02-05-2024,ДДУ зарегистрирован
52911,11-04-2024,ДДУ зарегистрирован
52911,04-04-2024,ДДУ зарегистрирован
52911,07-03-2024,ДДУ зарегистрирован
52911,06-03-2024,ДДУ зарегистрирован
52911,09-02-2024,ДДУ зарегистрирован
52911,11-01-2024,ДДУ зарегистрирован
52911,10-01-2024,ДДУ зарегистрирован
52911,09-01-2024,ДДУ зарегистрирован
52911,15-12-2023,ДДУ зарегистрирован
52911,11-12-2023,ДДУ зарегистрирован
52911,08-12-2023,ДДУ зарегистрирован
52911,17-11-2023,ДДУ зарегистрирован
52911,16-11-2023,ДДУ зарегистрирован
52911,08-11-2023,ДДУ зарегистрирован
52911,03-11-2023,ДДУ зарегистрирован
52911,18-10-2023,ДДУ зарегистрирован
52911,10-10-2023,ДДУ зарегистрирован
52911,06-10-2023,ДДУ зарегистрирован
52911,25-09-2023,ДДУ зарегистрирован
52911,08-09-2023,Размещена
52911,09-08-2023,Размещена
52911,10-07-2023,Размещена
52911,07-07-2023,Размещена
52911,07-07-2023,Размещена
52911,03-07-2023,Размещена
52911,30-06-2023,Размещена
52912,09-09-2025,ДДУ зарегистрирован
52912,18-08-2025,ДДУ зарегистрирован
52912,11-08-2025,ДДУ зарегистрирован
52912,11-08-2025,ДДУ зарегистрирован
52912,08-08-2025,ДДУ зарегистрирован
52912,08-08-2025,ДДУ зарегистрирован
52912,28-07-2025,ДДУ зарегистрирован
52912,17-07-2025,ДДУ зарегистрирован
52912,09-07-2025,ДДУ зарегистрирован
52912,07-07-2025,ДДУ зарегистрирован
52912,02-07-2025,ДДУ зарегистрирован
52912,10-06-2025,ДДУ зарегистрирован
52912,09-06-2025,ДДУ зарегистрирован
52912,09-06-2025,ДДУ зарегистрирован
52912,29-05-2025,ДДУ зарегистрирован
52912,07-05-2025,ДДУ зарегистрирован
52912,07-05-2025,ДДУ зарегистрирован
52912,29-04-2025,ДДУ зарегистрирован
52912,10-04-2025,ДДУ зарегистрирован
52912,09-04-2025,ДДУ зарегистрирован
52912,09-04-2025,ДДУ зарегистрирован
52912,10-03-2025,ДДУ зарегистрирован
52912,07-03-2025,ДДУ зарегистрирован
52912,07-02-2025,ДДУ зарегистрирован
52912,05-02-2025,ДДУ зарегистрирован
52912,04-02-2025,ДДУ зарегистрирован
52912,30-01-2025,ДДУ зарегистрирован
52912,29-01-2025,ДДУ зарегистрирован
52912,13-01-2025,ДДУ зарегистрирован
52912,13-01-2025,ДДУ зарегистрирован
52912,10-01-2025,ДДУ зарегистрирован
52912,09-01-2025,ДДУ зарегистрирован
52912,09-12-2024,ДДУ зарегистрирован
52912,06-12-2024,ДДУ зарегистрирован
52912,11-11-2024,ДДУ зарегистрирован
52912,08-11-2024,ДДУ зарегистрирован
52912,28-10-2024,ДДУ зарегистрирован
52912,09-10-2024,ДДУ зарегистрирован
52912,09-10-2024,ДДУ зарегистрирован
52912,17-09-2024,ДДУ зарегистрирован
52912,11-09-2024,ДДУ зарегистрирован
52912,11-09-2024,ДДУ зарегистрирован
52912,09-09-2024,ДДУ зарегистрирован
52912,23-08-2024,ДДУ зарегистрирован
52912,13-08-2024,ДДУ зарегистрирован
52912,12-08-2024,ДДУ зарегистрирован
52912,09-08-2024,ДДУ зарегистрирован
52912,08-08-2024,ДДУ зарегистрирован
52912,30-07-2024,ДДУ зарегистрирован
52912,22-07-2024,ДДУ зарегистрирован
52912,22-07-2024,ДДУ зарегистрирован
52912,22-07-2024,ДДУ зарегистрирован
52912,09-07-2024,ДДУ зарегистрирован
52912,09-07-2024,ДДУ зарегистрирован
52912,05-07-2024,ДДУ зарегистрирован
52912,13-06-2024,ДДУ зарегистрирован
52912,13-06-2024,ДДУ зарегистрирован
52912,11-06-2024,ДДУ зарегистрирован
52912,08-05-2024,ДДУ зарегистрирован
52912,07-05-2024,ДДУ зарегистрирован
52912,06-05-2024,ДДУ зарегистрирован
52912,02-05-2024,ДДУ зарегистрирован
52912,02-05-2024,ДДУ зарегистрирован
52912,02-05-2024,ДДУ зарегистрирован
52912,11-04-2024,ДДУ зарегистрирован
52912,04-04-2024,ДДУ зарегистрирован
52912,07-03-2024,ДДУ зарегистрирован
52912,06-03-2024,ДДУ зарегистрирован
52912,09-02-2024,ДДУ зарегистрирован
52912,11-01-2024,ДДУ зарегистрирован
52912,10-01-2024,ДДУ зарегистрирован
52912,09-01-2024,ДДУ зарегистрирован
52912,15-12-2023,ДДУ зарегистрирован
52912,11-12-2023,ДДУ зарегистрирован
52912,08-12-2023,ДДУ зарегистрирован
52912,17-11-2023,ДДУ зарегистрирован
52912,16-11-2023,ДДУ зарегистрирован
52912,08-11-2023,ДДУ зарегистрирован
52912,03-11-2023,ДДУ зарегистрирован
52912,18-10-2023,ДДУ зарегистрирован
52912,10-10-2023,ДДУ зарегистрирован
52912,06-10-2023,ДДУ зарегистрирован
52912,25-09-2023,ДДУ зарегистрирован
52912,08-09-2023,Размещена
52912,09-08-2023,Размещена
52912,10-07-2023,Размещена
52912,07-07-2023,Размещена
52912,07-07-2023,Размещена
52912,03-07-2023,Размещена
52912,30-06-2023,Размещена
52985,24-07-2025,ДДУ зарегистрирован
52985,12-05-2025,ДДУ зарегистрирован
52985,05-05-2025,ДДУ зарегистрирован
52985,25-04-2025,ДДУ зарегистрирован
52985,25-04-2025,ДДУ зарегистрирован
52985,01-04-2025,ДДУ зарегистрирован
52985,11-03-2025,ДДУ зарегистрирован
52985,10-03-2025,ДДУ зарегистрирован
52985,03-03-2025,ДДУ зарегистрирован
52985,24-02-2025,ДДУ зарегистрирован
52985,04-02-2025,ДДУ зарегистрирован
52985,03-02-2025,ДДУ зарегистрирован
52985,09-01-2025,ДДУ зарегистрирован
52985,02-12-2024,ДДУ зарегистрирован
52985,01-11-2024,ДДУ зарегистрирован
52985,25-10-2024,ДДУ зарегистрирован
52985,01-10-2024,ДДУ зарегистрирован
52985,30-09-2024,ДДУ зарегистрирован
52985,03-09-2024,ДДУ зарегистрирован
52985,01-08-2024,ДДУ зарегистрирован
52985,02-07-2024,ДДУ зарегистрирован
52985,27-06-2024,ДДУ зарегистрирован
52985,19-06-2024,ДДУ зарегистрирован
52985,18-06-2024,ДДУ зарегистрирован
52985,03-06-2024,ДДУ зарегистрирован
52985,03-05-2024,ДДУ зарегистрирован
52985,03-05-2024,ДДУ зарегистрирован
52985,01-04-2024,ДДУ зарегистрирован
52985,11-03-2024,ДДУ зарегистрирован
52985,04-03-2024,ДДУ зарегистрирован
52985,14-02-2024,ДДУ зарегистрирован
52985,13-02-2024,ДДУ зарегистрирован
52985,02-02-2024,ДДУ зарегистрирован
52985,04-01-2024,ДДУ зарегистрирован
52985,29-12-2023,ДДУ зарегистрирован
52985,21-12-2023,ДДУ зарегистрирован
52985,15-12-2023,ДДУ зарегистрирован
52985,04-12-2023,ДДУ зарегистрирован
52985,01-11-2023,ДДУ зарегистрирован
52985,26-10-2023,ДДУ зарегистрирован
52985,02-10-2023,ДДУ зарегистрирован
52985,22-09-2023,ДДУ зарегистрирован
52985,24-08-2023,ДДУ зарегистрирован
52985,15-08-2023,Размещена
52985,11-08-2023,Размещена
52985,13-07-2023,Размещена
52985,06-07-2023,Размещена
53346,12-02-2024,ДДУ зарегистрирован
53346,15-01-2024,ДДУ зарегистрирован
53346,10-01-2024,ДДУ зарегистрирован
53346,28-11-2023,Размещена
53346,15-11-2023,Размещена
53346,31-10-2023,Размещена
53346,25-10-2023,Размещена
53346,18-10-2023,Размещена
53346,05-10-2023,Размещена
53346,21-07-2023,Размещена
53435,01-06-2026,ДДУ зарегистрирован
53435,15-05-2026,ДДУ зарегистрирован
53435,28-04-2026,ДДУ зарегистрирован
53435,02-04-2026,ДДУ зарегистрирован
53435,31-03-2026,ДДУ зарегистрирован
53435,04-03-2026,ДДУ зарегистрирован
53435,05-02-2026,ДДУ зарегистрирован
53435,10-01-2026,ДДУ зарегистрирован
53435,25-12-2025,ДДУ зарегистрирован
53435,08-12-2025,ДДУ зарегистрирован
53435,10-11-2025,ДДУ зарегистрирован
53435,31-10-2025,ДДУ зарегистрирован
53435,08-10-2025,ДДУ зарегистрирован
53435,08-09-2025,ДДУ зарегистрирован
53435,22-08-2025,ДДУ зарегистрирован
53435,06-08-2025,ДДУ зарегистрирован
53435,29-07-2025,ДДУ зарегистрирован
53435,21-07-2025,ДДУ зарегистрирован
53435,07-07-2025,ДДУ зарегистрирован
53435,04-06-2025,ДДУ зарегистрирован
53435,06-05-2025,ДДУ зарегистрирован
53435,14-04-2025,ДДУ зарегистрирован
53435,10-03-2025,ДДУ зарегистрирован
53435,07-02-2025,ДДУ зарегистрирован
53435,10-01-2025,ДДУ зарегистрирован
53435,02-12-2024,ДДУ зарегистрирован
53435,12-11-2024,ДДУ зарегистрирован
53435,02-10-2024,ДДУ зарегистрирован
53435,10-09-2024,ДДУ зарегистрирован
53435,22-08-2024,ДДУ зарегистрирован
53435,08-08-2024,ДДУ зарегистрирован
53435,10-07-2024,ДДУ зарегистрирован
53435,26-06-2024,ДДУ зарегистрирован
53435,17-06-2024,ДДУ зарегистрирован
53435,06-06-2024,ДДУ зарегистрирован
53435,03-05-2024,ДДУ зарегистрирован
53435,02-04-2024,ДДУ зарегистрирован
53435,07-03-2024,ДДУ зарегистрирован
53435,06-02-2024,ДДУ зарегистрирован
53435,10-01-2024,ДДУ зарегистрирован
53435,08-12-2023,ДДУ зарегистрирован
53435,04-12-2023,ДДУ зарегистрирован
53435,04-12-2023,ДДУ зарегистрирован
53435,10-11-2023,ДДУ зарегистрирован
53435,09-10-2023,ДДУ зарегистрирован
53435,20-09-2023,ДДУ зарегистрирован
53435,07-09-2023,Размещена
53435,16-08-2023,Размещена
53435,15-08-2023,Размещена
53435,01-08-2023,Размещена
53435,28-07-2023,Размещена
53435,27-07-2023,Размещена
53472,07-09-2026,ДДУ зарегистрирован
53472,10-08-2026,ДДУ зарегистрирован
53472,29-07-2026,ДДУ зарегистрирован
53472,15-07-2026,ДДУ зарегистрирован
53472,10-07-2026,ДДУ зарегистрирован
53472,10-06-2026,ДДУ зарегистрирован
53472,05-05-2026,ДДУ зарегистрирован
53472,05-05-2026,ДДУ зарегистрирован
53472,29-04-2026,ДДУ зарегистрирован
53472,10-04-2026,ДДУ зарегистрирован
53472,30-03-2026,ДДУ зарегистрирован
53472,10-03-2026,ДДУ зарегистрирован
53472,04-02-2026,ДДУ зарегистрирован
53472,12-01-2026,ДДУ зарегистрирован
53472,09-12-2025,ДДУ зарегистрирован
53472,10-11-2025,ДДУ зарегистрирован
53472,24-10-2025,ДДУ зарегистрирован
53472,09-10-2025,ДДУ зарегистрирован
53472,08-09-2025,ДДУ зарегистрирован
53472,08-08-2025,ДДУ зарегистрирован
53472,30-07-2025,ДДУ зарегистрирован
53472,04-07-2025,ДДУ зарегистрирован
53472,05-06-2025,ДДУ зарегистрирован
53472,05-05-2025,ДДУ зарегистрирован
53472,29-04-2025,ДДУ зарегистрирован
53472,08-04-2025,ДДУ зарегистрирован
53472,28-03-2025,ДДУ зарегистрирован
53472,10-03-2025,ДДУ зарегистрирован
53472,27-02-2025,ДДУ зарегистрирован
53472,26-02-2025,ДДУ зарегистрирован
53472,21-02-2025,ДДУ зарегистрирован
53472,04-02-2025,ДДУ зарегистрирован
53472,10-01-2025,ДДУ зарегистрирован
53472,09-12-2024,ДДУ зарегистрирован
53472,08-11-2024,ДДУ зарегистрирован
53472,08-11-2024,ДДУ зарегистрирован
53472,28-10-2024,ДДУ зарегистрирован
53472,04-10-2024,ДДУ зарегистрирован
53472,24-09-2024,ДДУ зарегистрирован
53472,09-09-2024,ДДУ зарегистрирован
53472,26-08-2024,ДДУ зарегистрирован
53472,09-08-2024,ДДУ зарегистрирован
53472,30-07-2024,ДДУ зарегистрирован
53472,25-07-2024,ДДУ зарегистрирован
53472,08-07-2024,ДДУ зарегистрирован
53472,07-06-2024,ДДУ зарегистрирован
53472,07-05-2024,ДДУ зарегистрирован
53472,23-04-2024,ДДУ зарегистрирован
53472,09-04-2024,ДДУ зарегистрирован
53472,01-04-2024,ДДУ зарегистрирован
53472,07-03-2024,ДДУ зарегистрирован
53472,07-03-2024,ДДУ зарегистрирован
53472,01-02-2024,ДДУ зарегистрирован
53472,09-01-2024,ДДУ зарегистрирован
53472,08-12-2023,ДДУ зарегистрирован
53472,09-11-2023,ДДУ зарегистрирован
53472,30-10-2023,ДДУ зарегистрирован
53472,17-10-2023,ДДУ зарегистрирован
53472,09-10-2023,ДДУ зарегистрирован
53472,07-09-2023,ДДУ зарегистрирован
53472,10-08-2023,ДДУ зарегистрирован
53472,02-08-2023,ДДУ зарегистрирован
53472,31-07-2023,Размещена
53473,10-04-2026,ДДУ зарегистрирован
53473,10-03-2026,ДДУ зарегистрирован
53473,10-02-2026,ДДУ зарегистрирован
53473,12-01-2026,ДДУ зарегистрирован
53473,25-12-2025,ДДУ зарегистрирован
53473,09-12-2025,ДДУ зарегистрирован
53473,10-11-2025,ДДУ зарегистрирован
53473,05-11-2025,ДДУ зарегистрирован
53473,10-10-2025,ДДУ зарегистрирован
53473,10-09-2025,ДДУ зарегистрирован
53473,11-08-2025,ДДУ зарегистрирован
53473,10-07-2025,ДДУ зарегистрирован
53473,02-07-2025,ДДУ зарегистрирован
53473,10-06-2025,ДДУ зарегистрирован
53473,22-05-2025,ДДУ зарегистрирован
53473,07-05-2025,ДДУ зарегистрирован
53473,10-04-2025,ДДУ зарегистрирован
53473,11-03-2025,ДДУ зарегистрирован
53473,10-03-2025,ДДУ зарегистрирован
53473,10-02-2025,ДДУ зарегистрирован
53473,10-01-2025,ДДУ зарегистрирован
53473,10-12-2024,ДДУ зарегистрирован
53473,10-12-2024,ДДУ зарегистрирован
53473,08-11-2024,ДДУ зарегистрирован
53473,10-10-2024,ДДУ зарегистрирован
53473,10-09-2024,ДДУ зарегистрирован
53473,10-09-2024,ДДУ зарегистрирован
53473,09-08-2024,ДДУ зарегистрирован
53473,10-07-2024,ДДУ зарегистрирован
53473,10-06-2024,ДДУ зарегистрирован
53473,08-05-2024,ДДУ зарегистрирован
53473,09-04-2024,ДДУ зарегистрирован
53473,07-03-2024,ДДУ зарегистрирован
53473,09-02-2024,ДДУ зарегистрирован
53473,10-01-2024,ДДУ зарегистрирован
53473,08-12-2023,ДДУ зарегистрирован
53473,10-11-2023,ДДУ зарегистрирован
53473,30-10-2023,ДДУ зарегистрирован
53473,22-08-2023,Размещена
53473,14-08-2023,Размещена
53473,31-07-2023,Размещена
53488,09-01-2025,ДДУ зарегистрирован
53488,17-12-2024,ДДУ зарегистрирован
53488,02-12-2024,ДДУ зарегистрирован
53488,19-11-2024,ДДУ зарегистрирован
53488,07-11-2024,ДДУ зарегистрирован
53488,01-11-2024,ДДУ зарегистрирован
53488,28-10-2024,ДДУ зарегистрирован
53488,01-10-2024,ДДУ зарегистрирован
53488,16-09-2024,ДДУ зарегистрирован
53488,16-09-2024,ДДУ зарегистрирован
53488,02-09-2024,ДДУ зарегистрирован
53488,02-08-2024,ДДУ зарегистрирован
53488,26-07-2024,ДДУ зарегистрирован
53488,02-07-2024,ДДУ зарегистрирован
53488,03-06-2024,ДДУ зарегистрирован
53488,02-05-2024,ДДУ зарегистрирован
53488,01-04-2024,ДДУ зарегистрирован
53488,15-03-2024,ДДУ зарегистрирован
53488,01-03-2024,ДДУ зарегистрирован
53488,29-02-2024,ДДУ зарегистрирован
53488,29-02-2024,ДДУ зарегистрирован
53488,09-01-2024,ДДУ зарегистрирован
53488,01-12-2023,ДДУ зарегистрирован
53488,23-11-2023,ДДУ зарегистрирован
53488,13-11-2023,ДДУ зарегистрирован
53488,09-11-2023,ДДУ зарегистрирован
53488,27-10-2023,ДДУ зарегистрирован
53488,06-10-2023,ДДУ зарегистрирован
53488,11-09-2023,ДДУ зарегистрирован
53488,31-08-2023,Размещена
53488,07-08-2023,Размещена
53488,01-08-2023,Размещена
53495,10-09-2026,ДДУ зарегистрирован
53495,10-08-2026,ДДУ зарегистрирован
53495,30-07-2026,ДДУ зарегистрирован
53495,06-07-2026,ДДУ зарегистрирован
53495,01-06-2026,ДДУ зарегистрирован
53495,09-05-2026,ДДУ зарегистрирован
53495,28-04-2026,ДДУ зарегистрирован
53495,03-04-2026,ДДУ зарегистрирован
53495,31-03-2026,ДДУ зарегистрирован
53495,04-03-2026,ДДУ зарегистрирован
53495,05-02-2026,ДДУ зарегистрирован
53495,08-01-2026,ДДУ зарегистрирован
53495,25-12-2025,ДДУ зарегистрирован
53495,08-12-2025,ДДУ зарегистрирован
53495,27-11-2025,ДДУ зарегистрирован
53495,10-11-2025,ДДУ зарегистрирован
53495,31-10-2025,ДДУ зарегистрирован
53495,08-10-2025,ДДУ зарегистрирован
53495,08-09-2025,ДДУ зарегистрирован
53495,06-08-2025,ДДУ зарегистрирован
53495,29-07-2025,ДДУ зарегистрирован
53495,21-07-2025,ДДУ зарегистрирован
53495,07-07-2025,ДДУ зарегистрирован
53495,04-06-2025,ДДУ зарегистрирован
53495,05-05-2025,ДДУ зарегистрирован
53495,14-04-2025,ДДУ зарегистрирован
53495,10-03-2025,ДДУ зарегистрирован
53495,07-02-2025,ДДУ зарегистрирован
53495,10-01-2025,ДДУ зарегистрирован
53495,02-12-2024,ДДУ зарегистрирован
53495,12-11-2024,ДДУ зарегистрирован
53495,02-10-2024,ДДУ зарегистрирован
53495,10-09-2024,ДДУ зарегистрирован
53495,22-08-2024,ДДУ зарегистрирован
53495,08-08-2024,ДДУ зарегистрирован
53495,10-07-2024,ДДУ зарегистрирован
53495,26-06-2024,ДДУ зарегистрирован
53495,17-06-2024,ДДУ зарегистрирован
53495,06-06-2024,ДДУ зарегистрирован
53495,03-05-2024,ДДУ зарегистрирован
53495,02-04-2024,ДДУ зарегистрирован
53495,07-03-2024,ДДУ зарегистрирован
53495,06-02-2024,ДДУ зарегистрирован
53495,10-01-2024,ДДУ зарегистрирован
53495,08-12-2023,ДДУ зарегистрирован
53495,09-10-2023,ДДУ зарегистрирован
53495,25-09-2023,ДДУ зарегистрирован
53495,22-09-2023,Размещена
53495,20-09-2023,Размещена
53495,07-09-2023,Размещена
53495,16-08-2023,Размещена
53495,15-08-2023,Размещена
53495,01-08-2023,Размещена
53496,16-09-2026,ДДУ зарегистрирован
53496,08-09-2026,ДДУ зарегистрирован
53496,06-08-2026,ДДУ зарегистрирован
53496,29-07-2026,ДДУ зарегистрирован
53496,28-07-2026,ДДУ зарегистрирован
53496,16-07-2026,ДДУ зарегистрирован
53496,08-07-2026,ДДУ зарегистрирован
53496,22-06-2026,ДДУ зарегистрирован
53496,08-06-2026,ДДУ зарегистрирован
53496,29-05-2026,ДДУ зарегистрирован
53496,07-05-2026,ДДУ зарегистрирован
53496,06-05-2026,ДДУ зарегистрирован
53496,29-04-2026,ДДУ зарегистрирован
53496,15-04-2026,ДДУ зарегистрирован
53496,08-04-2026,ДДУ зарегистрирован
53496,18-03-2026,ДДУ зарегистрирован
53496,12-03-2026,ДДУ зарегистрирован
53496,06-03-2026,ДДУ зарегистрирован
53496,02-03-2026,ДДУ зарегистрирован
53496,06-02-2026,ДДУ зарегистрирован
53496,13-01-2026,ДДУ зарегистрирован
53496,09-12-2025,ДДУ зарегистрирован
53496,27-11-2025,ДДУ зарегистрирован
53496,10-11-2025,ДДУ зарегистрирован
53496,29-10-2025,ДДУ зарегистрирован
53496,08-10-2025,ДДУ зарегистрирован
53496,01-10-2025,ДДУ зарегистрирован
53496,23-09-2025,ДДУ зарегистрирован
53496,23-09-2025,ДДУ зарегистрирован
53496,22-09-2025,ДДУ зарегистрирован
53496,22-09-2025,ДДУ зарегистрирован
53496,22-09-2025,ДДУ зарегистрирован
53496,22-09-2025,ДДУ зарегистрирован
53496,19-09-2025,ДДУ зарегистрирован
53496,10-09-2025,ДДУ зарегистрирован
53496,26-08-2025,ДДУ зарегистрирован
53496,19-08-2025,ДДУ зарегистрирован
53496,05-08-2025,ДДУ зарегистрирован
53496,30-07-2025,ДДУ зарегистрирован
53496,04-07-2025,ДДУ зарегистрирован
53496,23-06-2025,ДДУ зарегистрирован
53496,09-06-2025,ДДУ зарегистрирован
53496,05-06-2025,ДДУ зарегистрирован
53496,23-05-2025,ДДУ зарегистрирован
53496,05-05-2025,ДДУ зарегистрирован
53496,21-04-2025,ДДУ зарегистрирован
53496,04-04-2025,ДДУ зарегистрирован
53496,31-03-2025,ДДУ зарегистрирован
53496,14-03-2025,ДДУ зарегистрирован
53496,06-03-2025,ДДУ зарегистрирован
53496,07-02-2025,ДДУ зарегистрирован
53496,09-01-2025,ДДУ зарегистрирован
53496,27-12-2024,ДДУ зарегистрирован
53496,12-12-2024,ДДУ зарегистрирован
53496,06-12-2024,ДДУ зарегистрирован
53496,27-11-2024,ДДУ зарегистрирован
53496,08-10-2024,ДДУ зарегистрирован
53496,17-09-2024,ДДУ зарегистрирован
53496,06-09-2024,ДДУ зарегистрирован
53496,07-08-2024,ДДУ зарегистрирован
53496,06-08-2024,ДДУ зарегистрирован
53496,25-07-2024,ДДУ зарегистрирован
53496,08-07-2024,ДДУ зарегистрирован
53496,07-06-2024,ДДУ зарегистрирован
53496,15-05-2024,ДДУ зарегистрирован
53496,07-05-2024,ДДУ зарегистрирован
53496,24-04-2024,ДДУ зарегистрирован
53496,22-04-2024,ДДУ зарегистрирован
53496,22-04-2024,ДДУ зарегистрирован
53496,19-04-2024,ДДУ зарегистрирован
53496,09-04-2024,ДДУ зарегистрирован
53496,07-03-2024,ДДУ зарегистрирован
53496,13-02-2024,ДДУ зарегистрирован
53496,11-01-2024,ДДУ зарегистрирован
53496,08-12-2023,ДДУ зарегистрирован
53496,21-11-2023,ДДУ зарегистрирован
53496,09-11-2023,ДДУ зарегистрирован
53496,27-10-2023,ДДУ зарегистрирован
53496,13-10-2023,ДДУ зарегистрирован
53496,05-09-2023,Размещена
53496,10-08-2023,Размещена
53496,02-08-2023,Размещена
53496,01-08-2023,Размещена
53497,16-09-2026,ДДУ зарегистрирован
53497,08-09-2026,ДДУ зарегистрирован
53497,06-08-2026,ДДУ зарегистрирован
53497,29-07-2026,ДДУ зарегистрирован
53497,28-07-2026,ДДУ зарегистрирован
53497,21-07-2026,ДДУ зарегистрирован
53497,21-07-2026,ДДУ зарегистрирован
53497,08-07-2026,ДДУ зарегистрирован
53497,22-06-2026,ДДУ зарегистрирован
53497,08-06-2026,ДДУ зарегистрирован
53497,29-05-2026,ДДУ зарегистрирован
53497,07-05-2026,ДДУ зарегистрирован
53497,06-05-2026,ДДУ зарегистрирован
53497,29-04-2026,ДДУ зарегистрирован
53497,15-04-2026,ДДУ зарегистрирован
53497,08-04-2026,ДДУ зарегистрирован
53497,18-03-2026,ДДУ зарегистрирован
53497,12-03-2026,ДДУ зарегистрирован
53497,06-03-2026,ДДУ зарегистрирован
53497,04-03-2026,ДДУ зарегистрирован
53497,06-02-2026,ДДУ зарегистрирован
53497,13-01-2026,ДДУ зарегистрирован
53497,09-12-2025,ДДУ зарегистрирован
53497,27-11-2025,ДДУ зарегистрирован
53497,10-11-2025,ДДУ зарегистрирован
53497,29-10-2025,ДДУ зарегистрирован
53497,08-10-2025,ДДУ зарегистрирован
53497,01-10-2025,ДДУ зарегистрирован
53497,30-09-2025,ДДУ зарегистрирован
53497,29-09-2025,ДДУ зарегистрирован
53497,29-09-2025,ДДУ зарегистрирован
53497,29-09-2025,ДДУ зарегистрирован
53497,19-09-2025,ДДУ зарегистрирован
53497,10-09-2025,ДДУ зарегистрирован
53497,26-08-2025,ДДУ зарегистрирован
53497,19-08-2025,ДДУ зарегистрирован
53497,05-08-2025,ДДУ зарегистрирован
53497,30-07-2025,ДДУ зарегистрирован
53497,04-07-2025,ДДУ зарегистрирован
53497,23-06-2025,ДДУ зарегистрирован
53497,09-06-2025,ДДУ зарегистрирован
53497,05-06-2025,ДДУ зарегистрирован
53497,23-05-2025,ДДУ зарегистрирован
53497,05-05-2025,ДДУ зарегистрирован
53497,21-04-2025,ДДУ зарегистрирован
53497,04-04-2025,ДДУ зарегистрирован
53497,31-03-2025,ДДУ зарегистрирован
53497,14-03-2025,ДДУ зарегистрирован
53497,06-03-2025,ДДУ зарегистрирован
53497,07-02-2025,ДДУ зарегистрирован
53497,09-01-2025,ДДУ зарегистрирован
53497,27-12-2024,ДДУ зарегистрирован
53497,12-12-2024,ДДУ зарегистрирован
53497,06-12-2024,ДДУ зарегистрирован
53497,27-11-2024,ДДУ зарегистрирован
53497,08-10-2024,ДДУ зарегистрирован
53497,17-09-2024,ДДУ зарегистрирован
53497,06-09-2024,ДДУ зарегистрирован
53497,07-08-2024,ДДУ зарегистрирован
53497,06-08-2024,ДДУ зарегистрирован
53497,25-07-2024,ДДУ зарегистрирован
53497,08-07-2024,ДДУ зарегистрирован
53497,07-06-2024,ДДУ зарегистрирован
53497,15-05-2024,ДДУ зарегистрирован
53497,07-05-2024,ДДУ зарегистрирован
53497,24-04-2024,ДДУ зарегистрирован
53497,24-04-2024,ДДУ зарегистрирован
53497,24-04-2024,ДДУ зарегистрирован
53497,19-04-2024,ДДУ зарегистрирован
53497,09-04-2024,ДДУ зарегистрирован
53497,07-03-2024,ДДУ зарегистрирован
53497,13-02-2024,ДДУ зарегистрирован
53497,11-01-2024,ДДУ зарегистрирован
53497,08-12-2023,ДДУ зарегистрирован
53497,21-11-2023,ДДУ зарегистрирован
53497,09-11-2023,ДДУ зарегистрирован
53497,27-10-2023,ДДУ зарегистрирован
53497,13-10-2023,ДДУ зарегистрирован
53497,13-10-2023,Размещена
53497,05-09-2023,Размещена
53497,09-08-2023,Размещена
53497,02-08-2023,Размещена
53497,01-08-2023,Размещена
53646,12-03-2026,ДДУ зарегистрирован
53646,12-01-2026,ДДУ зарегистрирован
53646,23-12-2025,ДДУ зарегистрирован
53646,19-12-2025,ДДУ зарегистрирован
53646,15-12-2025,ДДУ зарегистрирован
53646,09-12-2025,ДДУ зарегистрирован
53646,07-11-2025,ДДУ зарегистрирован
53646,08-10-2025,ДДУ зарегистрирован
53646,05-09-2025,ДДУ зарегистрирован
53646,11-08-2025,ДДУ зарегистрирован
53646,08-08-2025,ДДУ зарегистрирован
53646,09-07-2025,ДДУ зарегистрирован
53646,19-06-2025,ДДУ зарегистрирован
53646,09-06-2025,ДДУ зарегистрирован
53646,05-06-2025,ДДУ зарегистрирован
53646,07-05-2025,ДДУ зарегистрирован
53646,23-04-2025,ДДУ зарегистрирован
53646,08-04-2025,ДДУ зарегистрирован
53646,19-03-2025,ДДУ зарегистрирован
53646,07-03-2025,ДДУ зарегистрирован
53646,07-02-2025,ДДУ зарегистрирован
53646,09-01-2025,ДДУ зарегистрирован
53646,09-12-2024,ДДУ зарегистрирован
53646,02-11-2024,ДДУ зарегистрирован
53646,17-10-2024,ДДУ зарегистрирован
53646,08-10-2024,ДДУ зарегистрирован
53646,11-09-2024,ДДУ зарегистрирован
53646,09-09-2024,ДДУ зарегистрирован
53646,09-09-2024,ДДУ зарегистрирован
53646,08-08-2024,ДДУ зарегистрирован
53646,08-07-2024,ДДУ зарегистрирован
53646,07-06-2024,ДДУ зарегистрирован
53646,21-05-2024,ДДУ зарегистрирован
53646,17-05-2024,ДДУ зарегистрирован
53646,08-05-2024,ДДУ зарегистрирован
53646,09-04-2024,ДДУ зарегистрирован
53646,07-03-2024,ДДУ зарегистрирован
53646,07-02-2024,ДДУ зарегистрирован
53646,22-01-2024,ДДУ зарегистрирован
53646,09-01-2024,Размещена
53646,06-12-2023,Размещена
53646,09-11-2023,Размещена
53646,06-10-2023,Размещена
53646,06-10-2023,Размещена
53646,08-09-2023,Размещена
53646,16-08-2023,Размещена
53646,09-08-2023,Размещена
53690,29-07-2026,ДДУ зарегистрирован
53690,10-07-2026,ДДУ зарегистрирован
53690,30-06-2026,ДДУ зарегистрирован
53690,18-06-2026,ДДУ зарегистрирован
53690,03-06-2026,ДДУ зарегистрирован
53690,05-05-2026,ДДУ зарегистрирован
53690,29-04-2026,ДДУ зарегистрирован
53690,29-04-2026,ДДУ зарегистрирован
53690,03-04-2026,ДДУ зарегистрирован
53690,04-03-2026,ДДУ зарегистрирован
53690,09-02-2026,ДДУ зарегистрирован
53690,12-01-2026,ДДУ зарегистрирован
53690,04-12-2025,ДДУ зарегистрирован
53690,20-11-2025,ДДУ зарегистрирован
53690,10-11-2025,ДДУ зарегистрирован
53690,29-10-2025,ДДУ зарегистрирован
53690,03-10-2025,ДДУ зарегистрирован
53690,10-09-2025,ДДУ зарегистрирован
53690,06-08-2025,ДДУ зарегистрирован
53690,28-07-2025,ДДУ зарегистрирован
53690,07-07-2025,ДДУ зарегистрирован
53690,09-06-2025,ДДУ зарегистрирован
53690,07-05-2025,ДДУ зарегистрирован
53690,30-04-2025,ДДУ зарегистрирован
53690,26-04-2025,ДДУ зарегистрирован
53690,10-04-2025,ДДУ зарегистрирован
53690,04-04-2025,ДДУ зарегистрирован
53690,03-03-2025,ДДУ зарегистрирован
53690,06-02-2025,ДДУ зарегистрирован
53690,09-01-2025,ДДУ зарегистрирован
53690,05-12-2024,ДДУ зарегистрирован
53690,08-11-2024,ДДУ зарегистрирован
53690,01-11-2024,ДДУ зарегистрирован
53690,31-10-2024,ДДУ зарегистрирован
53690,03-10-2024,ДДУ зарегистрирован
53690,16-09-2024,ДДУ зарегистрирован
53690,09-09-2024,ДДУ зарегистрирован
53690,08-08-2024,ДДУ зарегистрирован
53690,31-07-2024,ДДУ зарегистрирован
53690,15-07-2024,ДДУ зарегистрирован
53690,11-07-2024,ДДУ зарегистрирован
53690,09-07-2024,ДДУ зарегистрирован
53690,02-07-2024,ДДУ зарегистрирован
53690,07-06-2024,ДДУ зарегистрирован
53690,03-05-2024,ДДУ зарегистрирован
53690,27-04-2024,ДДУ зарегистрирован
53690,17-04-2024,ДДУ зарегистрирован
53690,11-04-2024,ДДУ зарегистрирован
53690,29-03-2024,Размещена
53690,08-02-2024,Размещена
53690,08-02-2024,Размещена
53690,31-01-2024,Размещена
53690,30-10-2023,Размещена
53690,18-08-2023,Размещена
53690,18-08-2023,Размещена
53690,15-08-2023,Размещена
53733,10-09-2026,ДДУ зарегистрирован
53733,28-08-2026,ДДУ зарегистрирован
53733,11-08-2026,ДДУ зарегистрирован
53733,06-08-2026,ДДУ зарегистрирован
53733,21-07-2026,ДДУ зарегистрирован
53733,10-07-2026,ДДУ зарегистрирован
53733,05-06-2026,ДДУ зарегистрирован
53733,13-05-2026,ДДУ зарегистрирован
53733,06-05-2026,ДДУ зарегистрирован
53733,07-04-2026,ДДУ зарегистрирован
53733,05-03-2026,ДДУ зарегистрирован
53733,09-02-2026,ДДУ зарегистрирован
53733,12-01-2026,ДДУ зарегистрирован
53733,10-12-2025,ДДУ зарегистрирован
53733,07-11-2025,ДДУ зарегистрирован
53733,10-10-2025,ДДУ зарегистрирован
53733,09-09-2025,ДДУ зарегистрирован
53733,07-08-2025,ДДУ зарегистрирован
53733,03-07-2025,ДДУ зарегистрирован
53733,04-06-2025,ДДУ зарегистрирован
53733,07-05-2025,ДДУ зарегистрирован
53733,07-04-2025,ДДУ зарегистрирован
53733,04-03-2025,ДДУ зарегистрирован
53733,12-02-2025,ДДУ зарегистрирован
53733,04-02-2025,ДДУ зарегистрирован
53733,09-01-2025,ДДУ зарегистрирован
53733,03-12-2024,ДДУ зарегистрирован
53733,08-11-2024,ДДУ зарегистрирован
53733,08-10-2024,ДДУ зарегистрирован
53733,09-09-2024,ДДУ зарегистрирован
53733,07-08-2024,ДДУ зарегистрирован
53733,09-07-2024,ДДУ зарегистрирован
53733,06-06-2024,ДДУ зарегистрирован
53733,06-06-2024,ДДУ зарегистрирован
53733,13-05-2024,ДДУ зарегистрирован
53733,04-04-2024,ДДУ зарегистрирован
53733,01-03-2024,ДДУ зарегистрирован
53733,12-02-2024,ДДУ зарегистрирован
53733,26-01-2024,ДДУ зарегистрирован
53733,09-01-2024,ДДУ зарегистрирован
53733,19-12-2023,ДДУ зарегистрирован
53733,08-12-2023,ДДУ зарегистрирован
53733,07-12-2023,ДДУ зарегистрирован
53733,30-10-2023,ДДУ зарегистрирован
53733,30-10-2023,Размещена
53733,08-09-2023,Размещена
53733,17-08-2023,Размещена
53781,07-09-2026,ДДУ зарегистрирован
53781,04-09-2026,ДДУ зарегистрирован
53781,17-08-2026,ДДУ зарегистрирован
53781,04-08-2026,ДДУ зарегистрирован
53781,08-07-2026,ДДУ зарегистрирован
53781,08-06-2026,ДДУ зарегистрирован
53781,06-05-2026,ДДУ зарегистрирован
53781,07-04-2026,ДДУ зарегистрирован
53781,02-03-2026,ДДУ зарегистрирован
53781,06-02-2026,ДДУ зарегистрирован
53781,12-01-2026,ДДУ зарегистрирован
53781,04-12-2025,ДДУ зарегистрирован
53781,10-11-2025,ДДУ зарегистрирован
53781,07-10-2025,ДДУ зарегистрирован
53781,08-09-2025,ДДУ зарегистрирован
53781,08-08-2025,ДДУ зарегистрирован
53781,28-07-2025,ДДУ зарегистрирован
53781,08-07-2025,ДДУ зарегистрирован
53781,05-06-2025,ДДУ зарегистрирован
53781,07-05-2025,ДДУ зарегистрирован
53781,09-04-2025,ДДУ зарегистрирован
53781,05-03-2025,ДДУ зарегистрирован
53781,07-02-2025,ДДУ зарегистрирован
53781,24-01-2025,ДДУ зарегистрирован
53781,09-01-2025,Размещена
53781,09-12-2024,Размещена
53781,05-12-2024,Размещена
53781,07-11-2024,Размещена
53781,04-10-2024,Размещена
53781,05-09-2024,Размещена
53781,06-08-2024,Размещена
53781,05-07-2024,Размещена
53781,03-06-2024,Размещена
53781,02-05-2024,Размещена
53781,08-04-2024,Размещена
53781,06-03-2024,Размещена
53781,07-02-2024,Размещена
53781,09-01-2024,Размещена
53781,07-12-2023,Размещена
53781,08-11-2023,Размещена
53781,03-10-2023,Размещена
53781,24-08-2023,Размещена
53781,21-08-2023,Размещена
53782,07-09-2026,ДДУ зарегистрирован
53782,04-09-2026,ДДУ зарегистрирован
53782,17-08-2026,ДДУ зарегистрирован
53782,04-08-2026,ДДУ зарегистрирован
53782,08-07-2026,ДДУ зарегистрирован
53782,08-06-2026,ДДУ зарегистрирован
53782,06-05-2026,ДДУ зарегистрирован
53782,07-04-2026,ДДУ зарегистрирован
53782,02-03-2026,ДДУ зарегистрирован
53782,06-02-2026,ДДУ зарегистрирован
53782,12-01-2026,ДДУ зарегистрирован
53782,04-12-2025,ДДУ зарегистрирован
53782,10-11-2025,ДДУ зарегистрирован
53782,07-10-2025,ДДУ зарегистрирован
53782,08-09-2025,ДДУ зарегистрирован
53782,08-08-2025,ДДУ зарегистрирован
53782,28-07-2025,ДДУ зарегистрирован
53782,08-07-2025,ДДУ зарегистрирован
53782,05-06-2025,ДДУ зарегистрирован
53782,07-05-2025,ДДУ зарегистрирован
53782,09-04-2025,ДДУ зарегистрирован
53782,05-03-2025,ДДУ зарегистрирован
53782,07-02-2025,ДДУ зарегистрирован
53782,24-01-2025,ДДУ зарегистрирован
53782,09-01-2025,Размещена
53782,09-12-2024,Размещена
53782,05-12-2024,Размещена
53782,07-11-2024,Размещена
53782,04-10-2024,Размещена
53782,05-09-2024,Размещена
53782,06-08-2024,Размещена
53782,05-07-2024,Размещена
53782,03-06-2024,Размещена
53782,02-05-2024,Размещена
53782,08-04-2024,Размещена
53782,06-03-2024,Размещена
53782,07-02-2024,Размещена
53782,09-01-2024,Размещена
53782,07-12-2023,Размещена
53782,08-11-2023,Размещена
53782,03-10-2023,Размещена
53782,24-08-2023,Размещена
53782,21-08-2023,Размещена
53783,07-09-2026,ДДУ зарегистрирован
53783,04-09-2026,ДДУ зарегистрирован
53783,17-08-2026,ДДУ зарегистрирован
53783,04-08-2026,ДДУ зарегистрирован
53783,08-07-2026,ДДУ зарегистрирован
53783,08-06-2026,ДДУ зарегистрирован
53783,06-05-2026,ДДУ зарегистрирован
53783,07-04-2026,ДДУ зарегистрирован
53783,02-03-2026,ДДУ зарегистрирован
53783,06-02-2026,ДДУ зарегистрирован
53783,12-01-2026,ДДУ зарегистрирован
53783,04-12-2025,ДДУ зарегистрирован
53783,10-11-2025,ДДУ зарегистрирован
53783,07-10-2025,ДДУ зарегистрирован
53783,08-09-2025,ДДУ зарегистрирован
53783,08-08-2025,ДДУ зарегистрирован
53783,28-07-2025,ДДУ зарегистрирован
53783,08-07-2025,ДДУ зарегистрирован
53783,05-06-2025,ДДУ зарегистрирован
53783,07-05-2025,ДДУ зарегистрирован
53783,09-04-2025,ДДУ зарегистрирован
53783,05-03-2025,ДДУ зарегистрирован
53783,07-02-2025,ДДУ зарегистрирован
53783,24-01-2025,ДДУ зарегистрирован
53783,09-01-2025,Размещена
53783,09-12-2024,Размещена
53783,05-12-2024,Размещена
53783,07-11-2024,Размещена
53783,04-10-2024,Размещена
53783,05-09-2024,Размещена
53783,06-08-2024,Размещена
53783,05-07-2024,Размещена
53783,03-06-2024,Размещена
53783,02-05-2024,Размещена
53783,08-04-2024,Размещена
53783,06-03-2024,Размещена
53783,07-02-2024,Размещена
53783,09-01-2024,Размещена
53783,07-12-2023,Размещена
53783,08-11-2023,Размещена
53783,03-10-2023,Размещена
53783,24-08-2023,Размещена
53783,21-08-2023,Размещена
53784,07-09-2026,ДДУ зарегистрирован
53784,04-09-2026,ДДУ зарегистрирован
53784,17-08-2026,ДДУ зарегистрирован
53784,04-08-2026,ДДУ зарегистрирован
53784,08-07-2026,ДДУ зарегистрирован
53784,08-06-2026,ДДУ зарегистрирован
53784,06-05-2026,ДДУ зарегистрирован
53784,07-04-2026,ДДУ зарегистрирован
53784,02-03-2026,ДДУ зарегистрирован
53784,06-02-2026,ДДУ зарегистрирован
53784,12-01-2026,ДДУ зарегистрирован
53784,04-12-2025,ДДУ зарегистрирован
53784,10-11-2025,ДДУ зарегистрирован
53784,07-10-2025,ДДУ зарегистрирован
53784,08-09-2025,ДДУ зарегистрирован
53784,08-08-2025,ДДУ зарегистрирован
53784,28-07-2025,ДДУ зарегистрирован
53784,08-07-2025,ДДУ зарегистрирован
53784,05-06-2025,ДДУ зарегистрирован
53784,07-05-2025,ДДУ зарегистрирован
53784,09-04-2025,ДДУ зарегистрирован
53784,05-03-2025,ДДУ зарегистрирован
53784,07-02-2025,ДДУ зарегистрирован
53784,24-01-2025,ДДУ зарегистрирован
53784,09-01-2025,Размещена
53784,09-12-2024,Размещена
53784,05-12-2024,Размещена
53784,07-11-2024,Размещена
53784,04-10-2024,Размещена
53784,05-09-2024,Размещена
53784,06-08-2024,Размещена
53784,05-07-2024,Размещена
53784,03-06-2024,Размещена
53784,02-05-2024,Размещена
53784,08-04-2024,Размещена
53784,06-03-2024,Размещена
53784,07-02-2024,Размещена
53784,09-01-2024,Размещена
53784,07-12-2023,Размещена
53784,08-11-2023,Размещена
53784,03-10-2023,Размещена
53784,24-08-2023,Размещена
53784,21-08-2023,Размещена
53785,07-09-2026,ДДУ зарегистрирован
53785,04-09-2026,ДДУ зарегистрирован
53785,17-08-2026,ДДУ зарегистрирован
53785,04-08-2026,ДДУ зарегистрирован
53785,08-07-2026,ДДУ зарегистрирован
53785,08-06-2026,ДДУ зарегистрирован
53785,06-05-2026,ДДУ зарегистрирован
53785,07-04-2026,ДДУ зарегистрирован
53785,02-03-2026,ДДУ зарегистрирован
53785,06-02-2026,ДДУ зарегистрирован
53785,12-01-2026,ДДУ зарегистрирован
53785,04-12-2025,ДДУ зарегистрирован
53785,10-11-2025,ДДУ зарегистрирован
53785,07-10-2025,ДДУ зарегистрирован
53785,08-09-2025,ДДУ зарегистрирован
53785,08-08-2025,ДДУ зарегистрирован
53785,28-07-2025,ДДУ зарегистрирован
53785,08-07-2025,ДДУ зарегистрирован
53785,05-06-2025,ДДУ зарегистрирован
53785,07-05-2025,ДДУ зарегистрирован
53785,09-04-2025,ДДУ зарегистрирован
53785,05-03-2025,ДДУ зарегистрирован
53785,07-02-2025,ДДУ зарегистрирован
53785,24-01-2025,ДДУ зарегистрирован
53785,09-01-2025,Размещена
53785,09-12-2024,Размещена
53785,05-12-2024,Размещена
53785,07-11-2024,Размещена
53785,04-10-2024,Размещена
53785,05-09-2024,Размещена
53785,06-08-2024,Размещена
53785,05-07-2024,Размещена
53785,03-06-2024,Размещена
53785,02-05-2024,Размещена
53785,08-04-2024,Размещена
53785,06-03-2024,Размещена
53785,07-02-2024,Размещена
53785,09-01-2024,Размещена
53785,07-12-2023,Размещена
53785,08-11-2023,Размещена
53785,03-10-2023,Размещена
53785,24-08-2023,Размещена
53785,21-08-2023,Размещена
53855,15-10-2025,ДДУ зарегистрирован
53855,08-10-2025,ДДУ зарегистрирован
53855,10-09-2025,ДДУ зарегистрирован
53855,02-09-2025,ДДУ зарегистрирован
53855,04-08-2025,ДДУ зарегистрирован
53855,30-07-2025,ДДУ зарегистрирован
53855,07-07-2025,ДДУ зарегистрирован
53855,07-07-2025,ДДУ зарегистрирован
53855,01-07-2025,ДДУ зарегистрирован
53855,30-06-2025,ДДУ зарегистрирован
53855,30-06-2025,ДДУ зарегистрирован
53855,27-06-2025,ДДУ зарегистрирован
53855,04-06-2025,ДДУ зарегистрирован
53855,06-05-2025,ДДУ зарегистрирован
53855,05-05-2025,ДДУ зарегистрирован
53855,21-04-2025,ДДУ зарегистрирован
53855,09-04-2025,ДДУ зарегистрирован
53855,04-04-2025,ДДУ зарегистрирован
53855,31-03-2025,ДДУ зарегистрирован
53855,14-03-2025,ДДУ зарегистрирован
53855,10-03-2025,ДДУ зарегистрирован
53855,04-02-2025,ДДУ зарегистрирован
53855,09-01-2025,ДДУ зарегистрирован
53855,26-12-2024,ДДУ зарегистрирован
53855,05-12-2024,ДДУ зарегистрирован
53855,27-11-2024,ДДУ зарегистрирован
53855,27-11-2024,ДДУ зарегистрирован
53855,07-11-2024,ДДУ зарегистрирован
53855,17-10-2024,ДДУ зарегистрирован
53855,08-10-2024,ДДУ зарегистрирован
53855,09-09-2024,ДДУ зарегистрирован
53855,05-09-2024,ДДУ зарегистрирован
53855,07-08-2024,ДДУ зарегистрирован
53855,22-07-2024,ДДУ зарегистрирован
53855,08-07-2024,ДДУ зарегистрирован
53855,07-06-2024,ДДУ зарегистрирован
53855,07-06-2024,ДДУ зарегистрирован
53855,15-05-2024,ДДУ зарегистрирован
53855,06-05-2024,ДДУ зарегистрирован
53855,24-04-2024,ДДУ зарегистрирован
53855,19-04-2024,ДДУ зарегистрирован
53855,15-04-2024,ДДУ зарегистрирован
53855,09-04-2024,ДДУ зарегистрирован
53855,07-03-2024,ДДУ зарегистрирован
53855,16-02-2024,ДДУ зарегистрирован
53855,12-02-2024,ДДУ зарегистрирован
53855,10-01-2024,ДДУ зарегистрирован
53855,07-12-2023,ДДУ зарегистрирован
53855,13-11-2023,ДДУ зарегистрирован
53855,27-10-2023,Размещена
53855,27-09-2023,Размещена
53855,24-08-2023,Размещена
53856,15-10-2025,ДДУ зарегистрирован
53856,08-10-2025,ДДУ зарегистрирован
53856,10-09-2025,ДДУ зарегистрирован
53856,02-09-2025,ДДУ зарегистрирован
53856,04-08-2025,ДДУ зарегистрирован
53856,30-07-2025,ДДУ зарегистрирован
53856,07-07-2025,ДДУ зарегистрирован
53856,07-07-2025,ДДУ зарегистрирован
53856,01-07-2025,ДДУ зарегистрирован
53856,30-06-2025,ДДУ зарегистрирован
53856,30-06-2025,ДДУ зарегистрирован
53856,27-06-2025,ДДУ зарегистрирован
53856,04-06-2025,ДДУ зарегистрирован
53856,06-05-2025,ДДУ зарегистрирован
53856,05-05-2025,ДДУ зарегистрирован
53856,21-04-2025,ДДУ зарегистрирован
53856,09-04-2025,ДДУ зарегистрирован
53856,04-04-2025,ДДУ зарегистрирован
53856,31-03-2025,ДДУ зарегистрирован
53856,14-03-2025,ДДУ зарегистрирован
53856,10-03-2025,ДДУ зарегистрирован
53856,04-02-2025,ДДУ зарегистрирован
53856,09-01-2025,ДДУ зарегистрирован
53856,26-12-2024,ДДУ зарегистрирован
53856,05-12-2024,ДДУ зарегистрирован
53856,27-11-2024,ДДУ зарегистрирован
53856,27-11-2024,ДДУ зарегистрирован
53856,07-11-2024,ДДУ зарегистрирован
53856,17-10-2024,ДДУ зарегистрирован
53856,08-10-2024,ДДУ зарегистрирован
53856,09-09-2024,ДДУ зарегистрирован
53856,05-09-2024,ДДУ зарегистрирован
53856,07-08-2024,ДДУ зарегистрирован
53856,22-07-2024,ДДУ зарегистрирован
53856,08-07-2024,ДДУ зарегистрирован
53856,07-06-2024,ДДУ зарегистрирован
53856,07-06-2024,ДДУ зарегистрирован
53856,15-05-2024,ДДУ зарегистрирован
53856,06-05-2024,ДДУ зарегистрирован
53856,24-04-2024,ДДУ зарегистрирован
53856,19-04-2024,ДДУ зарегистрирован
53856,15-04-2024,ДДУ зарегистрирован
53856,09-04-2024,ДДУ зарегистрирован
53856,07-03-2024,ДДУ зарегистрирован
53856,16-02-2024,ДДУ зарегистрирован
53856,12-02-2024,ДДУ зарегистрирован
53856,10-01-2024,ДДУ зарегистрирован
53856,07-12-2023,ДДУ зарегистрирован
53856,13-11-2023,ДДУ зарегистрирован
53856,27-10-2023,Размещена
53856,27-09-2023,Размещена
53856,24-08-2023,Размещена
53918,11-08-2026,ДДУ зарегистрирован
53918,29-07-2026,ДДУ зарегистрирован
53918,29-04-2026,ДДУ зарегистрирован
53918,29-04-2026,ДДУ зарегистрирован
53918,16-03-2026,ДДУ зарегистрирован
53918,04-03-2026,ДДУ зарегистрирован
53918,09-02-2026,ДДУ зарегистрирован
53918,12-01-2026,ДДУ зарегистрирован
53918,04-12-2025,ДДУ зарегистрирован
53918,21-11-2025,ДДУ зарегистрирован
53918,07-11-2025,ДДУ зарегистрирован
53918,29-10-2025,ДДУ зарегистрирован
53918,22-10-2025,ДДУ зарегистрирован
53918,03-10-2025,ДДУ зарегистрирован
53918,10-09-2025,ДДУ зарегистрирован
53918,06-08-2025,ДДУ зарегистрирован
53918,28-07-2025,ДДУ зарегистрирован
53918,07-07-2025,ДДУ зарегистрирован
53918,09-06-2025,ДДУ зарегистрирован
53918,07-05-2025,ДДУ зарегистрирован
53918,30-04-2025,ДДУ зарегистрирован
53918,26-04-2025,ДДУ зарегистрирован
53918,04-04-2025,ДДУ зарегистрирован
53918,03-03-2025,ДДУ зарегистрирован
53918,06-02-2025,ДДУ зарегистрирован
53918,09-01-2025,ДДУ зарегистрирован
53918,05-12-2024,ДДУ зарегистрирован
53918,26-11-2024,ДДУ зарегистрирован
53918,25-11-2024,ДДУ зарегистрирован
53918,15-11-2024,ДДУ зарегистрирован
53918,13-11-2024,ДДУ зарегистрирован
53918,08-11-2024,ДДУ зарегистрирован
53918,31-10-2024,ДДУ зарегистрирован
53918,03-10-2024,ДДУ зарегистрирован
53918,16-09-2024,ДДУ зарегистрирован
53918,09-09-2024,ДДУ зарегистрирован
53918,08-08-2024,ДДУ зарегистрирован
53918,31-07-2024,ДДУ зарегистрирован
53918,02-07-2024,ДДУ зарегистрирован
53918,07-06-2024,ДДУ зарегистрирован
53918,07-05-2024,ДДУ зарегистрирован
53918,03-05-2024,ДДУ зарегистрирован
53918,27-04-2024,ДДУ зарегистрирован
53918,09-04-2024,ДДУ зарегистрирован
53918,29-03-2024,ДДУ зарегистрирован
53918,07-03-2024,ДДУ зарегистрирован
53918,14-02-2024,ДДУ зарегистрирован
53918,08-02-2024,ДДУ зарегистрирован
53918,09-01-2024,ДДУ зарегистрирован
53918,07-12-2023,ДДУ зарегистрирован
53918,10-11-2023,ДДУ зарегистрирован
53918,30-10-2023,ДДУ зарегистрирован
53918,13-10-2023,Размещена
53918,15-09-2023,Размещена
53918,13-09-2023,Размещена
53918,29-08-2023,Размещена
53962,17-04-2026,Снято с контроля
53962,12-01-2026,ДДУ зарегистрирован
53962,08-12-2025,ДДУ зарегистрирован
53962,28-11-2025,ДДУ зарегистрирован
53962,07-11-2025,ДДУ зарегистрирован
53962,27-10-2025,ДДУ зарегистрирован
53962,06-10-2025,ДДУ зарегистрирован
53962,05-09-2025,ДДУ зарегистрирован
53962,04-08-2025,ДДУ зарегистрирован
53962,02-07-2025,ДДУ зарегистрирован
53962,24-06-2025,ДДУ зарегистрирован
53962,09-06-2025,ДДУ зарегистрирован
53962,07-05-2025,ДДУ зарегистрирован
53962,22-04-2025,ДДУ зарегистрирован
53962,09-04-2025,ДДУ зарегистрирован
53962,28-03-2025,ДДУ зарегистрирован
53962,12-03-2025,ДДУ зарегистрирован
53962,07-03-2025,ДДУ зарегистрирован
53962,06-02-2025,ДДУ зарегистрирован
53962,09-01-2025,ДДУ зарегистрирован
53962,06-12-2024,ДДУ зарегистрирован
53962,05-11-2024,ДДУ зарегистрирован
53962,28-10-2024,ДДУ зарегистрирован
53962,07-10-2024,ДДУ зарегистрирован
53962,09-09-2024,ДДУ зарегистрирован
53962,05-08-2024,ДДУ зарегистрирован
53962,25-07-2024,ДДУ зарегистрирован
53962,09-07-2024,ДДУ зарегистрирован
53962,17-06-2024,ДДУ зарегистрирован
53962,06-06-2024,ДДУ зарегистрирован
53962,06-05-2024,ДДУ зарегистрирован
53962,26-04-2024,ДДУ зарегистрирован
53962,05-04-2024,ДДУ зарегистрирован
53962,18-03-2024,ДДУ зарегистрирован
53962,06-03-2024,ДДУ зарегистрирован
53962,06-02-2024,ДДУ зарегистрирован
53962,17-01-2024,ДДУ зарегистрирован
53962,09-01-2024,ДДУ зарегистрирован
53962,21-12-2023,ДДУ зарегистрирован
53962,07-12-2023,ДДУ зарегистрирован
53962,22-11-2023,ДДУ зарегистрирован
53962,03-11-2023,Размещена
53962,06-10-2023,Размещена
53962,28-09-2023,Размещена
53962,27-09-2023,Размещена
53962,01-09-2023,Размещена
53962,31-08-2023,Размещена
54255,29-07-2026,ДДУ зарегистрирован
54255,29-04-2026,ДДУ зарегистрирован
54255,29-04-2026,ДДУ зарегистрирован
54255,03-04-2026,ДДУ зарегистрирован
54255,18-03-2026,ДДУ зарегистрирован
54255,17-03-2026,ДДУ зарегистрирован
54255,04-03-2026,ДДУ зарегистрирован
54255,09-02-2026,ДДУ зарегистрирован
54255,12-01-2026,ДДУ зарегистрирован
54255,04-12-2025,ДДУ зарегистрирован
54255,21-11-2025,ДДУ зарегистрирован
54255,14-11-2025,ДДУ зарегистрирован
54255,07-11-2025,ДДУ зарегистрирован
54255,29-10-2025,ДДУ зарегистрирован
54255,22-10-2025,ДДУ зарегистрирован
54255,03-10-2025,ДДУ зарегистрирован
54255,10-09-2025,ДДУ зарегистрирован
54255,06-08-2025,ДДУ зарегистрирован
54255,28-07-2025,ДДУ зарегистрирован
54255,07-07-2025,ДДУ зарегистрирован
54255,09-06-2025,ДДУ зарегистрирован
54255,06-05-2025,ДДУ зарегистрирован
54255,30-04-2025,ДДУ зарегистрирован
54255,26-04-2025,ДДУ зарегистрирован
54255,04-04-2025,ДДУ зарегистрирован
54255,03-03-2025,ДДУ зарегистрирован
54255,06-02-2025,ДДУ зарегистрирован
54255,09-01-2025,ДДУ зарегистрирован
54255,05-12-2024,ДДУ зарегистрирован
54255,26-11-2024,ДДУ зарегистрирован
54255,15-11-2024,ДДУ зарегистрирован
54255,08-11-2024,ДДУ зарегистрирован
54255,31-10-2024,ДДУ зарегистрирован
54255,03-10-2024,ДДУ зарегистрирован
54255,16-09-2024,ДДУ зарегистрирован
54255,09-09-2024,ДДУ зарегистрирован
54255,08-08-2024,ДДУ зарегистрирован
54255,31-07-2024,ДДУ зарегистрирован
54255,08-07-2024,ДДУ зарегистрирован
54255,02-07-2024,ДДУ зарегистрирован
54255,07-06-2024,ДДУ зарегистрирован
54255,24-05-2024,ДДУ зарегистрирован
54255,07-05-2024,ДДУ зарегистрирован
54255,03-05-2024,ДДУ зарегистрирован
54255,27-04-2024,ДДУ зарегистрирован
54255,09-04-2024,ДДУ зарегистрирован
54255,29-03-2024,ДДУ зарегистрирован
54255,29-03-2024,ДДУ зарегистрирован
54255,04-03-2024,ДДУ зарегистрирован
54255,08-02-2024,ДДУ зарегистрирован
54255,11-01-2024,ДДУ зарегистрирован
54255,07-12-2023,ДДУ зарегистрирован
54255,20-11-2023,ДДУ зарегистрирован
54255,30-10-2023,Размещена
54255,17-10-2023,Размещена
54255,13-09-2023,Размещена
54276,12-05-2025,ДДУ зарегистрирован
54276,14-04-2025,ДДУ зарегистрирован
54276,13-03-2025,ДДУ зарегистрирован
54276,10-03-2025,ДДУ зарегистрирован
54276,04-03-2025,ДДУ зарегистрирован
54276,12-02-2025,ДДУ зарегистрирован
54276,29-01-2025,ДДУ зарегистрирован
54276,15-01-2025,ДДУ зарегистрирован
54276,16-12-2024,ДДУ зарегистрирован
54276,06-12-2024,Размещена
54276,03-12-2024,Размещена
54276,26-09-2023,Размещена
54276,14-09-2023,Размещена
54301,03-09-2026,ДДУ зарегистрирован
54301,06-08-2026,ДДУ зарегистрирован
54301,29-07-2026,ДДУ зарегистрирован
54301,07-07-2026,ДДУ зарегистрирован
54301,05-06-2026,ДДУ зарегистрирован
54301,26-05-2026,ДДУ зарегистрирован
54301,05-05-2026,ДДУ зарегистрирован
54301,05-05-2026,ДДУ зарегистрирован
54301,29-04-2026,ДДУ зарегистрирован
54301,29-04-2026,ДДУ зарегистрирован
54301,22-04-2026,ДДУ зарегистрирован
54301,17-04-2026,ДДУ зарегистрирован
54301,03-04-2026,ДДУ зарегистрирован
54301,05-03-2026,ДДУ зарегистрирован
54301,04-02-2026,ДДУ зарегистрирован
54301,29-01-2026,ДДУ зарегистрирован
54301,12-01-2026,ДДУ зарегистрирован
54301,04-12-2025,ДДУ зарегистрирован
54301,17-11-2025,ДДУ зарегистрирован
54301,07-11-2025,ДДУ зарегистрирован
54301,29-10-2025,ДДУ зарегистрирован
54301,28-10-2025,ДДУ зарегистрирован
54301,10-10-2025,ДДУ зарегистрирован
54301,03-10-2025,ДДУ зарегистрирован
54301,10-09-2025,ДДУ зарегистрирован
54301,06-08-2025,ДДУ зарегистрирован
54301,28-07-2025,ДДУ зарегистрирован
54301,25-07-2025,ДДУ зарегистрирован
54301,07-07-2025,ДДУ зарегистрирован
54301,09-06-2025,ДДУ зарегистрирован
54301,06-05-2025,ДДУ зарегистрирован
54301,29-04-2025,ДДУ зарегистрирован
54301,29-04-2025,ДДУ зарегистрирован
54301,26-04-2025,ДДУ зарегистрирован
54301,04-04-2025,ДДУ зарегистрирован
54301,03-03-2025,ДДУ зарегистрирован
54301,06-02-2025,ДДУ зарегистрирован
54301,09-01-2025,ДДУ зарегистрирован
54301,13-12-2024,ДДУ зарегистрирован
54301,05-12-2024,ДДУ зарегистрирован
54301,08-11-2024,ДДУ зарегистрирован
54301,30-10-2024,ДДУ зарегистрирован
54301,02-10-2024,ДДУ зарегистрирован
54301,16-09-2024,ДДУ зарегистрирован
54301,09-09-2024,ДДУ зарегистрирован
54301,08-08-2024,ДДУ зарегистрирован
54301,31-07-2024,ДДУ зарегистрирован
54301,17-07-2024,ДДУ зарегистрирован
54301,17-07-2024,ДДУ зарегистрирован
54301,02-07-2024,ДДУ зарегистрирован
54301,07-06-2024,ДДУ зарегистрирован
54301,03-05-2024,ДДУ зарегистрирован
54301,27-04-2024,ДДУ зарегистрирован
54301,09-04-2024,ДДУ зарегистрирован
54301,29-03-2024,ДДУ зарегистрирован
54301,04-03-2024,ДДУ зарегистрирован
54301,08-02-2024,ДДУ зарегистрирован
54301,09-01-2024,ДДУ зарегистрирован
54301,26-12-2023,ДДУ зарегистрирован
54301,07-12-2023,ДДУ зарегистрирован
54301,10-11-2023,ДДУ зарегистрирован
54301,01-11-2023,ДДУ зарегистрирован
54301,30-10-2023,Размещена
54301,18-10-2023,Размещена
54301,09-10-2023,Размещена
54301,02-10-2023,Размещена
54301,19-09-2023,Размещена
54301,15-09-2023,Размещена
54327,10-09-2026,ДДУ зарегистрирован
54327,10-08-2026,ДДУ зарегистрирован
54327,10-07-2026,ДДУ зарегистрирован
54327,25-06-2026,ДДУ зарегистрирован
54327,10-06-2026,ДДУ зарегистрирован
54327,08-05-2026,ДДУ зарегистрирован
54327,10-04-2026,ДДУ зарегистрирован
54327,10-03-2026,ДДУ зарегистрирован
54327,10-02-2026,ДДУ зарегистрирован
54327,12-01-2026,ДДУ зарегистрирован
54327,25-12-2025,ДДУ зарегистрирован
54327,09-12-2025,ДДУ зарегистрирован
54327,20-11-2025,ДДУ зарегистрирован
54327,10-11-2025,ДДУ зарегистрирован
54327,10-10-2025,ДДУ зарегистрирован
54327,10-09-2025,ДДУ зарегистрирован
54327,11-08-2025,ДДУ зарегистрирован
54327,10-07-2025,ДДУ зарегистрирован
54327,10-06-2025,ДДУ зарегистрирован
54327,07-05-2025,ДДУ зарегистрирован
54327,10-04-2025,ДДУ зарегистрирован
54327,11-03-2025,ДДУ зарегистрирован
54327,10-03-2025,ДДУ зарегистрирован
54327,10-02-2025,ДДУ зарегистрирован
54327,10-01-2025,ДДУ зарегистрирован
54327,10-12-2024,ДДУ зарегистрирован
54327,08-11-2024,ДДУ зарегистрирован
54327,10-10-2024,ДДУ зарегистрирован
54327,11-09-2024,ДДУ зарегистрирован
54327,09-08-2024,ДДУ зарегистрирован
54327,10-07-2024,ДДУ зарегистрирован
54327,10-06-2024,ДДУ зарегистрирован
54327,23-05-2024,ДДУ зарегистрирован
54327,13-05-2024,ДДУ зарегистрирован
54327,09-04-2024,ДДУ зарегистрирован
54327,07-03-2024,ДДУ зарегистрирован
54327,09-02-2024,ДДУ зарегистрирован
54327,10-01-2024,ДДУ зарегистрирован
54327,08-12-2023,ДДУ зарегистрирован
54327,13-11-2023,ДДУ зарегистрирован
54327,10-11-2023,ДДУ зарегистрирован
54327,09-10-2023,ДДУ зарегистрирован
54327,18-09-2023,Размещена
54328,10-09-2026,ДДУ зарегистрирован
54328,10-08-2026,ДДУ зарегистрирован
54328,10-07-2026,ДДУ зарегистрирован
54328,10-06-2026,ДДУ зарегистрирован
54328,08-05-2026,ДДУ зарегистрирован
54328,10-04-2026,ДДУ зарегистрирован
54328,10-03-2026,ДДУ зарегистрирован
54328,10-02-2026,ДДУ зарегистрирован
54328,12-01-2026,ДДУ зарегистрирован
54328,25-12-2025,ДДУ зарегистрирован
54328,09-12-2025,ДДУ зарегистрирован
54328,20-11-2025,ДДУ зарегистрирован
54328,10-11-2025,ДДУ зарегистрирован
54328,10-10-2025,ДДУ зарегистрирован
54328,10-09-2025,ДДУ зарегистрирован
54328,11-08-2025,ДДУ зарегистрирован
54328,10-07-2025,ДДУ зарегистрирован
54328,10-06-2025,ДДУ зарегистрирован
54328,07-05-2025,ДДУ зарегистрирован
54328,10-04-2025,ДДУ зарегистрирован
54328,11-03-2025,ДДУ зарегистрирован
54328,10-03-2025,ДДУ зарегистрирован
54328,10-02-2025,ДДУ зарегистрирован
54328,10-01-2025,ДДУ зарегистрирован
54328,10-12-2024,ДДУ зарегистрирован
54328,08-11-2024,ДДУ зарегистрирован
54328,10-10-2024,ДДУ зарегистрирован
54328,11-09-2024,ДДУ зарегистрирован
54328,09-08-2024,ДДУ зарегистрирован
54328,10-07-2024,ДДУ зарегистрирован
54328,10-06-2024,ДДУ зарегистрирован
54328,23-05-2024,ДДУ зарегистрирован
54328,23-05-2024,ДДУ зарегистрирован
54328,08-05-2024,ДДУ зарегистрирован
54328,09-04-2024,ДДУ зарегистрирован
54328,07-03-2024,ДДУ зарегистрирован
54328,09-02-2024,ДДУ зарегистрирован
54328,10-01-2024,ДДУ зарегистрирован
54328,08-12-2023,ДДУ зарегистрирован
54328,13-11-2023,ДДУ зарегистрирован
54328,10-11-2023,ДДУ зарегистрирован
54328,09-10-2023,ДДУ зарегистрирован
54328,18-09-2023,Размещена
54800,03-03-2025,Размещена
54800,11-02-2025,Размещена
54800,15-01-2025,Размещена
54800,10-01-2025,Размещена
54800,09-12-2024,Размещена
54800,06-12-2024,Размещена
54800,11-11-2024,Размещена
54800,31-10-2024,Размещена
54800,11-09-2024,Размещена
54800,06-09-2024,Размещена
54800,06-08-2024,Размещена
54800,29-07-2024,Размещена
54800,04-07-2024,Размещена
54800,05-06-2024,Размещена
54800,28-05-2024,Размещена
54800,02-05-2024,Размещена
54800,04-04-2024,Размещена
54800,19-03-2024,Размещена
54800,04-03-2024,Размещена
54800,12-02-2024,Размещена
54800,12-01-2024,Размещена
54800,11-01-2024,Размещена
54800,21-12-2023,Размещена
54800,08-12-2023,Размещена
54800,01-12-2023,Размещена
54800,20-11-2023,Размещена
54800,17-11-2023,Размещена
54800,25-10-2023,Размещена
54800,10-10-2023,Размещена
54801,03-03-2025,Размещена
54801,11-02-2025,Размещена
54801,15-01-2025,Размещена
54801,10-01-2025,Размещена
54801,09-12-2024,Размещена
54801,06-12-2024,Размещена
54801,11-11-2024,Размещена
54801,31-10-2024,Размещена
54801,11-09-2024,Размещена
54801,06-09-2024,Размещена
54801,06-08-2024,Размещена
54801,29-07-2024,Размещена
54801,04-07-2024,Размещена
54801,05-06-2024,Размещена
54801,28-05-2024,Размещена
54801,02-05-2024,Размещена
54801,04-04-2024,Размещена
54801,19-03-2024,Размещена
54801,04-03-2024,Размещена
54801,12-02-2024,Размещена
54801,12-01-2024,Размещена
54801,11-01-2024,Размещена
54801,21-12-2023,Размещена
54801,08-12-2023,Размещена
54801,01-12-2023,Размещена
54801,20-11-2023,Размещена
54801,17-11-2023,Размещена
54801,25-10-2023,Размещена
54801,10-10-2023,Размещена
54802,03-03-2025,Размещена
54802,11-02-2025,Размещена
54802,15-01-2025,Размещена
54802,10-01-2025,Размещена
54802,09-12-2024,Размещена
54802,06-12-2024,Размещена
54802,11-11-2024,Размещена
54802,31-10-2024,Размещена
54802,11-09-2024,Размещена
54802,06-09-2024,Размещена
54802,06-08-2024,Размещена
54802,29-07-2024,Размещена
54802,04-07-2024,Размещена
54802,05-06-2024,Размещена
54802,28-05-2024,Размещена
54802,02-05-2024,Размещена
54802,04-04-2024,Размещена
54802,19-03-2024,Размещена
54802,04-03-2024,Размещена
54802,12-02-2024,Размещена
54802,12-01-2024,Размещена
54802,11-01-2024,Размещена
54802,21-12-2023,Размещена
54802,08-12-2023,Размещена
54802,01-12-2023,Размещена
54802,20-11-2023,Размещена
54802,17-11-2023,Размещена
54802,25-10-2023,Размещена
54802,10-10-2023,Размещена
54803,03-03-2025,Размещена
54803,11-02-2025,Размещена
54803,15-01-2025,Размещена
54803,10-01-2025,Размещена
54803,09-12-2024,Размещена
54803,06-12-2024,Размещена
54803,11-11-2024,Размещена
54803,31-10-2024,Размещена
54803,11-09-2024,Размещена
54803,06-09-2024,Размещена
54803,06-08-2024,Размещена
54803,29-07-2024,Размещена
54803,04-07-2024,Размещена
54803,05-06-2024,Размещена
54803,28-05-2024,Размещена
54803,02-05-2024,Размещена
54803,04-04-2024,Размещена
54803,19-03-2024,Размещена
54803,04-03-2024,Размещена
54803,12-02-2024,Размещена
54803,12-01-2024,Размещена
54803,11-01-2024,Размещена
54803,21-12-2023,Размещена
54803,08-12-2023,Размещена
54803,01-12-2023,Размещена
54803,20-11-2023,Размещена
54803,17-11-2023,Размещена
54803,25-10-2023,Размещена
54803,10-10-2023,Размещена
54804,03-03-2025,Размещена
54804,11-02-2025,Размещена
54804,15-01-2025,Размещена
54804,10-01-2025,Размещена
54804,09-12-2024,Размещена
54804,06-12-2024,Размещена
54804,11-11-2024,Размещена
54804,31-10-2024,Размещена
54804,11-09-2024,Размещена
54804,06-09-2024,Размещена
54804,06-08-2024,Размещена
54804,29-07-2024,Размещена
54804,04-07-2024,Размещена
54804,05-06-2024,Размещена
54804,28-05-2024,Размещена
54804,02-05-2024,Размещена
54804,04-04-2024,Размещена
54804,19-03-2024,Размещена
54804,04-03-2024,Размещена
54804,12-02-2024,Размещена
54804,12-01-2024,Размещена
54804,11-01-2024,Размещена
54804,21-12-2023,Размещена
54804,08-12-2023,Размещена
54804,01-12-2023,Размещена
54804,20-11-2023,Размещена
54804,17-11-2023,Размещена
54804,25-10-2023,Размещена
54804,10-10-2023,Размещена
54805,03-03-2025,Размещена
54805,11-02-2025,Размещена
54805,15-01-2025,Размещена
54805,10-01-2025,Размещена
54805,09-12-2024,Размещена
54805,06-12-2024,Размещена
54805,11-11-2024,Размещена
54805,31-10-2024,Размещена
54805,11-09-2024,Размещена
54805,06-09-2024,Размещена
54805,06-08-2024,Размещена
54805,29-07-2024,Размещена
54805,04-07-2024,Размещена
54805,05-06-2024,Размещена
54805,28-05-2024,Размещена
54805,02-05-2024,Размещена
54805,04-04-2024,Размещена
54805,19-03-2024,Размещена
54805,04-03-2024,Размещена
54805,12-02-2024,Размещена
54805,12-01-2024,Размещена
54805,11-01-2024,Размещена
54805,21-12-2023,Размещена
54805,08-12-2023,Размещена
54805,01-12-2023,Размещена
54805,20-11-2023,Размещена
54805,17-11-2023,Размещена
54805,25-10-2023,Размещена
54805,10-10-2023,Размещена
54806,03-03-2025,Размещена
54806,11-02-2025,Размещена
54806,15-01-2025,Размещена
54806,10-01-2025,Размещена
54806,09-12-2024,Размещена
54806,06-12-2024,Размещена
54806,11-11-2024,Размещена
54806,31-10-2024,Размещена
54806,11-09-2024,Размещена
54806,06-09-2024,Размещена
54806,06-08-2024,Размещена
54806,29-07-2024,Размещена
54806,04-07-2024,Размещена
54806,05-06-2024,Размещена
54806,28-05-2024,Размещена
54806,02-05-2024,Размещена
54806,04-04-2024,Размещена
54806,19-03-2024,Размещена
54806,04-03-2024,Размещена
54806,12-02-2024,Размещена
54806,12-01-2024,Размещена
54806,11-01-2024,Размещена
54806,21-12-2023,Размещена
54806,08-12-2023,Размещена
54806,01-12-2023,Размещена
54806,20-11-2023,Размещена
54806,17-11-2023,Размещена
54806,25-10-2023,Размещена
54806,10-10-2023,Размещена
54807,03-03-2025,Размещена
54807,11-02-2025,Размещена
54807,15-01-2025,Размещена
54807,10-01-2025,Размещена
54807,09-12-2024,Размещена
54807,06-12-2024,Размещена
54807,11-11-2024,Размещена
54807,31-10-2024,Размещена
54807,11-09-2024,Размещена
54807,06-09-2024,Размещена
54807,06-08-2024,Размещена
54807,29-07-2024,Размещена
54807,04-07-2024,Размещена
54807,05-06-2024,Размещена
54807,28-05-2024,Размещена
54807,02-05-2024,Размещена
54807,04-04-2024,Размещена
54807,19-03-2024,Размещена
54807,04-03-2024,Размещена
54807,12-02-2024,Размещена
54807,12-01-2024,Размещена
54807,11-01-2024,Размещена
54807,21-12-2023,Размещена
54807,08-12-2023,Размещена
54807,01-12-2023,Размещена
54807,20-11-2023,Размещена
54807,17-11-2023,Размещена
54807,25-10-2023,Размещена
54807,10-10-2023,Размещена
54808,03-03-2025,Размещена
54808,11-02-2025,Размещена
54808,15-01-2025,Размещена
54808,10-01-2025,Размещена
54808,09-12-2024,Размещена
54808,06-12-2024,Размещена
54808,11-11-2024,Размещена
54808,31-10-2024,Размещена
54808,11-09-2024,Размещена
54808,06-09-2024,Размещена
54808,06-08-2024,Размещена
54808,29-07-2024,Размещена
54808,04-07-2024,Размещена
54808,05-06-2024,Размещена
54808,28-05-2024,Размещена
54808,02-05-2024,Размещена
54808,04-04-2024,Размещена
54808,19-03-2024,Размещена
54808,04-03-2024,Размещена
54808,12-02-2024,Размещена
54808,12-01-2024,Размещена
54808,11-01-2024,Размещена
54808,21-12-2023,Размещена
54808,08-12-2023,Размещена
54808,01-12-2023,Размещена
54808,20-11-2023,Размещена
54808,17-11-2023,Размещена
54808,25-10-2023,Размещена
54808,10-10-2023,Размещена
54809,03-03-2025,Размещена
54809,11-02-2025,Размещена
54809,15-01-2025,Размещена
54809,10-01-2025,Размещена
54809,09-12-2024,Размещена
54809,06-12-2024,Размещена
54809,11-11-2024,Размещена
54809,31-10-2024,Размещена
54809,11-09-2024,Размещена
54809,06-09-2024,Размещена
54809,06-08-2024,Размещена
54809,29-07-2024,Размещена
54809,04-07-2024,Размещена
54809,05-06-2024,Размещена
54809,28-05-2024,Размещена
54809,02-05-2024,Размещена
54809,04-04-2024,Размещена
54809,19-03-2024,Размещена
54809,04-03-2024,Размещена
54809,12-02-2024,Размещена
54809,12-01-2024,Размещена
54809,11-01-2024,Размещена
54809,21-12-2023,Размещена
54809,08-12-2023,Размещена
54809,01-12-2023,Размещена
54809,20-11-2023,Размещена
54809,17-11-2023,Размещена
54809,25-10-2023,Размещена
54809,10-10-2023,Размещена
54810,03-03-2025,Размещена
54810,11-02-2025,Размещена
54810,15-01-2025,Размещена
54810,10-01-2025,Размещена
54810,09-12-2024,Размещена
54810,06-12-2024,Размещена
54810,11-11-2024,Размещена
54810,31-10-2024,Размещена
54810,11-09-2024,Размещена
54810,06-09-2024,Размещена
54810,06-08-2024,Размещена
54810,29-07-2024,Размещена
54810,04-07-2024,Размещена
54810,05-06-2024,Размещена
54810,28-05-2024,Размещена
54810,02-05-2024,Размещена
54810,04-04-2024,Размещена
54810,19-03-2024,Размещена
54810,04-03-2024,Размещена
54810,12-02-2024,Размещена
54810,12-01-2024,Размещена
54810,11-01-2024,Размещена
54810,21-12-2023,Размещена
54810,08-12-2023,Размещена
54810,01-12-2023,Размещена
54810,20-11-2023,Размещена
54810,17-11-2023,Размещена
54810,25-10-2023,Размещена
54810,10-10-2023,Размещена
54811,03-03-2025,Размещена
54811,11-02-2025,Размещена
54811,15-01-2025,Размещена
54811,10-01-2025,Размещена
54811,09-12-2024,Размещена
54811,06-12-2024,Размещена
54811,11-11-2024,Размещена
54811,31-10-2024,Размещена
54811,11-09-2024,Размещена
54811,06-09-2024,Размещена
54811,06-08-2024,Размещена
54811,29-07-2024,Размещена
54811,04-07-2024,Размещена
54811,05-06-2024,Размещена
54811,28-05-2024,Размещена
54811,02-05-2024,Размещена
54811,04-04-2024,Размещена
54811,19-03-2024,Размещена
54811,04-03-2024,Размещена
54811,12-02-2024,Размещена
54811,12-01-2024,Размещена
54811,11-01-2024,Размещена
54811,21-12-2023,Размещена
54811,08-12-2023,Размещена
54811,01-12-2023,Размещена
54811,20-11-2023,Размещена
54811,17-11-2023,Размещена
54811,25-10-2023,Размещена
54811,10-10-2023,Размещена
54812,03-03-2025,Размещена
54812,11-02-2025,Размещена
54812,15-01-2025,Размещена
54812,10-01-2025,Размещена
54812,09-12-2024,Размещена
54812,06-12-2024,Размещена
54812,11-11-2024,Размещена
54812,31-10-2024,Размещена
54812,11-09-2024,Размещена
54812,06-09-2024,Размещена
54812,06-08-2024,Размещена
54812,29-07-2024,Размещена
54812,04-07-2024,Размещена
54812,05-06-2024,Размещена
54812,28-05-2024,Размещена
54812,02-05-2024,Размещена
54812,04-04-2024,Размещена
54812,19-03-2024,Размещена
54812,04-03-2024,Размещена
54812,12-02-2024,Размещена
54812,12-01-2024,Размещена
54812,11-01-2024,Размещена
54812,21-12-2023,Размещена
54812,08-12-2023,Размещена
54812,01-12-2023,Размещена
54812,20-11-2023,Размещена
54812,17-11-2023,Размещена
54812,25-10-2023,Размещена
54812,10-10-2023,Размещена
54813,03-03-2025,Размещена
54813,11-02-2025,Размещена
54813,15-01-2025,Размещена
54813,10-01-2025,Размещена
54813,09-12-2024,Размещена
54813,06-12-2024,Размещена
54813,11-11-2024,Размещена
54813,31-10-2024,Размещена
54813,11-09-2024,Размещена
54813,06-09-2024,Размещена
54813,06-08-2024,Размещена
54813,29-07-2024,Размещена
54813,04-07-2024,Размещена
54813,05-06-2024,Размещена
54813,28-05-2024,Размещена
54813,02-05-2024,Размещена
54813,04-04-2024,Размещена
54813,19-03-2024,Размещена
54813,04-03-2024,Размещена
54813,12-02-2024,Размещена
54813,12-01-2024,Размещена
54813,11-01-2024,Размещена
54813,21-12-2023,Размещена
54813,08-12-2023,Размещена
54813,01-12-2023,Размещена
54813,20-11-2023,Размещена
54813,17-11-2023,Размещена
54813,25-10-2023,Размещена
54813,10-10-2023,Размещена
54814,03-03-2025,Размещена
54814,11-02-2025,Размещена
54814,15-01-2025,Размещена
54814,10-01-2025,Размещена
54814,09-12-2024,Размещена
54814,06-12-2024,Размещена
54814,11-11-2024,Размещена
54814,31-10-2024,Размещена
54814,11-09-2024,Размещена
54814,06-09-2024,Размещена
54814,06-08-2024,Размещена
54814,29-07-2024,Размещена
54814,04-07-2024,Размещена
54814,05-06-2024,Размещена
54814,28-05-2024,Размещена
54814,02-05-2024,Размещена
54814,04-04-2024,Размещена
54814,19-03-2024,Размещена
54814,04-03-2024,Размещена
54814,12-02-2024,Размещена
54814,12-01-2024,Размещена
54814,11-01-2024,Размещена
54814,21-12-2023,Размещена
54814,08-12-2023,Размещена
54814,01-12-2023,Размещена
54814,20-11-2023,Размещена
54814,17-11-2023,Размещена
54814,25-10-2023,Размещена
54814,10-10-2023,Размещена
54815,03-03-2025,Размещена
54815,11-02-2025,Размещена
54815,15-01-2025,Размещена
54815,10-01-2025,Размещена
54815,09-12-2024,Размещена
54815,06-12-2024,Размещена
54815,11-11-2024,Размещена
54815,31-10-2024,Размещена
54815,11-09-2024,Размещена
54815,06-09-2024,Размещена
54815,06-08-2024,Размещена
54815,29-07-2024,Размещена
54815,04-07-2024,Размещена
54815,05-06-2024,Размещена
54815,28-05-2024,Размещена
54815,02-05-2024,Размещена
54815,04-04-2024,Размещена
54815,19-03-2024,Размещена
54815,04-03-2024,Размещена
54815,12-02-2024,Размещена
54815,12-01-2024,Размещена
54815,11-01-2024,Размещена
54815,21-12-2023,Размещена
54815,08-12-2023,Размещена
54815,01-12-2023,Размещена
54815,20-11-2023,Размещена
54815,17-11-2023,Размещена
54815,25-10-2023,Размещена
54815,10-10-2023,Размещена
54816,03-03-2025,Размещена
54816,11-02-2025,Размещена
54816,15-01-2025,Размещена
54816,10-01-2025,Размещена
54816,09-12-2024,Размещена
54816,06-12-2024,Размещена
54816,11-11-2024,Размещена
54816,31-10-2024,Размещена
54816,11-09-2024,Размещена
54816,06-09-2024,Размещена
54816,06-08-2024,Размещена
54816,29-07-2024,Размещена
54816,04-07-2024,Размещена
54816,05-06-2024,Размещена
54816,28-05-2024,Размещена
54816,02-05-2024,Размещена
54816,04-04-2024,Размещена
54816,19-03-2024,Размещена
54816,04-03-2024,Размещена
54816,12-02-2024,Размещена
54816,12-01-2024,Размещена
54816,11-01-2024,Размещена
54816,21-12-2023,Размещена
54816,08-12-2023,Размещена
54816,01-12-2023,Размещена
54816,20-11-2023,Размещена
54816,17-11-2023,Размещена
54816,25-10-2023,Размещена
54816,10-10-2023,Размещена
54817,03-03-2025,Размещена
54817,11-02-2025,Размещена
54817,15-01-2025,Размещена
54817,10-01-2025,Размещена
54817,09-12-2024,Размещена
54817,06-12-2024,Размещена
54817,11-11-2024,Размещена
54817,31-10-2024,Размещена
54817,11-09-2024,Размещена
54817,06-09-2024,Размещена
54817,06-08-2024,Размещена
54817,29-07-2024,Размещена
54817,04-07-2024,Размещена
54817,05-06-2024,Размещена
54817,28-05-2024,Размещена
54817,02-05-2024,Размещена
54817,04-04-2024,Размещена
54817,19-03-2024,Размещена
54817,04-03-2024,Размещена
54817,12-02-2024,Размещена
54817,12-01-2024,Размещена
54817,11-01-2024,Размещена
54817,21-12-2023,Размещена
54817,08-12-2023,Размещена
54817,01-12-2023,Размещена
54817,20-11-2023,Размещена
54817,17-11-2023,Размещена
54817,25-10-2023,Размещена
54817,10-10-2023,Размещена
54818,03-03-2025,Размещена
54818,11-02-2025,Размещена
54818,15-01-2025,Размещена
54818,10-01-2025,Размещена
54818,09-12-2024,Размещена
54818,06-12-2024,Размещена
54818,11-11-2024,Размещена
54818,31-10-2024,Размещена
54818,11-09-2024,Размещена
54818,06-09-2024,Размещена
54818,06-08-2024,Размещена
54818,29-07-2024,Размещена
54818,04-07-2024,Размещена
54818,05-06-2024,Размещена
54818,28-05-2024,Размещена
54818,02-05-2024,Размещена
54818,04-04-2024,Размещена
54818,19-03-2024,Размещена
54818,04-03-2024,Размещена
54818,12-02-2024,Размещена
54818,12-01-2024,Размещена
54818,11-01-2024,Размещена
54818,21-12-2023,Размещена
54818,08-12-2023,Размещена
54818,01-12-2023,Размещена
54818,20-11-2023,Размещена
54818,17-11-2023,Размещена
54818,25-10-2023,Размещена
54818,10-10-2023,Размещена
54819,03-03-2025,Размещена
54819,11-02-2025,Размещена
54819,15-01-2025,Размещена
54819,10-01-2025,Размещена
54819,09-12-2024,Размещена
54819,06-12-2024,Размещена
54819,11-11-2024,Размещена
54819,31-10-2024,Размещена
54819,11-09-2024,Размещена
54819,06-09-2024,Размещена
54819,06-08-2024,Размещена
54819,29-07-2024,Размещена
54819,04-07-2024,Размещена
54819,05-06-2024,Размещена
54819,28-05-2024,Размещена
54819,02-05-2024,Размещена
54819,04-04-2024,Размещена
54819,19-03-2024,Размещена
54819,04-03-2024,Размещена
54819,12-02-2024,Размещена
54819,12-01-2024,Размещена
54819,11-01-2024,Размещена
54819,21-12-2023,Размещена
54819,08-12-2023,Размещена
54819,01-12-2023,Размещена
54819,20-11-2023,Размещена
54819,17-11-2023,Размещена
54819,25-10-2023,Размещена
54819,10-10-2023,Размещена
54820,03-03-2025,Размещена
54820,11-02-2025,Размещена
54820,15-01-2025,Размещена
54820,10-01-2025,Размещена
54820,09-12-2024,Размещена
54820,06-12-2024,Размещена
54820,11-11-2024,Размещена
54820,31-10-2024,Размещена
54820,11-09-2024,Размещена
54820,06-09-2024,Размещена
54820,06-08-2024,Размещена
54820,29-07-2024,Размещена
54820,04-07-2024,Размещена
54820,05-06-2024,Размещена
54820,28-05-2024,Размещена
54820,02-05-2024,Размещена
54820,04-04-2024,Размещена
54820,19-03-2024,Размещена
54820,04-03-2024,Размещена
54820,12-02-2024,Размещена
54820,12-01-2024,Размещена
54820,11-01-2024,Размещена
54820,21-12-2023,Размещена
54820,08-12-2023,Размещена
54820,01-12-2023,Размещена
54820,20-11-2023,Размещена
54820,17-11-2023,Размещена
54820,25-10-2023,Размещена
54820,10-10-2023,Размещена
54821,03-03-2025,Размещена
54821,11-02-2025,Размещена
54821,15-01-2025,Размещена
54821,10-01-2025,Размещена
54821,09-12-2024,Размещена
54821,06-12-2024,Размещена
54821,11-11-2024,Размещена
54821,31-10-2024,Размещена
54821,11-09-2024,Размещена
54821,06-09-2024,Размещена
54821,06-08-2024,Размещена
54821,29-07-2024,Размещена
54821,04-07-2024,Размещена
54821,05-06-2024,Размещена
54821,28-05-2024,Размещена
54821,02-05-2024,Размещена
54821,04-04-2024,Размещена
54821,19-03-2024,Размещена
54821,04-03-2024,Размещена
54821,12-02-2024,Размещена
54821,12-01-2024,Размещена
54821,11-01-2024,Размещена
54821,21-12-2023,Размещена
54821,08-12-2023,Размещена
54821,01-12-2023,Размещена
54821,20-11-2023,Размещена
54821,17-11-2023,Размещена
54821,25-10-2023,Размещена
54821,10-10-2023,Размещена
54822,03-03-2025,Размещена
54822,11-02-2025,Размещена
54822,15-01-2025,Размещена
54822,10-01-2025,Размещена
54822,09-12-2024,Размещена
54822,06-12-2024,Размещена
54822,11-11-2024,Размещена
54822,31-10-2024,Размещена
54822,11-09-2024,Размещена
54822,06-09-2024,Размещена
54822,06-08-2024,Размещена
54822,29-07-2024,Размещена
54822,04-07-2024,Размещена
54822,05-06-2024,Размещена
54822,28-05-2024,Размещена
54822,02-05-2024,Размещена
54822,04-04-2024,Размещена
54822,19-03-2024,Размещена
54822,04-03-2024,Размещена
54822,12-02-2024,Размещена
54822,12-01-2024,Размещена
54822,11-01-2024,Размещена
54822,21-12-2023,Размещена
54822,08-12-2023,Размещена
54822,01-12-2023,Размещена
54822,20-11-2023,Размещена
54822,17-11-2023,Размещена
54822,25-10-2023,Размещена
54822,10-10-2023,Размещена
54823,03-03-2025,Размещена
54823,11-02-2025,Размещена
54823,15-01-2025,Размещена
54823,10-01-2025,Размещена
54823,09-12-2024,Размещена
54823,06-12-2024,Размещена
54823,11-11-2024,Размещена
54823,31-10-2024,Размещена
54823,11-09-2024,Размещена
54823,06-09-2024,Размещена
54823,06-08-2024,Размещена
54823,29-07-2024,Размещена
54823,04-07-2024,Размещена
54823,05-06-2024,Размещена
54823,28-05-2024,Размещена
54823,02-05-2024,Размещена
54823,04-04-2024,Размещена
54823,19-03-2024,Размещена
54823,04-03-2024,Размещена
54823,12-02-2024,Размещена
54823,12-01-2024,Размещена
54823,11-01-2024,Размещена
54823,21-12-2023,Размещена
54823,08-12-2023,Размещена
54823,01-12-2023,Размещена
54823,20-11-2023,Размещена
54823,17-11-2023,Размещена
54823,25-10-2023,Размещена
54823,10-10-2023,Размещена
54824,03-03-2025,Размещена
54824,11-02-2025,Размещена
54824,15-01-2025,Размещена
54824,10-01-2025,Размещена
54824,09-12-2024,Размещена
54824,06-12-2024,Размещена
54824,11-11-2024,Размещена
54824,31-10-2024,Размещена
54824,11-09-2024,Размещена
54824,06-09-2024,Размещена
54824,06-08-2024,Размещена
54824,29-07-2024,Размещена
54824,04-07-2024,Размещена
54824,05-06-2024,Размещена
54824,28-05-2024,Размещена
54824,02-05-2024,Размещена
54824,04-04-2024,Размещена
54824,19-03-2024,Размещена
54824,04-03-2024,Размещена
54824,12-02-2024,Размещена
54824,12-01-2024,Размещена
54824,11-01-2024,Размещена
54824,21-12-2023,Размещена
54824,08-12-2023,Размещена
54824,01-12-2023,Размещена
54824,20-11-2023,Размещена
54824,17-11-2023,Размещена
54824,25-10-2023,Размещена
54824,10-10-2023,Размещена
54825,03-03-2025,Размещена
54825,11-02-2025,Размещена
54825,15-01-2025,Размещена
54825,10-01-2025,Размещена
54825,09-12-2024,Размещена
54825,06-12-2024,Размещена
54825,11-11-2024,Размещена
54825,31-10-2024,Размещена
54825,11-09-2024,Размещена
54825,06-09-2024,Размещена
54825,06-08-2024,Размещена
54825,29-07-2024,Размещена
54825,04-07-2024,Размещена
54825,05-06-2024,Размещена
54825,28-05-2024,Размещена
54825,02-05-2024,Размещена
54825,04-04-2024,Размещена
54825,19-03-2024,Размещена
54825,04-03-2024,Размещена
54825,12-02-2024,Размещена
54825,12-01-2024,Размещена
54825,11-01-2024,Размещена
54825,21-12-2023,Размещена
54825,08-12-2023,Размещена
54825,01-12-2023,Размещена
54825,20-11-2023,Размещена
54825,17-11-2023,Размещена
54825,25-10-2023,Размещена
54825,10-10-2023,Размещена
54826,03-03-2025,Размещена
54826,11-02-2025,Размещена
54826,15-01-2025,Размещена
54826,10-01-2025,Размещена
54826,09-12-2024,Размещена
54826,06-12-2024,Размещена
54826,11-11-2024,Размещена
54826,31-10-2024,Размещена
54826,11-09-2024,Размещена
54826,06-09-2024,Размещена
54826,06-08-2024,Размещена
54826,29-07-2024,Размещена
54826,04-07-2024,Размещена
54826,05-06-2024,Размещена
54826,28-05-2024,Размещена
54826,02-05-2024,Размещена
54826,04-04-2024,Размещена
54826,19-03-2024,Размещена
54826,04-03-2024,Размещена
54826,12-02-2024,Размещена
54826,12-01-2024,Размещена
54826,11-01-2024,Размещена
54826,21-12-2023,Размещена
54826,08-12-2023,Размещена
54826,01-12-2023,Размещена
54826,20-11-2023,Размещена
54826,17-11-2023,Размещена
54826,25-10-2023,Размещена
54826,10-10-2023,Размещена
54827,03-03-2025,Размещена
54827,11-02-2025,Размещена
54827,15-01-2025,Размещена
54827,10-01-2025,Размещена
54827,09-12-2024,Размещена
54827,06-12-2024,Размещена
54827,11-11-2024,Размещена
54827,31-10-2024,Размещена
54827,11-09-2024,Размещена
54827,06-09-2024,Размещена
54827,06-08-2024,Размещена
54827,29-07-2024,Размещена
54827,04-07-2024,Размещена
54827,05-06-2024,Размещена
54827,28-05-2024,Размещена
54827,02-05-2024,Размещена
54827,04-04-2024,Размещена
54827,19-03-2024,Размещена
54827,04-03-2024,Размещена
54827,12-02-2024,Размещена
54827,12-01-2024,Размещена
54827,11-01-2024,Размещена
54827,21-12-2023,Размещена
54827,08-12-2023,Размещена
54827,01-12-2023,Размещена
54827,20-11-2023,Размещена
54827,17-11-2023,Размещена
54827,25-10-2023,Размещена
54827,10-10-2023,Размещена
54828,03-03-2025,Размещена
54828,11-02-2025,Размещена
54828,15-01-2025,Размещена
54828,10-01-2025,Размещена
54828,09-12-2024,Размещена
54828,06-12-2024,Размещена
54828,11-11-2024,Размещена
54828,31-10-2024,Размещена
54828,11-09-2024,Размещена
54828,06-09-2024,Размещена
54828,06-08-2024,Размещена
54828,29-07-2024,Размещена
54828,04-07-2024,Размещена
54828,05-06-2024,Размещена
54828,28-05-2024,Размещена
54828,02-05-2024,Размещена
54828,04-04-2024,Размещена
54828,19-03-2024,Размещена
54828,04-03-2024,Размещена
54828,12-02-2024,Размещена
54828,12-01-2024,Размещена
54828,11-01-2024,Размещена
54828,21-12-2023,Размещена
54828,08-12-2023,Размещена
54828,01-12-2023,Размещена
54828,20-11-2023,Размещена
54828,17-11-2023,Размещена
54828,25-10-2023,Размещена
54828,10-10-2023,Размещена
54829,03-03-2025,Размещена
54829,11-02-2025,Размещена
54829,15-01-2025,Размещена
54829,10-01-2025,Размещена
54829,09-12-2024,Размещена
54829,06-12-2024,Размещена
54829,11-11-2024,Размещена
54829,31-10-2024,Размещена
54829,11-09-2024,Размещена
54829,06-09-2024,Размещена
54829,06-08-2024,Размещена
54829,29-07-2024,Размещена
54829,04-07-2024,Размещена
54829,05-06-2024,Размещена
54829,28-05-2024,Размещена
54829,02-05-2024,Размещена
54829,04-04-2024,Размещена
54829,19-03-2024,Размещена
54829,04-03-2024,Размещена
54829,12-02-2024,Размещена
54829,12-01-2024,Размещена
54829,11-01-2024,Размещена
54829,21-12-2023,Размещена
54829,08-12-2023,Размещена
54829,01-12-2023,Размещена
54829,20-11-2023,Размещена
54829,17-11-2023,Размещена
54829,25-10-2023,Размещена
54829,10-10-2023,Размещена
54830,03-03-2025,Размещена
54830,11-02-2025,Размещена
54830,15-01-2025,Размещена
54830,10-01-2025,Размещена
54830,09-12-2024,Размещена
54830,06-12-2024,Размещена
54830,11-11-2024,Размещена
54830,31-10-2024,Размещена
54830,11-09-2024,Размещена
54830,06-09-2024,Размещена
54830,06-08-2024,Размещена
54830,29-07-2024,Размещена
54830,04-07-2024,Размещена
54830,05-06-2024,Размещена
54830,28-05-2024,Размещена
54830,02-05-2024,Размещена
54830,04-04-2024,Размещена
54830,19-03-2024,Размещена
54830,04-03-2024,Размещена
54830,12-02-2024,Размещена
54830,12-01-2024,Размещена
54830,11-01-2024,Размещена
54830,21-12-2023,Размещена
54830,08-12-2023,Размещена
54830,01-12-2023,Размещена
54830,20-11-2023,Размещена
54830,17-11-2023,Размещена
54830,25-10-2023,Размещена
54830,10-10-2023,Размещена
54831,03-03-2025,Размещена
54831,11-02-2025,Размещена
54831,15-01-2025,Размещена
54831,10-01-2025,Размещена
54831,09-12-2024,Размещена
54831,06-12-2024,Размещена
54831,11-11-2024,Размещена
54831,31-10-2024,Размещена
54831,11-09-2024,Размещена
54831,06-09-2024,Размещена
54831,06-08-2024,Размещена
54831,29-07-2024,Размещена
54831,04-07-2024,Размещена
54831,05-06-2024,Размещена
54831,28-05-2024,Размещена
54831,02-05-2024,Размещена
54831,04-04-2024,Размещена
54831,19-03-2024,Размещена
54831,04-03-2024,Размещена
54831,12-02-2024,Размещена
54831,12-01-2024,Размещена
54831,11-01-2024,Размещена
54831,21-12-2023,Размещена
54831,08-12-2023,Размещена
54831,01-12-2023,Размещена
54831,20-11-2023,Размещена
54831,17-11-2023,Размещена
54831,25-10-2023,Размещена
54831,10-10-2023,Размещена
54832,03-03-2025,Размещена
54832,11-02-2025,Размещена
54832,15-01-2025,Размещена
54832,10-01-2025,Размещена
54832,09-12-2024,Размещена
54832,06-12-2024,Размещена
54832,11-11-2024,Размещена
54832,31-10-2024,Размещена
54832,11-09-2024,Размещена
54832,06-09-2024,Размещена
54832,06-08-2024,Размещена
54832,29-07-2024,Размещена
54832,04-07-2024,Размещена
54832,05-06-2024,Размещена
54832,28-05-2024,Размещена
54832,02-05-2024,Размещена
54832,04-04-2024,Размещена
54832,19-03-2024,Размещена
54832,04-03-2024,Размещена
54832,12-02-2024,Размещена
54832,12-01-2024,Размещена
54832,11-01-2024,Размещена
54832,21-12-2023,Размещена
54832,08-12-2023,Размещена
54832,01-12-2023,Размещена
54832,20-11-2023,Размещена
54832,17-11-2023,Размещена
54832,25-10-2023,Размещена
54832,10-10-2023,Размещена
54833,03-03-2025,Размещена
54833,11-02-2025,Размещена
54833,15-01-2025,Размещена
54833,10-01-2025,Размещена
54833,09-12-2024,Размещена
54833,06-12-2024,Размещена
54833,11-11-2024,Размещена
54833,31-10-2024,Размещена
54833,11-09-2024,Размещена
54833,06-09-2024,Размещена
54833,06-08-2024,Размещена
54833,29-07-2024,Размещена
54833,04-07-2024,Размещена
54833,05-06-2024,Размещена
54833,28-05-2024,Размещена
54833,02-05-2024,Размещена
54833,04-04-2024,Размещена
54833,19-03-2024,Размещена
54833,04-03-2024,Размещена
54833,12-02-2024,Размещена
54833,12-01-2024,Размещена
54833,11-01-2024,Размещена
54833,21-12-2023,Размещена
54833,08-12-2023,Размещена
54833,01-12-2023,Размещена
54833,20-11-2023,Размещена
54833,17-11-2023,Размещена
54833,25-10-2023,Размещена
54833,10-10-2023,Размещена
54834,03-03-2025,Размещена
54834,11-02-2025,Размещена
54834,15-01-2025,Размещена
54834,10-01-2025,Размещена
54834,09-12-2024,Размещена
54834,06-12-2024,Размещена
54834,11-11-2024,Размещена
54834,31-10-2024,Размещена
54834,11-09-2024,Размещена
54834,06-09-2024,Размещена
54834,06-08-2024,Размещена
54834,29-07-2024,Размещена
54834,04-07-2024,Размещена
54834,05-06-2024,Размещена
54834,28-05-2024,Размещена
54834,02-05-2024,Размещена
54834,04-04-2024,Размещена
54834,19-03-2024,Размещена
54834,04-03-2024,Размещена
54834,12-02-2024,Размещена
54834,12-01-2024,Размещена
54834,11-01-2024,Размещена
54834,21-12-2023,Размещена
54834,08-12-2023,Размещена
54834,01-12-2023,Размещена
54834,20-11-2023,Размещена
54834,17-11-2023,Размещена
54834,25-10-2023,Размещена
54834,10-10-2023,Размещена
54835,03-03-2025,Размещена
54835,11-02-2025,Размещена
54835,15-01-2025,Размещена
54835,10-01-2025,Размещена
54835,09-12-2024,Размещена
54835,06-12-2024,Размещена
54835,11-11-2024,Размещена
54835,31-10-2024,Размещена
54835,11-09-2024,Размещена
54835,06-09-2024,Размещена
54835,06-08-2024,Размещена
54835,29-07-2024,Размещена
54835,04-07-2024,Размещена
54835,05-06-2024,Размещена
54835,28-05-2024,Размещена
54835,02-05-2024,Размещена
54835,04-04-2024,Размещена
54835,19-03-2024,Размещена
54835,04-03-2024,Размещена
54835,12-02-2024,Размещена
54835,12-01-2024,Размещена
54835,11-01-2024,Размещена
54835,21-12-2023,Размещена
54835,08-12-2023,Размещена
54835,01-12-2023,Размещена
54835,20-11-2023,Размещена
54835,17-11-2023,Размещена
54835,25-10-2023,Размещена
54835,10-10-2023,Размещена
54836,03-03-2025,Размещена
54836,11-02-2025,Размещена
54836,15-01-2025,Размещена
54836,10-01-2025,Размещена
54836,09-12-2024,Размещена
54836,06-12-2024,Размещена
54836,11-11-2024,Размещена
54836,31-10-2024,Размещена
54836,11-09-2024,Размещена
54836,06-09-2024,Размещена
54836,06-08-2024,Размещена
54836,29-07-2024,Размещена
54836,04-07-2024,Размещена
54836,05-06-2024,Размещена
54836,28-05-2024,Размещена
54836,02-05-2024,Размещена
54836,04-04-2024,Размещена
54836,19-03-2024,Размещена
54836,04-03-2024,Размещена
54836,12-02-2024,Размещена
54836,12-01-2024,Размещена
54836,11-01-2024,Размещена
54836,21-12-2023,Размещена
54836,08-12-2023,Размещена
54836,01-12-2023,Размещена
54836,20-11-2023,Размещена
54836,17-11-2023,Размещена
54836,25-10-2023,Размещена
54836,10-10-2023,Размещена
54837,03-03-2025,Размещена
54837,11-02-2025,Размещена
54837,15-01-2025,Размещена
54837,10-01-2025,Размещена
54837,09-12-2024,Размещена
54837,06-12-2024,Размещена
54837,11-11-2024,Размещена
54837,31-10-2024,Размещена
54837,11-09-2024,Размещена
54837,06-09-2024,Размещена
54837,06-08-2024,Размещена
54837,29-07-2024,Размещена
54837,04-07-2024,Размещена
54837,05-06-2024,Размещена
54837,28-05-2024,Размещена
54837,02-05-2024,Размещена
54837,04-04-2024,Размещена
54837,19-03-2024,Размещена
54837,04-03-2024,Размещена
54837,12-02-2024,Размещена
54837,12-01-2024,Размещена
54837,11-01-2024,Размещена
54837,21-12-2023,Размещена
54837,08-12-2023,Размещена
54837,01-12-2023,Размещена
54837,20-11-2023,Размещена
54837,17-11-2023,Размещена
54837,25-10-2023,Размещена
54837,10-10-2023,Размещена
54838,03-03-2025,Размещена
54838,11-02-2025,Размещена
54838,15-01-2025,Размещена
54838,10-01-2025,Размещена
54838,09-12-2024,Размещена
54838,06-12-2024,Размещена
54838,11-11-2024,Размещена
54838,31-10-2024,Размещена
54838,11-09-2024,Размещена
54838,06-09-2024,Размещена
54838,06-08-2024,Размещена
54838,29-07-2024,Размещена
54838,04-07-2024,Размещена
54838,05-06-2024,Размещена
54838,28-05-2024,Размещена
54838,02-05-2024,Размещена
54838,04-04-2024,Размещена
54838,19-03-2024,Размещена
54838,04-03-2024,Размещена
54838,12-02-2024,Размещена
54838,12-01-2024,Размещена
54838,11-01-2024,Размещена
54838,21-12-2023,Размещена
54838,08-12-2023,Размещена
54838,01-12-2023,Размещена
54838,20-11-2023,Размещена
54838,17-11-2023,Размещена
54838,25-10-2023,Размещена
54838,10-10-2023,Размещена
54839,03-03-2025,Размещена
54839,11-02-2025,Размещена
54839,15-01-2025,Размещена
54839,10-01-2025,Размещена
54839,09-12-2024,Размещена
54839,06-12-2024,Размещена
54839,11-11-2024,Размещена
54839,31-10-2024,Размещена
54839,11-09-2024,Размещена
54839,06-09-2024,Размещена
54839,06-08-2024,Размещена
54839,29-07-2024,Размещена
54839,04-07-2024,Размещена
54839,05-06-2024,Размещена
54839,28-05-2024,Размещена
54839,02-05-2024,Размещена
54839,04-04-2024,Размещена
54839,19-03-2024,Размещена
54839,04-03-2024,Размещена
54839,12-02-2024,Размещена
54839,12-01-2024,Размещена
54839,11-01-2024,Размещена
54839,21-12-2023,Размещена
54839,08-12-2023,Размещена
54839,01-12-2023,Размещена
54839,20-11-2023,Размещена
54839,17-11-2023,Размещена
54839,25-10-2023,Размещена
54839,10-10-2023,Размещена
54840,03-03-2025,Размещена
54840,11-02-2025,Размещена
54840,15-01-2025,Размещена
54840,10-01-2025,Размещена
54840,09-12-2024,Размещена
54840,06-12-2024,Размещена
54840,11-11-2024,Размещена
54840,31-10-2024,Размещена
54840,11-09-2024,Размещена
54840,06-09-2024,Размещена
54840,06-08-2024,Размещена
54840,29-07-2024,Размещена
54840,04-07-2024,Размещена
54840,05-06-2024,Размещена
54840,28-05-2024,Размещена
54840,02-05-2024,Размещена
54840,04-04-2024,Размещена
54840,19-03-2024,Размещена
54840,04-03-2024,Размещена
54840,12-02-2024,Размещена
54840,12-01-2024,Размещена
54840,11-01-2024,Размещена
54840,21-12-2023,Размещена
54840,08-12-2023,Размещена
54840,01-12-2023,Размещена
54840,20-11-2023,Размещена
54840,17-11-2023,Размещена
54840,25-10-2023,Размещена
54840,10-10-2023,Размещена
54841,03-03-2025,Размещена
54841,11-02-2025,Размещена
54841,15-01-2025,Размещена
54841,10-01-2025,Размещена
54841,09-12-2024,Размещена
54841,06-12-2024,Размещена
54841,11-11-2024,Размещена
54841,31-10-2024,Размещена
54841,11-09-2024,Размещена
54841,06-09-2024,Размещена
54841,06-08-2024,Размещена
54841,29-07-2024,Размещена
54841,04-07-2024,Размещена
54841,05-06-2024,Размещена
54841,28-05-2024,Размещена
54841,02-05-2024,Размещена
54841,04-04-2024,Размещена
54841,19-03-2024,Размещена
54841,04-03-2024,Размещена
54841,12-02-2024,Размещена
54841,12-01-2024,Размещена
54841,11-01-2024,Размещена
54841,21-12-2023,Размещена
54841,08-12-2023,Размещена
54841,01-12-2023,Размещена
54841,20-11-2023,Размещена
54841,17-11-2023,Размещена
54841,25-10-2023,Размещена
54841,10-10-2023,Размещена
54842,03-03-2025,Размещена
54842,11-02-2025,Размещена
54842,15-01-2025,Размещена
54842,10-01-2025,Размещена
54842,09-12-2024,Размещена
54842,06-12-2024,Размещена
54842,11-11-2024,Размещена
54842,31-10-2024,Размещена
54842,11-09-2024,Размещена
54842,06-09-2024,Размещена
54842,06-08-2024,Размещена
54842,29-07-2024,Размещена
54842,04-07-2024,Размещена
54842,05-06-2024,Размещена
54842,28-05-2024,Размещена
54842,02-05-2024,Размещена
54842,04-04-2024,Размещена
54842,19-03-2024,Размещена
54842,04-03-2024,Размещена
54842,12-02-2024,Размещена
54842,12-01-2024,Размещена
54842,11-01-2024,Размещена
54842,21-12-2023,Размещена
54842,08-12-2023,Размещена
54842,01-12-2023,Размещена
54842,20-11-2023,Размещена
54842,17-11-2023,Размещена
54842,25-10-2023,Размещена
54842,10-10-2023,Размещена
54843,03-03-2025,Размещена
54843,11-02-2025,Размещена
54843,15-01-2025,Размещена
54843,10-01-2025,Размещена
54843,09-12-2024,Размещена
54843,06-12-2024,Размещена
54843,11-11-2024,Размещена
54843,31-10-2024,Размещена
54843,11-09-2024,Размещена
54843,06-09-2024,Размещена
54843,06-08-2024,Размещена
54843,29-07-2024,Размещена
54843,04-07-2024,Размещена
54843,05-06-2024,Размещена
54843,28-05-2024,Размещена
54843,02-05-2024,Размещена
54843,04-04-2024,Размещена
54843,19-03-2024,Размещена
54843,04-03-2024,Размещена
54843,12-02-2024,Размещена
54843,12-01-2024,Размещена
54843,11-01-2024,Размещена
54843,21-12-2023,Размещена
54843,08-12-2023,Размещена
54843,01-12-2023,Размещена
54843,20-11-2023,Размещена
54843,17-11-2023,Размещена
54843,25-10-2023,Размещена
54843,10-10-2023,Размещена
55050,15-05-2026,ДДУ зарегистрирован
55050,29-04-2026,ДДУ зарегистрирован
55050,10-04-2026,ДДУ зарегистрирован
55050,18-03-2026,ДДУ зарегистрирован
55050,11-03-2026,ДДУ зарегистрирован
55050,11-03-2026,ДДУ зарегистрирован
55050,09-02-2026,ДДУ зарегистрирован
55050,10-01-2026,ДДУ зарегистрирован
55050,30-12-2025,ДДУ зарегистрирован
55050,09-12-2025,ДДУ зарегистрирован
55050,13-11-2025,ДДУ зарегистрирован
55050,11-11-2025,ДДУ зарегистрирован
55050,10-11-2025,ДДУ зарегистрирован
55050,10-10-2025,ДДУ зарегистрирован
55050,30-09-2025,ДДУ зарегистрирован
55050,10-09-2025,ДДУ зарегистрирован
55050,07-08-2025,ДДУ зарегистрирован
55050,10-07-2025,ДДУ зарегистрирован
55050,20-06-2025,ДДУ зарегистрирован
55050,10-06-2025,ДДУ зарегистрирован
55050,07-05-2025,ДДУ зарегистрирован
55050,07-05-2025,ДДУ зарегистрирован
55050,10-04-2025,ДДУ зарегистрирован
55050,10-04-2025,ДДУ зарегистрирован
55050,10-03-2025,ДДУ зарегистрирован
55050,07-02-2025,ДДУ зарегистрирован
55050,30-01-2025,ДДУ зарегистрирован
55050,27-01-2025,ДДУ зарегистрирован
55050,09-01-2025,ДДУ зарегистрирован
55050,11-12-2024,ДДУ зарегистрирован
55050,09-12-2024,ДДУ зарегистрирован
55050,08-11-2024,ДДУ зарегистрирован
55050,21-10-2024,ДДУ зарегистрирован
55050,07-10-2024,ДДУ зарегистрирован
55050,10-09-2024,ДДУ зарегистрирован
55050,05-09-2024,ДДУ зарегистрирован
55050,21-08-2024,ДДУ зарегистрирован
55050,08-08-2024,ДДУ зарегистрирован
55050,09-07-2024,ДДУ зарегистрирован
55050,05-06-2024,ДДУ зарегистрирован
55050,08-05-2024,ДДУ зарегистрирован
55050,15-04-2024,ДДУ зарегистрирован
55050,08-04-2024,ДДУ зарегистрирован
55050,07-03-2024,ДДУ зарегистрирован
55050,15-02-2024,ДДУ зарегистрирован
55050,12-02-2024,ДДУ зарегистрирован
55050,25-01-2024,ДДУ зарегистрирован
55050,22-01-2024,Размещена
55050,25-12-2023,Размещена
55050,13-12-2023,Размещена
55050,19-10-2023,Размещена
55062,09-09-2026,ДДУ зарегистрирован
55062,07-09-2026,ДДУ зарегистрирован
55062,11-08-2026,ДДУ зарегистрирован
55062,10-08-2026,ДДУ зарегистрирован
55062,05-08-2026,ДДУ зарегистрирован
55062,28-07-2026,ДДУ зарегистрирован
55062,14-07-2026,ДДУ зарегистрирован
55062,06-07-2026,ДДУ зарегистрирован
55062,26-06-2026,ДДУ зарегистрирован
55062,04-06-2026,ДДУ зарегистрирован
55062,08-05-2026,ДДУ зарегистрирован
55062,06-05-2026,ДДУ зарегистрирован
55062,28-04-2026,ДДУ зарегистрирован
55062,27-04-2026,ДДУ зарегистрирован
55062,10-04-2026,ДДУ зарегистрирован
55062,31-03-2026,ДДУ зарегистрирован
55062,05-03-2026,ДДУ зарегистрирован
55062,09-02-2026,ДДУ зарегистрирован
55062,12-01-2026,ДДУ зарегистрирован
55062,05-12-2025,ДДУ зарегистрирован
55062,10-11-2025,ДДУ зарегистрирован
55062,07-11-2025,ДДУ зарегистрирован
55062,27-10-2025,ДДУ зарегистрирован
55062,09-10-2025,ДДУ зарегистрирован
55062,07-10-2025,ДДУ зарегистрирован
55062,05-09-2025,ДДУ зарегистрирован
55062,08-08-2025,ДДУ зарегистрирован
55062,28-07-2025,ДДУ зарегистрирован
55062,09-07-2025,ДДУ зарегистрирован
55062,16-06-2025,ДДУ зарегистрирован
55062,09-06-2025,ДДУ зарегистрирован
55062,07-05-2025,ДДУ зарегистрирован
55062,30-04-2025,ДДУ зарегистрирован
55062,09-04-2025,ДДУ зарегистрирован
55062,07-03-2025,ДДУ зарегистрирован
55062,07-02-2025,ДДУ зарегистрирован
55062,09-01-2025,ДДУ зарегистрирован
55062,09-01-2025,ДДУ зарегистрирован
55062,25-12-2024,ДДУ зарегистрирован
55062,09-12-2024,ДДУ зарегистрирован
55062,07-11-2024,ДДУ зарегистрирован
55062,28-10-2024,ДДУ зарегистрирован
55062,28-10-2024,ДДУ зарегистрирован
55062,09-10-2024,ДДУ зарегистрирован
55062,25-09-2024,ДДУ зарегистрирован
55062,25-09-2024,ДДУ зарегистрирован
55062,06-09-2024,ДДУ зарегистрирован
55062,06-08-2024,ДДУ зарегистрирован
55062,25-07-2024,ДДУ зарегистрирован
55062,18-07-2024,ДДУ зарегистрирован
55062,05-07-2024,ДДУ зарегистрирован
55062,01-07-2024,ДДУ зарегистрирован
55062,17-06-2024,ДДУ зарегистрирован
55062,07-06-2024,ДДУ зарегистрирован
55062,29-05-2024,ДДУ зарегистрирован
55062,27-05-2024,ДДУ зарегистрирован
55062,14-05-2024,ДДУ зарегистрирован
55062,07-05-2024,ДДУ зарегистрирован
55062,27-04-2024,ДДУ зарегистрирован
55062,17-04-2024,ДДУ зарегистрирован
55062,09-04-2024,ДДУ зарегистрирован
55062,28-03-2024,ДДУ зарегистрирован
55062,18-03-2024,ДДУ зарегистрирован
55062,13-03-2024,ДДУ зарегистрирован
55062,13-03-2024,ДДУ зарегистрирован
55062,07-03-2024,ДДУ зарегистрирован
55062,08-02-2024,ДДУ зарегистрирован
55062,15-01-2024,ДДУ зарегистрирован
55062,12-01-2024,ДДУ зарегистрирован
55062,10-01-2024,ДДУ зарегистрирован
55062,09-01-2024,ДДУ зарегистрирован
55062,25-12-2023,ДДУ зарегистрирован
55062,08-12-2023,ДДУ зарегистрирован
55062,10-11-2023,ДДУ зарегистрирован
55062,10-11-2023,ДДУ зарегистрирован
55062,07-11-2023,Размещена
55062,26-10-2023,Размещена
55062,20-10-2023,Размещена
55062,19-10-2023,Размещена
55136,04-08-2025,ДДУ зарегистрирован
55136,29-07-2025,ДДУ зарегистрирован
55136,02-07-2025,ДДУ зарегистрирован
55136,27-06-2025,ДДУ зарегистрирован
55136,09-06-2025,ДДУ зарегистрирован
55136,05-05-2025,ДДУ зарегистрирован
55136,30-04-2025,ДДУ зарегистрирован
55136,25-04-2025,ДДУ зарегистрирован
55136,25-04-2025,ДДУ зарегистрирован
55136,03-04-2025,ДДУ зарегистрирован
55136,18-03-2025,ДДУ зарегистрирован
55136,04-03-2025,ДДУ зарегистрирован
55136,05-02-2025,ДДУ зарегистрирован
55136,10-01-2025,ДДУ зарегистрирован
55136,09-12-2024,ДДУ зарегистрирован
55136,03-12-2024,ДДУ зарегистрирован
55136,14-11-2024,ДДУ зарегистрирован
55136,01-11-2024,ДДУ зарегистрирован
55136,29-10-2024,ДДУ зарегистрирован
55136,17-10-2024,ДДУ зарегистрирован
55136,07-10-2024,ДДУ зарегистрирован
55136,01-10-2024,ДДУ зарегистрирован
55136,09-09-2024,ДДУ зарегистрирован
55136,01-08-2024,ДДУ зарегистрирован
55136,01-08-2024,ДДУ зарегистрирован
55136,30-07-2024,ДДУ зарегистрирован
55136,01-07-2024,ДДУ зарегистрирован
55136,03-06-2024,ДДУ зарегистрирован
55136,03-05-2024,ДДУ зарегистрирован
55136,25-04-2024,ДДУ зарегистрирован
55136,25-04-2024,ДДУ зарегистрирован
55136,19-04-2024,ДДУ зарегистрирован
55136,03-04-2024,ДДУ зарегистрирован
55136,06-03-2024,ДДУ зарегистрирован
55136,21-02-2024,ДДУ зарегистрирован
55136,02-02-2024,ДДУ зарегистрирован
55136,25-01-2024,ДДУ зарегистрирован
55136,25-01-2024,ДДУ зарегистрирован
55136,15-01-2024,ДДУ зарегистрирован
55136,09-01-2024,ДДУ зарегистрирован
55136,04-12-2023,ДДУ зарегистрирован
55136,03-11-2023,ДДУ зарегистрирован
55136,25-10-2023,Размещена
55136,25-10-2023,Размещена
55136,24-10-2023,Размещена
55186,10-02-2025,Снято с контроля
55186,23-01-2025,ДДУ зарегистрирован
55186,15-01-2025,ДДУ зарегистрирован
55186,10-01-2025,ДДУ зарегистрирован
55186,09-12-2024,ДДУ зарегистрирован
55186,05-11-2024,ДДУ зарегистрирован
55186,08-10-2024,ДДУ зарегистрирован
55186,09-09-2024,ДДУ зарегистрирован
55186,09-08-2024,ДДУ зарегистрирован
55186,10-07-2024,ДДУ зарегистрирован
55186,06-06-2024,ДДУ зарегистрирован
55186,08-05-2024,ДДУ зарегистрирован
55186,09-04-2024,ДДУ зарегистрирован
55186,02-04-2024,ДДУ зарегистрирован
55186,07-03-2024,ДДУ зарегистрирован
55186,09-02-2024,ДДУ зарегистрирован
55186,10-01-2024,ДДУ зарегистрирован
55186,14-12-2023,ДДУ зарегистрирован
55186,07-12-2023,ДДУ зарегистрирован
55186,26-10-2023,ДДУ зарегистрирован
55186,26-10-2023,Размещена
55214,12-03-2026,ДДУ зарегистрирован
55214,19-02-2026,ДДУ зарегистрирован
55214,17-02-2026,ДДУ зарегистрирован
55214,10-02-2026,ДДУ зарегистрирован
55214,10-02-2026,ДДУ зарегистрирован
55214,06-02-2026,ДДУ зарегистрирован
55214,05-02-2026,ДДУ зарегистрирован
55214,02-02-2026,ДДУ зарегистрирован
55214,29-01-2026,ДДУ зарегистрирован
55214,28-01-2026,ДДУ зарегистрирован
55214,28-01-2026,ДДУ зарегистрирован
55214,28-01-2026,ДДУ зарегистрирован
55214,22-01-2026,ДДУ зарегистрирован
55214,13-01-2026,ДДУ зарегистрирован
55214,12-01-2026,ДДУ зарегистрирован
55214,30-12-2025,ДДУ зарегистрирован
55214,24-12-2025,ДДУ зарегистрирован
55214,22-12-2025,ДДУ зарегистрирован
55214,10-12-2025,ДДУ зарегистрирован
55214,05-12-2025,ДДУ зарегистрирован
55214,05-12-2025,ДДУ зарегистрирован
55214,04-12-2025,ДДУ зарегистрирован
55214,03-12-2025,ДДУ зарегистрирован
55214,26-11-2025,ДДУ зарегистрирован
55214,10-11-2025,ДДУ зарегистрирован
55214,30-10-2025,ДДУ зарегистрирован
55214,22-10-2025,ДДУ зарегистрирован
55214,21-10-2025,ДДУ зарегистрирован
55214,07-10-2025,ДДУ зарегистрирован
55214,05-09-2025,ДДУ зарегистрирован
55214,01-09-2025,ДДУ зарегистрирован
55214,29-08-2025,ДДУ зарегистрирован
55214,26-08-2025,ДДУ зарегистрирован
55214,21-08-2025,ДДУ зарегистрирован
55214,13-08-2025,ДДУ зарегистрирован
55214,11-08-2025,ДДУ зарегистрирован
55214,08-08-2025,ДДУ зарегистрирован
55214,31-07-2025,ДДУ зарегистрирован
55214,09-07-2025,ДДУ зарегистрирован
55214,18-06-2025,ДДУ зарегистрирован
55214,10-06-2025,ДДУ зарегистрирован
55214,21-05-2025,ДДУ зарегистрирован
55214,20-05-2025,ДДУ зарегистрирован
55214,16-05-2025,ДДУ зарегистрирован
55214,14-05-2025,ДДУ зарегистрирован
55214,05-05-2025,ДДУ зарегистрирован
55214,30-04-2025,ДДУ зарегистрирован
55214,29-04-2025,ДДУ зарегистрирован
55214,25-04-2025,ДДУ зарегистрирован
55214,15-04-2025,ДДУ зарегистрирован
55214,11-04-2025,ДДУ зарегистрирован
55214,09-04-2025,ДДУ зарегистрирован
55214,03-04-2025,ДДУ зарегистрирован
55214,27-03-2025,ДДУ зарегистрирован
55214,21-03-2025,ДДУ зарегистрирован
55214,17-03-2025,ДДУ зарегистрирован
55214,04-03-2025,ДДУ зарегистрирован
55214,25-02-2025,ДДУ зарегистрирован
55214,12-02-2025,ДДУ зарегистрирован
55214,10-02-2025,ДДУ зарегистрирован
55214,10-02-2025,ДДУ зарегистрирован
55214,10-01-2025,ДДУ зарегистрирован
55214,09-01-2025,ДДУ зарегистрирован
55214,20-12-2024,ДДУ зарегистрирован
55214,04-12-2024,ДДУ зарегистрирован
55214,11-11-2024,ДДУ зарегистрирован
55214,11-11-2024,ДДУ зарегистрирован
55214,30-10-2024,ДДУ зарегистрирован
55214,30-10-2024,ДДУ зарегистрирован
55214,28-10-2024,ДДУ зарегистрирован
55214,18-10-2024,ДДУ зарегистрирован
55214,16-10-2024,ДДУ зарегистрирован
55214,11-10-2024,ДДУ зарегистрирован
55214,11-10-2024,ДДУ зарегистрирован
55214,09-10-2024,ДДУ зарегистрирован
55214,09-10-2024,ДДУ зарегистрирован
55214,01-10-2024,ДДУ зарегистрирован
55214,27-09-2024,ДДУ зарегистрирован
55214,09-09-2024,ДДУ зарегистрирован
55214,02-08-2024,ДДУ зарегистрирован
55214,01-08-2024,ДДУ зарегистрирован
55214,31-07-2024,ДДУ зарегистрирован
55214,09-07-2024,ДДУ зарегистрирован
55214,21-06-2024,ДДУ зарегистрирован
55214,13-06-2024,ДДУ зарегистрирован
55214,07-06-2024,ДДУ зарегистрирован
55214,07-06-2024,ДДУ зарегистрирован
55214,23-05-2024,ДДУ зарегистрирован
55214,13-05-2024,ДДУ зарегистрирован
55214,08-05-2024,ДДУ зарегистрирован
55214,26-04-2024,ДДУ зарегистрирован
55214,09-04-2024,ДДУ зарегистрирован
55214,07-03-2024,ДДУ зарегистрирован
55214,09-02-2024,ДДУ зарегистрирован
55214,18-01-2024,ДДУ зарегистрирован
55214,09-01-2024,ДДУ зарегистрирован
55214,29-12-2023,Размещена
55214,25-12-2023,Размещена
55214,19-12-2023,Размещена
55214,08-12-2023,Размещена
55214,08-11-2023,Размещена
55214,30-10-2023,Размещена
55214,30-10-2023,Размещена
55214,27-10-2023,Размещена
55284,02-09-2025,ДДУ зарегистрирован
55284,04-08-2025,ДДУ зарегистрирован
55284,29-07-2025,ДДУ зарегистрирован
55284,29-07-2025,ДДУ зарегистрирован
55284,02-07-2025,ДДУ зарегистрирован
55284,27-06-2025,ДДУ зарегистрирован
55284,09-06-2025,ДДУ зарегистрирован
55284,05-05-2025,ДДУ зарегистрирован
55284,30-04-2025,ДДУ зарегистрирован
55284,25-04-2025,ДДУ зарегистрирован
55284,03-04-2025,ДДУ зарегистрирован
55284,27-03-2025,ДДУ зарегистрирован
55284,18-03-2025,ДДУ зарегистрирован
55284,04-03-2025,ДДУ зарегистрирован
55284,05-02-2025,ДДУ зарегистрирован
55284,10-01-2025,ДДУ зарегистрирован
55284,03-12-2024,ДДУ зарегистрирован
55284,01-11-2024,ДДУ зарегистрирован
55284,29-10-2024,ДДУ зарегистрирован
55284,17-10-2024,ДДУ зарегистрирован
55284,07-10-2024,ДДУ зарегистрирован
55284,01-10-2024,ДДУ зарегистрирован
55284,09-09-2024,ДДУ зарегистрирован
55284,01-08-2024,ДДУ зарегистрирован
55284,01-08-2024,ДДУ зарегистрирован
55284,30-07-2024,ДДУ зарегистрирован
55284,01-07-2024,ДДУ зарегистрирован
55284,03-06-2024,ДДУ зарегистрирован
55284,03-05-2024,ДДУ зарегистрирован
55284,25-04-2024,ДДУ зарегистрирован
55284,25-04-2024,ДДУ зарегистрирован
55284,24-04-2024,ДДУ зарегистрирован
55284,24-04-2024,ДДУ зарегистрирован
55284,23-04-2024,ДДУ зарегистрирован
55284,19-04-2024,ДДУ зарегистрирован
55284,03-04-2024,ДДУ зарегистрирован
55284,14-03-2024,ДДУ зарегистрирован
55284,21-02-2024,ДДУ зарегистрирован
55284,26-01-2024,Размещена
55284,15-01-2024,Размещена
55284,03-11-2023,Размещена
55284,31-10-2023,Размещена
55485,06-02-2024,Снято с контроля
55485,24-01-2024,ДДУ зарегистрирован
55485,10-01-2024,ДДУ зарегистрирован
55485,07-12-2023,ДДУ зарегистрирован
55485,14-11-2023,ДДУ зарегистрирован
55551,14-01-2026,ДДУ зарегистрирован
55551,10-12-2025,ДДУ зарегистрирован
55551,10-11-2025,ДДУ зарегистрирован
55551,30-10-2025,ДДУ зарегистрирован
55551,09-10-2025,ДДУ зарегистрирован
55551,09-09-2025,ДДУ зарегистрирован
55551,08-08-2025,ДДУ зарегистрирован
55551,30-07-2025,ДДУ зарегистрирован
55551,24-07-2025,ДДУ зарегистрирован
55551,09-07-2025,ДДУ зарегистрирован
55551,02-06-2025,ДДУ зарегистрирован
55551,05-05-2025,ДДУ зарегистрирован
55551,30-04-2025,ДДУ зарегистрирован
55551,29-04-2025,ДДУ зарегистрирован
55551,04-04-2025,ДДУ зарегистрирован
55551,27-03-2025,ДДУ зарегистрирован
55551,10-03-2025,ДДУ зарегистрирован
55551,07-02-2025,ДДУ зарегистрирован
55551,09-01-2025,ДДУ зарегистрирован
55551,06-12-2024,ДДУ зарегистрирован
55551,11-11-2024,ДДУ зарегистрирован
55551,30-10-2024,ДДУ зарегистрирован
55551,22-10-2024,ДДУ зарегистрирован
55551,10-10-2024,ДДУ зарегистрирован
55551,18-09-2024,ДДУ зарегистрирован
55551,09-09-2024,ДДУ зарегистрирован
55551,02-08-2024,ДДУ зарегистрирован
55551,30-07-2024,ДДУ зарегистрирован
55551,09-07-2024,ДДУ зарегистрирован
55551,11-06-2024,ДДУ зарегистрирован
55551,07-06-2024,ДДУ зарегистрирован
55551,08-05-2024,ДДУ зарегистрирован
55551,09-04-2024,ДДУ зарегистрирован
55551,07-03-2024,ДДУ зарегистрирован
55551,09-02-2024,ДДУ зарегистрирован
55551,09-01-2024,ДДУ зарегистрирован
55551,29-12-2023,ДДУ зарегистрирован
55551,08-12-2023,ДДУ зарегистрирован
55551,05-12-2023,ДДУ зарегистрирован
55551,16-11-2023,Размещена
55560,07-09-2026,Размещена
55560,04-08-2026,Размещена
55560,08-07-2026,Размещена
55560,08-06-2026,Размещена
55560,06-05-2026,Размещена
55560,07-04-2026,Размещена
55560,02-03-2026,Размещена
55560,06-02-2026,Размещена
55560,12-01-2026,Размещена
55560,04-12-2025,Размещена
55560,10-11-2025,Размещена
55560,07-10-2025,Размещена
55560,08-09-2025,Размещена
55560,08-08-2025,Размещена
55560,28-07-2025,Размещена
55560,05-06-2025,Размещена
55560,07-05-2025,Размещена
55560,09-04-2025,Размещена
55560,05-03-2025,Размещена
55560,24-01-2025,Размещена
55560,16-11-2023,Размещена
55576,10-12-2025,Снято с контроля
55576,07-11-2025,ДДУ зарегистрирован
55576,07-11-2025,ДДУ зарегистрирован
55576,07-11-2025,ДДУ зарегистрирован
55576,04-10-2025,ДДУ зарегистрирован
55576,10-09-2025,ДДУ зарегистрирован
55576,21-08-2025,ДДУ зарегистрирован
55576,07-08-2025,ДДУ зарегистрирован
55576,10-07-2025,ДДУ зарегистрирован
55576,10-06-2025,ДДУ зарегистрирован
55576,07-05-2025,ДДУ зарегистрирован
55576,09-04-2025,ДДУ зарегистрирован
55576,10-03-2025,ДДУ зарегистрирован
55576,10-02-2025,ДДУ зарегистрирован
55576,10-01-2025,ДДУ зарегистрирован
55576,09-12-2024,ДДУ зарегистрирован
55576,05-11-2024,ДДУ зарегистрирован
55576,08-10-2024,ДДУ зарегистрирован
55576,09-09-2024,ДДУ зарегистрирован
55576,09-08-2024,ДДУ зарегистрирован
55576,30-07-2024,ДДУ зарегистрирован
55576,10-07-2024,ДДУ зарегистрирован
55576,06-06-2024,ДДУ зарегистрирован
55576,08-05-2024,ДДУ зарегистрирован
55576,27-04-2024,ДДУ зарегистрирован
55576,09-04-2024,ДДУ зарегистрирован
55576,02-04-2024,ДДУ зарегистрирован
55576,07-03-2024,ДДУ зарегистрирован
55576,09-02-2024,ДДУ зарегистрирован
55576,12-01-2024,ДДУ зарегистрирован
55576,12-01-2024,ДДУ зарегистрирован
55576,10-01-2024,ДДУ зарегистрирован
55576,14-12-2023,ДДУ зарегистрирован
55576,07-12-2023,ДДУ зарегистрирован
55576,17-11-2023,Размещена
55758,24-02-2025,ДДУ зарегистрирован
55758,10-02-2025,ДДУ зарегистрирован
55758,10-01-2025,ДДУ зарегистрирован
55758,11-12-2024,ДДУ зарегистрирован
55758,09-12-2024,ДДУ зарегистрирован
55758,05-11-2024,ДДУ зарегистрирован
55758,08-10-2024,ДДУ зарегистрирован
55758,09-09-2024,ДДУ зарегистрирован
55758,02-09-2024,ДДУ зарегистрирован
55758,09-08-2024,ДДУ зарегистрирован
55758,10-07-2024,ДДУ зарегистрирован
55758,06-06-2024,ДДУ зарегистрирован
55758,08-05-2024,ДДУ зарегистрирован
55758,09-04-2024,ДДУ зарегистрирован
55758,06-04-2024,ДДУ зарегистрирован
55758,02-04-2024,ДДУ зарегистрирован
55758,07-03-2024,ДДУ зарегистрирован
55758,09-02-2024,ДДУ зарегистрирован
55758,10-01-2024,ДДУ зарегистрирован
55758,14-12-2023,ДДУ зарегистрирован
55758,07-12-2023,ДДУ зарегистрирован
55758,24-11-2023,Размещена
55808,07-09-2026,ДДУ зарегистрирован
55808,10-08-2026,ДДУ зарегистрирован
55808,30-07-2026,ДДУ зарегистрирован
55808,07-07-2026,ДДУ зарегистрирован
55808,19-06-2026,ДДУ зарегистрирован
55808,04-06-2026,ДДУ зарегистрирован
55808,08-05-2026,ДДУ зарегистрирован
55808,30-04-2026,ДДУ зарегистрирован
55808,08-04-2026,ДДУ зарегистрирован
55808,02-04-2026,ДДУ зарегистрирован
55808,06-03-2026,ДДУ зарегистрирован
55808,09-02-2026,ДДУ зарегистрирован
55808,12-01-2026,ДДУ зарегистрирован
55808,05-12-2025,ДДУ зарегистрирован
55808,07-11-2025,ДДУ зарегистрирован
55808,31-10-2025,ДДУ зарегистрирован
55808,06-10-2025,ДДУ зарегистрирован
55808,02-10-2025,ДДУ зарегистрирован
55808,05-09-2025,ДДУ зарегистрирован
55808,08-08-2025,ДДУ зарегистрирован
55808,31-07-2025,ДДУ зарегистрирован
55808,08-07-2025,ДДУ зарегистрирован
55808,09-06-2025,ДДУ зарегистрирован
55808,22-05-2025,ДДУ зарегистрирован
55808,07-05-2025,ДДУ зарегистрирован
55808,17-04-2025,ДДУ зарегистрирован
55808,07-04-2025,ДДУ зарегистрирован
55808,07-03-2025,ДДУ зарегистрирован
55808,07-02-2025,ДДУ зарегистрирован
55808,10-01-2025,ДДУ зарегистрирован
55808,09-12-2024,ДДУ зарегистрирован
55808,07-11-2024,ДДУ зарегистрирован
55808,08-10-2024,ДДУ зарегистрирован
55808,26-09-2024,ДДУ зарегистрирован
55808,05-09-2024,ДДУ зарегистрирован
55808,05-08-2024,ДДУ зарегистрирован
55808,31-07-2024,ДДУ зарегистрирован
55808,01-07-2024,ДДУ зарегистрирован
55808,19-06-2024,ДДУ зарегистрирован
55808,04-06-2024,ДДУ зарегистрирован
55808,24-05-2024,ДДУ зарегистрирован
55808,23-05-2024,ДДУ зарегистрирован
55808,06-05-2024,ДДУ зарегистрирован
55808,03-05-2024,ДДУ зарегистрирован
55808,08-04-2024,ДДУ зарегистрирован
55808,18-03-2024,ДДУ зарегистрирован
55808,15-03-2024,ДДУ зарегистрирован
55808,14-03-2024,ДДУ зарегистрирован
55808,05-03-2024,ДДУ зарегистрирован
55808,05-02-2024,ДДУ зарегистрирован
55808,09-01-2024,ДДУ зарегистрирован
55808,27-12-2023,ДДУ зарегистрирован
55808,06-12-2023,Размещена
55808,28-11-2023,Размещена
56455,02-09-2026,ДДУ зарегистрирован
56455,03-08-2026,ДДУ зарегистрирован
56455,29-07-2026,ДДУ зарегистрирован
56455,01-07-2026,ДДУ зарегистрирован
56455,01-06-2026,ДДУ зарегистрирован
56455,01-06-2026,ДДУ зарегистрирован
56455,04-05-2026,ДДУ зарегистрирован
56455,24-04-2026,ДДУ зарегистрирован
56455,06-04-2026,ДДУ зарегистрирован
56455,02-04-2026,ДДУ зарегистрирован
56455,19-03-2026,ДДУ зарегистрирован
56455,16-03-2026,ДДУ зарегистрирован
56455,11-03-2026,ДДУ зарегистрирован
56455,04-03-2026,ДДУ зарегистрирован
56455,02-02-2026,ДДУ зарегистрирован
56455,05-01-2026,ДДУ зарегистрирован
56455,24-12-2025,ДДУ зарегистрирован
56455,23-12-2025,ДДУ зарегистрирован
56455,01-12-2025,ДДУ зарегистрирован
56455,12-11-2025,ДДУ зарегистрирован
56455,01-11-2025,ДДУ зарегистрирован
56455,30-10-2025,ДДУ зарегистрирован
56455,29-10-2025,ДДУ зарегистрирован
56455,29-10-2025,ДДУ зарегистрирован
56455,01-10-2025,ДДУ зарегистрирован
56455,01-09-2025,ДДУ зарегистрирован
56455,04-08-2025,ДДУ зарегистрирован
56455,30-07-2025,ДДУ зарегистрирован
56455,01-07-2025,ДДУ зарегистрирован
56455,02-06-2025,ДДУ зарегистрирован
56455,05-05-2025,ДДУ зарегистрирован
56455,30-04-2025,ДДУ зарегистрирован
56455,25-04-2025,ДДУ зарегистрирован
56455,25-04-2025,ДДУ зарегистрирован
56455,01-04-2025,ДДУ зарегистрирован
56455,31-03-2025,ДДУ зарегистрирован
56455,03-03-2025,ДДУ зарегистрирован
56455,04-02-2025,ДДУ зарегистрирован
56455,15-01-2025,ДДУ зарегистрирован
56455,09-01-2025,ДДУ зарегистрирован
56455,02-12-2024,ДДУ зарегистрирован
56455,01-11-2024,ДДУ зарегистрирован
56455,01-11-2024,ДДУ зарегистрирован
56455,25-10-2024,ДДУ зарегистрирован
56455,23-10-2024,ДДУ зарегистрирован
56455,18-10-2024,ДДУ зарегистрирован
56455,01-10-2024,ДДУ зарегистрирован
56455,03-09-2024,ДДУ зарегистрирован
56455,16-08-2024,ДДУ зарегистрирован
56455,13-08-2024,ДДУ зарегистрирован
56455,01-08-2024,ДДУ зарегистрирован
56455,01-08-2024,ДДУ зарегистрирован
56455,01-08-2024,ДДУ зарегистрирован
56455,08-07-2024,ДДУ зарегистрирован
56455,02-07-2024,ДДУ зарегистрирован
56455,03-06-2024,ДДУ зарегистрирован
56455,03-05-2024,ДДУ зарегистрирован
56455,01-04-2024,ДДУ зарегистрирован
56455,29-03-2024,ДДУ зарегистрирован
56455,19-03-2024,ДДУ зарегистрирован
56455,04-03-2024,ДДУ зарегистрирован
56455,16-02-2024,ДДУ зарегистрирован
56455,14-02-2024,ДДУ зарегистрирован
56455,02-02-2024,ДДУ зарегистрирован
56455,04-01-2024,ДДУ зарегистрирован
56455,29-12-2023,ДДУ зарегистрирован
56455,20-12-2023,Размещена
56512,11-08-2025,ДДУ зарегистрирован
56512,11-08-2025,ДДУ зарегистрирован
56512,08-08-2025,ДДУ зарегистрирован
56512,08-08-2025,ДДУ зарегистрирован
56512,29-07-2025,ДДУ зарегистрирован
56512,09-07-2025,ДДУ зарегистрирован
56512,07-07-2025,ДДУ зарегистрирован
56512,02-07-2025,ДДУ зарегистрирован
56512,09-06-2025,ДДУ зарегистрирован
56512,09-06-2025,ДДУ зарегистрирован
56512,07-05-2025,ДДУ зарегистрирован
56512,07-05-2025,ДДУ зарегистрирован
56512,30-04-2025,ДДУ зарегистрирован
56512,10-04-2025,ДДУ зарегистрирован
56512,09-04-2025,ДДУ зарегистрирован
56512,09-04-2025,ДДУ зарегистрирован
56512,07-03-2025,ДДУ зарегистрирован
56512,07-02-2025,ДДУ зарегистрирован
56512,05-02-2025,ДДУ зарегистрирован
56512,04-02-2025,ДДУ зарегистрирован
56512,13-01-2025,ДДУ зарегистрирован
56512,10-01-2025,ДДУ зарегистрирован
56512,10-01-2025,ДДУ зарегистрирован
56512,09-01-2025,ДДУ зарегистрирован
56512,09-12-2024,ДДУ зарегистрирован
56512,06-12-2024,ДДУ зарегистрирован
56512,19-11-2024,ДДУ зарегистрирован
56512,11-11-2024,ДДУ зарегистрирован
56512,11-11-2024,ДДУ зарегистрирован
56512,07-11-2024,ДДУ зарегистрирован
56512,30-10-2024,ДДУ зарегистрирован
56512,09-10-2024,ДДУ зарегистрирован
56512,09-10-2024,ДДУ зарегистрирован
56512,08-10-2024,ДДУ зарегистрирован
56512,04-10-2024,ДДУ зарегистрирован
56512,04-10-2024,ДДУ зарегистрирован
56512,04-10-2024,ДДУ зарегистрирован
56512,04-10-2024,ДДУ зарегистрирован
56512,09-09-2024,ДДУ зарегистрирован
56512,23-08-2024,ДДУ зарегистрирован
56512,12-08-2024,ДДУ зарегистрирован
56512,09-08-2024,ДДУ зарегистрирован
56512,09-08-2024,ДДУ зарегистрирован
56512,08-08-2024,ДДУ зарегистрирован
56512,30-07-2024,ДДУ зарегистрирован
56512,09-07-2024,ДДУ зарегистрирован
56512,09-07-2024,ДДУ зарегистрирован
56512,08-07-2024,ДДУ зарегистрирован
56512,05-07-2024,ДДУ зарегистрирован
56512,10-06-2024,ДДУ зарегистрирован
56512,07-06-2024,ДДУ зарегистрирован
56512,15-05-2024,ДДУ зарегистрирован
56512,08-05-2024,ДДУ зарегистрирован
56512,07-05-2024,ДДУ зарегистрирован
56512,06-05-2024,ДДУ зарегистрирован
56512,02-05-2024,ДДУ зарегистрирован
56512,11-04-2024,ДДУ зарегистрирован
56512,09-04-2024,ДДУ зарегистрирован
56512,09-04-2024,ДДУ зарегистрирован
56512,09-04-2024,ДДУ зарегистрирован
56512,20-03-2024,ДДУ зарегистрирован
56512,07-03-2024,ДДУ зарегистрирован
56512,07-03-2024,ДДУ зарегистрирован
56512,14-02-2024,ДДУ зарегистрирован
56512,09-02-2024,ДДУ зарегистрирован
56512,09-01-2024,ДДУ зарегистрирован
56512,21-12-2023,ДДУ зарегистрирован
56683,10-09-2026,ДДУ зарегистрирован
56683,10-08-2026,ДДУ зарегистрирован
56683,10-07-2026,ДДУ зарегистрирован
56683,25-06-2026,ДДУ зарегистрирован
56683,19-06-2026,ДДУ зарегистрирован
56683,10-06-2026,ДДУ зарегистрирован
56683,21-05-2026,ДДУ зарегистрирован
56683,08-05-2026,ДДУ зарегистрирован
56683,13-04-2026,ДДУ зарегистрирован
56683,10-04-2026,ДДУ зарегистрирован
56683,10-03-2026,ДДУ зарегистрирован
56683,10-02-2026,ДДУ зарегистрирован
56683,12-01-2026,ДДУ зарегистрирован
56683,09-12-2025,ДДУ зарегистрирован
56683,20-11-2025,ДДУ зарегистрирован
56683,10-11-2025,ДДУ зарегистрирован
56683,10-10-2025,ДДУ зарегистрирован
56683,10-09-2025,ДДУ зарегистрирован
56683,11-08-2025,ДДУ зарегистрирован
56683,10-07-2025,ДДУ зарегистрирован
56683,10-06-2025,ДДУ зарегистрирован
56683,07-05-2025,ДДУ зарегистрирован
56683,10-04-2025,ДДУ зарегистрирован
56683,10-03-2025,ДДУ зарегистрирован
56683,10-02-2025,ДДУ зарегистрирован
56683,10-01-2025,ДДУ зарегистрирован
56683,10-12-2024,ДДУ зарегистрирован
56683,21-11-2024,ДДУ зарегистрирован
56683,08-11-2024,ДДУ зарегистрирован
56683,10-10-2024,ДДУ зарегистрирован
56683,11-09-2024,ДДУ зарегистрирован
56683,09-08-2024,ДДУ зарегистрирован
56683,10-07-2024,ДДУ зарегистрирован
56683,10-06-2024,ДДУ зарегистрирован
56683,24-05-2024,ДДУ зарегистрирован
56683,23-05-2024,ДДУ зарегистрирован
56683,23-05-2024,ДДУ зарегистрирован
56683,08-05-2024,ДДУ зарегистрирован
56683,09-04-2024,ДДУ зарегистрирован
56683,07-03-2024,ДДУ зарегистрирован
56683,09-02-2024,ДДУ зарегистрирован
56683,10-01-2024,Размещена
56683,26-12-2023,Размещена
56689,02-09-2026,ДДУ зарегистрирован
56689,04-08-2026,ДДУ зарегистрирован
56689,31-07-2026,ДДУ зарегистрирован
56689,16-07-2026,ДДУ зарегистрирован
56689,06-07-2026,ДДУ зарегистрирован
56689,03-06-2026,ДДУ зарегистрирован
56689,28-05-2026,ДДУ зарегистрирован
56689,05-05-2026,ДДУ зарегистрирован
56689,05-05-2026,ДДУ зарегистрирован
56689,05-05-2026,ДДУ зарегистрирован
56689,30-04-2026,ДДУ зарегистрирован
56689,20-04-2026,ДДУ зарегистрирован
56689,02-04-2026,ДДУ зарегистрирован
56689,02-03-2026,ДДУ зарегистрирован
56689,04-02-2026,ДДУ зарегистрирован
56689,12-01-2026,ДДУ зарегистрирован
56689,15-12-2025,ДДУ зарегистрирован
56689,01-12-2025,ДДУ зарегистрирован
56689,21-11-2025,ДДУ зарегистрирован
56689,18-11-2025,ДДУ зарегистрирован
56689,11-11-2025,ДДУ зарегистрирован
56689,01-11-2025,ДДУ зарегистрирован
56689,31-10-2025,ДДУ зарегистрирован
56689,01-10-2025,ДДУ зарегистрирован
56689,03-09-2025,ДДУ зарегистрирован
56689,14-08-2025,ДДУ зарегистрирован
56689,08-08-2025,ДДУ зарегистрирован
56689,07-08-2025,ДДУ зарегистрирован
56689,06-08-2025,ДДУ зарегистрирован
56689,05-08-2025,ДДУ зарегистрирован
56689,04-08-2025,ДДУ зарегистрирован
56689,02-07-2025,ДДУ зарегистрирован
56689,20-06-2025,ДДУ зарегистрирован
56689,02-06-2025,ДДУ зарегистрирован
56689,06-05-2025,ДДУ зарегистрирован
56689,30-04-2025,ДДУ зарегистрирован
56689,10-04-2025,ДДУ зарегистрирован
56689,01-04-2025,ДДУ зарегистрирован
56689,03-03-2025,ДДУ зарегистрирован
56689,06-02-2025,ДДУ зарегистрирован
56689,03-02-2025,ДДУ зарегистрирован
56689,10-01-2025,ДДУ зарегистрирован
56689,02-12-2024,ДДУ зарегистрирован
56689,01-11-2024,ДДУ зарегистрирован
56689,30-10-2024,ДДУ зарегистрирован
56689,21-10-2024,ДДУ зарегистрирован
56689,21-10-2024,ДДУ зарегистрирован
56689,16-10-2024,ДДУ зарегистрирован
56689,02-10-2024,ДДУ зарегистрирован
56689,30-09-2024,ДДУ зарегистрирован
56689,04-09-2024,ДДУ зарегистрирован
56689,07-08-2024,ДДУ зарегистрирован
56689,06-08-2024,ДДУ зарегистрирован
56689,12-07-2024,ДДУ зарегистрирован
56689,04-07-2024,ДДУ зарегистрирован
56689,03-07-2024,ДДУ зарегистрирован
56689,05-06-2024,ДДУ зарегистрирован
56689,03-05-2024,ДДУ зарегистрирован
56689,16-04-2024,ДДУ зарегистрирован
56689,08-04-2024,ДДУ зарегистрирован
56689,01-04-2024,ДДУ зарегистрирован
56689,28-03-2024,ДДУ зарегистрирован
56689,05-03-2024,ДДУ зарегистрирован
56689,04-03-2024,ДДУ зарегистрирован
56689,28-02-2024,ДДУ зарегистрирован
56689,08-02-2024,ДДУ зарегистрирован
56689,26-01-2024,ДДУ зарегистрирован
56689,25-01-2024,Размещена
56689,25-01-2024,Размещена
56689,15-01-2024,Размещена
56689,12-01-2024,Размещена
56689,29-12-2023,Размещена
56689,26-12-2023,Размещена
56845,08-09-2026,ДДУ зарегистрирован
56845,11-08-2026,ДДУ зарегистрирован
56845,06-08-2026,ДДУ зарегистрирован
56845,29-07-2026,ДДУ зарегистрирован
56845,22-07-2026,ДДУ зарегистрирован
56845,08-07-2026,ДДУ зарегистрирован
56845,08-06-2026,ДДУ зарегистрирован
56845,04-06-2026,ДДУ зарегистрирован
56845,06-05-2026,ДДУ зарегистрирован
56845,29-04-2026,ДДУ зарегистрирован
56845,09-04-2026,ДДУ зарегистрирован
56845,07-04-2026,ДДУ зарегистрирован
56845,12-03-2026,ДДУ зарегистрирован
56845,11-03-2026,ДДУ зарегистрирован
56845,06-03-2026,ДДУ зарегистрирован
56845,11-02-2026,ДДУ зарегистрирован
56845,06-02-2026,ДДУ зарегистрирован
56845,13-01-2026,ДДУ зарегистрирован
56845,09-12-2025,ДДУ зарегистрирован
56845,26-11-2025,ДДУ зарегистрирован
56845,10-11-2025,ДДУ зарегистрирован
56845,31-10-2025,ДДУ зарегистрирован
56845,17-10-2025,ДДУ зарегистрирован
56845,06-10-2025,ДДУ зарегистрирован
56845,08-09-2025,ДДУ зарегистрирован
56845,05-08-2025,ДДУ зарегистрирован
56845,30-07-2025,ДДУ зарегистрирован
56845,07-07-2025,ДДУ зарегистрирован
56845,05-06-2025,ДДУ зарегистрирован
56845,13-05-2025,ДДУ зарегистрирован
56845,05-05-2025,ДДУ зарегистрирован
56845,21-04-2025,ДДУ зарегистрирован
56845,04-04-2025,ДДУ зарегистрирован
56845,11-03-2025,ДДУ зарегистрирован
56845,04-03-2025,ДДУ зарегистрирован
56845,06-02-2025,ДДУ зарегистрирован
56845,16-01-2025,ДДУ зарегистрирован
56845,15-01-2025,ДДУ зарегистрирован
56845,09-01-2025,ДДУ зарегистрирован
56845,28-12-2024,ДДУ зарегистрирован
56845,12-12-2024,ДДУ зарегистрирован
56845,06-12-2024,ДДУ зарегистрирован
56845,02-12-2024,ДДУ зарегистрирован
56845,17-10-2024,ДДУ зарегистрирован
56845,08-10-2024,ДДУ зарегистрирован
56845,17-09-2024,ДДУ зарегистрирован
56845,05-09-2024,ДДУ зарегистрирован
56845,06-08-2024,ДДУ зарегистрирован
56845,25-07-2024,ДДУ зарегистрирован
56845,08-07-2024,ДДУ зарегистрирован
56845,10-06-2024,ДДУ зарегистрирован
56845,07-06-2024,ДДУ зарегистрирован
56845,07-06-2024,ДДУ зарегистрирован
56845,07-06-2024,ДДУ зарегистрирован
56845,15-05-2024,ДДУ зарегистрирован
56845,06-05-2024,ДДУ зарегистрирован
56845,24-04-2024,ДДУ зарегистрирован
56845,19-04-2024,ДДУ зарегистрирован
56845,15-04-2024,ДДУ зарегистрирован
56845,09-04-2024,ДДУ зарегистрирован
56845,07-03-2024,ДДУ зарегистрирован
56845,19-02-2024,ДДУ зарегистрирован
56845,19-02-2024,Размещена
56845,15-02-2024,Размещена
56845,25-01-2024,Размещена
56845,30-12-2023,Размещена
57177,15-09-2026,ДДУ зарегистрирован
57177,14-09-2026,ДДУ зарегистрирован
57177,09-09-2026,ДДУ зарегистрирован
57177,08-09-2026,ДДУ зарегистрирован
57177,06-08-2026,ДДУ зарегистрирован
57177,06-07-2026,ДДУ зарегистрирован
57177,19-06-2026,ДДУ зарегистрирован
57177,03-06-2026,ДДУ зарегистрирован
57177,08-05-2026,ДДУ зарегистрирован
57177,15-04-2026,ДДУ зарегистрирован
57177,10-04-2026,ДДУ зарегистрирован
57177,10-04-2026,ДДУ зарегистрирован
57177,19-03-2026,ДДУ зарегистрирован
57177,10-03-2026,ДДУ зарегистрирован
57177,06-02-2026,ДДУ зарегистрирован
57177,09-01-2026,ДДУ зарегистрирован
57177,09-12-2025,ДДУ зарегистрирован
57177,06-11-2025,ДДУ зарегистрирован
57177,27-10-2025,ДДУ зарегистрирован
57177,03-10-2025,ДДУ зарегистрирован
57177,09-09-2025,ДДУ зарегистрирован
57177,08-08-2025,ДДУ зарегистрирован
57177,28-07-2025,ДДУ зарегистрирован
57177,24-07-2025,ДДУ зарегистрирован
57177,23-07-2025,ДДУ зарегистрирован
57177,09-07-2025,ДДУ зарегистрирован
57177,17-06-2025,ДДУ зарегистрирован
57177,10-06-2025,ДДУ зарегистрирован
57177,07-05-2025,ДДУ зарегистрирован
57177,28-04-2025,ДДУ зарегистрирован
57177,09-04-2025,ДДУ зарегистрирован
57177,25-03-2025,ДДУ зарегистрирован
57177,07-03-2025,ДДУ зарегистрирован
57177,07-02-2025,ДДУ зарегистрирован
57177,10-01-2025,ДДУ зарегистрирован
57177,09-12-2024,ДДУ зарегистрирован
57177,28-11-2024,ДДУ зарегистрирован
57177,08-11-2024,ДДУ зарегистрирован
57177,29-10-2024,ДДУ зарегистрирован
57177,07-10-2024,ДДУ зарегистрирован
57177,12-09-2024,ДДУ зарегистрирован
57177,10-09-2024,ДДУ зарегистрирован
57177,08-08-2024,ДДУ зарегистрирован
57177,29-07-2024,ДДУ зарегистрирован
57177,10-07-2024,ДДУ зарегистрирован
57177,08-07-2024,ДДУ зарегистрирован
57177,19-06-2024,ДДУ зарегистрирован
57177,06-06-2024,ДДУ зарегистрирован
57177,07-05-2024,ДДУ зарегистрирован
57177,27-04-2024,ДДУ зарегистрирован
57177,09-04-2024,ДДУ зарегистрирован
57177,22-03-2024,ДДУ зарегистрирован
57177,07-03-2024,ДДУ зарегистрирован
57177,16-02-2024,ДДУ зарегистрирован
57177,15-02-2024,ДДУ зарегистрирован
57177,09-02-2024,ДДУ зарегистрирован
57177,25-01-2024,ДДУ зарегистрирован
57289,07-09-2026,ДДУ зарегистрирован
57289,07-08-2026,ДДУ зарегистрирован
57289,29-07-2026,ДДУ зарегистрирован
57289,10-07-2026,ДДУ зарегистрирован
57289,19-06-2026,ДДУ зарегистрирован
57289,03-06-2026,ДДУ зарегистрирован
57289,19-05-2026,ДДУ зарегистрирован
57289,05-05-2026,ДДУ зарегистрирован
57289,29-04-2026,ДДУ зарегистрирован
57289,29-04-2026,ДДУ зарегистрирован
57289,13-04-2026,ДДУ зарегистрирован
57289,06-04-2026,ДДУ зарегистрирован
57289,30-03-2026,ДДУ зарегистрирован
57289,05-03-2026,ДДУ зарегистрирован
57289,04-02-2026,ДДУ зарегистрирован
57289,27-01-2026,ДДУ зарегистрирован
57289,12-01-2026,ДДУ зарегистрирован
57289,04-12-2025,ДДУ зарегистрирован
57289,18-11-2025,ДДУ зарегистрирован
57289,07-11-2025,ДДУ зарегистрирован
57289,29-10-2025,ДДУ зарегистрирован
57289,03-10-2025,ДДУ зарегистрирован
57289,10-09-2025,ДДУ зарегистрирован
57289,06-08-2025,ДДУ зарегистрирован
57289,28-07-2025,ДДУ зарегистрирован
57289,07-07-2025,ДДУ зарегистрирован
57289,09-06-2025,ДДУ зарегистрирован
57289,28-05-2025,ДДУ зарегистрирован
57289,07-05-2025,ДДУ зарегистрирован
57289,30-04-2025,ДДУ зарегистрирован
57289,26-04-2025,ДДУ зарегистрирован
57289,04-04-2025,ДДУ зарегистрирован
57289,03-03-2025,ДДУ зарегистрирован
57289,06-02-2025,ДДУ зарегистрирован
57289,09-01-2025,ДДУ зарегистрирован
57289,05-12-2024,ДДУ зарегистрирован
57289,08-11-2024,ДДУ зарегистрирован
57289,31-10-2024,ДДУ зарегистрирован
57289,03-10-2024,ДДУ зарегистрирован
57289,03-10-2024,ДДУ зарегистрирован
57289,16-09-2024,ДДУ зарегистрирован
57289,09-09-2024,ДДУ зарегистрирован
57289,09-09-2024,ДДУ зарегистрирован
57289,29-08-2024,ДДУ зарегистрирован
57289,08-08-2024,ДДУ зарегистрирован
57289,31-07-2024,ДДУ зарегистрирован
57289,02-07-2024,ДДУ зарегистрирован
57289,07-06-2024,ДДУ зарегистрирован
57289,03-05-2024,ДДУ зарегистрирован
57289,27-04-2024,ДДУ зарегистрирован
57289,17-04-2024,ДДУ зарегистрирован
57289,09-04-2024,ДДУ зарегистрирован
57289,29-03-2024,ДДУ зарегистрирован
57289,04-03-2024,ДДУ зарегистрирован
57289,31-01-2024,ДДУ зарегистрирован
57289,29-01-2024,Размещена
57289,29-01-2024,Размещена
57290,11-11-2025,ДДУ зарегистрирован
57290,08-10-2025,ДДУ зарегистрирован
57290,10-09-2025,ДДУ зарегистрирован
57290,08-08-2025,ДДУ зарегистрирован
57290,01-08-2025,ДДУ зарегистрирован
57290,09-07-2025,ДДУ зарегистрирован
57290,03-07-2025,ДДУ зарегистрирован
57290,26-06-2025,ДДУ зарегистрирован
57290,02-06-2025,ДДУ зарегистрирован
57290,03-05-2025,ДДУ зарегистрирован
57290,30-04-2025,ДДУ зарегистрирован
57290,02-04-2025,ДДУ зарегистрирован
57290,02-04-2025,ДДУ зарегистрирован
57290,06-03-2025,ДДУ зарегистрирован
57290,05-02-2025,ДДУ зарегистрирован
57290,03-01-2025,ДДУ зарегистрирован
57290,28-12-2024,ДДУ зарегистрирован
57290,05-12-2024,ДДУ зарегистрирован
57290,06-11-2024,ДДУ зарегистрирован
57290,07-10-2024,ДДУ зарегистрирован
57290,06-09-2024,ДДУ зарегистрирован
57290,05-08-2024,ДДУ зарегистрирован
57290,11-07-2024,ДДУ зарегистрирован
57290,24-06-2024,ДДУ зарегистрирован
57290,21-06-2024,ДДУ зарегистрирован
57290,04-06-2024,ДДУ зарегистрирован
57290,13-05-2024,ДДУ зарегистрирован
57290,13-05-2024,ДДУ зарегистрирован
57290,09-04-2024,ДДУ зарегистрирован
57290,09-04-2024,ДДУ зарегистрирован
57290,09-04-2024,ДДУ зарегистрирован
57290,09-04-2024,ДДУ зарегистрирован
57290,04-03-2024,ДДУ зарегистрирован
57290,01-03-2024,ДДУ зарегистрирован
57290,16-02-2024,ДДУ зарегистрирован
57290,08-02-2024,Размещена
57290,05-02-2024,Размещена
57290,30-01-2024,Размещена
57290,29-01-2024,Размещена
57356,09-01-2026,ДДУ зарегистрирован
57356,30-12-2025,ДДУ зарегистрирован
57356,30-12-2025,ДДУ зарегистрирован
57356,19-12-2025,ДДУ зарегистрирован
57356,15-12-2025,ДДУ зарегистрирован
57356,09-12-2025,ДДУ зарегистрирован
57356,07-11-2025,ДДУ зарегистрирован
57356,06-11-2025,ДДУ зарегистрирован
57356,27-10-2025,ДДУ зарегистрирован
57356,03-10-2025,ДДУ зарегистрирован
57356,29-09-2025,ДДУ зарегистрирован
57356,22-09-2025,ДДУ зарегистрирован
57356,09-09-2025,ДДУ зарегистрирован
57356,25-08-2025,ДДУ зарегистрирован
57356,08-08-2025,ДДУ зарегистрирован
57356,28-07-2025,ДДУ зарегистрирован
57356,09-07-2025,ДДУ зарегистрирован
57356,01-07-2025,ДДУ зарегистрирован
57356,10-06-2025,ДДУ зарегистрирован
57356,07-05-2025,ДДУ зарегистрирован
57356,28-04-2025,ДДУ зарегистрирован
57356,09-04-2025,ДДУ зарегистрирован
57356,14-03-2025,ДДУ зарегистрирован
57356,10-03-2025,ДДУ зарегистрирован
57356,27-02-2025,ДДУ зарегистрирован
57356,24-02-2025,ДДУ зарегистрирован
57356,07-02-2025,ДДУ зарегистрирован
57356,10-01-2025,ДДУ зарегистрирован
57356,09-12-2024,ДДУ зарегистрирован
57356,11-11-2024,ДДУ зарегистрирован
57356,11-11-2024,ДДУ зарегистрирован
57356,08-11-2024,ДДУ зарегистрирован
57356,08-11-2024,ДДУ зарегистрирован
57356,29-10-2024,ДДУ зарегистрирован
57356,07-10-2024,ДДУ зарегистрирован
57356,12-09-2024,ДДУ зарегистрирован
57356,10-09-2024,ДДУ зарегистрирован
57356,20-08-2024,ДДУ зарегистрирован
57356,08-08-2024,ДДУ зарегистрирован
57356,29-07-2024,ДДУ зарегистрирован
57356,15-07-2024,ДДУ зарегистрирован
57356,10-07-2024,ДДУ зарегистрирован
57356,20-06-2024,ДДУ зарегистрирован
57356,07-06-2024,ДДУ зарегистрирован
57356,06-06-2024,ДДУ зарегистрирован
57356,07-05-2024,ДДУ зарегистрирован
57356,27-04-2024,ДДУ зарегистрирован
57356,09-04-2024,ДДУ зарегистрирован
57356,22-03-2024,ДДУ зарегистрирован
57356,07-03-2024,ДДУ зарегистрирован
57356,16-02-2024,ДДУ зарегистрирован
57356,15-02-2024,ДДУ зарегистрирован
57356,07-02-2024,ДДУ зарегистрирован
57356,05-02-2024,Размещена
57356,31-01-2024,Размещена
57407,10-09-2026,ДДУ зарегистрирован
57407,12-08-2026,ДДУ зарегистрирован
57407,07-08-2026,ДДУ зарегистрирован
57407,28-07-2026,ДДУ зарегистрирован
57407,09-07-2026,ДДУ зарегистрирован
57407,09-06-2026,ДДУ зарегистрирован
57407,12-05-2026,ДДУ зарегистрирован
57407,08-05-2026,ДДУ зарегистрирован
57407,08-05-2026,ДДУ зарегистрирован
57407,29-04-2026,ДДУ зарегистрирован
57407,10-04-2026,ДДУ зарегистрирован
57407,23-03-2026,ДДУ зарегистрирован
57407,18-03-2026,ДДУ зарегистрирован
57407,06-03-2026,ДДУ зарегистрирован
57407,06-03-2026,ДДУ зарегистрирован
57407,04-02-2026,ДДУ зарегистрирован
57407,04-02-2026,ДДУ зарегистрирован
57407,03-02-2026,ДДУ зарегистрирован
57407,14-01-2026,ДДУ зарегистрирован
57407,14-01-2026,ДДУ зарегистрирован
57407,13-01-2026,ДДУ зарегистрирован
57407,12-01-2026,ДДУ зарегистрирован
57407,10-01-2026,ДДУ зарегистрирован
57407,30-12-2025,ДДУ зарегистрирован
57407,29-12-2025,ДДУ зарегистрирован
57407,10-12-2025,ДДУ зарегистрирован
57407,08-12-2025,ДДУ зарегистрирован
57407,18-11-2025,ДДУ зарегистрирован
57407,10-11-2025,ДДУ зарегистрирован
57407,29-10-2025,ДДУ зарегистрирован
57407,16-10-2025,ДДУ зарегистрирован
57407,10-10-2025,ДДУ зарегистрирован
57407,10-09-2025,ДДУ зарегистрирован
57407,11-08-2025,ДДУ зарегистрирован
57407,11-08-2025,ДДУ зарегистрирован
57407,08-08-2025,ДДУ зарегистрирован
57407,08-08-2025,ДДУ зарегистрирован
57407,28-07-2025,ДДУ зарегистрирован
57407,17-07-2025,ДДУ зарегистрирован
57407,09-07-2025,ДДУ зарегистрирован
57407,03-07-2025,ДДУ зарегистрирован
57407,01-07-2025,ДДУ зарегистрирован
57407,09-06-2025,ДДУ зарегистрирован
57407,07-05-2025,ДДУ зарегистрирован
57407,07-05-2025,ДДУ зарегистрирован
57407,07-05-2025,ДДУ зарегистрирован
57407,29-04-2025,ДДУ зарегистрирован
57407,10-04-2025,ДДУ зарегистрирован
57407,09-04-2025,ДДУ зарегистрирован
57407,07-03-2025,ДДУ зарегистрирован
57407,05-02-2025,ДДУ зарегистрирован
57407,05-02-2025,ДДУ зарегистрирован
57407,05-02-2025,ДДУ зарегистрирован
57407,04-02-2025,ДДУ зарегистрирован
57407,27-01-2025,ДДУ зарегистрирован
57407,27-01-2025,ДДУ зарегистрирован
57407,24-01-2025,ДДУ зарегистрирован
57407,14-01-2025,ДДУ зарегистрирован
57407,10-01-2025,ДДУ зарегистрирован
57407,10-01-2025,ДДУ зарегистрирован
57407,06-12-2024,ДДУ зарегистрирован
57407,08-11-2024,ДДУ зарегистрирован
57407,08-11-2024,ДДУ зарегистрирован
57407,28-10-2024,ДДУ зарегистрирован
57407,09-10-2024,ДДУ зарегистрирован
57407,01-10-2024,ДДУ зарегистрирован
57407,24-09-2024,ДДУ зарегистрирован
57407,09-09-2024,ДДУ зарегистрирован
57407,09-09-2024,ДДУ зарегистрирован
57407,12-08-2024,ДДУ зарегистрирован
57407,08-08-2024,ДДУ зарегистрирован
57407,25-07-2024,ДДУ зарегистрирован
57407,10-07-2024,ДДУ зарегистрирован
57407,05-07-2024,ДДУ зарегистрирован
57407,06-06-2024,ДДУ зарегистрирован
57407,04-06-2024,ДДУ зарегистрирован
57407,03-06-2024,ДДУ зарегистрирован
57407,13-05-2024,ДДУ зарегистрирован
57407,06-05-2024,ДДУ зарегистрирован
57407,02-05-2024,ДДУ зарегистрирован
57407,25-04-2024,ДДУ зарегистрирован
57407,09-04-2024,ДДУ зарегистрирован
57407,22-03-2024,ДДУ зарегистрирован
57407,21-03-2024,ДДУ зарегистрирован
57407,06-03-2024,ДДУ зарегистрирован
57407,16-02-2024,ДДУ зарегистрирован
57407,14-02-2024,ДДУ зарегистрирован
57407,09-02-2024,ДДУ зарегистрирован
57407,05-02-2024,Размещена
57515,10-09-2026,ДДУ зарегистрирован
57515,10-08-2026,ДДУ зарегистрирован
57515,09-07-2026,ДДУ зарегистрирован
57515,09-06-2026,ДДУ зарегистрирован
57515,20-05-2026,ДДУ зарегистрирован
57515,08-05-2026,ДДУ зарегистрирован
57515,10-04-2026,ДДУ зарегистрирован
57515,06-03-2026,ДДУ зарегистрирован
57515,10-02-2026,ДДУ зарегистрирован
57515,19-01-2026,ДДУ зарегистрирован
57515,12-01-2026,ДДУ зарегистрирован
57515,02-12-2025,ДДУ зарегистрирован
57515,13-11-2025,ДДУ зарегистрирован
57515,07-11-2025,ДДУ зарегистрирован
57515,20-10-2025,ДДУ зарегистрирован
57515,09-10-2025,ДДУ зарегистрирован
57515,09-09-2025,ДДУ зарегистрирован
57515,08-08-2025,ДДУ зарегистрирован
57515,10-07-2025,ДДУ зарегистрирован
57515,30-06-2025,ДДУ зарегистрирован
57515,10-06-2025,ДДУ зарегистрирован
57515,07-05-2025,ДДУ зарегистрирован
57515,10-04-2025,ДДУ зарегистрирован
57515,10-03-2025,ДДУ зарегистрирован
57515,07-02-2025,ДДУ зарегистрирован
57515,10-01-2025,ДДУ зарегистрирован
57515,10-12-2024,ДДУ зарегистрирован
57515,15-11-2024,ДДУ зарегистрирован
57515,13-11-2024,ДДУ зарегистрирован
57515,11-11-2024,ДДУ зарегистрирован
57515,11-10-2024,ДДУ зарегистрирован
57515,10-09-2024,ДДУ зарегистрирован
57515,10-08-2024,ДДУ зарегистрирован
57515,10-07-2024,ДДУ зарегистрирован
57515,13-06-2024,ДДУ зарегистрирован
57515,10-06-2024,ДДУ зарегистрирован
57515,13-05-2024,ДДУ зарегистрирован
57515,09-04-2024,ДДУ зарегистрирован
57515,07-03-2024,ДДУ зарегистрирован
57515,12-02-2024,ДДУ зарегистрирован
57985,03-09-2026,Размещена
57985,10-08-2026,Размещена
57985,31-07-2026,Размещена
57985,06-07-2026,Размещена
57985,03-06-2026,Размещена
57985,05-05-2026,Размещена
57985,04-05-2026,Размещена
57985,29-04-2026,Размещена
57985,03-04-2026,Размещена
57985,31-03-2026,Размещена
57985,04-03-2026,Размещена
57985,04-02-2026,Размещена
57985,16-01-2026,Размещена
57985,12-01-2026,Размещена
57985,01-12-2025,Размещена
57985,01-11-2025,Размещена
57985,01-10-2025,Размещена
57985,03-09-2025,Размещена
57985,07-08-2025,Размещена
57985,04-08-2025,Размещена
57985,02-07-2025,Размещена
57985,03-06-2025,Размещена
57985,06-05-2025,Размещена
57985,30-04-2025,Размещена
57985,28-04-2025,Размещена
57985,02-04-2025,Размещена
57985,03-03-2025,Размещена
57985,03-02-2025,Размещена
57985,17-01-2025,Размещена
57985,14-01-2025,Размещена
57985,04-12-2024,Размещена
57985,01-11-2024,Размещена
57985,30-10-2024,Размещена
57985,22-10-2024,Размещена
57985,02-10-2024,Размещена
57985,04-09-2024,Размещена
57985,06-08-2024,Размещена
57985,06-08-2024,Размещена
57985,11-07-2024,Размещена
57985,11-07-2024,Размещена
57985,11-07-2024,Размещена
57985,02-07-2024,Размещена
57985,03-06-2024,Размещена
57985,06-05-2024,Размещена
57985,11-04-2024,Размещена
57985,08-04-2024,Размещена
57985,04-04-2024,Размещена
57985,04-04-2024,Размещена
57985,01-03-2024,Размещена
57985,28-02-2024,Размещена
57986,03-09-2026,Размещена
57986,10-08-2026,Размещена
57986,31-07-2026,Размещена
57986,06-07-2026,Размещена
57986,03-06-2026,Размещена
57986,05-05-2026,Размещена
57986,04-05-2026,Размещена
57986,29-04-2026,Размещена
57986,03-04-2026,Размещена
57986,31-03-2026,Размещена
57986,04-03-2026,Размещена
57986,04-02-2026,Размещена
57986,16-01-2026,Размещена
57986,12-01-2026,Размещена
57986,01-12-2025,Размещена
57986,01-11-2025,Размещена
57986,01-10-2025,Размещена
57986,03-09-2025,Размещена
57986,07-08-2025,Размещена
57986,04-08-2025,Размещена
57986,02-07-2025,Размещена
57986,03-06-2025,Размещена
57986,06-05-2025,Размещена
57986,30-04-2025,Размещена
57986,28-04-2025,Размещена
57986,02-04-2025,Размещена
57986,03-03-2025,Размещена
57986,03-02-2025,Размещена
57986,17-01-2025,Размещена
57986,14-01-2025,Размещена
57986,04-12-2024,Размещена
57986,01-11-2024,Размещена
57986,30-10-2024,Размещена
57986,22-10-2024,Размещена
57986,02-10-2024,Размещена
57986,04-09-2024,Размещена
57986,06-08-2024,Размещена
57986,06-08-2024,Размещена
57986,11-07-2024,Размещена
57986,11-07-2024,Размещена
57986,11-07-2024,Размещена
57986,02-07-2024,Размещена
57986,03-06-2024,Размещена
57986,06-05-2024,Размещена
57986,11-04-2024,Размещена
57986,08-04-2024,Размещена
57986,04-04-2024,Размещена
57986,04-04-2024,Размещена
57986,01-03-2024,Размещена
57986,28-02-2024,Размещена
57987,03-09-2026,Размещена
57987,10-08-2026,Размещена
57987,31-07-2026,Размещена
57987,06-07-2026,Размещена
57987,03-06-2026,Размещена
57987,05-05-2026,Размещена
57987,04-05-2026,Размещена
57987,29-04-2026,Размещена
57987,03-04-2026,Размещена
57987,31-03-2026,Размещена
57987,04-03-2026,Размещена
57987,04-02-2026,Размещена
57987,16-01-2026,Размещена
57987,12-01-2026,Размещена
57987,01-12-2025,Размещена
57987,01-11-2025,Размещена
57987,01-10-2025,Размещена
57987,03-09-2025,Размещена
57987,07-08-2025,Размещена
57987,04-08-2025,Размещена
57987,02-07-2025,Размещена
57987,03-06-2025,Размещена
57987,06-05-2025,Размещена
57987,30-04-2025,Размещена
57987,28-04-2025,Размещена
57987,02-04-2025,Размещена
57987,03-03-2025,Размещена
57987,03-02-2025,Размещена
57987,17-01-2025,Размещена
57987,14-01-2025,Размещена
57987,04-12-2024,Размещена
57987,01-11-2024,Размещена
57987,30-10-2024,Размещена
57987,22-10-2024,Размещена
57987,02-10-2024,Размещена
57987,04-09-2024,Размещена
57987,06-08-2024,Размещена
57987,06-08-2024,Размещена
57987,11-07-2024,Размещена
57987,11-07-2024,Размещена
57987,11-07-2024,Размещена
57987,02-07-2024,Размещена
57987,03-06-2024,Размещена
57987,06-05-2024,Размещена
57987,11-04-2024,Размещена
57987,08-04-2024,Размещена
57987,04-04-2024,Размещена
57987,04-04-2024,Размещена
57987,01-03-2024,Размещена
57987,28-02-2024,Размещена
57988,03-09-2026,Размещена
57988,10-08-2026,Размещена
57988,31-07-2026,Размещена
57988,06-07-2026,Размещена
57988,03-06-2026,Размещена
57988,05-05-2026,Размещена
57988,04-05-2026,Размещена
57988,29-04-2026,Размещена
57988,03-04-2026,Размещена
57988,31-03-2026,Размещена
57988,04-03-2026,Размещена
57988,04-02-2026,Размещена
57988,16-01-2026,Размещена
57988,12-01-2026,Размещена
57988,01-12-2025,Размещена
57988,01-11-2025,Размещена
57988,01-10-2025,Размещена
57988,03-09-2025,Размещена
57988,07-08-2025,Размещена
57988,04-08-2025,Размещена
57988,02-07-2025,Размещена
57988,03-06-2025,Размещена
57988,06-05-2025,Размещена
57988,30-04-2025,Размещена
57988,28-04-2025,Размещена
57988,02-04-2025,Размещена
57988,03-03-2025,Размещена
57988,03-02-2025,Размещена
57988,17-01-2025,Размещена
57988,14-01-2025,Размещена
57988,04-12-2024,Размещена
57988,01-11-2024,Размещена
57988,30-10-2024,Размещена
57988,22-10-2024,Размещена
57988,02-10-2024,Размещена
57988,04-09-2024,Размещена
57988,06-08-2024,Размещена
57988,06-08-2024,Размещена
57988,11-07-2024,Размещена
57988,11-07-2024,Размещена
57988,11-07-2024,Размещена
57988,02-07-2024,Размещена
57988,03-06-2024,Размещена
57988,06-05-2024,Размещена
57988,11-04-2024,Размещена
57988,08-04-2024,Размещена
57988,04-04-2024,Размещена
57988,04-04-2024,Размещена
57988,01-03-2024,Размещена
57988,28-02-2024,Размещена
57989,03-09-2026,Размещена
57989,10-08-2026,Размещена
57989,31-07-2026,Размещена
57989,06-07-2026,Размещена
57989,03-06-2026,Размещена
57989,05-05-2026,Размещена
57989,04-05-2026,Размещена
57989,29-04-2026,Размещена
57989,03-04-2026,Размещена
57989,31-03-2026,Размещена
57989,04-03-2026,Размещена
57989,04-02-2026,Размещена
57989,16-01-2026,Размещена
57989,12-01-2026,Размещена
57989,01-12-2025,Размещена
57989,01-11-2025,Размещена
57989,01-10-2025,Размещена
57989,03-09-2025,Размещена
57989,07-08-2025,Размещена
57989,04-08-2025,Размещена
57989,02-07-2025,Размещена
57989,03-06-2025,Размещена
57989,06-05-2025,Размещена
57989,30-04-2025,Размещена
57989,28-04-2025,Размещена
57989,02-04-2025,Размещена
57989,03-03-2025,Размещена
57989,03-02-2025,Размещена
57989,17-01-2025,Размещена
57989,14-01-2025,Размещена
57989,04-12-2024,Размещена
57989,01-11-2024,Размещена
57989,30-10-2024,Размещена
57989,22-10-2024,Размещена
57989,02-10-2024,Размещена
57989,04-09-2024,Размещена
57989,06-08-2024,Размещена
57989,06-08-2024,Размещена
57989,11-07-2024,Размещена
57989,11-07-2024,Размещена
57989,11-07-2024,Размещена
57989,02-07-2024,Размещена
57989,03-06-2024,Размещена
57989,06-05-2024,Размещена
57989,11-04-2024,Размещена
57989,08-04-2024,Размещена
57989,04-04-2024,Размещена
57989,04-04-2024,Размещена
57989,01-03-2024,Размещена
57989,28-02-2024,Размещена
57990,03-09-2026,Размещена
57990,10-08-2026,Размещена
57990,31-07-2026,Размещена
57990,06-07-2026,Размещена
57990,03-06-2026,Размещена
57990,05-05-2026,Размещена
57990,04-05-2026,Размещена
57990,29-04-2026,Размещена
57990,03-04-2026,Размещена
57990,31-03-2026,Размещена
57990,04-03-2026,Размещена
57990,04-02-2026,Размещена
57990,16-01-2026,Размещена
57990,12-01-2026,Размещена
57990,01-12-2025,Размещена
57990,01-11-2025,Размещена
57990,01-10-2025,Размещена
57990,03-09-2025,Размещена
57990,07-08-2025,Размещена
57990,04-08-2025,Размещена
57990,02-07-2025,Размещена
57990,03-06-2025,Размещена
57990,06-05-2025,Размещена
57990,30-04-2025,Размещена
57990,28-04-2025,Размещена
57990,02-04-2025,Размещена
57990,03-03-2025,Размещена
57990,03-02-2025,Размещена
57990,17-01-2025,Размещена
57990,14-01-2025,Размещена
57990,04-12-2024,Размещена
57990,01-11-2024,Размещена
57990,30-10-2024,Размещена
57990,22-10-2024,Размещена
57990,02-10-2024,Размещена
57990,04-09-2024,Размещена
57990,06-08-2024,Размещена
57990,06-08-2024,Размещена
57990,11-07-2024,Размещена
57990,11-07-2024,Размещена
57990,11-07-2024,Размещена
57990,02-07-2024,Размещена
57990,03-06-2024,Размещена
57990,06-05-2024,Размещена
57990,11-04-2024,Размещена
57990,08-04-2024,Размещена
57990,04-04-2024,Размещена
57990,04-04-2024,Размещена
57990,01-03-2024,Размещена
57990,28-02-2024,Размещена
58134,03-06-2026,ДДУ зарегистрирован
58134,03-06-2026,ДДУ зарегистрирован
58134,19-05-2026,ДДУ зарегистрирован
58134,08-05-2026,ДДУ зарегистрирован
58134,04-05-2026,ДДУ зарегистрирован
58134,04-05-2026,ДДУ зарегистрирован
58134,14-04-2026,ДДУ зарегистрирован
58134,10-04-2026,ДДУ зарегистрирован
58134,25-03-2026,ДДУ зарегистрирован
58134,20-03-2026,ДДУ зарегистрирован
58134,19-03-2026,ДДУ зарегистрирован
58134,16-03-2026,ДДУ зарегистрирован
58134,10-03-2026,ДДУ зарегистрирован
58134,06-02-2026,ДДУ зарегистрирован
58134,09-01-2026,ДДУ зарегистрирован
58134,19-12-2025,ДДУ зарегистрирован
58134,15-12-2025,ДДУ зарегистрирован
58134,09-12-2025,ДДУ зарегистрирован
58134,06-11-2025,ДДУ зарегистрирован
58134,27-10-2025,ДДУ зарегистрирован
58134,03-10-2025,ДДУ зарегистрирован
58134,09-09-2025,ДДУ зарегистрирован
58134,05-09-2025,ДДУ зарегистрирован
58134,08-08-2025,ДДУ зарегистрирован
58134,28-07-2025,ДДУ зарегистрирован
58134,18-07-2025,ДДУ зарегистрирован
58134,09-07-2025,ДДУ зарегистрирован
58134,17-06-2025,ДДУ зарегистрирован
58134,10-06-2025,ДДУ зарегистрирован
58134,07-05-2025,ДДУ зарегистрирован
58134,28-04-2025,ДДУ зарегистрирован
58134,09-04-2025,ДДУ зарегистрирован
58134,25-03-2025,ДДУ зарегистрирован
58134,07-03-2025,ДДУ зарегистрирован
58134,07-02-2025,ДДУ зарегистрирован
58134,10-01-2025,ДДУ зарегистрирован
58134,13-12-2024,ДДУ зарегистрирован
58134,09-12-2024,ДДУ зарегистрирован
58134,21-11-2024,ДДУ зарегистрирован
58134,08-11-2024,ДДУ зарегистрирован
58134,29-10-2024,ДДУ зарегистрирован
58134,07-10-2024,ДДУ зарегистрирован
58134,12-09-2024,ДДУ зарегистрирован
58134,10-09-2024,ДДУ зарегистрирован
58134,08-08-2024,ДДУ зарегистрирован
58134,29-07-2024,ДДУ зарегистрирован
58134,10-07-2024,ДДУ зарегистрирован
58134,09-07-2024,ДДУ зарегистрирован
58134,08-07-2024,ДДУ зарегистрирован
58134,03-07-2024,ДДУ зарегистрирован
58134,19-06-2024,ДДУ зарегистрирован
58134,06-06-2024,ДДУ зарегистрирован
58134,07-05-2024,ДДУ зарегистрирован
58134,27-04-2024,ДДУ зарегистрирован
58134,09-04-2024,ДДУ зарегистрирован
58134,22-03-2024,ДДУ зарегистрирован
58134,05-03-2024,ДДУ зарегистрирован
58297,21-09-2026,ДДУ зарегистрирован
58297,07-09-2026,ДДУ зарегистрирован
58297,07-08-2026,ДДУ зарегистрирован
58297,29-07-2026,ДДУ зарегистрирован
58297,10-07-2026,ДДУ зарегистрирован
58297,05-06-2026,ДДУ зарегистрирован
58297,06-05-2026,ДДУ зарегистрирован
58297,29-04-2026,ДДУ зарегистрирован
58297,29-04-2026,ДДУ зарегистрирован
58297,06-04-2026,ДДУ зарегистрирован
58297,10-03-2026,ДДУ зарегистрирован
58297,04-02-2026,ДДУ зарегистрирован
58297,21-01-2026,ДДУ зарегистрирован
58297,12-01-2026,ДДУ зарегистрирован
58297,17-12-2025,ДДУ зарегистрирован
58297,04-12-2025,ДДУ зарегистрирован
58297,07-11-2025,ДДУ зарегистрирован
58297,29-10-2025,ДДУ зарегистрирован
58297,03-10-2025,ДДУ зарегистрирован
58297,10-09-2025,ДДУ зарегистрирован
58297,06-08-2025,ДДУ зарегистрирован
58297,28-07-2025,ДДУ зарегистрирован
58297,07-07-2025,ДДУ зарегистрирован
58297,09-06-2025,ДДУ зарегистрирован
58297,21-05-2025,ДДУ зарегистрирован
58297,07-05-2025,ДДУ зарегистрирован
58297,30-04-2025,ДДУ зарегистрирован
58297,26-04-2025,ДДУ зарегистрирован
58297,04-04-2025,ДДУ зарегистрирован
58297,03-03-2025,ДДУ зарегистрирован
58297,14-02-2025,ДДУ зарегистрирован
58297,14-02-2025,ДДУ зарегистрирован
58297,06-02-2025,ДДУ зарегистрирован
58297,09-01-2025,ДДУ зарегистрирован
58297,05-12-2024,ДДУ зарегистрирован
58297,08-11-2024,ДДУ зарегистрирован
58297,31-10-2024,ДДУ зарегистрирован
58297,03-10-2024,ДДУ зарегистрирован
58297,16-09-2024,ДДУ зарегистрирован
58297,09-09-2024,ДДУ зарегистрирован
58297,08-08-2024,ДДУ зарегистрирован
58297,31-07-2024,ДДУ зарегистрирован
58297,03-07-2024,ДДУ зарегистрирован
58297,02-07-2024,ДДУ зарегистрирован
58297,07-06-2024,ДДУ зарегистрирован
58297,27-04-2024,ДДУ зарегистрирован
58297,17-04-2024,Размещена
58297,29-03-2024,Размещена
58297,15-03-2024,Размещена
58567,07-09-2026,ДДУ зарегистрирован
58567,07-08-2026,ДДУ зарегистрирован
58567,29-07-2026,ДДУ зарегистрирован
58567,13-07-2026,ДДУ зарегистрирован
58567,13-07-2026,ДДУ зарегистрирован
58567,10-07-2026,ДДУ зарегистрирован
58567,03-06-2026,ДДУ зарегистрирован
58567,06-05-2026,ДДУ зарегистрирован
58567,29-04-2026,ДДУ зарегистрирован
58567,29-04-2026,ДДУ зарегистрирован
58567,06-04-2026,ДДУ зарегистрирован
58567,05-03-2026,ДДУ зарегистрирован
58567,04-02-2026,ДДУ зарегистрирован
58567,12-01-2026,ДДУ зарегистрирован
58567,05-12-2025,ДДУ зарегистрирован
58567,19-11-2025,ДДУ зарегистрирован
58567,07-11-2025,ДДУ зарегистрирован
58567,29-10-2025,ДДУ зарегистрирован
58567,20-10-2025,ДДУ зарегистрирован
58567,03-10-2025,ДДУ зарегистрирован
58567,17-09-2025,ДДУ зарегистрирован
58567,10-09-2025,ДДУ зарегистрирован
58567,06-08-2025,ДДУ зарегистрирован
58567,28-07-2025,ДДУ зарегистрирован
58567,07-07-2025,ДДУ зарегистрирован
58567,09-06-2025,ДДУ зарегистрирован
58567,06-05-2025,ДДУ зарегистрирован
58567,29-04-2025,ДДУ зарегистрирован
58567,26-04-2025,ДДУ зарегистрирован
58567,22-04-2025,ДДУ зарегистрирован
58567,04-04-2025,ДДУ зарегистрирован
58567,11-03-2025,ДДУ зарегистрирован
58567,06-03-2025,ДДУ зарегистрирован
58567,04-03-2025,ДДУ зарегистрирован
58567,03-03-2025,ДДУ зарегистрирован
58567,17-02-2025,ДДУ зарегистрирован
58567,06-02-2025,ДДУ зарегистрирован
58567,28-01-2025,ДДУ зарегистрирован
58567,15-01-2025,ДДУ зарегистрирован
58567,09-01-2025,ДДУ зарегистрирован
58567,05-12-2024,ДДУ зарегистрирован
58567,08-11-2024,ДДУ зарегистрирован
58567,30-10-2024,ДДУ зарегистрирован
58567,22-10-2024,ДДУ зарегистрирован
58567,02-10-2024,ДДУ зарегистрирован
58567,16-09-2024,ДДУ зарегистрирован
58567,09-09-2024,ДДУ зарегистрирован
58567,08-08-2024,ДДУ зарегистрирован
58567,31-07-2024,ДДУ зарегистрирован
58567,03-07-2024,ДДУ зарегистрирован
58567,02-07-2024,ДДУ зарегистрирован
58567,26-06-2024,ДДУ зарегистрирован
58567,07-06-2024,ДДУ зарегистрирован
58567,27-04-2024,ДДУ зарегистрирован
58567,22-04-2024,Размещена
58567,17-04-2024,Размещена
58567,28-03-2024,Размещена
58567,26-03-2024,Размещена
58790,25-09-2026,ДДУ зарегистрирован
58790,24-09-2026,ДДУ зарегистрирован
58790,10-09-2026,ДДУ зарегистрирован
58790,07-08-2026,ДДУ зарегистрирован
58790,30-07-2026,ДДУ зарегистрирован
58790,10-07-2026,ДДУ зарегистрирован
58790,18-06-2026,ДДУ зарегистрирован
58790,10-06-2026,ДДУ зарегистрирован
58790,01-06-2026,ДДУ зарегистрирован
58790,29-05-2026,ДДУ зарегистрирован
58790,04-05-2026,ДДУ зарегистрирован
58790,30-04-2026,ДДУ зарегистрирован
58790,29-04-2026,ДДУ зарегистрирован
58790,08-04-2026,ДДУ зарегистрирован
58790,27-03-2026,ДДУ зарегистрирован
58790,10-03-2026,ДДУ зарегистрирован
58790,10-02-2026,ДДУ зарегистрирован
58790,12-01-2026,ДДУ зарегистрирован
58790,10-12-2025,ДДУ зарегистрирован
58790,10-11-2025,ДДУ зарегистрирован
58790,30-10-2025,ДДУ зарегистрирован
58790,28-10-2025,ДДУ зарегистрирован
58790,22-10-2025,ДДУ зарегистрирован
58790,07-10-2025,ДДУ зарегистрирован
58790,08-09-2025,ДДУ зарегистрирован
58790,08-08-2025,ДДУ зарегистрирован
58790,30-07-2025,ДДУ зарегистрирован
58790,09-07-2025,ДДУ зарегистрирован
58790,10-06-2025,ДДУ зарегистрирован
58790,21-05-2025,ДДУ зарегистрирован
58790,05-05-2025,ДДУ зарегистрирован
58790,30-04-2025,ДДУ зарегистрирован
58790,29-04-2025,ДДУ зарегистрирован
58790,03-04-2025,ДДУ зарегистрирован
58790,27-03-2025,ДДУ зарегистрирован
58790,04-03-2025,ДДУ зарегистрирован
58790,10-02-2025,ДДУ зарегистрирован
58790,09-01-2025,ДДУ зарегистрирован
58790,06-12-2024,ДДУ зарегистрирован
58790,11-11-2024,ДДУ зарегистрирован
58790,30-10-2024,ДДУ зарегистрирован
58790,10-10-2024,ДДУ зарегистрирован
58790,25-09-2024,ДДУ зарегистрирован
58790,25-09-2024,ДДУ зарегистрирован
58790,11-09-2024,ДДУ зарегистрирован
58790,09-09-2024,ДДУ зарегистрирован
58790,02-08-2024,ДДУ зарегистрирован
58790,30-07-2024,Размещена
58790,09-07-2024,Размещена
58790,07-06-2024,Размещена
58790,08-05-2024,Размещена
58790,12-04-2024,Размещена
58790,11-04-2024,Размещена
58790,05-04-2024,Размещена
58791,25-09-2026,ДДУ зарегистрирован
58791,24-09-2026,ДДУ зарегистрирован
58791,10-09-2026,ДДУ зарегистрирован
58791,07-08-2026,ДДУ зарегистрирован
58791,30-07-2026,ДДУ зарегистрирован
58791,10-07-2026,ДДУ зарегистрирован
58791,18-06-2026,ДДУ зарегистрирован
58791,10-06-2026,ДДУ зарегистрирован
58791,01-06-2026,ДДУ зарегистрирован
58791,29-05-2026,ДДУ зарегистрирован
58791,04-05-2026,ДДУ зарегистрирован
58791,30-04-2026,ДДУ зарегистрирован
58791,29-04-2026,ДДУ зарегистрирован
58791,08-04-2026,ДДУ зарегистрирован
58791,27-03-2026,ДДУ зарегистрирован
58791,10-03-2026,ДДУ зарегистрирован
58791,10-02-2026,ДДУ зарегистрирован
58791,12-01-2026,ДДУ зарегистрирован
58791,10-12-2025,ДДУ зарегистрирован
58791,10-11-2025,ДДУ зарегистрирован
58791,30-10-2025,ДДУ зарегистрирован
58791,28-10-2025,ДДУ зарегистрирован
58791,22-10-2025,ДДУ зарегистрирован
58791,07-10-2025,ДДУ зарегистрирован
58791,08-09-2025,ДДУ зарегистрирован
58791,08-08-2025,ДДУ зарегистрирован
58791,30-07-2025,ДДУ зарегистрирован
58791,09-07-2025,ДДУ зарегистрирован
58791,10-06-2025,ДДУ зарегистрирован
58791,21-05-2025,ДДУ зарегистрирован
58791,05-05-2025,ДДУ зарегистрирован
58791,30-04-2025,ДДУ зарегистрирован
58791,29-04-2025,ДДУ зарегистрирован
58791,03-04-2025,ДДУ зарегистрирован
58791,27-03-2025,ДДУ зарегистрирован
58791,04-03-2025,ДДУ зарегистрирован
58791,10-02-2025,ДДУ зарегистрирован
58791,09-01-2025,ДДУ зарегистрирован
58791,06-12-2024,ДДУ зарегистрирован
58791,11-11-2024,ДДУ зарегистрирован
58791,30-10-2024,ДДУ зарегистрирован
58791,10-10-2024,ДДУ зарегистрирован
58791,25-09-2024,ДДУ зарегистрирован
58791,25-09-2024,ДДУ зарегистрирован
58791,11-09-2024,ДДУ зарегистрирован
58791,09-09-2024,ДДУ зарегистрирован
58791,02-08-2024,ДДУ зарегистрирован
58791,30-07-2024,Размещена
58791,09-07-2024,Размещена
58791,07-06-2024,Размещена
58791,08-05-2024,Размещена
58791,12-04-2024,Размещена
58791,11-04-2024,Размещена
58791,05-04-2024,Размещена
58864,10-08-2026,ДДУ зарегистрирован
58864,05-08-2026,ДДУ зарегистрирован
58864,05-08-2026,ДДУ зарегистрирован
58864,28-07-2026,ДДУ зарегистрирован
58864,10-07-2026,ДДУ зарегистрирован
58864,06-07-2026,ДДУ зарегистрирован
58864,02-07-2026,ДДУ зарегистрирован
58864,01-07-2026,ДДУ зарегистрирован
58864,09-06-2026,ДДУ зарегистрирован
58864,08-05-2026,ДДУ зарегистрирован
58864,10-04-2026,ДДУ зарегистрирован
58864,19-03-2026,ДДУ зарегистрирован
58864,10-03-2026,ДДУ зарегистрирован
58864,10-02-2026,ДДУ зарегистрирован
58864,09-01-2026,ДДУ зарегистрирован
58864,09-12-2025,ДДУ зарегистрирован
58864,28-11-2025,ДДУ зарегистрирован
58864,06-11-2025,ДДУ зарегистрирован
58864,27-10-2025,ДДУ зарегистрирован
58864,03-10-2025,ДДУ зарегистрирован
58864,29-09-2025,ДДУ зарегистрирован
58864,09-09-2025,ДДУ зарегистрирован
58864,08-08-2025,ДДУ зарегистрирован
58864,28-07-2025,ДДУ зарегистрирован
58864,09-07-2025,ДДУ зарегистрирован
58864,10-06-2025,ДДУ зарегистрирован
58864,07-05-2025,ДДУ зарегистрирован
58864,28-04-2025,ДДУ зарегистрирован
58864,09-04-2025,ДДУ зарегистрирован
58864,14-03-2025,ДДУ зарегистрирован
58864,10-03-2025,ДДУ зарегистрирован
58864,13-02-2025,ДДУ зарегистрирован
58864,07-02-2025,ДДУ зарегистрирован
58864,10-01-2025,ДДУ зарегистрирован
58864,09-12-2024,ДДУ зарегистрирован
58864,08-11-2024,ДДУ зарегистрирован
58864,08-11-2024,ДДУ зарегистрирован
58864,29-10-2024,ДДУ зарегистрирован
58864,07-10-2024,ДДУ зарегистрирован
58864,20-09-2024,ДДУ зарегистрирован
58864,20-09-2024,ДДУ зарегистрирован
58864,12-09-2024,ДДУ зарегистрирован
58864,10-09-2024,ДДУ зарегистрирован
58864,20-08-2024,ДДУ зарегистрирован
58864,08-08-2024,ДДУ зарегистрирован
58864,29-07-2024,ДДУ зарегистрирован
58864,12-07-2024,ДДУ зарегистрирован
58864,10-07-2024,ДДУ зарегистрирован
58864,05-07-2024,ДДУ зарегистрирован
58864,05-07-2024,ДДУ зарегистрирован
58864,20-06-2024,ДДУ зарегистрирован
58864,06-06-2024,ДДУ зарегистрирован
58864,07-05-2024,ДДУ зарегистрирован
58864,27-04-2024,ДДУ зарегистрирован
58864,16-04-2024,ДДУ зарегистрирован
58864,11-04-2024,Размещена
58864,10-04-2024,Размещена
58864,10-04-2024,Размещена
58865,10-08-2026,ДДУ зарегистрирован
58865,05-08-2026,ДДУ зарегистрирован
58865,05-08-2026,ДДУ зарегистрирован
58865,28-07-2026,ДДУ зарегистрирован
58865,10-07-2026,ДДУ зарегистрирован
58865,06-07-2026,ДДУ зарегистрирован
58865,02-07-2026,ДДУ зарегистрирован
58865,01-07-2026,ДДУ зарегистрирован
58865,09-06-2026,ДДУ зарегистрирован
58865,08-05-2026,ДДУ зарегистрирован
58865,10-04-2026,ДДУ зарегистрирован
58865,19-03-2026,ДДУ зарегистрирован
58865,10-03-2026,ДДУ зарегистрирован
58865,10-02-2026,ДДУ зарегистрирован
58865,09-01-2026,ДДУ зарегистрирован
58865,09-12-2025,ДДУ зарегистрирован
58865,28-11-2025,ДДУ зарегистрирован
58865,06-11-2025,ДДУ зарегистрирован
58865,27-10-2025,ДДУ зарегистрирован
58865,03-10-2025,ДДУ зарегистрирован
58865,29-09-2025,ДДУ зарегистрирован
58865,09-09-2025,ДДУ зарегистрирован
58865,08-08-2025,ДДУ зарегистрирован
58865,28-07-2025,ДДУ зарегистрирован
58865,09-07-2025,ДДУ зарегистрирован
58865,10-06-2025,ДДУ зарегистрирован
58865,07-05-2025,ДДУ зарегистрирован
58865,28-04-2025,ДДУ зарегистрирован
58865,09-04-2025,ДДУ зарегистрирован
58865,14-03-2025,ДДУ зарегистрирован
58865,10-03-2025,ДДУ зарегистрирован
58865,13-02-2025,ДДУ зарегистрирован
58865,07-02-2025,ДДУ зарегистрирован
58865,10-01-2025,ДДУ зарегистрирован
58865,09-12-2024,ДДУ зарегистрирован
58865,08-11-2024,ДДУ зарегистрирован
58865,08-11-2024,ДДУ зарегистрирован
58865,29-10-2024,ДДУ зарегистрирован
58865,07-10-2024,ДДУ зарегистрирован
58865,20-09-2024,ДДУ зарегистрирован
58865,20-09-2024,ДДУ зарегистрирован
58865,12-09-2024,ДДУ зарегистрирован
58865,10-09-2024,ДДУ зарегистрирован
58865,20-08-2024,ДДУ зарегистрирован
58865,08-08-2024,ДДУ зарегистрирован
58865,29-07-2024,ДДУ зарегистрирован
58865,12-07-2024,ДДУ зарегистрирован
58865,10-07-2024,ДДУ зарегистрирован
58865,05-07-2024,ДДУ зарегистрирован
58865,05-07-2024,ДДУ зарегистрирован
58865,20-06-2024,ДДУ зарегистрирован
58865,06-06-2024,ДДУ зарегистрирован
58865,07-05-2024,ДДУ зарегистрирован
58865,27-04-2024,ДДУ зарегистрирован
58865,16-04-2024,ДДУ зарегистрирован
58865,11-04-2024,Размещена
58865,10-04-2024,Размещена
58865,10-04-2024,Размещена
58889,22-09-2026,ДДУ зарегистрирован
58889,09-09-2026,ДДУ зарегистрирован
58889,10-08-2026,ДДУ зарегистрирован
58889,10-07-2026,ДДУ зарегистрирован
58889,25-06-2026,ДДУ зарегистрирован
58889,10-06-2026,ДДУ зарегистрирован
58889,08-05-2026,ДДУ зарегистрирован
58889,10-04-2026,ДДУ зарегистрирован
58889,13-03-2026,ДДУ зарегистрирован
58889,10-03-2026,ДДУ зарегистрирован
58889,10-02-2026,ДДУ зарегистрирован
58889,22-01-2026,ДДУ зарегистрирован
58889,12-01-2026,ДДУ зарегистрирован
58889,09-12-2025,ДДУ зарегистрирован
58889,05-12-2025,ДДУ зарегистрирован
58889,24-11-2025,ДДУ зарегистрирован
58889,10-11-2025,ДДУ зарегистрирован
58889,14-10-2025,ДДУ зарегистрирован
58889,10-10-2025,ДДУ зарегистрирован
58889,10-09-2025,ДДУ зарегистрирован
58889,11-08-2025,ДДУ зарегистрирован
58889,10-07-2025,ДДУ зарегистрирован
58889,10-06-2025,ДДУ зарегистрирован
58889,07-05-2025,ДДУ зарегистрирован
58889,10-04-2025,ДДУ зарегистрирован
58889,28-03-2025,ДДУ зарегистрирован
58889,10-03-2025,ДДУ зарегистрирован
58889,25-02-2025,ДДУ зарегистрирован
58889,10-02-2025,ДДУ зарегистрирован
58889,10-01-2025,ДДУ зарегистрирован
58889,10-12-2024,ДДУ зарегистрирован
58889,08-11-2024,ДДУ зарегистрирован
58889,10-10-2024,ДДУ зарегистрирован
58889,10-09-2024,ДДУ зарегистрирован
58889,09-08-2024,ДДУ зарегистрирован
58889,01-08-2024,ДДУ зарегистрирован
58889,10-07-2024,ДДУ зарегистрирован
58889,11-04-2024,ДДУ зарегистрирован
59262,09-04-2026,ДДУ зарегистрирован
59262,03-04-2026,ДДУ зарегистрирован
59262,31-03-2026,ДДУ зарегистрирован
59262,16-03-2026,ДДУ зарегистрирован
59262,05-03-2026,ДДУ зарегистрирован
59262,25-02-2026,ДДУ зарегистрирован
59262,10-02-2026,ДДУ зарегистрирован
59262,04-02-2026,ДДУ зарегистрирован
59262,05-01-2026,ДДУ зарегистрирован
59262,01-12-2025,ДДУ зарегистрирован
59262,11-11-2025,ДДУ зарегистрирован
59262,05-11-2025,ДДУ зарегистрирован
59262,28-10-2025,ДДУ зарегистрирован
59262,14-10-2025,ДДУ зарегистрирован
59262,01-10-2025,ДДУ зарегистрирован
59262,08-09-2025,ДДУ зарегистрирован
59262,04-08-2025,ДДУ зарегистрирован
59262,30-07-2025,ДДУ зарегистрирован
59262,02-07-2025,ДДУ зарегистрирован
59262,04-06-2025,ДДУ зарегистрирован
59262,06-05-2025,ДДУ зарегистрирован
59262,28-04-2025,ДДУ зарегистрирован
59262,04-04-2025,ДДУ зарегистрирован
59262,26-03-2025,ДДУ зарегистрирован
59262,03-03-2025,ДДУ зарегистрирован
59262,04-02-2025,ДДУ зарегистрирован
59262,09-01-2025,ДДУ зарегистрирован
59262,02-12-2024,ДДУ зарегистрирован
59262,07-11-2024,ДДУ зарегистрирован
59262,02-11-2024,ДДУ зарегистрирован
59262,29-10-2024,ДДУ зарегистрирован
59262,02-10-2024,ДДУ зарегистрирован
59262,10-09-2024,ДДУ зарегистрирован
59262,02-09-2024,ДДУ зарегистрирован
59262,21-08-2024,ДДУ зарегистрирован
59262,05-08-2024,ДДУ зарегистрирован
59262,29-07-2024,ДДУ зарегистрирован
59262,03-07-2024,ДДУ зарегистрирован
59262,10-06-2024,ДДУ зарегистрирован
59262,10-06-2024,ДДУ зарегистрирован
59262,03-06-2024,ДДУ зарегистрирован
59262,31-05-2024,ДДУ зарегистрирован
59262,23-05-2024,ДДУ зарегистрирован
59262,23-05-2024,ДДУ зарегистрирован
59262,02-05-2024,ДДУ зарегистрирован
59262,26-04-2024,Размещена
59262,26-04-2024,Размещена
59262,26-04-2024,Размещена
59308,09-09-2026,ДДУ зарегистрирован
59308,27-08-2026,ДДУ зарегистрирован
59308,05-08-2026,ДДУ зарегистрирован
59308,09-07-2026,ДДУ зарегистрирован
59308,24-06-2026,ДДУ зарегистрирован
59308,03-06-2026,ДДУ зарегистрирован
59308,07-05-2026,ДДУ зарегистрирован
59308,04-05-2026,ДДУ зарегистрирован
59308,15-04-2026,ДДУ зарегистрирован
59308,02-04-2026,ДДУ зарегистрирован
59308,10-03-2026,ДДУ зарегистрирован
59308,04-02-2026,ДДУ зарегистрирован
59308,05-01-2026,ДДУ зарегистрирован
59308,04-12-2025,ДДУ зарегистрирован
59308,01-11-2025,ДДУ зарегистрирован
59308,02-10-2025,ДДУ зарегистрирован
59308,03-09-2025,ДДУ зарегистрирован
59308,04-08-2025,ДДУ зарегистрирован
59308,07-07-2025,ДДУ зарегистрирован
59308,02-07-2025,ДДУ зарегистрирован
59308,26-06-2025,ДДУ зарегистрирован
59308,03-06-2025,ДДУ зарегистрирован
59308,05-05-2025,ДДУ зарегистрирован
59308,03-04-2025,ДДУ зарегистрирован
59308,05-03-2025,ДДУ зарегистрирован
59308,07-02-2025,ДДУ зарегистрирован
59308,10-01-2025,ДДУ зарегистрирован
59308,04-12-2024,ДДУ зарегистрирован
59308,08-11-2024,ДДУ зарегистрирован
59308,22-10-2024,ДДУ зарегистрирован
59308,04-10-2024,ДДУ зарегистрирован
59308,10-09-2024,ДДУ зарегистрирован
59308,08-08-2024,ДДУ зарегистрирован
59308,05-07-2024,ДДУ зарегистрирован
59308,24-06-2024,ДДУ зарегистрирован
59308,07-06-2024,ДДУ зарегистрирован
59308,22-05-2024,ДДУ зарегистрирован
59308,15-05-2024,Размещена
59308,13-05-2024,Размещена
59308,27-04-2024,Размещена
59347,09-09-2026,ДДУ зарегистрирован
59347,03-08-2026,ДДУ зарегистрирован
59347,27-07-2026,ДДУ зарегистрирован
59347,23-07-2026,ДДУ зарегистрирован
59347,09-07-2026,ДДУ зарегистрирован
59347,02-06-2026,ДДУ зарегистрирован
59347,07-05-2026,ДДУ зарегистрирован
59347,29-04-2026,ДДУ зарегистрирован
59347,01-04-2026,ДДУ зарегистрирован
59347,30-03-2026,ДДУ зарегистрирован
59347,13-03-2026,ДДУ зарегистрирован
59347,10-03-2026,ДДУ зарегистрирован
59347,07-03-2026,ДДУ зарегистрирован
59347,03-02-2026,ДДУ зарегистрирован
59347,10-01-2026,ДДУ зарегистрирован
59347,05-12-2025,ДДУ зарегистрирован
59347,09-11-2025,ДДУ зарегистрирован
59347,30-10-2025,ДДУ зарегистрирован
59347,09-10-2025,ДДУ зарегистрирован
59347,01-09-2025,ДДУ зарегистрирован
59347,06-08-2025,ДДУ зарегистрирован
59347,17-07-2025,ДДУ зарегистрирован
59347,02-07-2025,ДДУ зарегистрирован
59347,09-06-2025,ДДУ зарегистрирован
59347,07-05-2025,ДДУ зарегистрирован
59347,02-04-2025,ДДУ зарегистрирован
59347,04-03-2025,ДДУ зарегистрирован
59347,03-02-2025,ДДУ зарегистрирован
59347,09-01-2025,ДДУ зарегистрирован
59347,20-12-2024,ДДУ зарегистрирован
59347,04-12-2024,ДДУ зарегистрирован
59347,08-11-2024,ДДУ зарегистрирован
59347,05-11-2024,ДДУ зарегистрирован
59347,02-10-2024,ДДУ зарегистрирован
59347,03-09-2024,ДДУ зарегистрирован
59347,12-08-2024,ДДУ зарегистрирован
59347,09-08-2024,ДДУ зарегистрирован
59347,29-07-2024,ДДУ зарегистрирован
59347,29-07-2024,ДДУ зарегистрирован
59347,26-07-2024,ДДУ зарегистрирован
59347,01-07-2024,ДДУ зарегистрирован
59347,24-06-2024,ДДУ зарегистрирован
59347,24-06-2024,ДДУ зарегистрирован
59347,20-06-2024,ДДУ зарегистрирован
59347,20-06-2024,Размещена
59347,13-06-2024,Размещена
59347,05-06-2024,Размещена
59347,02-05-2024,Размещена
59552,07-09-2026,ДДУ зарегистрирован
59552,07-08-2026,ДДУ зарегистрирован
59552,29-07-2026,ДДУ зарегистрирован
59552,10-07-2026,ДДУ зарегистрирован
59552,03-06-2026,ДДУ зарегистрирован
59552,05-05-2026,ДДУ зарегистрирован
59552,29-04-2026,ДДУ зарегистрирован
59552,29-04-2026,ДДУ зарегистрирован
59552,06-04-2026,ДДУ зарегистрирован
59552,05-03-2026,ДДУ зарегистрирован
59552,04-02-2026,ДДУ зарегистрирован
59552,27-01-2026,ДДУ зарегистрирован
59552,12-01-2026,ДДУ зарегистрирован
59552,12-01-2026,ДДУ зарегистрирован
59552,09-12-2025,ДДУ зарегистрирован
59552,04-12-2025,ДДУ зарегистрирован
59552,18-11-2025,ДДУ зарегистрирован
59552,07-11-2025,ДДУ зарегистрирован
59552,29-10-2025,ДДУ зарегистрирован
59552,03-10-2025,ДДУ зарегистрирован
59552,10-09-2025,ДДУ зарегистрирован
59552,06-08-2025,ДДУ зарегистрирован
59552,28-07-2025,ДДУ зарегистрирован
59552,07-07-2025,ДДУ зарегистрирован
59552,09-06-2025,ДДУ зарегистрирован
59552,07-05-2025,ДДУ зарегистрирован
59552,30-04-2025,ДДУ зарегистрирован
59552,26-04-2025,ДДУ зарегистрирован
59552,04-04-2025,ДДУ зарегистрирован
59552,03-03-2025,ДДУ зарегистрирован
59552,17-02-2025,ДДУ зарегистрирован
59552,06-02-2025,ДДУ зарегистрирован
59552,09-01-2025,ДДУ зарегистрирован
59552,05-12-2024,ДДУ зарегистрирован
59552,22-11-2024,ДДУ зарегистрирован
59552,01-11-2024,ДДУ зарегистрирован
59552,31-10-2024,ДДУ зарегистрирован
59552,31-10-2024,ДДУ зарегистрирован
59552,21-10-2024,ДДУ зарегистрирован
59552,16-09-2024,ДДУ зарегистрирован
59552,31-07-2024,Размещена
59552,19-07-2024,Размещена
59552,14-06-2024,Размещена
59552,16-05-2024,Размещена
59555,14-09-2026,ДДУ зарегистрирован
59555,10-09-2026,ДДУ зарегистрирован
59555,28-08-2026,ДДУ зарегистрирован
59555,28-08-2026,ДДУ зарегистрирован
59555,07-08-2026,ДДУ зарегистрирован
59555,30-07-2026,ДДУ зарегистрирован
59555,10-07-2026,ДДУ зарегистрирован
59555,10-06-2026,ДДУ зарегистрирован
59555,29-05-2026,ДДУ зарегистрирован
59555,04-05-2026,ДДУ зарегистрирован
59555,30-04-2026,ДДУ зарегистрирован
59555,30-04-2026,ДДУ зарегистрирован
59555,22-04-2026,ДДУ зарегистрирован
59555,08-04-2026,ДДУ зарегистрирован
59555,27-03-2026,ДДУ зарегистрирован
59555,10-03-2026,ДДУ зарегистрирован
59555,10-02-2026,ДДУ зарегистрирован
59555,12-01-2026,ДДУ зарегистрирован
59555,10-12-2025,ДДУ зарегистрирован
59555,10-11-2025,ДДУ зарегистрирован
59555,30-10-2025,ДДУ зарегистрирован
59555,14-10-2025,ДДУ зарегистрирован
59555,11-09-2025,ДДУ зарегистрирован
59555,08-09-2025,ДДУ зарегистрирован
59555,08-08-2025,ДДУ зарегистрирован
59555,30-07-2025,ДДУ зарегистрирован
59555,24-07-2025,ДДУ зарегистрирован
59555,09-07-2025,ДДУ зарегистрирован
59555,10-06-2025,ДДУ зарегистрирован
59555,05-05-2025,ДДУ зарегистрирован
59555,30-04-2025,ДДУ зарегистрирован
59555,29-04-2025,ДДУ зарегистрирован
59555,04-04-2025,ДДУ зарегистрирован
59555,03-04-2025,ДДУ зарегистрирован
59555,27-03-2025,ДДУ зарегистрирован
59555,04-03-2025,ДДУ зарегистрирован
59555,10-02-2025,ДДУ зарегистрирован
59555,09-01-2025,ДДУ зарегистрирован
59555,11-12-2024,ДДУ зарегистрирован
59555,06-12-2024,ДДУ зарегистрирован
59555,11-11-2024,ДДУ зарегистрирован
59555,30-10-2024,ДДУ зарегистрирован
59555,10-10-2024,ДДУ зарегистрирован
59555,09-09-2024,ДДУ зарегистрирован
59555,27-08-2024,ДДУ зарегистрирован
59555,02-08-2024,Размещена
59555,30-07-2024,Размещена
59555,09-07-2024,Размещена
59555,06-06-2024,Размещена
59555,16-05-2024,Размещена
59556,14-09-2026,ДДУ зарегистрирован
59556,10-09-2026,ДДУ зарегистрирован
59556,28-08-2026,ДДУ зарегистрирован
59556,28-08-2026,ДДУ зарегистрирован
59556,07-08-2026,ДДУ зарегистрирован
59556,30-07-2026,ДДУ зарегистрирован
59556,10-07-2026,ДДУ зарегистрирован
59556,10-06-2026,ДДУ зарегистрирован
59556,29-05-2026,ДДУ зарегистрирован
59556,04-05-2026,ДДУ зарегистрирован
59556,30-04-2026,ДДУ зарегистрирован
59556,30-04-2026,ДДУ зарегистрирован
59556,22-04-2026,ДДУ зарегистрирован
59556,08-04-2026,ДДУ зарегистрирован
59556,27-03-2026,ДДУ зарегистрирован
59556,10-03-2026,ДДУ зарегистрирован
59556,10-02-2026,ДДУ зарегистрирован
59556,12-01-2026,ДДУ зарегистрирован
59556,10-12-2025,ДДУ зарегистрирован
59556,10-11-2025,ДДУ зарегистрирован
59556,30-10-2025,ДДУ зарегистрирован
59556,14-10-2025,ДДУ зарегистрирован
59556,11-09-2025,ДДУ зарегистрирован
59556,08-09-2025,ДДУ зарегистрирован
59556,08-08-2025,ДДУ зарегистрирован
59556,30-07-2025,ДДУ зарегистрирован
59556,24-07-2025,ДДУ зарегистрирован
59556,09-07-2025,ДДУ зарегистрирован
59556,10-06-2025,ДДУ зарегистрирован
59556,05-05-2025,ДДУ зарегистрирован
59556,30-04-2025,ДДУ зарегистрирован
59556,29-04-2025,ДДУ зарегистрирован
59556,04-04-2025,ДДУ зарегистрирован
59556,03-04-2025,ДДУ зарегистрирован
59556,27-03-2025,ДДУ зарегистрирован
59556,04-03-2025,ДДУ зарегистрирован
59556,10-02-2025,ДДУ зарегистрирован
59556,09-01-2025,ДДУ зарегистрирован
59556,11-12-2024,ДДУ зарегистрирован
59556,06-12-2024,ДДУ зарегистрирован
59556,11-11-2024,ДДУ зарегистрирован
59556,30-10-2024,ДДУ зарегистрирован
59556,10-10-2024,ДДУ зарегистрирован
59556,09-09-2024,ДДУ зарегистрирован
59556,27-08-2024,ДДУ зарегистрирован
59556,02-08-2024,Размещена
59556,30-07-2024,Размещена
59556,09-07-2024,Размещена
59556,06-06-2024,Размещена
59556,16-05-2024,Размещена
59557,14-09-2026,ДДУ зарегистрирован
59557,10-09-2026,ДДУ зарегистрирован
59557,28-08-2026,ДДУ зарегистрирован
59557,28-08-2026,ДДУ зарегистрирован
59557,07-08-2026,ДДУ зарегистрирован
59557,30-07-2026,ДДУ зарегистрирован
59557,10-07-2026,ДДУ зарегистрирован
59557,10-06-2026,ДДУ зарегистрирован
59557,29-05-2026,ДДУ зарегистрирован
59557,04-05-2026,ДДУ зарегистрирован
59557,30-04-2026,ДДУ зарегистрирован
59557,30-04-2026,ДДУ зарегистрирован
59557,22-04-2026,ДДУ зарегистрирован
59557,08-04-2026,ДДУ зарегистрирован
59557,27-03-2026,ДДУ зарегистрирован
59557,10-03-2026,ДДУ зарегистрирован
59557,10-02-2026,ДДУ зарегистрирован
59557,12-01-2026,ДДУ зарегистрирован
59557,10-12-2025,ДДУ зарегистрирован
59557,10-11-2025,ДДУ зарегистрирован
59557,30-10-2025,ДДУ зарегистрирован
59557,14-10-2025,ДДУ зарегистрирован
59557,11-09-2025,ДДУ зарегистрирован
59557,08-09-2025,ДДУ зарегистрирован
59557,08-08-2025,ДДУ зарегистрирован
59557,30-07-2025,ДДУ зарегистрирован
59557,24-07-2025,ДДУ зарегистрирован
59557,09-07-2025,ДДУ зарегистрирован
59557,10-06-2025,ДДУ зарегистрирован
59557,05-05-2025,ДДУ зарегистрирован
59557,30-04-2025,ДДУ зарегистрирован
59557,29-04-2025,ДДУ зарегистрирован
59557,04-04-2025,ДДУ зарегистрирован
59557,03-04-2025,ДДУ зарегистрирован
59557,27-03-2025,ДДУ зарегистрирован
59557,04-03-2025,ДДУ зарегистрирован
59557,10-02-2025,ДДУ зарегистрирован
59557,09-01-2025,ДДУ зарегистрирован
59557,11-12-2024,ДДУ зарегистрирован
59557,06-12-2024,ДДУ зарегистрирован
59557,11-11-2024,ДДУ зарегистрирован
59557,30-10-2024,ДДУ зарегистрирован
59557,10-10-2024,ДДУ зарегистрирован
59557,09-09-2024,ДДУ зарегистрирован
59557,27-08-2024,ДДУ зарегистрирован
59557,02-08-2024,Размещена
59557,30-07-2024,Размещена
59557,09-07-2024,Размещена
59557,06-06-2024,Размещена
59557,16-05-2024,Размещена
59639,31-07-2024,ДДУ зарегистрирован
59639,17-07-2024,ДДУ зарегистрирован
59639,19-06-2024,ДДУ зарегистрирован
59639,18-06-2024,Размещена
59639,21-05-2024,Размещена
59639,21-05-2024,Размещена
59639,21-05-2024,Размещена
59651,10-06-2026,ДДУ зарегистрирован
59651,07-05-2026,ДДУ зарегистрирован
59651,29-04-2026,ДДУ зарегистрирован
59651,10-04-2026,ДДУ зарегистрирован
59651,23-03-2026,ДДУ зарегистрирован
59651,06-03-2026,ДДУ зарегистрирован
59651,04-02-2026,ДДУ зарегистрирован
59651,04-02-2026,ДДУ зарегистрирован
59651,03-02-2026,ДДУ зарегистрирован
59651,14-01-2026,ДДУ зарегистрирован
59651,13-01-2026,ДДУ зарегистрирован
59651,08-01-2026,ДДУ зарегистрирован
59651,29-12-2025,ДДУ зарегистрирован
59651,10-12-2025,ДДУ зарегистрирован
59651,08-12-2025,ДДУ зарегистрирован
59651,05-12-2025,ДДУ зарегистрирован
59651,07-11-2025,ДДУ зарегистрирован
59651,07-11-2025,ДДУ зарегистрирован
59651,05-11-2025,ДДУ зарегистрирован
59651,29-10-2025,ДДУ зарегистрирован
59651,10-10-2025,ДДУ зарегистрирован
59651,09-09-2025,ДДУ зарегистрирован
59651,11-08-2025,ДДУ зарегистрирован
59651,11-08-2025,ДДУ зарегистрирован
59651,08-08-2025,ДДУ зарегистрирован
59651,08-08-2025,ДДУ зарегистрирован
59651,30-07-2025,ДДУ зарегистрирован
59651,17-07-2025,ДДУ зарегистрирован
59651,09-07-2025,ДДУ зарегистрирован
59651,03-07-2025,ДДУ зарегистрирован
59651,02-07-2025,ДДУ зарегистрирован
59651,09-06-2025,ДДУ зарегистрирован
59651,07-05-2025,ДДУ зарегистрирован
59651,07-05-2025,ДДУ зарегистрирован
59651,29-04-2025,ДДУ зарегистрирован
59651,10-04-2025,ДДУ зарегистрирован
59651,08-04-2025,ДДУ зарегистрирован
59651,13-03-2025,ДДУ зарегистрирован
59651,10-03-2025,ДДУ зарегистрирован
59651,07-03-2025,ДДУ зарегистрирован
59651,06-02-2025,ДДУ зарегистрирован
59651,05-02-2025,ДДУ зарегистрирован
59651,05-02-2025,ДДУ зарегистрирован
59651,04-02-2025,ДДУ зарегистрирован
59651,14-01-2025,ДДУ зарегистрирован
59651,10-01-2025,ДДУ зарегистрирован
59651,10-01-2025,ДДУ зарегистрирован
59651,12-12-2024,ДДУ зарегистрирован
59651,06-12-2024,ДДУ зарегистрирован
59651,08-11-2024,ДДУ зарегистрирован
59651,08-11-2024,ДДУ зарегистрирован
59651,28-10-2024,ДДУ зарегистрирован
59651,09-10-2024,ДДУ зарегистрирован
59651,09-09-2024,ДДУ зарегистрирован
59651,09-09-2024,ДДУ зарегистрирован
59651,13-08-2024,ДДУ зарегистрирован
59651,12-08-2024,ДДУ зарегистрирован
59651,08-08-2024,ДДУ зарегистрирован
59651,26-07-2024,ДДУ зарегистрирован
59651,10-07-2024,ДДУ зарегистрирован
59651,03-07-2024,ДДУ зарегистрирован
59651,07-06-2024,ДДУ зарегистрирован
59651,22-05-2024,Размещена
59669,24-09-2026,ДДУ зарегистрирован
59669,09-09-2026,ДДУ зарегистрирован
59669,03-09-2026,ДДУ зарегистрирован
59669,02-09-2026,ДДУ зарегистрирован
59669,31-08-2026,ДДУ зарегистрирован
59669,25-08-2026,ДДУ зарегистрирован
59669,10-08-2026,ДДУ зарегистрирован
59669,10-08-2026,ДДУ зарегистрирован
59669,28-07-2026,ДДУ зарегистрирован
59669,20-07-2026,ДДУ зарегистрирован
59669,09-07-2026,ДДУ зарегистрирован
59669,08-06-2026,ДДУ зарегистрирован
59669,07-05-2026,ДДУ зарегистрирован
59669,29-04-2026,ДДУ зарегистрирован
59669,24-04-2026,ДДУ зарегистрирован
59669,24-04-2026,ДДУ зарегистрирован
59669,10-04-2026,ДДУ зарегистрирован
59669,24-03-2026,ДДУ зарегистрирован
59669,16-03-2026,ДДУ зарегистрирован
59669,13-03-2026,ДДУ зарегистрирован
59669,06-03-2026,ДДУ зарегистрирован
59669,18-02-2026,ДДУ зарегистрирован
59669,09-02-2026,ДДУ зарегистрирован
59669,04-02-2026,ДДУ зарегистрирован
59669,03-02-2026,ДДУ зарегистрирован
59669,19-01-2026,ДДУ зарегистрирован
59669,15-01-2026,ДДУ зарегистрирован
59669,15-01-2026,ДДУ зарегистрирован
59669,13-01-2026,ДДУ зарегистрирован
59669,08-01-2026,ДДУ зарегистрирован
59669,30-12-2025,ДДУ зарегистрирован
59669,24-12-2025,ДДУ зарегистрирован
59669,10-12-2025,ДДУ зарегистрирован
59669,05-12-2025,ДДУ зарегистрирован
59669,10-11-2025,ДДУ зарегистрирован
59669,10-11-2025,ДДУ зарегистрирован
59669,07-11-2025,ДДУ зарегистрирован
59669,07-11-2025,ДДУ зарегистрирован
59669,29-10-2025,ДДУ зарегистрирован
59669,10-10-2025,ДДУ зарегистрирован
59669,17-09-2025,ДДУ зарегистрирован
59669,10-09-2025,ДДУ зарегистрирован
59669,09-09-2025,ДДУ зарегистрирован
59669,21-08-2025,ДДУ зарегистрирован
59669,18-08-2025,ДДУ зарегистрирован
59669,12-08-2025,ДДУ зарегистрирован
59669,11-08-2025,ДДУ зарегистрирован
59669,08-08-2025,ДДУ зарегистрирован
59669,08-08-2025,ДДУ зарегистрирован
59669,28-07-2025,ДДУ зарегистрирован
59669,10-07-2025,ДДУ зарегистрирован
59669,08-07-2025,ДДУ зарегистрирован
59669,07-07-2025,ДДУ зарегистрирован
59669,02-07-2025,ДДУ зарегистрирован
59669,11-06-2025,ДДУ зарегистрирован
59669,09-06-2025,ДДУ зарегистрирован
59669,07-05-2025,ДДУ зарегистрирован
59669,29-04-2025,ДДУ зарегистрирован
59669,11-04-2025,ДДУ зарегистрирован
59669,09-04-2025,ДДУ зарегистрирован
59669,10-03-2025,ДДУ зарегистрирован
59669,10-03-2025,ДДУ зарегистрирован
59669,07-03-2025,ДДУ зарегистрирован
59669,10-02-2025,ДДУ зарегистрирован
59669,05-02-2025,ДДУ зарегистрирован
59669,05-02-2025,ДДУ зарегистрирован
59669,04-02-2025,ДДУ зарегистрирован
59669,30-01-2025,ДДУ зарегистрирован
59669,30-01-2025,ДДУ зарегистрирован
59669,10-01-2025,ДДУ зарегистрирован
59669,10-01-2025,ДДУ зарегистрирован
59669,10-12-2024,ДДУ зарегистрирован
59669,09-12-2024,ДДУ зарегистрирован
59669,11-11-2024,ДДУ зарегистрирован
59669,07-11-2024,ДДУ зарегистрирован
59669,29-10-2024,ДДУ зарегистрирован
59669,11-10-2024,ДДУ зарегистрирован
59669,10-10-2024,ДДУ зарегистрирован
59669,04-10-2024,ДДУ зарегистрирован
59669,09-09-2024,ДДУ зарегистрирован
59669,29-08-2024,ДДУ зарегистрирован
59669,15-08-2024,ДДУ зарегистрирован
59669,12-08-2024,ДДУ зарегистрирован
59669,08-08-2024,ДДУ зарегистрирован
59669,30-07-2024,ДДУ зарегистрирован
59669,30-07-2024,ДДУ зарегистрирован
59669,10-07-2024,ДДУ зарегистрирован
59669,05-07-2024,ДДУ зарегистрирован
59669,28-06-2024,ДДУ зарегистрирован
59669,31-05-2024,ДДУ зарегистрирован
59669,23-05-2024,Размещена
59680,02-06-2025,ДДУ зарегистрирован
59680,16-05-2025,ДДУ зарегистрирован
59680,05-05-2025,ДДУ зарегистрирован
59680,25-04-2025,ДДУ зарегистрирован
59680,25-04-2025,ДДУ зарегистрирован
59680,23-04-2025,ДДУ зарегистрирован
59680,09-04-2025,ДДУ зарегистрирован
59680,08-04-2025,ДДУ зарегистрирован
59680,07-04-2025,ДДУ зарегистрирован
59680,07-04-2025,ДДУ зарегистрирован
59680,01-04-2025,ДДУ зарегистрирован
59680,31-03-2025,ДДУ зарегистрирован
59680,03-03-2025,ДДУ зарегистрирован
59680,04-02-2025,ДДУ зарегистрирован
59680,09-01-2025,ДДУ зарегистрирован
59680,24-12-2024,ДДУ зарегистрирован
59680,02-12-2024,ДДУ зарегистрирован
59680,01-11-2024,ДДУ зарегистрирован
59680,25-10-2024,ДДУ зарегистрирован
59680,01-10-2024,ДДУ зарегистрирован
59680,11-09-2024,ДДУ зарегистрирован
59680,15-08-2024,ДДУ зарегистрирован
59680,13-08-2024,ДДУ зарегистрирован
59680,01-08-2024,ДДУ зарегистрирован
59680,08-07-2024,ДДУ зарегистрирован
59680,08-07-2024,Размещена
59680,05-07-2024,Размещена
59680,04-07-2024,Размещена
59680,03-06-2024,Размещена
59680,23-05-2024,Размещена
59895,01-09-2026,ДДУ зарегистрирован
59895,04-08-2026,ДДУ зарегистрирован
59895,04-08-2026,ДДУ зарегистрирован
59895,03-08-2026,ДДУ зарегистрирован
59895,03-08-2026,ДДУ зарегистрирован
59895,28-07-2026,ДДУ зарегистрирован
59895,01-07-2026,ДДУ зарегистрирован
59895,01-06-2026,ДДУ зарегистрирован
59895,04-05-2026,ДДУ зарегистрирован
59895,27-04-2026,ДДУ зарегистрирован
59895,03-04-2026,ДДУ зарегистрирован
59895,27-03-2026,ДДУ зарегистрирован
59895,26-03-2026,ДДУ зарегистрирован
59895,05-03-2026,ДДУ зарегистрирован
59895,03-03-2026,ДДУ зарегистрирован
59895,13-02-2026,ДДУ зарегистрирован
59895,02-02-2026,ДДУ зарегистрирован
59895,09-01-2026,ДДУ зарегистрирован
59895,01-12-2025,ДДУ зарегистрирован
59895,05-11-2025,ДДУ зарегистрирован
59895,27-10-2025,ДДУ зарегистрирован
59895,01-10-2025,ДДУ зарегистрирован
59895,02-09-2025,ДДУ зарегистрирован
59895,29-08-2025,ДДУ зарегистрирован
59895,29-08-2025,ДДУ зарегистрирован
59895,22-08-2025,ДДУ зарегистрирован
59895,01-08-2025,ДДУ зарегистрирован
59895,30-07-2025,ДДУ зарегистрирован
59895,10-07-2025,ДДУ зарегистрирован
59895,02-07-2025,ДДУ зарегистрирован
59895,03-06-2025,ДДУ зарегистрирован
59895,06-05-2025,ДДУ зарегистрирован
59895,30-04-2025,ДДУ зарегистрирован
59895,30-04-2025,ДДУ зарегистрирован
59895,28-04-2025,ДДУ зарегистрирован
59895,03-04-2025,ДДУ зарегистрирован
59895,18-03-2025,ДДУ зарегистрирован
59895,03-03-2025,ДДУ зарегистрирован
59895,03-02-2025,ДДУ зарегистрирован
59895,09-01-2025,ДДУ зарегистрирован
59895,02-12-2024,ДДУ зарегистрирован
59895,02-11-2024,ДДУ зарегистрирован
59895,28-10-2024,ДДУ зарегистрирован
59895,01-10-2024,ДДУ зарегистрирован
59895,02-09-2024,ДДУ зарегистрирован
59895,22-08-2024,ДДУ зарегистрирован
59895,05-08-2024,ДДУ зарегистрирован
59895,05-08-2024,ДДУ зарегистрирован
59895,31-07-2024,ДДУ зарегистрирован
59895,26-07-2024,ДДУ зарегистрирован
59895,18-07-2024,ДДУ зарегистрирован
59895,03-07-2024,ДДУ зарегистрирован
59895,07-06-2024,ДДУ зарегистрирован
59895,03-06-2024,Размещена
59895,31-05-2024,Размещена
59947,07-09-2026,ДДУ зарегистрирован
59947,27-08-2026,ДДУ зарегистрирован
59947,10-08-2026,ДДУ зарегистрирован
59947,29-07-2026,ДДУ зарегистрирован
59947,10-07-2026,ДДУ зарегистрирован
59947,10-06-2026,ДДУ зарегистрирован
59947,05-05-2026,ДДУ зарегистрирован
59947,30-04-2026,ДДУ зарегистрирован
59947,29-04-2026,ДДУ зарегистрирован
59947,10-04-2026,ДДУ зарегистрирован
59947,30-03-2026,ДДУ зарегистрирован
59947,10-03-2026,ДДУ зарегистрирован
59947,04-02-2026,ДДУ зарегистрирован
59947,12-01-2026,ДДУ зарегистрирован
59947,09-12-2025,ДДУ зарегистрирован
59947,10-11-2025,ДДУ зарегистрирован
59947,24-10-2025,ДДУ зарегистрирован
59947,09-10-2025,ДДУ зарегистрирован
59947,08-09-2025,ДДУ зарегистрирован
59947,08-08-2025,ДДУ зарегистрирован
59947,29-07-2025,ДДУ зарегистрирован
59947,04-07-2025,ДДУ зарегистрирован
59947,05-06-2025,ДДУ зарегистрирован
59947,05-05-2025,ДДУ зарегистрирован
59947,29-04-2025,ДДУ зарегистрирован
59947,08-04-2025,ДДУ зарегистрирован
59947,28-03-2025,ДДУ зарегистрирован
59947,17-03-2025,ДДУ зарегистрирован
59947,10-03-2025,ДДУ зарегистрирован
59947,10-03-2025,ДДУ зарегистрирован
59947,04-02-2025,ДДУ зарегистрирован
59947,10-01-2025,ДДУ зарегистрирован
59947,09-12-2024,ДДУ зарегистрирован
59947,08-11-2024,ДДУ зарегистрирован
59947,08-11-2024,ДДУ зарегистрирован
59947,28-10-2024,ДДУ зарегистрирован
59947,04-10-2024,ДДУ зарегистрирован
59947,24-09-2024,ДДУ зарегистрирован
59947,09-09-2024,ДДУ зарегистрирован
59947,26-08-2024,ДДУ зарегистрирован
59947,14-08-2024,ДДУ зарегистрирован
59947,09-08-2024,ДДУ зарегистрирован
59947,30-07-2024,ДДУ зарегистрирован
59947,25-07-2024,ДДУ зарегистрирован
59947,10-07-2024,ДДУ зарегистрирован
59947,08-07-2024,ДДУ зарегистрирован
59947,21-06-2024,ДДУ зарегистрирован
59947,04-06-2024,Размещена
60002,08-09-2026,ДДУ зарегистрирован
60002,08-09-2026,ДДУ зарегистрирован
60002,13-08-2026,ДДУ зарегистрирован
60002,07-08-2026,ДДУ зарегистрирован
60002,04-08-2026,ДДУ зарегистрирован
60002,29-07-2026,ДДУ зарегистрирован
60002,29-07-2026,ДДУ зарегистрирован
60002,08-07-2026,ДДУ зарегистрирован
60002,17-06-2026,ДДУ зарегистрирован
60002,09-06-2026,ДДУ зарегистрирован
60002,08-05-2026,ДДУ зарегистрирован
60002,08-05-2026,ДДУ зарегистрирован
60002,29-04-2026,ДДУ зарегистрирован
60002,27-04-2026,ДДУ зарегистрирован
60002,09-04-2026,ДДУ зарегистрирован
60002,09-04-2026,ДДУ зарегистрирован
60002,08-04-2026,ДДУ зарегистрирован
60002,12-03-2026,ДДУ зарегистрирован
60002,06-03-2026,ДДУ зарегистрирован
60002,06-02-2026,ДДУ зарегистрирован
60002,13-01-2026,ДДУ зарегистрирован
60002,09-12-2025,ДДУ зарегистрирован
60002,10-11-2025,ДДУ зарегистрирован
60002,15-10-2025,ДДУ зарегистрирован
60002,06-10-2025,ДДУ зарегистрирован
60002,26-09-2025,ДДУ зарегистрирован
60002,09-09-2025,ДДУ зарегистрирован
60002,08-09-2025,ДДУ зарегистрирован
60002,08-09-2025,ДДУ зарегистрирован
60002,08-09-2025,ДДУ зарегистрирован
60002,01-09-2025,ДДУ зарегистрирован
60002,05-08-2025,ДДУ зарегистрирован
60002,30-07-2025,ДДУ зарегистрирован
60002,04-07-2025,ДДУ зарегистрирован
60002,25-06-2025,ДДУ зарегистрирован
60002,05-06-2025,ДДУ зарегистрирован
60002,13-05-2025,ДДУ зарегистрирован
60002,05-05-2025,ДДУ зарегистрирован
60002,29-04-2025,ДДУ зарегистрирован
60002,21-04-2025,ДДУ зарегистрирован
60002,11-04-2025,ДДУ зарегистрирован
60002,09-04-2025,ДДУ зарегистрирован
60002,09-04-2025,ДДУ зарегистрирован
60002,12-03-2025,ДДУ зарегистрирован
60002,06-03-2025,ДДУ зарегистрирован
60002,07-02-2025,ДДУ зарегистрирован
60002,09-01-2025,ДДУ зарегистрирован
60002,27-12-2024,ДДУ зарегистрирован
60002,11-12-2024,ДДУ зарегистрирован
60002,09-12-2024,ДДУ зарегистрирован
60002,09-12-2024,ДДУ зарегистрирован
60002,05-11-2024,ДДУ зарегистрирован
60002,17-10-2024,ДДУ зарегистрирован
60002,11-10-2024,ДДУ зарегистрирован
60002,09-10-2024,ДДУ зарегистрирован
60002,18-09-2024,ДДУ зарегистрирован
60002,05-09-2024,ДДУ зарегистрирован
60002,22-08-2024,ДДУ зарегистрирован
60002,22-08-2024,Размещена
60002,20-08-2024,Размещена
60002,19-08-2024,Размещена
60002,13-08-2024,Размещена
60002,06-08-2024,Размещена
60002,25-07-2024,Размещена
60002,10-06-2024,Размещена
60002,06-06-2024,Размещена
60002,06-06-2024,Размещена
60169,13-03-2026,ДДУ зарегистрирован
60169,01-08-2025,ДДУ зарегистрирован
60169,09-07-2025,ДДУ зарегистрирован
60169,02-07-2025,ДДУ зарегистрирован
60169,30-06-2025,ДДУ зарегистрирован
60169,26-06-2025,ДДУ зарегистрирован
60169,20-06-2025,ДДУ зарегистрирован
60169,19-06-2025,ДДУ зарегистрирован
60169,09-06-2025,ДДУ зарегистрирован
60169,05-06-2025,ДДУ зарегистрирован
60169,30-05-2025,ДДУ зарегистрирован
60169,28-05-2025,ДДУ зарегистрирован
60169,13-05-2025,ДДУ зарегистрирован
60169,07-05-2025,ДДУ зарегистрирован
60169,23-04-2025,ДДУ зарегистрирован
60169,08-04-2025,ДДУ зарегистрирован
60169,10-03-2025,ДДУ зарегистрирован
60169,07-03-2025,ДДУ зарегистрирован
60169,07-02-2025,ДДУ зарегистрирован
60169,09-01-2025,ДДУ зарегистрирован
60169,24-12-2024,ДДУ зарегистрирован
60169,09-12-2024,ДДУ зарегистрирован
60169,26-11-2024,ДДУ зарегистрирован
60169,25-11-2024,ДДУ зарегистрирован
60169,02-11-2024,ДДУ зарегистрирован
60169,17-10-2024,ДДУ зарегистрирован
60169,08-10-2024,ДДУ зарегистрирован
60169,11-09-2024,ДДУ зарегистрирован
60169,09-09-2024,ДДУ зарегистрирован
60169,08-08-2024,ДДУ зарегистрирован
60169,08-07-2024,ДДУ зарегистрирован
60169,10-06-2024,ДДУ зарегистрирован
60169,10-06-2024,ДДУ зарегистрирован
60411,10-09-2026,ДДУ зарегистрирован
60411,09-09-2026,ДДУ зарегистрирован
60411,03-09-2026,ДДУ зарегистрирован
60411,10-08-2026,ДДУ зарегистрирован
60411,07-08-2026,ДДУ зарегистрирован
60411,29-07-2026,ДДУ зарегистрирован
60411,28-07-2026,ДДУ зарегистрирован
60411,15-07-2026,ДДУ зарегистрирован
60411,09-07-2026,ДДУ зарегистрирован
60411,09-06-2026,ДДУ зарегистрирован
60411,09-06-2026,ДДУ зарегистрирован
60411,07-05-2026,ДДУ зарегистрирован
60411,29-04-2026,ДДУ зарегистрирован
60411,24-04-2026,ДДУ зарегистрирован
60411,10-04-2026,ДДУ зарегистрирован
60411,27-03-2026,ДДУ зарегистрирован
60411,06-03-2026,ДДУ зарегистрирован
60411,18-02-2026,ДДУ зарегистрирован
60411,09-02-2026,ДДУ зарегистрирован
60411,04-02-2026,ДДУ зарегистрирован
60411,03-02-2026,ДДУ зарегистрирован
60411,27-01-2026,ДДУ зарегистрирован
60411,27-01-2026,ДДУ зарегистрирован
60411,19-01-2026,ДДУ зарегистрирован
60411,15-01-2026,ДДУ зарегистрирован
60411,13-01-2026,ДДУ зарегистрирован
60411,08-01-2026,ДДУ зарегистрирован
60411,30-12-2025,ДДУ зарегистрирован
60411,24-12-2025,ДДУ зарегистрирован
60411,10-12-2025,ДДУ зарегистрирован
60411,08-12-2025,ДДУ зарегистрирован
60411,05-12-2025,ДДУ зарегистрирован
60411,10-11-2025,ДДУ зарегистрирован
60411,10-11-2025,ДДУ зарегистрирован
60411,07-11-2025,ДДУ зарегистрирован
60411,07-11-2025,ДДУ зарегистрирован
60411,29-10-2025,ДДУ зарегистрирован
60411,16-10-2025,ДДУ зарегистрирован
60411,10-10-2025,ДДУ зарегистрирован
60411,10-09-2025,ДДУ зарегистрирован
60411,09-09-2025,ДДУ зарегистрирован
60411,12-08-2025,ДДУ зарегистрирован
60411,11-08-2025,ДДУ зарегистрирован
60411,08-08-2025,ДДУ зарегистрирован
60411,08-08-2025,ДДУ зарегистрирован
60411,28-07-2025,ДДУ зарегистрирован
60411,21-07-2025,ДДУ зарегистрирован
60411,17-07-2025,ДДУ зарегистрирован
60411,10-07-2025,ДДУ зарегистрирован
60411,07-07-2025,ДДУ зарегистрирован
60411,03-07-2025,ДДУ зарегистрирован
60411,02-07-2025,ДДУ зарегистрирован
60411,11-06-2025,ДДУ зарегистрирован
60411,09-06-2025,ДДУ зарегистрирован
60411,07-05-2025,ДДУ зарегистрирован
60411,07-05-2025,ДДУ зарегистрирован
60411,29-04-2025,ДДУ зарегистрирован
60411,10-04-2025,ДДУ зарегистрирован
60411,09-04-2025,ДДУ зарегистрирован
60411,10-03-2025,ДДУ зарегистрирован
60411,07-03-2025,ДДУ зарегистрирован
60411,10-02-2025,ДДУ зарегистрирован
60411,05-02-2025,ДДУ зарегистрирован
60411,05-02-2025,ДДУ зарегистрирован
60411,04-02-2025,ДДУ зарегистрирован
60411,10-01-2025,ДДУ зарегистрирован
60411,10-01-2025,ДДУ зарегистрирован
60411,10-01-2025,ДДУ зарегистрирован
60411,10-12-2024,ДДУ зарегистрирован
60411,06-12-2024,ДДУ зарегистрирован
60411,11-11-2024,ДДУ зарегистрирован
60411,07-11-2024,ДДУ зарегистрирован
60411,29-10-2024,ДДУ зарегистрирован
60411,10-10-2024,ДДУ зарегистрирован
60411,09-10-2024,ДДУ зарегистрирован
60411,09-09-2024,ДДУ зарегистрирован
60411,26-08-2024,ДДУ зарегистрирован
60411,15-08-2024,ДДУ зарегистрирован
60411,13-08-2024,ДДУ зарегистрирован
60411,13-08-2024,ДДУ зарегистрирован
60411,12-08-2024,ДДУ зарегистрирован
60411,08-08-2024,ДДУ зарегистрирован
60411,30-07-2024,ДДУ зарегистрирован
60411,30-07-2024,ДДУ зарегистрирован
60411,15-07-2024,ДДУ зарегистрирован
60411,12-07-2024,ДДУ зарегистрирован
60411,12-07-2024,ДДУ зарегистрирован
60411,10-07-2024,ДДУ зарегистрирован
60411,05-07-2024,ДДУ зарегистрирован
60411,17-06-2024,ДДУ зарегистрирован
60473,24-09-2026,ДДУ зарегистрирован
60473,09-09-2026,ДДУ зарегистрирован
60473,04-08-2026,ДДУ зарегистрирован
60473,30-07-2026,ДДУ зарегистрирован
60473,03-07-2026,ДДУ зарегистрирован
60473,01-06-2026,ДДУ зарегистрирован
60473,07-05-2026,ДДУ зарегистрирован
60473,05-05-2026,ДДУ зарегистрирован
60473,29-04-2026,ДДУ зарегистрирован
60473,08-04-2026,ДДУ зарегистрирован
60473,30-03-2026,ДДУ зарегистрирован
60473,03-03-2026,ДДУ зарегистрирован
60473,04-02-2026,ДДУ зарегистрирован
60473,08-01-2026,ДДУ зарегистрирован
60473,08-12-2025,ДДУ зарегистрирован
60473,28-11-2025,ДДУ зарегистрирован
60473,10-11-2025,ДДУ зарегистрирован
60473,30-10-2025,ДДУ зарегистрирован
60473,07-10-2025,ДДУ зарегистрирован
60473,15-09-2025,ДДУ зарегистрирован
60473,12-09-2025,ДДУ зарегистрирован
60473,06-08-2025,ДДУ зарегистрирован
60473,29-07-2025,ДДУ зарегистрирован
60473,07-07-2025,ДДУ зарегистрирован
60473,20-06-2025,ДДУ зарегистрирован
60473,19-06-2025,ДДУ зарегистрирован
60473,05-06-2025,ДДУ зарегистрирован
60473,05-05-2025,ДДУ зарегистрирован
60473,08-04-2025,ДДУ зарегистрирован
60473,07-03-2025,ДДУ зарегистрирован
60473,20-02-2025,ДДУ зарегистрирован
60473,07-02-2025,ДДУ зарегистрирован
60473,17-01-2025,ДДУ зарегистрирован
60473,09-01-2025,ДДУ зарегистрирован
60473,02-12-2024,ДДУ зарегистрирован
60473,02-12-2024,ДДУ зарегистрирован
60473,08-11-2024,ДДУ зарегистрирован
60473,02-10-2024,ДДУ зарегистрирован
60473,19-09-2024,ДДУ зарегистрирован
60473,10-09-2024,ДДУ зарегистрирован
60473,08-08-2024,ДДУ зарегистрирован
60473,09-07-2024,ДДУ зарегистрирован
60473,27-06-2024,Размещена
60473,21-06-2024,Размещена
60473,20-06-2024,Размещена
60473,19-06-2024,Размещена
60753,07-09-2026,ДДУ зарегистрирован
60753,24-08-2026,ДДУ зарегистрирован
60753,06-08-2026,ДДУ зарегистрирован
60753,29-07-2026,ДДУ зарегистрирован
60753,10-07-2026,ДДУ зарегистрирован
60753,05-06-2026,ДДУ зарегистрирован
60753,05-05-2026,ДДУ зарегистрирован
60753,29-04-2026,ДДУ зарегистрирован
60753,29-04-2026,ДДУ зарегистрирован
60753,29-04-2026,ДДУ зарегистрирован
60753,06-04-2026,ДДУ зарегистрирован
60753,11-03-2026,ДДУ зарегистрирован
60753,19-02-2026,ДДУ зарегистрирован
60753,04-02-2026,ДДУ зарегистрирован
60753,12-01-2026,ДДУ зарегистрирован
60753,03-12-2025,ДДУ зарегистрирован
60753,14-11-2025,ДДУ зарегистрирован
60753,07-11-2025,ДДУ зарегистрирован
60753,30-10-2025,ДДУ зарегистрирован
60753,03-10-2025,ДДУ зарегистрирован
60753,10-09-2025,ДДУ зарегистрирован
60753,06-08-2025,ДДУ зарегистрирован
60753,28-07-2025,ДДУ зарегистрирован
60753,07-07-2025,ДДУ зарегистрирован
60753,09-06-2025,ДДУ зарегистрирован
60753,07-05-2025,ДДУ зарегистрирован
60753,30-04-2025,ДДУ зарегистрирован
60753,24-04-2025,ДДУ зарегистрирован
60753,04-04-2025,ДДУ зарегистрирован
60753,20-03-2025,ДДУ зарегистрирован
60753,06-03-2025,ДДУ зарегистрирован
60753,03-03-2025,ДДУ зарегистрирован
60753,07-02-2025,ДДУ зарегистрирован
60753,09-01-2025,ДДУ зарегистрирован
60753,05-12-2024,ДДУ зарегистрирован
60753,08-11-2024,ДДУ зарегистрирован
60753,01-11-2024,ДДУ зарегистрирован
60753,01-11-2024,ДДУ зарегистрирован
60753,30-10-2024,ДДУ зарегистрирован
60753,29-10-2024,ДДУ зарегистрирован
60753,03-10-2024,ДДУ зарегистрирован
60753,16-09-2024,ДДУ зарегистрирован
60753,16-09-2024,ДДУ зарегистрирован
60753,16-09-2024,ДДУ зарегистрирован
60753,09-09-2024,ДДУ зарегистрирован
60753,19-08-2024,ДДУ зарегистрирован
60753,31-07-2024,ДДУ зарегистрирован
60753,24-07-2024,Размещена
60753,08-07-2024,Размещена
60928,23-09-2026,Размещена
60928,02-09-2026,Размещена
60928,03-08-2026,Размещена
60928,29-07-2026,Размещена
60928,02-07-2026,Размещена
60928,01-07-2026,Размещена
60928,29-06-2026,Размещена
60928,01-06-2026,Размещена
60928,13-05-2026,Размещена
60928,13-05-2026,Размещена
60928,13-05-2026,Размещена
60928,04-05-2026,Размещена
60928,24-04-2026,Размещена
60928,06-04-2026,Размещена
60928,02-04-2026,Размещена
60928,16-03-2026,Размещена
60928,11-03-2026,Размещена
60928,11-03-2026,Размещена
60928,10-03-2026,Размещена
60928,04-03-2026,Размещена
60928,04-03-2026,Размещена
60928,02-02-2026,Размещена
60928,05-01-2026,Размещена
60928,24-12-2025,Размещена
60928,01-12-2025,Размещена
60928,12-11-2025,Размещена
60928,01-11-2025,Размещена
60928,29-10-2025,Размещена
60928,01-10-2025,Размещена
60928,01-09-2025,Размещена
60928,22-08-2025,Размещена
60928,21-08-2025,Размещена
60928,18-08-2025,Размещена
60928,15-08-2025,Размещена
60928,04-08-2025,Размещена
60928,30-07-2025,Размещена
60928,01-07-2025,Размещена
60928,26-06-2025,Размещена
60928,09-06-2025,Размещена
60928,09-06-2025,Размещена
60928,06-06-2025,Размещена
60928,05-05-2025,Размещена
60928,25-04-2025,Размещена
60928,25-04-2025,Размещена
60928,23-04-2025,Размещена
60928,22-04-2025,Размещена
60928,17-04-2025,Размещена
60928,17-04-2025,Размещена
60928,01-04-2025,Размещена
60928,31-03-2025,Размещена
60928,04-03-2025,Размещена
60928,03-03-2025,Размещена
60928,12-02-2025,Размещена
60928,11-02-2025,Размещена
60928,10-02-2025,Размещена
60928,04-02-2025,Размещена
60928,15-01-2025,Размещена
60928,09-01-2025,Размещена
60928,02-12-2024,Размещена
60928,25-10-2024,Размещена
60928,20-09-2024,Размещена
60928,01-08-2024,Размещена
60928,16-07-2024,Размещена
60929,23-09-2026,Размещена
60929,02-09-2026,Размещена
60929,03-08-2026,Размещена
60929,29-07-2026,Размещена
60929,02-07-2026,Размещена
60929,01-07-2026,Размещена
60929,29-06-2026,Размещена
60929,01-06-2026,Размещена
60929,13-05-2026,Размещена
60929,13-05-2026,Размещена
60929,13-05-2026,Размещена
60929,04-05-2026,Размещена
60929,24-04-2026,Размещена
60929,06-04-2026,Размещена
60929,02-04-2026,Размещена
60929,16-03-2026,Размещена
60929,11-03-2026,Размещена
60929,11-03-2026,Размещена
60929,10-03-2026,Размещена
60929,04-03-2026,Размещена
60929,04-03-2026,Размещена
60929,02-02-2026,Размещена
60929,05-01-2026,Размещена
60929,24-12-2025,Размещена
60929,01-12-2025,Размещена
60929,12-11-2025,Размещена
60929,01-11-2025,Размещена
60929,29-10-2025,Размещена
60929,01-10-2025,Размещена
60929,01-09-2025,Размещена
60929,22-08-2025,Размещена
60929,21-08-2025,Размещена
60929,18-08-2025,Размещена
60929,15-08-2025,Размещена
60929,04-08-2025,Размещена
60929,30-07-2025,Размещена
60929,01-07-2025,Размещена
60929,26-06-2025,Размещена
60929,09-06-2025,Размещена
60929,09-06-2025,Размещена
60929,06-06-2025,Размещена
60929,05-05-2025,Размещена
60929,25-04-2025,Размещена
60929,25-04-2025,Размещена
60929,23-04-2025,Размещена
60929,22-04-2025,Размещена
60929,17-04-2025,Размещена
60929,17-04-2025,Размещена
60929,01-04-2025,Размещена
60929,31-03-2025,Размещена
60929,04-03-2025,Размещена
60929,03-03-2025,Размещена
60929,12-02-2025,Размещена
60929,11-02-2025,Размещена
60929,10-02-2025,Размещена
60929,04-02-2025,Размещена
60929,15-01-2025,Размещена
60929,09-01-2025,Размещена
60929,02-12-2024,Размещена
60929,25-10-2024,Размещена
60929,20-09-2024,Размещена
60929,01-08-2024,Размещена
60929,16-07-2024,Размещена
60930,23-09-2026,Размещена
60930,02-09-2026,Размещена
60930,03-08-2026,Размещена
60930,29-07-2026,Размещена
60930,02-07-2026,Размещена
60930,01-07-2026,Размещена
60930,29-06-2026,Размещена
60930,01-06-2026,Размещена
60930,13-05-2026,Размещена
60930,13-05-2026,Размещена
60930,13-05-2026,Размещена
60930,04-05-2026,Размещена
60930,24-04-2026,Размещена
60930,06-04-2026,Размещена
60930,02-04-2026,Размещена
60930,16-03-2026,Размещена
60930,11-03-2026,Размещена
60930,11-03-2026,Размещена
60930,10-03-2026,Размещена
60930,04-03-2026,Размещена
60930,04-03-2026,Размещена
60930,02-02-2026,Размещена
60930,05-01-2026,Размещена
60930,24-12-2025,Размещена
60930,01-12-2025,Размещена
60930,12-11-2025,Размещена
60930,01-11-2025,Размещена
60930,29-10-2025,Размещена
60930,01-10-2025,Размещена
60930,01-09-2025,Размещена
60930,22-08-2025,Размещена
60930,21-08-2025,Размещена
60930,18-08-2025,Размещена
60930,15-08-2025,Размещена
60930,04-08-2025,Размещена
60930,30-07-2025,Размещена
60930,01-07-2025,Размещена
60930,26-06-2025,Размещена
60930,09-06-2025,Размещена
60930,09-06-2025,Размещена
60930,06-06-2025,Размещена
60930,05-05-2025,Размещена
60930,25-04-2025,Размещена
60930,25-04-2025,Размещена
60930,23-04-2025,Размещена
60930,22-04-2025,Размещена
60930,17-04-2025,Размещена
60930,17-04-2025,Размещена
60930,01-04-2025,Размещена
60930,31-03-2025,Размещена
60930,04-03-2025,Размещена
60930,03-03-2025,Размещена
60930,12-02-2025,Размещена
60930,11-02-2025,Размещена
60930,10-02-2025,Размещена
60930,04-02-2025,Размещена
60930,15-01-2025,Размещена
60930,09-01-2025,Размещена
60930,02-12-2024,Размещена
60930,25-10-2024,Размещена
60930,20-09-2024,Размещена
60930,01-08-2024,Размещена
60930,16-07-2024,Размещена
60931,23-09-2026,Размещена
60931,02-09-2026,Размещена
60931,03-08-2026,Размещена
60931,29-07-2026,Размещена
60931,02-07-2026,Размещена
60931,01-07-2026,Размещена
60931,29-06-2026,Размещена
60931,01-06-2026,Размещена
60931,13-05-2026,Размещена
60931,13-05-2026,Размещена
60931,13-05-2026,Размещена
60931,04-05-2026,Размещена
60931,24-04-2026,Размещена
60931,06-04-2026,Размещена
60931,02-04-2026,Размещена
60931,16-03-2026,Размещена
60931,11-03-2026,Размещена
60931,11-03-2026,Размещена
60931,10-03-2026,Размещена
60931,04-03-2026,Размещена
60931,04-03-2026,Размещена
60931,02-02-2026,Размещена
60931,05-01-2026,Размещена
60931,24-12-2025,Размещена
60931,01-12-2025,Размещена
60931,12-11-2025,Размещена
60931,01-11-2025,Размещена
60931,29-10-2025,Размещена
60931,01-10-2025,Размещена
60931,01-09-2025,Размещена
60931,22-08-2025,Размещена
60931,21-08-2025,Размещена
60931,18-08-2025,Размещена
60931,15-08-2025,Размещена
60931,04-08-2025,Размещена
60931,30-07-2025,Размещена
60931,01-07-2025,Размещена
60931,26-06-2025,Размещена
60931,09-06-2025,Размещена
60931,09-06-2025,Размещена
60931,06-06-2025,Размещена
60931,05-05-2025,Размещена
60931,25-04-2025,Размещена
60931,25-04-2025,Размещена
60931,23-04-2025,Размещена
60931,22-04-2025,Размещена
60931,17-04-2025,Размещена
60931,17-04-2025,Размещена
60931,01-04-2025,Размещена
60931,31-03-2025,Размещена
60931,04-03-2025,Размещена
60931,03-03-2025,Размещена
60931,12-02-2025,Размещена
60931,11-02-2025,Размещена
60931,10-02-2025,Размещена
60931,04-02-2025,Размещена
60931,15-01-2025,Размещена
60931,09-01-2025,Размещена
60931,02-12-2024,Размещена
60931,25-10-2024,Размещена
60931,20-09-2024,Размещена
60931,01-08-2024,Размещена
60931,16-07-2024,Размещена
61331,04-09-2026,ДДУ зарегистрирован
61331,13-08-2026,ДДУ зарегистрирован
61331,06-08-2026,ДДУ зарегистрирован
61331,07-07-2026,ДДУ зарегистрирован
61331,08-06-2026,ДДУ зарегистрирован
61331,07-05-2026,ДДУ зарегистрирован
61331,07-04-2026,ДДУ зарегистрирован
61331,03-03-2026,ДДУ зарегистрирован
61331,06-02-2026,ДДУ зарегистрирован
61331,08-01-2026,ДДУ зарегистрирован
61331,05-12-2025,ДДУ зарегистрирован
61331,07-11-2025,ДДУ зарегистрирован
61331,06-10-2025,ДДУ зарегистрирован
61331,03-09-2025,ДДУ зарегистрирован
61331,27-08-2025,ДДУ зарегистрирован
61331,06-08-2025,ДДУ зарегистрирован
61331,16-07-2025,ДДУ зарегистрирован
61331,03-07-2025,ДДУ зарегистрирован
61331,05-06-2025,ДДУ зарегистрирован
61331,06-05-2025,ДДУ зарегистрирован
61331,03-04-2025,ДДУ зарегистрирован
61331,06-03-2025,ДДУ зарегистрирован
61331,03-02-2025,ДДУ зарегистрирован
61331,09-01-2025,ДДУ зарегистрирован
61331,18-12-2024,ДДУ зарегистрирован
61331,05-12-2024,ДДУ зарегистрирован
61331,21-11-2024,ДДУ зарегистрирован
61331,08-11-2024,ДДУ зарегистрирован
61331,03-10-2024,ДДУ зарегистрирован
61331,09-09-2024,ДДУ зарегистрирован
61331,06-08-2024,Размещена
61427,16-12-2025,ДДУ зарегистрирован
61427,01-12-2025,ДДУ зарегистрирован
61427,28-11-2025,ДДУ зарегистрирован
61427,01-11-2025,ДДУ зарегистрирован
61427,30-10-2025,ДДУ зарегистрирован
61427,01-10-2025,ДДУ зарегистрирован
61427,01-09-2025,ДДУ зарегистрирован
61427,20-08-2025,ДДУ зарегистрирован
61427,04-08-2025,ДДУ зарегистрирован
61427,30-07-2025,ДДУ зарегистрирован
61427,03-07-2025,ДДУ зарегистрирован
61427,03-07-2025,ДДУ зарегистрирован
61427,03-07-2025,ДДУ зарегистрирован
61427,01-07-2025,ДДУ зарегистрирован
61427,02-06-2025,ДДУ зарегистрирован
61427,05-05-2025,ДДУ зарегистрирован
61427,28-04-2025,ДДУ зарегистрирован
61427,01-04-2025,ДДУ зарегистрирован
61427,03-03-2025,ДДУ зарегистрирован
61427,17-02-2025,ДДУ зарегистрирован
61427,14-02-2025,ДДУ зарегистрирован
61427,12-02-2025,ДДУ зарегистрирован
61427,11-02-2025,ДДУ зарегистрирован
61427,03-02-2025,ДДУ зарегистрирован
61427,09-01-2025,ДДУ зарегистрирован
61427,02-12-2024,ДДУ зарегистрирован
61427,08-11-2024,ДДУ зарегистрирован
61427,01-11-2024,ДДУ зарегистрирован
61427,25-10-2024,ДДУ зарегистрирован
61427,21-10-2024,ДДУ зарегистрирован
61427,14-10-2024,ДДУ зарегистрирован
61427,11-10-2024,ДДУ зарегистрирован
61427,25-09-2024,Размещена
61427,03-09-2024,Размещена
61427,12-08-2024,Размещена
61738,10-08-2026,ДДУ зарегистрирован
61738,05-08-2026,ДДУ зарегистрирован
61738,05-08-2026,ДДУ зарегистрирован
61738,06-07-2026,ДДУ зарегистрирован
61738,02-07-2026,ДДУ зарегистрирован
61738,22-06-2026,ДДУ зарегистрирован
61738,09-06-2026,ДДУ зарегистрирован
61738,08-05-2026,ДДУ зарегистрирован
61738,10-04-2026,ДДУ зарегистрирован
61738,19-03-2026,ДДУ зарегистрирован
61738,10-03-2026,ДДУ зарегистрирован
61738,10-02-2026,ДДУ зарегистрирован
61738,05-02-2026,ДДУ зарегистрирован
61738,05-02-2026,ДДУ зарегистрирован
61738,09-01-2026,ДДУ зарегистрирован
61738,30-12-2025,ДДУ зарегистрирован
61738,09-12-2025,ДДУ зарегистрирован
61738,27-11-2025,ДДУ зарегистрирован
61738,06-11-2025,ДДУ зарегистрирован
61738,27-10-2025,ДДУ зарегистрирован
61738,03-10-2025,ДДУ зарегистрирован
61738,29-09-2025,ДДУ зарегистрирован
61738,09-09-2025,ДДУ зарегистрирован
61738,08-08-2025,ДДУ зарегистрирован
61738,28-07-2025,ДДУ зарегистрирован
61738,09-07-2025,ДДУ зарегистрирован
61738,10-06-2025,ДДУ зарегистрирован
61738,07-05-2025,ДДУ зарегистрирован
61738,28-04-2025,ДДУ зарегистрирован
61738,09-04-2025,ДДУ зарегистрирован
61738,14-03-2025,ДДУ зарегистрирован
61738,10-03-2025,ДДУ зарегистрирован
61738,07-02-2025,ДДУ зарегистрирован
61738,10-01-2025,ДДУ зарегистрирован
61738,09-12-2024,ДДУ зарегистрирован
61738,25-11-2024,ДДУ зарегистрирован
61738,08-11-2024,ДДУ зарегистрирован
61738,08-11-2024,ДДУ зарегистрирован
61738,29-10-2024,ДДУ зарегистрирован
61738,07-10-2024,ДДУ зарегистрирован
61738,26-09-2024,ДДУ зарегистрирован
61738,12-09-2024,ДДУ зарегистрирован
61738,10-09-2024,ДДУ зарегистрирован
61738,28-08-2024,ДДУ зарегистрирован
61738,28-08-2024,Размещена
61922,07-09-2026,ДДУ зарегистрирован
61922,10-08-2026,ДДУ зарегистрирован
61922,30-07-2026,ДДУ зарегистрирован
61922,07-07-2026,ДДУ зарегистрирован
61922,30-06-2026,ДДУ зарегистрирован
61922,04-06-2026,ДДУ зарегистрирован
61922,08-05-2026,ДДУ зарегистрирован
61922,30-04-2026,ДДУ зарегистрирован
61922,08-04-2026,ДДУ зарегистрирован
61922,02-04-2026,ДДУ зарегистрирован
61922,06-03-2026,ДДУ зарегистрирован
61922,09-02-2026,ДДУ зарегистрирован
61922,29-01-2026,ДДУ зарегистрирован
61922,12-01-2026,ДДУ зарегистрирован
61922,10-12-2025,ДДУ зарегистрирован
61922,07-11-2025,ДДУ зарегистрирован
61922,31-10-2025,ДДУ зарегистрирован
61922,08-10-2025,ДДУ зарегистрирован
61922,09-09-2025,ДДУ зарегистрирован
61922,08-08-2025,ДДУ зарегистрирован
61922,30-07-2025,ДДУ зарегистрирован
61922,08-07-2025,ДДУ зарегистрирован
61922,09-06-2025,ДДУ зарегистрирован
61922,22-05-2025,ДДУ зарегистрирован
61922,07-05-2025,ДДУ зарегистрирован
61922,17-04-2025,ДДУ зарегистрирован
61922,09-04-2025,ДДУ зарегистрирован
61922,07-03-2025,ДДУ зарегистрирован
61922,10-02-2025,ДДУ зарегистрирован
61922,10-01-2025,ДДУ зарегистрирован
61922,10-12-2024,ДДУ зарегистрирован
61922,15-11-2024,ДДУ зарегистрирован
61922,08-11-2024,ДДУ зарегистрирован
61922,28-10-2024,ДДУ зарегистрирован
61922,25-10-2024,Размещена
61922,21-10-2024,Размещена
61922,08-10-2024,Размещена
61922,20-09-2024,Размещена
61922,05-09-2024,Размещена
61961,10-09-2026,ДДУ зарегистрирован
61961,10-08-2026,ДДУ зарегистрирован
61961,30-07-2026,ДДУ зарегистрирован
61961,09-07-2026,ДДУ зарегистрирован
61961,07-07-2026,ДДУ зарегистрирован
61961,06-07-2026,ДДУ зарегистрирован
61961,06-07-2026,ДДУ зарегистрирован
61961,15-06-2026,ДДУ зарегистрирован
61961,09-06-2026,ДДУ зарегистрирован
61961,21-05-2026,ДДУ зарегистрирован
61961,07-05-2026,ДДУ зарегистрирован
61961,30-04-2026,ДДУ зарегистрирован
61961,10-04-2026,ДДУ зарегистрирован
61961,30-03-2026,ДДУ зарегистрирован
61961,05-03-2026,ДДУ зарегистрирован
61961,25-02-2026,ДДУ зарегистрирован
61961,10-02-2026,ДДУ зарегистрирован
61961,14-01-2026,ДДУ зарегистрирован
61961,13-01-2026,ДДУ зарегистрирован
61961,12-01-2026,ДДУ зарегистрирован
61961,09-01-2026,ДДУ зарегистрирован
61961,09-12-2025,ДДУ зарегистрирован
61961,13-11-2025,ДДУ зарегистрирован
61961,10-11-2025,ДДУ зарегистрирован
61961,30-10-2025,ДДУ зарегистрирован
61961,30-10-2025,ДДУ зарегистрирован
61961,10-10-2025,ДДУ зарегистрирован
61961,03-10-2025,ДДУ зарегистрирован
61961,03-10-2025,ДДУ зарегистрирован
61961,09-09-2025,ДДУ зарегистрирован
61961,18-08-2025,ДДУ зарегистрирован
61961,08-08-2025,ДДУ зарегистрирован
61961,30-07-2025,ДДУ зарегистрирован
61961,09-07-2025,ДДУ зарегистрирован
61961,09-06-2025,ДДУ зарегистрирован
61961,07-05-2025,ДДУ зарегистрирован
61961,30-04-2025,ДДУ зарегистрирован
61961,09-04-2025,ДДУ зарегистрирован
61961,21-03-2025,ДДУ зарегистрирован
61961,10-03-2025,ДДУ зарегистрирован
61961,14-02-2025,ДДУ зарегистрирован
61961,07-02-2025,ДДУ зарегистрирован
61961,30-01-2025,ДДУ зарегистрирован
61961,10-01-2025,ДДУ зарегистрирован
61961,09-12-2024,ДДУ зарегистрирован
61961,08-11-2024,ДДУ зарегистрирован
61961,30-10-2024,ДДУ зарегистрирован
61961,09-10-2024,ДДУ зарегистрирован
61961,17-09-2024,Размещена
61961,10-09-2024,Размещена
61961,09-09-2024,Размещена
61961,06-09-2024,Размещена
61962,10-09-2026,ДДУ зарегистрирован
61962,10-08-2026,ДДУ зарегистрирован
61962,30-07-2026,ДДУ зарегистрирован
61962,09-07-2026,ДДУ зарегистрирован
61962,07-07-2026,ДДУ зарегистрирован
61962,06-07-2026,ДДУ зарегистрирован
61962,06-07-2026,ДДУ зарегистрирован
61962,15-06-2026,ДДУ зарегистрирован
61962,09-06-2026,ДДУ зарегистрирован
61962,21-05-2026,ДДУ зарегистрирован
61962,07-05-2026,ДДУ зарегистрирован
61962,30-04-2026,ДДУ зарегистрирован
61962,10-04-2026,ДДУ зарегистрирован
61962,30-03-2026,ДДУ зарегистрирован
61962,05-03-2026,ДДУ зарегистрирован
61962,25-02-2026,ДДУ зарегистрирован
61962,10-02-2026,ДДУ зарегистрирован
61962,14-01-2026,ДДУ зарегистрирован
61962,13-01-2026,ДДУ зарегистрирован
61962,12-01-2026,ДДУ зарегистрирован
61962,09-01-2026,ДДУ зарегистрирован
61962,09-12-2025,ДДУ зарегистрирован
61962,13-11-2025,ДДУ зарегистрирован
61962,10-11-2025,ДДУ зарегистрирован
61962,30-10-2025,ДДУ зарегистрирован
61962,30-10-2025,ДДУ зарегистрирован
61962,10-10-2025,ДДУ зарегистрирован
61962,03-10-2025,ДДУ зарегистрирован
61962,03-10-2025,ДДУ зарегистрирован
61962,09-09-2025,ДДУ зарегистрирован
61962,18-08-2025,ДДУ зарегистрирован
61962,08-08-2025,ДДУ зарегистрирован
61962,30-07-2025,ДДУ зарегистрирован
61962,09-07-2025,ДДУ зарегистрирован
61962,09-06-2025,ДДУ зарегистрирован
61962,07-05-2025,ДДУ зарегистрирован
61962,30-04-2025,ДДУ зарегистрирован
61962,09-04-2025,ДДУ зарегистрирован
61962,21-03-2025,ДДУ зарегистрирован
61962,10-03-2025,ДДУ зарегистрирован
61962,14-02-2025,ДДУ зарегистрирован
61962,07-02-2025,ДДУ зарегистрирован
61962,30-01-2025,ДДУ зарегистрирован
61962,10-01-2025,ДДУ зарегистрирован
61962,09-12-2024,ДДУ зарегистрирован
61962,08-11-2024,ДДУ зарегистрирован
61962,30-10-2024,ДДУ зарегистрирован
61962,09-10-2024,ДДУ зарегистрирован
61962,17-09-2024,Размещена
61962,10-09-2024,Размещена
61962,09-09-2024,Размещена
61962,06-09-2024,Размещена
61986,24-09-2026,ДДУ зарегистрирован
61986,09-09-2026,ДДУ зарегистрирован
61986,26-08-2026,ДДУ зарегистрирован
61986,06-08-2026,ДДУ зарегистрирован
61986,28-07-2026,ДДУ зарегистрирован
61986,03-07-2026,ДДУ зарегистрирован
61986,30-06-2026,ДДУ зарегистрирован
61986,01-06-2026,ДДУ зарегистрирован
61986,08-05-2026,ДДУ зарегистрирован
61986,28-04-2026,ДДУ зарегистрирован
61986,08-04-2026,ДДУ зарегистрирован
61986,30-03-2026,ДДУ зарегистрирован
61986,03-03-2026,ДДУ зарегистрирован
61986,06-02-2026,ДДУ зарегистрирован
61986,08-01-2026,ДДУ зарегистрирован
61986,08-12-2025,ДДУ зарегистрирован
61986,05-11-2025,ДДУ зарегистрирован
61986,28-10-2025,ДДУ зарегистрирован
61986,06-10-2025,ДДУ зарегистрирован
61986,05-09-2025,ДДУ зарегистрирован
61986,07-08-2025,ДДУ зарегистрирован
61986,18-07-2025,ДДУ зарегистрирован
61986,02-07-2025,ДДУ зарегистрирован
61986,03-06-2025,ДДУ зарегистрирован
61986,05-05-2025,ДДУ зарегистрирован
61986,18-04-2025,ДДУ зарегистрирован
61986,07-04-2025,ДДУ зарегистрирован
61986,07-03-2025,ДДУ зарегистрирован
61986,07-02-2025,ДДУ зарегистрирован
61986,10-01-2025,ДДУ зарегистрирован
61986,02-12-2024,ДДУ зарегистрирован
61986,07-11-2024,ДДУ зарегистрирован
61986,07-10-2024,ДДУ зарегистрирован
61986,09-09-2024,Размещена
62343,09-09-2026,ДДУ зарегистрирован
62343,21-08-2026,ДДУ зарегистрирован
62343,10-08-2026,ДДУ зарегистрирован
62343,06-07-2026,ДДУ зарегистрирован
62343,09-06-2026,ДДУ зарегистрирован
62343,08-05-2026,ДДУ зарегистрирован
62343,15-04-2026,ДДУ зарегистрирован
62343,10-04-2026,ДДУ зарегистрирован
62343,20-03-2026,ДДУ зарегистрирован
62343,10-03-2026,ДДУ зарегистрирован
62343,09-02-2026,ДДУ зарегистрирован
62343,09-01-2026,ДДУ зарегистрирован
62343,16-12-2025,ДДУ зарегистрирован
62343,09-12-2025,ДДУ зарегистрирован
62343,06-11-2025,ДДУ зарегистрирован
62343,22-10-2025,ДДУ зарегистрирован
62343,03-10-2025,ДДУ зарегистрирован
62343,09-09-2025,ДДУ зарегистрирован
62343,08-08-2025,ДДУ зарегистрирован
62343,28-07-2025,ДДУ зарегистрирован
62343,09-07-2025,ДДУ зарегистрирован
62343,10-06-2025,ДДУ зарегистрирован
62343,15-05-2025,ДДУ зарегистрирован
62343,15-05-2025,ДДУ зарегистрирован
62343,14-05-2025,ДДУ зарегистрирован
62343,07-05-2025,ДДУ зарегистрирован
62343,28-04-2025,ДДУ зарегистрирован
62343,08-04-2025,ДДУ зарегистрирован
62343,27-03-2025,ДДУ зарегистрирован
62343,19-03-2025,ДДУ зарегистрирован
62343,07-03-2025,ДДУ зарегистрирован
62343,07-02-2025,ДДУ зарегистрирован
62343,10-01-2025,ДДУ зарегистрирован
62343,20-12-2024,ДДУ зарегистрирован
62343,20-12-2024,ДДУ зарегистрирован
62343,20-12-2024,ДДУ зарегистрирован
62343,16-12-2024,ДДУ зарегистрирован
62343,09-12-2024,ДДУ зарегистрирован
62343,09-12-2024,ДДУ зарегистрирован
62343,08-11-2024,ДДУ зарегистрирован
62343,29-10-2024,ДДУ зарегистрирован
62343,09-10-2024,ДДУ зарегистрирован
62343,03-10-2024,Размещена
62343,03-10-2024,Размещена
62343,03-10-2024,Размещена
62343,02-10-2024,Размещена
62343,28-09-2024,Размещена
62386,07-09-2026,ДДУ зарегистрирован
62386,10-08-2026,ДДУ зарегистрирован
62386,29-07-2026,ДДУ зарегистрирован
62386,10-07-2026,ДДУ зарегистрирован
62386,10-06-2026,ДДУ зарегистрирован
62386,05-05-2026,ДДУ зарегистрирован
62386,29-04-2026,ДДУ зарегистрирован
62386,10-04-2026,ДДУ зарегистрирован
62386,30-03-2026,ДДУ зарегистрирован
62386,10-03-2026,ДДУ зарегистрирован
62386,25-02-2026,ДДУ зарегистрирован
62386,04-02-2026,ДДУ зарегистрирован
62386,12-01-2026,ДДУ зарегистрирован
62386,09-12-2025,ДДУ зарегистрирован
62386,10-11-2025,ДДУ зарегистрирован
62386,24-10-2025,ДДУ зарегистрирован
62386,24-10-2025,ДДУ зарегистрирован
62386,09-10-2025,ДДУ зарегистрирован
62386,08-09-2025,ДДУ зарегистрирован
62386,08-08-2025,ДДУ зарегистрирован
62386,30-07-2025,ДДУ зарегистрирован
62386,04-07-2025,ДДУ зарегистрирован
62386,05-06-2025,ДДУ зарегистрирован
62386,05-05-2025,ДДУ зарегистрирован
62386,29-04-2025,ДДУ зарегистрирован
62386,08-04-2025,ДДУ зарегистрирован
62386,28-03-2025,ДДУ зарегистрирован
62386,10-03-2025,ДДУ зарегистрирован
62386,27-02-2025,ДДУ зарегистрирован
62386,17-02-2025,ДДУ зарегистрирован
62386,10-02-2025,ДДУ зарегистрирован
62386,28-01-2025,ДДУ зарегистрирован
62386,10-01-2025,ДДУ зарегистрирован
62386,20-12-2024,ДДУ зарегистрирован
62386,09-12-2024,ДДУ зарегистрирован
62386,08-11-2024,ДДУ зарегистрирован
62386,28-10-2024,ДДУ зарегистрирован
62386,30-09-2024,Размещена
62387,07-09-2026,ДДУ зарегистрирован
62387,10-08-2026,ДДУ зарегистрирован
62387,29-07-2026,ДДУ зарегистрирован
62387,10-07-2026,ДДУ зарегистрирован
62387,10-06-2026,ДДУ зарегистрирован
62387,05-05-2026,ДДУ зарегистрирован
62387,29-04-2026,ДДУ зарегистрирован
62387,10-04-2026,ДДУ зарегистрирован
62387,30-03-2026,ДДУ зарегистрирован
62387,10-03-2026,ДДУ зарегистрирован
62387,25-02-2026,ДДУ зарегистрирован
62387,04-02-2026,ДДУ зарегистрирован
62387,12-01-2026,ДДУ зарегистрирован
62387,11-12-2025,ДДУ зарегистрирован
62387,28-11-2025,ДДУ зарегистрирован
62387,10-11-2025,ДДУ зарегистрирован
62387,10-11-2025,Размещена
62387,24-10-2025,Размещена
62387,23-10-2025,Размещена
62387,17-10-2025,Размещена
62387,30-07-2025,Размещена
62387,29-04-2025,Размещена
62387,28-03-2025,Размещена
62387,28-10-2024,Размещена
62387,30-09-2024,Размещена
62468,09-09-2026,ДДУ зарегистрирован
62468,21-08-2026,ДДУ зарегистрирован
62468,10-08-2026,ДДУ зарегистрирован
62468,06-07-2026,ДДУ зарегистрирован
62468,09-06-2026,ДДУ зарегистрирован
62468,08-05-2026,ДДУ зарегистрирован
62468,15-04-2026,ДДУ зарегистрирован
62468,10-04-2026,ДДУ зарегистрирован
62468,20-03-2026,ДДУ зарегистрирован
62468,10-03-2026,ДДУ зарегистрирован
62468,09-02-2026,ДДУ зарегистрирован
62468,09-01-2026,ДДУ зарегистрирован
62468,16-12-2025,ДДУ зарегистрирован
62468,09-12-2025,ДДУ зарегистрирован
62468,06-11-2025,ДДУ зарегистрирован
62468,22-10-2025,ДДУ зарегистрирован
62468,03-10-2025,ДДУ зарегистрирован
62468,09-09-2025,ДДУ зарегистрирован
62468,08-08-2025,ДДУ зарегистрирован
62468,28-07-2025,ДДУ зарегистрирован
62468,09-07-2025,ДДУ зарегистрирован
62468,10-06-2025,ДДУ зарегистрирован
62468,15-05-2025,ДДУ зарегистрирован
62468,15-05-2025,ДДУ зарегистрирован
62468,14-05-2025,ДДУ зарегистрирован
62468,07-05-2025,ДДУ зарегистрирован
62468,28-04-2025,ДДУ зарегистрирован
62468,08-04-2025,ДДУ зарегистрирован
62468,27-03-2025,ДДУ зарегистрирован
62468,19-03-2025,ДДУ зарегистрирован
62468,07-03-2025,ДДУ зарегистрирован
62468,07-02-2025,ДДУ зарегистрирован
62468,10-01-2025,ДДУ зарегистрирован
62468,20-12-2024,ДДУ зарегистрирован
62468,20-12-2024,ДДУ зарегистрирован
62468,20-12-2024,ДДУ зарегистрирован
62468,16-12-2024,ДДУ зарегистрирован
62468,09-12-2024,ДДУ зарегистрирован
62468,09-12-2024,ДДУ зарегистрирован
62468,08-11-2024,ДДУ зарегистрирован
62468,29-10-2024,ДДУ зарегистрирован
62468,09-10-2024,ДДУ зарегистрирован
62468,03-10-2024,Размещена
62468,03-10-2024,Размещена
62468,03-10-2024,Размещена
62468,02-10-2024,Размещена
62468,28-09-2024,Размещена
62551,07-09-2026,ДДУ зарегистрирован
62551,10-08-2026,ДДУ зарегистрирован
62551,29-07-2026,ДДУ зарегистрирован
62551,10-07-2026,ДДУ зарегистрирован
62551,10-06-2026,ДДУ зарегистрирован
62551,05-05-2026,ДДУ зарегистрирован
62551,29-04-2026,ДДУ зарегистрирован
62551,14-04-2026,ДДУ зарегистрирован
62551,10-04-2026,ДДУ зарегистрирован
62551,30-03-2026,ДДУ зарегистрирован
62551,10-03-2026,ДДУ зарегистрирован
62551,04-02-2026,ДДУ зарегистрирован
62551,12-01-2026,ДДУ зарегистрирован
62551,09-12-2025,ДДУ зарегистрирован
62551,10-11-2025,ДДУ зарегистрирован
62551,24-10-2025,ДДУ зарегистрирован
62551,09-10-2025,ДДУ зарегистрирован
62551,08-09-2025,ДДУ зарегистрирован
62551,08-08-2025,ДДУ зарегистрирован
62551,30-07-2025,ДДУ зарегистрирован
62551,04-07-2025,ДДУ зарегистрирован
62551,05-06-2025,ДДУ зарегистрирован
62551,05-05-2025,ДДУ зарегистрирован
62551,29-04-2025,ДДУ зарегистрирован
62551,08-04-2025,ДДУ зарегистрирован
62551,28-03-2025,ДДУ зарегистрирован
62551,10-03-2025,ДДУ зарегистрирован
62551,10-02-2025,ДДУ зарегистрирован
62551,23-01-2025,ДДУ зарегистрирован
62551,10-01-2025,ДДУ зарегистрирован
62551,09-12-2024,ДДУ зарегистрирован
62551,08-11-2024,ДДУ зарегистрирован
62551,28-10-2024,ДДУ зарегистрирован
62551,21-10-2024,ДДУ зарегистрирован
62551,09-10-2024,Размещена
62551,08-10-2024,Размещена
62754,07-09-2026,Размещена
62754,05-08-2026,Размещена
62754,17-07-2026,Размещена
62754,10-07-2026,Размещена
62754,03-07-2026,Размещена
62754,22-06-2026,Размещена
62754,22-06-2026,Размещена
62754,05-06-2026,Размещена
62754,05-05-2026,Размещена
62754,29-04-2026,Размещена
62754,27-04-2026,Размещена
62754,20-04-2026,Размещена
62754,07-04-2026,Размещена
62754,04-03-2026,Размещена
62754,09-02-2026,Размещена
62754,08-01-2026,Размещена
62754,09-12-2025,Размещена
62754,03-12-2025,Размещена
62754,07-11-2025,Размещена
62754,04-10-2025,Размещена
62754,12-09-2025,Размещена
62754,02-09-2025,Размещена
62754,15-08-2025,Размещена
62754,07-08-2025,Размещена
62754,04-08-2025,Размещена
62754,07-07-2025,Размещена
62754,02-06-2025,Размещена
62754,12-05-2025,Размещена
62754,30-04-2025,Размещена
62754,16-04-2025,Размещена
62754,04-03-2025,Размещена
62754,07-02-2025,Размещена
62754,24-01-2025,Размещена
62754,24-01-2025,Размещена
62754,24-01-2025,Размещена
62754,08-01-2025,Размещена
62754,22-10-2024,Размещена
62754,18-10-2024,Размещена
62754,17-10-2024,Размещена
62755,07-09-2026,Размещена
62755,05-08-2026,Размещена
62755,17-07-2026,Размещена
62755,10-07-2026,Размещена
62755,03-07-2026,Размещена
62755,22-06-2026,Размещена
62755,22-06-2026,Размещена
62755,05-06-2026,Размещена
62755,05-05-2026,Размещена
62755,29-04-2026,Размещена
62755,27-04-2026,Размещена
62755,20-04-2026,Размещена
62755,07-04-2026,Размещена
62755,04-03-2026,Размещена
62755,09-02-2026,Размещена
62755,08-01-2026,Размещена
62755,09-12-2025,Размещена
62755,03-12-2025,Размещена
62755,07-11-2025,Размещена
62755,04-10-2025,Размещена
62755,12-09-2025,Размещена
62755,02-09-2025,Размещена
62755,15-08-2025,Размещена
62755,07-08-2025,Размещена
62755,04-08-2025,Размещена
62755,07-07-2025,Размещена
62755,02-06-2025,Размещена
62755,12-05-2025,Размещена
62755,30-04-2025,Размещена
62755,16-04-2025,Размещена
62755,04-03-2025,Размещена
62755,07-02-2025,Размещена
62755,24-01-2025,Размещена
62755,24-01-2025,Размещена
62755,24-01-2025,Размещена
62755,08-01-2025,Размещена
62755,22-10-2024,Размещена
62755,18-10-2024,Размещена
62755,17-10-2024,Размещена
62756,07-09-2026,Размещена
62756,05-08-2026,Размещена
62756,17-07-2026,Размещена
62756,10-07-2026,Размещена
62756,03-07-2026,Размещена
62756,22-06-2026,Размещена
62756,22-06-2026,Размещена
62756,05-06-2026,Размещена
62756,05-05-2026,Размещена
62756,29-04-2026,Размещена
62756,27-04-2026,Размещена
62756,20-04-2026,Размещена
62756,07-04-2026,Размещена
62756,04-03-2026,Размещена
62756,09-02-2026,Размещена
62756,08-01-2026,Размещена
62756,09-12-2025,Размещена
62756,03-12-2025,Размещена
62756,07-11-2025,Размещена
62756,04-10-2025,Размещена
62756,12-09-2025,Размещена
62756,02-09-2025,Размещена
62756,15-08-2025,Размещена
62756,07-08-2025,Размещена
62756,04-08-2025,Размещена
62756,07-07-2025,Размещена
62756,02-06-2025,Размещена
62756,12-05-2025,Размещена
62756,30-04-2025,Размещена
62756,16-04-2025,Размещена
62756,04-03-2025,Размещена
62756,07-02-2025,Размещена
62756,24-01-2025,Размещена
62756,24-01-2025,Размещена
62756,24-01-2025,Размещена
62756,08-01-2025,Размещена
62756,22-10-2024,Размещена
62756,18-10-2024,Размещена
62756,17-10-2024,Размещена
62757,07-09-2026,Размещена
62757,05-08-2026,Размещена
62757,17-07-2026,Размещена
62757,10-07-2026,Размещена
62757,03-07-2026,Размещена
62757,22-06-2026,Размещена
62757,22-06-2026,Размещена
62757,05-06-2026,Размещена
62757,05-05-2026,Размещена
62757,29-04-2026,Размещена
62757,27-04-2026,Размещена
62757,20-04-2026,Размещена
62757,07-04-2026,Размещена
62757,04-03-2026,Размещена
62757,09-02-2026,Размещена
62757,08-01-2026,Размещена
62757,09-12-2025,Размещена
62757,03-12-2025,Размещена
62757,07-11-2025,Размещена
62757,04-10-2025,Размещена
62757,12-09-2025,Размещена
62757,02-09-2025,Размещена
62757,15-08-2025,Размещена
62757,07-08-2025,Размещена
62757,04-08-2025,Размещена
62757,07-07-2025,Размещена
62757,02-06-2025,Размещена
62757,12-05-2025,Размещена
62757,30-04-2025,Размещена
62757,16-04-2025,Размещена
62757,04-03-2025,Размещена
62757,07-02-2025,Размещена
62757,24-01-2025,Размещена
62757,24-01-2025,Размещена
62757,24-01-2025,Размещена
62757,08-01-2025,Размещена
62757,22-10-2024,Размещена
62757,18-10-2024,Размещена
62757,17-10-2024,Размещена
62758,07-09-2026,Размещена
62758,05-08-2026,Размещена
62758,17-07-2026,Размещена
62758,10-07-2026,Размещена
62758,03-07-2026,Размещена
62758,22-06-2026,Размещена
62758,22-06-2026,Размещена
62758,05-06-2026,Размещена
62758,05-05-2026,Размещена
62758,29-04-2026,Размещена
62758,27-04-2026,Размещена
62758,20-04-2026,Размещена
62758,07-04-2026,Размещена
62758,04-03-2026,Размещена
62758,09-02-2026,Размещена
62758,08-01-2026,Размещена
62758,09-12-2025,Размещена
62758,03-12-2025,Размещена
62758,07-11-2025,Размещена
62758,04-10-2025,Размещена
62758,12-09-2025,Размещена
62758,02-09-2025,Размещена
62758,15-08-2025,Размещена
62758,07-08-2025,Размещена
62758,04-08-2025,Размещена
62758,07-07-2025,Размещена
62758,02-06-2025,Размещена
62758,12-05-2025,Размещена
62758,30-04-2025,Размещена
62758,16-04-2025,Размещена
62758,04-03-2025,Размещена
62758,07-02-2025,Размещена
62758,24-01-2025,Размещена
62758,24-01-2025,Размещена
62758,24-01-2025,Размещена
62758,08-01-2025,Размещена
62758,22-10-2024,Размещена
62758,18-10-2024,Размещена
62758,17-10-2024,Размещена
62759,07-09-2026,Размещена
62759,05-08-2026,Размещена
62759,17-07-2026,Размещена
62759,10-07-2026,Размещена
62759,03-07-2026,Размещена
62759,22-06-2026,Размещена
62759,22-06-2026,Размещена
62759,05-06-2026,Размещена
62759,05-05-2026,Размещена
62759,29-04-2026,Размещена
62759,27-04-2026,Размещена
62759,20-04-2026,Размещена
62759,07-04-2026,Размещена
62759,04-03-2026,Размещена
62759,09-02-2026,Размещена
62759,08-01-2026,Размещена
62759,09-12-2025,Размещена
62759,03-12-2025,Размещена
62759,07-11-2025,Размещена
62759,04-10-2025,Размещена
62759,12-09-2025,Размещена
62759,02-09-2025,Размещена
62759,15-08-2025,Размещена
62759,07-08-2025,Размещена
62759,04-08-2025,Размещена
62759,07-07-2025,Размещена
62759,02-06-2025,Размещена
62759,12-05-2025,Размещена
62759,30-04-2025,Размещена
62759,16-04-2025,Размещена
62759,04-03-2025,Размещена
62759,07-02-2025,Размещена
62759,24-01-2025,Размещена
62759,24-01-2025,Размещена
62759,24-01-2025,Размещена
62759,08-01-2025,Размещена
62759,22-10-2024,Размещена
62759,18-10-2024,Размещена
62759,17-10-2024,Размещена
62760,07-09-2026,Размещена
62760,05-08-2026,Размещена
62760,17-07-2026,Размещена
62760,10-07-2026,Размещена
62760,03-07-2026,Размещена
62760,22-06-2026,Размещена
62760,22-06-2026,Размещена
62760,05-06-2026,Размещена
62760,05-05-2026,Размещена
62760,29-04-2026,Размещена
62760,27-04-2026,Размещена
62760,20-04-2026,Размещена
62760,07-04-2026,Размещена
62760,04-03-2026,Размещена
62760,09-02-2026,Размещена
62760,08-01-2026,Размещена
62760,09-12-2025,Размещена
62760,03-12-2025,Размещена
62760,07-11-2025,Размещена
62760,04-10-2025,Размещена
62760,12-09-2025,Размещена
62760,02-09-2025,Размещена
62760,15-08-2025,Размещена
62760,07-08-2025,Размещена
62760,04-08-2025,Размещена
62760,07-07-2025,Размещена
62760,02-06-2025,Размещена
62760,12-05-2025,Размещена
62760,30-04-2025,Размещена
62760,16-04-2025,Размещена
62760,04-03-2025,Размещена
62760,07-02-2025,Размещена
62760,24-01-2025,Размещена
62760,24-01-2025,Размещена
62760,24-01-2025,Размещена
62760,08-01-2025,Размещена
62760,22-10-2024,Размещена
62760,18-10-2024,Размещена
62760,17-10-2024,Размещена
62761,07-09-2026,Размещена
62761,05-08-2026,Размещена
62761,17-07-2026,Размещена
62761,10-07-2026,Размещена
62761,03-07-2026,Размещена
62761,22-06-2026,Размещена
62761,22-06-2026,Размещена
62761,05-06-2026,Размещена
62761,05-05-2026,Размещена
62761,29-04-2026,Размещена
62761,27-04-2026,Размещена
62761,20-04-2026,Размещена
62761,07-04-2026,Размещена
62761,04-03-2026,Размещена
62761,09-02-2026,Размещена
62761,08-01-2026,Размещена
62761,09-12-2025,Размещена
62761,03-12-2025,Размещена
62761,07-11-2025,Размещена
62761,04-10-2025,Размещена
62761,12-09-2025,Размещена
62761,02-09-2025,Размещена
62761,15-08-2025,Размещена
62761,07-08-2025,Размещена
62761,04-08-2025,Размещена
62761,07-07-2025,Размещена
62761,02-06-2025,Размещена
62761,12-05-2025,Размещена
62761,30-04-2025,Размещена
62761,16-04-2025,Размещена
62761,04-03-2025,Размещена
62761,07-02-2025,Размещена
62761,24-01-2025,Размещена
62761,24-01-2025,Размещена
62761,24-01-2025,Размещена
62761,08-01-2025,Размещена
62761,22-10-2024,Размещена
62761,18-10-2024,Размещена
62761,17-10-2024,Размещена
62762,07-09-2026,Размещена
62762,05-08-2026,Размещена
62762,17-07-2026,Размещена
62762,10-07-2026,Размещена
62762,03-07-2026,Размещена
62762,22-06-2026,Размещена
62762,22-06-2026,Размещена
62762,05-06-2026,Размещена
62762,05-05-2026,Размещена
62762,29-04-2026,Размещена
62762,27-04-2026,Размещена
62762,20-04-2026,Размещена
62762,07-04-2026,Размещена
62762,04-03-2026,Размещена
62762,09-02-2026,Размещена
62762,08-01-2026,Размещена
62762,09-12-2025,Размещена
62762,03-12-2025,Размещена
62762,07-11-2025,Размещена
62762,04-10-2025,Размещена
62762,12-09-2025,Размещена
62762,02-09-2025,Размещена
62762,15-08-2025,Размещена
62762,07-08-2025,Размещена
62762,04-08-2025,Размещена
62762,07-07-2025,Размещена
62762,02-06-2025,Размещена
62762,12-05-2025,Размещена
62762,30-04-2025,Размещена
62762,16-04-2025,Размещена
62762,04-03-2025,Размещена
62762,07-02-2025,Размещена
62762,24-01-2025,Размещена
62762,24-01-2025,Размещена
62762,24-01-2025,Размещена
62762,08-01-2025,Размещена
62762,22-10-2024,Размещена
62762,18-10-2024,Размещена
62762,17-10-2024,Размещена
62763,07-09-2026,Размещена
62763,05-08-2026,Размещена
62763,17-07-2026,Размещена
62763,10-07-2026,Размещена
62763,03-07-2026,Размещена
62763,22-06-2026,Размещена
62763,22-06-2026,Размещена
62763,05-06-2026,Размещена
62763,05-05-2026,Размещена
62763,29-04-2026,Размещена
62763,27-04-2026,Размещена
62763,20-04-2026,Размещена
62763,07-04-2026,Размещена
62763,04-03-2026,Размещена
62763,09-02-2026,Размещена
62763,08-01-2026,Размещена
62763,09-12-2025,Размещена
62763,03-12-2025,Размещена
62763,07-11-2025,Размещена
62763,04-10-2025,Размещена
62763,12-09-2025,Размещена
62763,02-09-2025,Размещена
62763,15-08-2025,Размещена
62763,07-08-2025,Размещена
62763,04-08-2025,Размещена
62763,07-07-2025,Размещена
62763,02-06-2025,Размещена
62763,12-05-2025,Размещена
62763,30-04-2025,Размещена
62763,16-04-2025,Размещена
62763,04-03-2025,Размещена
62763,07-02-2025,Размещена
62763,24-01-2025,Размещена
62763,24-01-2025,Размещена
62763,24-01-2025,Размещена
62763,08-01-2025,Размещена
62763,22-10-2024,Размещена
62763,18-10-2024,Размещена
62763,17-10-2024,Размещена
62766,07-09-2026,ДДУ зарегистрирован
62766,12-08-2026,ДДУ зарегистрирован
62766,10-08-2026,ДДУ зарегистрирован
62766,10-08-2026,ДДУ зарегистрирован
62766,29-07-2026,ДДУ зарегистрирован
62766,10-07-2026,ДДУ зарегистрирован
62766,10-06-2026,ДДУ зарегистрирован
62766,05-05-2026,ДДУ зарегистрирован
62766,29-04-2026,ДДУ зарегистрирован
62766,10-04-2026,ДДУ зарегистрирован
62766,30-03-2026,ДДУ зарегистрирован
62766,10-03-2026,ДДУ зарегистрирован
62766,04-02-2026,ДДУ зарегистрирован
62766,12-01-2026,ДДУ зарегистрирован
62766,09-12-2025,ДДУ зарегистрирован
62766,10-11-2025,ДДУ зарегистрирован
62766,24-10-2025,ДДУ зарегистрирован
62766,09-10-2025,ДДУ зарегистрирован
62766,08-09-2025,ДДУ зарегистрирован
62766,08-08-2025,ДДУ зарегистрирован
62766,29-07-2025,ДДУ зарегистрирован
62766,04-07-2025,ДДУ зарегистрирован
62766,05-06-2025,ДДУ зарегистрирован
62766,05-05-2025,ДДУ зарегистрирован
62766,29-04-2025,ДДУ зарегистрирован
62766,09-04-2025,ДДУ зарегистрирован
62766,09-04-2025,ДДУ зарегистрирован
62766,28-03-2025,ДДУ зарегистрирован
62766,10-03-2025,ДДУ зарегистрирован
62766,04-02-2025,ДДУ зарегистрирован
62766,10-01-2025,ДДУ зарегистрирован
62766,19-12-2024,ДДУ зарегистрирован
62766,09-12-2024,ДДУ зарегистрирован
62766,09-12-2024,ДДУ зарегистрирован
62766,28-10-2024,ДДУ зарегистрирован
62766,17-10-2024,Размещена
62873,10-09-2026,ДДУ зарегистрирован
62873,28-08-2026,ДДУ зарегистрирован
62873,06-08-2026,ДДУ зарегистрирован
62873,30-07-2026,ДДУ зарегистрирован
62873,28-07-2026,ДДУ зарегистрирован
62873,08-07-2026,ДДУ зарегистрирован
62873,01-06-2026,ДДУ зарегистрирован
62873,07-05-2026,ДДУ зарегистрирован
62873,30-04-2026,ДДУ зарегистрирован
62873,29-04-2026,ДДУ зарегистрирован
62873,09-04-2026,ДДУ зарегистрирован
62873,27-03-2026,ДДУ зарегистрирован
62873,10-03-2026,ДДУ зарегистрирован
62873,10-02-2026,ДДУ зарегистрирован
62873,12-01-2026,ДДУ зарегистрирован
62873,10-12-2025,ДДУ зарегистрирован
62873,10-11-2025,ДДУ зарегистрирован
62873,30-10-2025,ДДУ зарегистрирован
62873,09-10-2025,ДДУ зарегистрирован
62873,09-09-2025,ДДУ зарегистрирован
62873,08-08-2025,ДДУ зарегистрирован
62873,30-07-2025,ДДУ зарегистрирован
62873,09-07-2025,ДДУ зарегистрирован
62873,02-06-2025,ДДУ зарегистрирован
62873,05-05-2025,ДДУ зарегистрирован
62873,30-04-2025,ДДУ зарегистрирован
62873,29-04-2025,ДДУ зарегистрирован
62873,04-04-2025,ДДУ зарегистрирован
62873,27-03-2025,ДДУ зарегистрирован
62873,10-03-2025,ДДУ зарегистрирован
62873,07-02-2025,ДДУ зарегистрирован
62873,21-01-2025,ДДУ зарегистрирован
62873,09-01-2025,ДДУ зарегистрирован
62873,18-12-2024,ДДУ зарегистрирован
62873,06-12-2024,ДДУ зарегистрирован
62873,11-11-2024,ДДУ зарегистрирован
62873,30-10-2024,ДДУ зарегистрирован
62873,22-10-2024,Размещена
62906,10-09-2026,ДДУ зарегистрирован
62906,10-09-2026,ДДУ зарегистрирован
62906,07-09-2026,ДДУ зарегистрирован
62906,06-08-2026,ДДУ зарегистрирован
62906,29-07-2026,ДДУ зарегистрирован
62906,10-07-2026,ДДУ зарегистрирован
62906,08-06-2026,ДДУ зарегистрирован
62906,07-05-2026,ДДУ зарегистрирован
62906,29-04-2026,ДДУ зарегистрирован
62906,29-04-2026,ДДУ зарегистрирован
62906,06-04-2026,ДДУ зарегистрирован
62906,05-03-2026,ДДУ зарегистрирован
62906,04-02-2026,ДДУ зарегистрирован
62906,27-01-2026,ДДУ зарегистрирован
62906,12-01-2026,ДДУ зарегистрирован
62906,04-12-2025,ДДУ зарегистрирован
62906,14-11-2025,ДДУ зарегистрирован
62906,07-11-2025,ДДУ зарегистрирован
62906,30-10-2025,ДДУ зарегистрирован
62906,03-10-2025,ДДУ зарегистрирован
62906,10-09-2025,ДДУ зарегистрирован
62906,13-08-2025,ДДУ зарегистрирован
62906,06-08-2025,ДДУ зарегистрирован
62906,28-07-2025,ДДУ зарегистрирован
62906,07-07-2025,ДДУ зарегистрирован
62906,07-07-2025,ДДУ зарегистрирован
62906,03-06-2025,ДДУ зарегистрирован
62906,02-06-2025,ДДУ зарегистрирован
62906,07-05-2025,ДДУ зарегистрирован
62906,29-04-2025,ДДУ зарегистрирован
62906,26-04-2025,ДДУ зарегистрирован
62906,04-04-2025,ДДУ зарегистрирован
62906,03-03-2025,ДДУ зарегистрирован
62906,06-02-2025,ДДУ зарегистрирован
62906,16-01-2025,ДДУ зарегистрирован
62906,10-01-2025,ДДУ зарегистрирован
62906,27-12-2024,ДДУ зарегистрирован
62906,25-12-2024,ДДУ зарегистрирован
62906,31-10-2024,ДДУ зарегистрирован
62906,24-10-2024,Размещена
63046,09-12-2024,ДДУ зарегистрирован
63046,06-12-2024,ДДУ зарегистрирован
63046,11-11-2024,ДДУ зарегистрирован
63046,07-11-2024,ДДУ зарегистрирован
63046,05-11-2024,ДДУ зарегистрирован
63046,02-11-2024,ДДУ зарегистрирован
63046,31-10-2024,ДДУ зарегистрирован
63046,31-10-2024,Размещена
63046,30-10-2024,Размещена
63046,17-10-2024,ДДУ зарегистрирован
63046,09-10-2024,ДДУ зарегистрирован
63046,09-10-2024,ДДУ зарегистрирован
63046,09-09-2024,ДДУ зарегистрирован
63046,23-08-2024,ДДУ зарегистрирован
63046,23-08-2024,ДДУ зарегистрирован
63046,23-08-2024,ДДУ зарегистрирован
63046,12-08-2024,ДДУ зарегистрирован
63046,09-08-2024,ДДУ зарегистрирован
63046,08-08-2024,ДДУ зарегистрирован
63046,30-07-2024,ДДУ зарегистрирован
63046,30-07-2024,ДДУ зарегистрирован
63046,09-07-2024,ДДУ зарегистрирован
63046,09-07-2024,ДДУ зарегистрирован
63046,08-07-2024,ДДУ зарегистрирован
63046,10-06-2024,ДДУ зарегистрирован
63046,07-06-2024,ДДУ зарегистрирован
63046,08-05-2024,ДДУ зарегистрирован
63046,07-05-2024,ДДУ зарегистрирован
63046,06-05-2024,ДДУ зарегистрирован
63046,02-05-2024,ДДУ зарегистрирован
63046,11-04-2024,ДДУ зарегистрирован
63046,09-04-2024,ДДУ зарегистрирован
63046,25-03-2024,ДДУ зарегистрирован
63046,07-03-2024,ДДУ зарегистрирован
63046,07-03-2024,ДДУ зарегистрирован
63046,14-02-2024,ДДУ зарегистрирован
63046,09-02-2024,ДДУ зарегистрирован
63046,11-01-2024,ДДУ зарегистрирован
63046,10-01-2024,ДДУ зарегистрирован
63046,09-01-2024,ДДУ зарегистрирован
63046,20-12-2023,ДДУ зарегистрирован
63046,15-12-2023,ДДУ зарегистрирован
63046,11-12-2023,ДДУ зарегистрирован
63046,08-12-2023,ДДУ зарегистрирован
63046,03-11-2023,ДДУ зарегистрирован
63046,30-10-2023,ДДУ зарегистрирован
63046,30-10-2023,ДДУ зарегистрирован
63046,30-10-2023,ДДУ зарегистрирован
63046,10-10-2023,ДДУ зарегистрирован
63046,06-10-2023,ДДУ зарегистрирован
63046,08-09-2023,ДДУ зарегистрирован
63046,15-08-2023,ДДУ зарегистрирован
63046,10-08-2023,ДДУ зарегистрирован
63046,10-08-2023,ДДУ зарегистрирован
63046,09-08-2023,ДДУ зарегистрирован
63046,26-07-2023,ДДУ зарегистрирован
63046,20-07-2023,ДДУ зарегистрирован
63046,20-07-2023,ДДУ зарегистрирован
63046,20-07-2023,ДДУ зарегистрирован
63046,07-07-2023,ДДУ зарегистрирован
63046,22-06-2023,ДДУ зарегистрирован
63046,20-06-2023,ДДУ зарегистрирован
63046,16-06-2023,Размещена
63046,16-06-2023,Размещена
63046,14-06-2023,Размещена
63184,12-03-2026,ДДУ зарегистрирован
63184,11-12-2025,ДДУ зарегистрирован
63184,09-12-2025,ДДУ зарегистрирован
63184,24-11-2025,ДДУ зарегистрирован
63184,14-11-2025,ДДУ зарегистрирован
63184,07-11-2025,ДДУ зарегистрирован
63184,30-10-2025,ДДУ зарегистрирован
63184,08-10-2025,ДДУ зарегистрирован
63184,10-09-2025,ДДУ зарегистрирован
63184,05-09-2025,ДДУ зарегистрирован
63184,11-08-2025,ДДУ зарегистрирован
63184,08-08-2025,ДДУ зарегистрирован
63184,09-07-2025,ДДУ зарегистрирован
63184,09-06-2025,ДДУ зарегистрирован
63184,05-06-2025,ДДУ зарегистрирован
63184,07-05-2025,ДДУ зарегистрирован
63184,23-04-2025,ДДУ зарегистрирован
63184,08-04-2025,ДДУ зарегистрирован
63184,19-03-2025,ДДУ зарегистрирован
63184,13-03-2025,ДДУ зарегистрирован
63184,10-03-2025,ДДУ зарегистрирован
63184,19-02-2025,ДДУ зарегистрирован
63184,18-02-2025,Размещена
63184,07-02-2025,Размещена
63184,09-01-2025,Размещена
63184,09-12-2024,Размещена
63184,03-12-2024,Размещена
63184,03-12-2024,Размещена
63184,25-11-2024,Размещена
63184,11-11-2024,Размещена
63315,29-07-2026,Размещена
63315,29-04-2026,Размещена
63315,29-04-2026,Размещена
63315,27-01-2026,Размещена
63315,30-10-2025,Размещена
63315,03-10-2025,Размещена
63315,28-07-2025,Размещена
63315,02-06-2025,Размещена
63315,29-04-2025,Размещена
63315,26-04-2025,Размещена
63315,12-03-2025,Размещена
63315,21-01-2025,Размещена
63315,18-11-2024,Размещена
63602,07-09-2026,ДДУ зарегистрирован
63602,24-08-2026,ДДУ зарегистрирован
63602,06-08-2026,ДДУ зарегистрирован
63602,29-07-2026,ДДУ зарегистрирован
63602,10-07-2026,ДДУ зарегистрирован
63602,24-06-2026,ДДУ зарегистрирован
63602,05-06-2026,ДДУ зарегистрирован
63602,05-05-2026,ДДУ зарегистрирован
63602,29-04-2026,ДДУ зарегистрирован
63602,29-04-2026,ДДУ зарегистрирован
63602,06-04-2026,ДДУ зарегистрирован
63602,11-03-2026,ДДУ зарегистрирован
63602,19-02-2026,ДДУ зарегистрирован
63602,04-02-2026,ДДУ зарегистрирован
63602,04-02-2026,ДДУ зарегистрирован
63602,04-02-2026,ДДУ зарегистрирован
63602,12-01-2026,ДДУ зарегистрирован
63602,03-12-2025,ДДУ зарегистрирован
63602,24-11-2025,ДДУ зарегистрирован
63602,19-11-2025,ДДУ зарегистрирован
63602,17-11-2025,ДДУ зарегистрирован
63602,07-11-2025,ДДУ зарегистрирован
63602,30-10-2025,ДДУ зарегистрирован
63602,29-10-2025,ДДУ зарегистрирован
63602,03-10-2025,ДДУ зарегистрирован
63602,10-09-2025,ДДУ зарегистрирован
63602,06-08-2025,ДДУ зарегистрирован
63602,28-07-2025,ДДУ зарегистрирован
63602,07-07-2025,ДДУ зарегистрирован
63602,09-06-2025,ДДУ зарегистрирован
63602,07-05-2025,ДДУ зарегистрирован
63602,30-04-2025,ДДУ зарегистрирован
63602,24-04-2025,ДДУ зарегистрирован
63602,04-04-2025,ДДУ зарегистрирован
63602,06-03-2025,ДДУ зарегистрирован
63602,06-03-2025,ДДУ зарегистрирован
63602,03-03-2025,ДДУ зарегистрирован
63602,05-02-2025,ДДУ зарегистрирован
63602,04-02-2025,Размещена
63602,04-02-2025,Размещена
63602,20-12-2024,Размещена
63602,03-12-2024,Размещена
63635,07-09-2026,ДДУ зарегистрирован
63635,10-08-2026,ДДУ зарегистрирован
63635,29-07-2026,ДДУ зарегистрирован
63635,10-07-2026,ДДУ зарегистрирован
63635,10-06-2026,ДДУ зарегистрирован
63635,05-05-2026,ДДУ зарегистрирован
63635,30-04-2026,ДДУ зарегистрирован
63635,29-04-2026,ДДУ зарегистрирован
63635,10-04-2026,ДДУ зарегистрирован
63635,30-03-2026,ДДУ зарегистрирован
63635,10-03-2026,ДДУ зарегистрирован
63635,04-02-2026,ДДУ зарегистрирован
63635,12-01-2026,ДДУ зарегистрирован
63635,09-12-2025,ДДУ зарегистрирован
63635,10-11-2025,ДДУ зарегистрирован
63635,24-10-2025,ДДУ зарегистрирован
63635,09-10-2025,ДДУ зарегистрирован
63635,08-09-2025,ДДУ зарегистрирован
63635,08-08-2025,ДДУ зарегистрирован
63635,29-07-2025,ДДУ зарегистрирован
63635,04-07-2025,ДДУ зарегистрирован
63635,20-06-2025,ДДУ зарегистрирован
63635,05-06-2025,ДДУ зарегистрирован
63635,05-05-2025,ДДУ зарегистрирован
63635,29-04-2025,ДДУ зарегистрирован
63635,08-04-2025,ДДУ зарегистрирован
63635,28-03-2025,ДДУ зарегистрирован
63635,18-03-2025,ДДУ зарегистрирован
63635,18-03-2025,ДДУ зарегистрирован
63635,10-03-2025,ДДУ зарегистрирован
63635,04-02-2025,ДДУ зарегистрирован
63635,10-01-2025,ДДУ зарегистрирован
63635,11-12-2024,ДДУ зарегистрирован
63635,04-12-2024,Размещена
63735,22-09-2026,Размещена
63735,01-09-2026,Размещена
63735,07-08-2026,Размещена
63735,07-08-2026,Размещена
63735,03-08-2026,Размещена
63735,22-07-2026,Размещена
63735,03-07-2026,Размещена
63735,03-07-2026,Размещена
63735,02-07-2026,Размещена
63735,02-06-2026,Размещена
63735,12-05-2026,Размещена
63735,04-05-2026,Размещена
63735,03-04-2026,Размещена
63735,19-03-2026,Размещена
63735,03-03-2026,Размещена
63735,05-02-2026,Размещена
63735,03-02-2026,Размещена
63735,13-01-2026,Размещена
63735,02-12-2025,Размещена
63735,01-11-2025,Размещена
63735,31-10-2025,Размещена
63735,02-10-2025,Размещена
63735,01-09-2025,Размещена
63735,12-08-2025,Размещена
63735,05-08-2025,Размещена
63735,04-07-2025,Размещена
63735,04-06-2025,Размещена
63735,06-05-2025,Размещена
63735,03-04-2025,Размещена
63735,14-03-2025,Размещена
63735,04-03-2025,Размещена
63735,21-02-2025,Размещена
63735,03-02-2025,Размещена
63735,30-01-2025,Размещена
63735,29-01-2025,Размещена
63735,24-01-2025,Размещена
63735,23-01-2025,Размещена
63735,13-01-2025,Размещена
63735,20-12-2024,Размещена
63735,19-12-2024,Размещена
63735,18-12-2024,Размещена
63735,10-12-2024,Размещена
64028,03-09-2026,ДДУ зарегистрирован
64028,05-08-2026,ДДУ зарегистрирован
64028,24-07-2026,ДДУ зарегистрирован
64028,03-07-2026,ДДУ зарегистрирован
64028,04-06-2026,ДДУ зарегистрирован
64028,08-05-2026,ДДУ зарегистрирован
64028,08-05-2026,ДДУ зарегистрирован
64028,29-04-2026,ДДУ зарегистрирован
64028,03-04-2026,ДДУ зарегистрирован
64028,27-03-2026,ДДУ зарегистрирован
64028,05-03-2026,ДДУ зарегистрирован
64028,04-02-2026,ДДУ зарегистрирован
64028,08-01-2026,ДДУ зарегистрирован
64028,04-12-2025,ДДУ зарегистрирован
64028,07-11-2025,ДДУ зарегистрирован
64028,16-10-2025,ДДУ зарегистрирован
64028,03-10-2025,ДДУ зарегистрирован
64028,15-09-2025,ДДУ зарегистрирован
64028,04-09-2025,ДДУ зарегистрирован
64028,05-08-2025,ДДУ зарегистрирован
64028,04-07-2025,ДДУ зарегистрирован
64028,04-06-2025,ДДУ зарегистрирован
64028,02-06-2025,ДДУ зарегистрирован
64028,07-05-2025,ДДУ зарегистрирован
64028,30-04-2025,ДДУ зарегистрирован
64028,04-04-2025,ДДУ зарегистрирован
64028,24-03-2025,ДДУ зарегистрирован
64028,19-03-2025,ДДУ зарегистрирован
64028,01-03-2025,ДДУ зарегистрирован
64028,07-02-2025,ДДУ зарегистрирован
64028,25-12-2024,Размещена
64235,17-09-2026,ДДУ зарегистрирован
64235,10-09-2026,ДДУ зарегистрирован
64235,21-08-2026,ДДУ зарегистрирован
64235,10-08-2026,ДДУ зарегистрирован
64235,29-07-2026,ДДУ зарегистрирован
64235,09-07-2026,ДДУ зарегистрирован
64235,08-06-2026,ДДУ зарегистрирован
64235,15-05-2026,ДДУ зарегистрирован
64235,04-05-2026,ДДУ зарегистрирован
64235,29-04-2026,ДДУ зарегистрирован
64235,08-04-2026,ДДУ зарегистрирован
64235,10-03-2026,ДДУ зарегистрирован
64235,13-02-2026,ДДУ зарегистрирован
64235,12-02-2026,ДДУ зарегистрирован
64235,06-02-2026,ДДУ зарегистрирован
64235,04-02-2026,ДДУ зарегистрирован
64235,12-01-2026,ДДУ зарегистрирован
64235,02-12-2025,ДДУ зарегистрирован
64235,01-11-2025,ДДУ зарегистрирован
64235,29-10-2025,ДДУ зарегистрирован
64235,07-10-2025,ДДУ зарегистрирован
64235,19-09-2025,ДДУ зарегистрирован
64235,18-09-2025,ДДУ зарегистрирован
64235,05-09-2025,ДДУ зарегистрирован
64235,04-08-2025,ДДУ зарегистрирован
64235,23-07-2025,ДДУ зарегистрирован
64235,07-07-2025,ДДУ зарегистрирован
64235,06-06-2025,ДДУ зарегистрирован
64235,05-05-2025,ДДУ зарегистрирован
64235,29-04-2025,ДДУ зарегистрирован
64235,22-04-2025,ДДУ зарегистрирован
64235,09-04-2025,ДДУ зарегистрирован
64235,10-03-2025,ДДУ зарегистрирован
64235,07-02-2025,ДДУ зарегистрирован
64235,03-02-2025,ДДУ зарегистрирован
64235,29-01-2025,Размещена
64235,23-01-2025,Размещена
64235,21-01-2025,Размещена
64316,17-09-2026,ДДУ зарегистрирован
64316,02-09-2026,ДДУ зарегистрирован
64316,25-08-2026,ДДУ зарегистрирован
64316,24-08-2026,ДДУ зарегистрирован
64316,21-08-2026,ДДУ зарегистрирован
64316,19-08-2026,ДДУ зарегистрирован
64316,14-08-2026,ДДУ зарегистрирован
64316,04-08-2026,ДДУ зарегистрирован
64316,30-07-2026,ДДУ зарегистрирован
64316,03-07-2026,ДДУ зарегистрирован
64316,25-06-2026,ДДУ зарегистрирован
64316,11-06-2026,ДДУ зарегистрирован
64316,04-05-2026,ДДУ зарегистрирован
64316,28-04-2026,ДДУ зарегистрирован
64316,24-04-2026,ДДУ зарегистрирован
64316,01-04-2026,ДДУ зарегистрирован
64316,04-03-2026,ДДУ зарегистрирован
64316,04-02-2026,ДДУ зарегистрирован
64316,09-01-2026,ДДУ зарегистрирован
64316,30-12-2025,ДДУ зарегистрирован
64316,03-12-2025,ДДУ зарегистрирован
64316,25-11-2025,ДДУ зарегистрирован
64316,07-11-2025,ДДУ зарегистрирован
64316,24-10-2025,ДДУ зарегистрирован
64316,03-10-2025,ДДУ зарегистрирован
64316,02-09-2025,ДДУ зарегистрирован
64316,04-08-2025,ДДУ зарегистрирован
64316,29-07-2025,ДДУ зарегистрирован
64316,02-07-2025,ДДУ зарегистрирован
64316,09-06-2025,ДДУ зарегистрирован
64316,05-05-2025,ДДУ зарегистрирован
64316,30-04-2025,ДДУ зарегистрирован
64316,25-04-2025,ДДУ зарегистрирован
64316,04-04-2025,ДДУ зарегистрирован
64316,03-04-2025,ДДУ зарегистрирован
64316,04-03-2025,ДДУ зарегистрирован
64316,05-02-2025,ДДУ зарегистрирован
64316,29-01-2025,Размещена
64316,28-01-2025,Размещена
64354,25-09-2026,ДДУ зарегистрирован
64354,14-09-2026,ДДУ зарегистрирован
64354,14-09-2026,ДДУ зарегистрирован
64354,04-09-2026,ДДУ зарегистрирован
64354,03-09-2026,ДДУ зарегистрирован
64354,04-08-2026,ДДУ зарегистрирован
64354,28-07-2026,ДДУ зарегистрирован
64354,28-07-2026,ДДУ зарегистрирован
64354,28-07-2026,ДДУ зарегистрирован
64354,20-07-2026,ДДУ зарегистрирован
64354,02-07-2026,ДДУ зарегистрирован
64354,10-06-2026,ДДУ зарегистрирован
64354,09-06-2026,ДДУ зарегистрирован
64354,04-06-2026,ДДУ зарегистрирован
64354,06-05-2026,ДДУ зарегистрирован
64354,24-04-2026,ДДУ зарегистрирован
64354,21-04-2026,ДДУ зарегистрирован
64354,21-04-2026,ДДУ зарегистрирован
64354,07-04-2026,ДДУ зарегистрирован
64354,07-04-2026,ДДУ зарегистрирован
64354,06-04-2026,ДДУ зарегистрирован
64354,11-03-2026,ДДУ зарегистрирован
64354,05-03-2026,ДДУ зарегистрирован
64354,09-02-2026,ДДУ зарегистрирован
64354,02-02-2026,ДДУ зарегистрирован
64354,12-01-2026,ДДУ зарегистрирован
64354,09-12-2025,ДДУ зарегистрирован
64354,07-11-2025,ДДУ зарегистрирован
64354,08-10-2025,ДДУ зарегистрирован
64354,05-09-2025,ДДУ зарегистрирован
64354,08-08-2025,ДДУ зарегистрирован
64354,09-07-2025,ДДУ зарегистрирован
64354,11-06-2025,ДДУ зарегистрирован
64354,09-06-2025,ДДУ зарегистрирован
64354,05-06-2025,ДДУ зарегистрирован
64354,07-05-2025,ДДУ зарегистрирован
64354,23-04-2025,ДДУ зарегистрирован
64354,17-04-2025,ДДУ зарегистрирован
64354,08-04-2025,ДДУ зарегистрирован
64354,07-03-2025,ДДУ зарегистрирован
64354,18-02-2025,ДДУ зарегистрирован
64354,07-02-2025,Размещена
64354,30-01-2025,Размещена
64519,01-12-2025,ДДУ зарегистрирован
64519,28-11-2025,ДДУ зарегистрирован
64519,11-11-2025,ДДУ зарегистрирован
64519,01-11-2025,ДДУ зарегистрирован
64519,30-10-2025,ДДУ зарегистрирован
64519,01-10-2025,ДДУ зарегистрирован
64519,01-09-2025,ДДУ зарегистрирован
64519,04-08-2025,ДДУ зарегистрирован
64519,30-07-2025,ДДУ зарегистрирован
64519,01-07-2025,ДДУ зарегистрирован
64519,23-06-2025,ДДУ зарегистрирован
64519,02-06-2025,ДДУ зарегистрирован
64519,05-05-2025,ДДУ зарегистрирован
64519,30-04-2025,ДДУ зарегистрирован
64519,10-04-2025,Размещена
64519,01-04-2025,Размещена
64519,19-02-2025,Размещена
64519,12-02-2025,Размещена
64563,03-09-2026,ДДУ зарегистрирован
64563,25-08-2026,ДДУ зарегистрирован
64563,07-08-2026,ДДУ зарегистрирован
64563,27-07-2026,ДДУ зарегистрирован
64563,03-07-2026,ДДУ зарегистрирован
64563,08-06-2026,ДДУ зарегистрирован
64563,05-05-2026,ДДУ зарегистрирован
64563,24-04-2026,ДДУ зарегистрирован
64563,03-04-2026,ДДУ зарегистрирован
64563,27-03-2026,ДДУ зарегистрирован
64563,27-03-2026,ДДУ зарегистрирован
64563,03-03-2026,ДДУ зарегистрирован
64563,02-02-2026,ДДУ зарегистрирован
64563,12-01-2026,ДДУ зарегистрирован
64563,15-12-2025,ДДУ зарегистрирован
64563,12-12-2025,ДДУ зарегистрирован
64563,02-12-2025,ДДУ зарегистрирован
64563,01-11-2025,ДДУ зарегистрирован
64563,24-10-2025,ДДУ зарегистрирован
64563,07-10-2025,ДДУ зарегистрирован
64563,04-09-2025,ДДУ зарегистрирован
64563,03-09-2025,ДДУ зарегистрирован
64563,06-08-2025,ДДУ зарегистрирован
64563,24-07-2025,ДДУ зарегистрирован
64563,07-07-2025,ДДУ зарегистрирован
64563,23-06-2025,ДДУ зарегистрирован
64563,04-06-2025,ДДУ зарегистрирован
64563,15-05-2025,ДДУ зарегистрирован
64563,07-05-2025,ДДУ зарегистрирован
64563,29-04-2025,ДДУ зарегистрирован
64563,24-04-2025,ДДУ зарегистрирован
64563,09-04-2025,ДДУ зарегистрирован
64563,27-03-2025,Размещена
64563,05-03-2025,Размещена
64563,24-02-2025,Размещена
64563,17-02-2025,Размещена
64638,10-09-2026,ДДУ зарегистрирован
64638,10-08-2026,ДДУ зарегистрирован
64638,07-08-2026,ДДУ зарегистрирован
64638,30-07-2026,ДДУ зарегистрирован
64638,29-07-2026,ДДУ зарегистрирован
64638,28-07-2026,ДДУ зарегистрирован
64638,09-07-2026,ДДУ зарегистрирован
64638,08-06-2026,ДДУ зарегистрирован
64638,07-05-2026,ДДУ зарегистрирован
64638,29-04-2026,ДДУ зарегистрирован
64638,27-04-2026,ДДУ зарегистрирован
64638,10-04-2026,ДДУ зарегистрирован
64638,27-03-2026,ДДУ зарегистрирован
64638,27-03-2026,ДДУ зарегистрирован
64638,06-03-2026,ДДУ зарегистрирован
64638,18-02-2026,ДДУ зарегистрирован
64638,09-02-2026,ДДУ зарегистрирован
64638,05-02-2026,ДДУ зарегистрирован
64638,03-02-2026,ДДУ зарегистрирован
64638,21-01-2026,ДДУ зарегистрирован
64638,19-01-2026,ДДУ зарегистрирован
64638,13-01-2026,ДДУ зарегистрирован
64638,08-01-2026,ДДУ зарегистрирован
64638,30-12-2025,ДДУ зарегистрирован
64638,24-12-2025,ДДУ зарегистрирован
64638,18-12-2025,ДДУ зарегистрирован
64638,10-12-2025,ДДУ зарегистрирован
64638,05-12-2025,ДДУ зарегистрирован
64638,10-11-2025,ДДУ зарегистрирован
64638,10-11-2025,ДДУ зарегистрирован
64638,07-11-2025,ДДУ зарегистрирован
64638,07-11-2025,ДДУ зарегистрирован
64638,29-10-2025,ДДУ зарегистрирован
64638,14-10-2025,ДДУ зарегистрирован
64638,14-10-2025,ДДУ зарегистрирован
64638,10-10-2025,ДДУ зарегистрирован
64638,17-09-2025,ДДУ зарегистрирован
64638,10-09-2025,ДДУ зарегистрирован
64638,09-09-2025,ДДУ зарегистрирован
64638,12-08-2025,ДДУ зарегистрирован
64638,11-08-2025,ДДУ зарегистрирован
64638,08-08-2025,ДДУ зарегистрирован
64638,08-08-2025,ДДУ зарегистрирован
64638,28-07-2025,ДДУ зарегистрирован
64638,10-07-2025,ДДУ зарегистрирован
64638,07-07-2025,ДДУ зарегистрирован
64638,07-07-2025,ДДУ зарегистрирован
64638,02-07-2025,ДДУ зарегистрирован
64638,11-06-2025,ДДУ зарегистрирован
64638,09-06-2025,ДДУ зарегистрирован
64638,21-05-2025,ДДУ зарегистрирован
64638,20-05-2025,ДДУ зарегистрирован
64638,07-05-2025,ДДУ зарегистрирован
64638,29-04-2025,ДДУ зарегистрирован
64638,10-04-2025,ДДУ зарегистрирован
64638,09-04-2025,ДДУ зарегистрирован
64638,20-03-2025,ДДУ зарегистрирован
64638,17-03-2025,ДДУ зарегистрирован
64638,14-03-2025,ДДУ зарегистрирован
64638,14-03-2025,ДДУ зарегистрирован
64638,07-03-2025,ДДУ зарегистрирован
64638,25-02-2025,ДДУ зарегистрирован
64638,21-02-2025,Размещена
64652,10-09-2026,ДДУ зарегистрирован
64652,10-09-2026,ДДУ зарегистрирован
64652,10-09-2026,ДДУ зарегистрирован
64652,10-08-2026,ДДУ зарегистрирован
64652,27-07-2026,ДДУ зарегистрирован
64652,09-07-2026,ДДУ зарегистрирован
64652,25-06-2026,ДДУ зарегистрирован
64652,08-06-2026,ДДУ зарегистрирован
64652,07-05-2026,ДДУ зарегистрирован
64652,28-04-2026,ДДУ зарегистрирован
64652,10-04-2026,ДДУ зарегистрирован
64652,27-03-2026,ДДУ зарегистрирован
64652,06-03-2026,ДДУ зарегистрирован
64652,09-02-2026,ДДУ зарегистрирован
64652,05-02-2026,ДДУ зарегистрирован
64652,03-02-2026,ДДУ зарегистрирован
64652,13-01-2026,ДДУ зарегистрирован
64652,08-01-2026,ДДУ зарегистрирован
64652,29-12-2025,ДДУ зарегистрирован
64652,10-12-2025,ДДУ зарегистрирован
64652,10-12-2025,ДДУ зарегистрирован
64652,05-12-2025,ДДУ зарегистрирован
64652,10-11-2025,ДДУ зарегистрирован
64652,07-11-2025,ДДУ зарегистрирован
64652,07-11-2025,ДДУ зарегистрирован
64652,29-10-2025,ДДУ зарегистрирован
64652,10-10-2025,ДДУ зарегистрирован
64652,10-10-2025,ДДУ зарегистрирован
64652,08-09-2025,ДДУ зарегистрирован
64652,08-09-2025,ДДУ зарегистрирован
64652,11-08-2025,ДДУ зарегистрирован
64652,11-08-2025,ДДУ зарегистрирован
64652,08-08-2025,ДДУ зарегистрирован
64652,08-08-2025,ДДУ зарегистрирован
64652,29-07-2025,ДДУ зарегистрирован
64652,17-07-2025,ДДУ зарегистрирован
64652,09-07-2025,ДДУ зарегистрирован
64652,07-07-2025,ДДУ зарегистрирован
64652,02-07-2025,ДДУ зарегистрирован
64652,09-06-2025,ДДУ зарегистрирован
64652,09-06-2025,ДДУ зарегистрирован
64652,07-05-2025,ДДУ зарегистрирован
64652,07-05-2025,ДДУ зарегистрирован
64652,30-04-2025,ДДУ зарегистрирован
64652,10-04-2025,ДДУ зарегистрирован
64652,09-04-2025,ДДУ зарегистрирован
64652,09-04-2025,ДДУ зарегистрирован
64652,12-03-2025,ДДУ зарегистрирован
64652,07-03-2025,ДДУ зарегистрирован
64652,27-02-2025,ДДУ зарегистрирован
64652,25-02-2025,ДДУ зарегистрирован
64652,24-02-2025,Размещена
64716,10-09-2026,ДДУ зарегистрирован
64716,07-08-2026,ДДУ зарегистрирован
64716,09-07-2026,ДДУ зарегистрирован
64716,10-06-2026,ДДУ зарегистрирован
64716,25-05-2026,ДДУ зарегистрирован
64716,07-05-2026,ДДУ зарегистрирован
64716,07-04-2026,ДДУ зарегистрирован
64716,13-03-2026,ДДУ зарегистрирован
64716,10-03-2026,ДДУ зарегистрирован
64716,06-02-2026,ДДУ зарегистрирован
64716,12-01-2026,ДДУ зарегистрирован
64716,09-12-2025,ДДУ зарегистрирован
64716,10-11-2025,ДДУ зарегистрирован
64716,06-10-2025,ДДУ зарегистрирован
64716,08-09-2025,ДДУ зарегистрирован
64716,06-08-2025,ДДУ зарегистрирован
64716,07-07-2025,ДДУ зарегистрирован
64716,02-06-2025,ДДУ зарегистрирован
64716,06-05-2025,ДДУ зарегистрирован
64716,07-04-2025,ДДУ зарегистрирован
64716,04-03-2025,ДДУ зарегистрирован
64716,04-03-2025,ДДУ зарегистрирован
64753,10-09-2026,ДДУ зарегистрирован
64753,07-08-2026,ДДУ зарегистрирован
64753,28-07-2026,ДДУ зарегистрирован
64753,17-07-2026,ДДУ зарегистрирован
64753,09-07-2026,ДДУ зарегистрирован
64753,08-06-2026,ДДУ зарегистрирован
64753,07-05-2026,ДДУ зарегистрирован
64753,29-04-2026,ДДУ зарегистрирован
64753,10-04-2026,ДДУ зарегистрирован
64753,23-03-2026,ДДУ зарегистрирован
64753,06-03-2026,ДДУ зарегистрирован
64753,09-02-2026,ДДУ зарегистрирован
64753,05-02-2026,ДДУ зарегистрирован
64753,05-02-2026,ДДУ зарегистрирован
64753,13-01-2026,ДДУ зарегистрирован
64753,08-01-2026,ДДУ зарегистрирован
64753,29-12-2025,ДДУ зарегистрирован
64753,10-12-2025,ДДУ зарегистрирован
64753,10-12-2025,ДДУ зарегистрирован
64753,05-12-2025,ДДУ зарегистрирован
64753,10-11-2025,ДДУ зарегистрирован
64753,07-11-2025,ДДУ зарегистрирован
64753,07-11-2025,ДДУ зарегистрирован
64753,28-10-2025,ДДУ зарегистрирован
64753,10-10-2025,ДДУ зарегистрирован
64753,10-10-2025,ДДУ зарегистрирован
64753,09-10-2025,ДДУ зарегистрирован
64753,01-10-2025,ДДУ зарегистрирован
64753,30-09-2025,ДДУ зарегистрирован
64753,09-09-2025,ДДУ зарегистрирован
64753,11-08-2025,ДДУ зарегистрирован
64753,11-08-2025,ДДУ зарегистрирован
64753,08-08-2025,ДДУ зарегистрирован
64753,08-08-2025,ДДУ зарегистрирован
64753,29-07-2025,ДДУ зарегистрирован
64753,09-07-2025,ДДУ зарегистрирован
64753,07-07-2025,ДДУ зарегистрирован
64753,02-07-2025,ДДУ зарегистрирован
64753,09-06-2025,ДДУ зарегистрирован
64753,09-06-2025,ДДУ зарегистрирован
64753,07-05-2025,ДДУ зарегистрирован
64753,07-05-2025,ДДУ зарегистрирован
64753,29-04-2025,ДДУ зарегистрирован
64753,10-04-2025,ДДУ зарегистрирован
64753,09-04-2025,ДДУ зарегистрирован
64753,09-04-2025,ДДУ зарегистрирован
64753,19-03-2025,ДДУ зарегистрирован
64753,13-03-2025,ДДУ зарегистрирован
64753,12-03-2025,Размещена
64753,12-03-2025,Размещена
64753,07-03-2025,Размещена
64753,06-03-2025,Размещена
64779,09-09-2026,Размещена
64779,12-08-2026,Размещена
64779,10-08-2026,Размещена
64779,07-07-2026,Размещена
64779,09-06-2026,Размещена
64779,20-05-2026,Размещена
64779,08-05-2026,Размещена
64779,10-04-2026,Размещена
64779,19-03-2026,Размещена
64779,19-03-2026,Размещена
64779,10-03-2026,Размещена
64779,10-02-2026,Размещена
64779,09-01-2026,Размещена
64779,09-12-2025,Размещена
64779,06-11-2025,Размещена
64779,23-10-2025,Размещена
64779,06-10-2025,Размещена
64779,09-09-2025,Размещена
64779,08-08-2025,Размещена
64779,28-07-2025,Размещена
64779,09-07-2025,Размещена
64779,20-06-2025,Размещена
64779,10-06-2025,Размещена
64779,30-05-2025,Размещена
64779,10-05-2025,Размещена
64779,07-05-2025,Размещена
64779,28-04-2025,Размещена
64779,09-04-2025,Размещена
64779,27-03-2025,Размещена
64779,24-03-2025,Размещена
64779,11-03-2025,Размещена
64779,10-03-2025,Размещена
64779,07-03-2025,Размещена
64780,09-09-2026,Размещена
64780,12-08-2026,Размещена
64780,10-08-2026,Размещена
64780,07-07-2026,Размещена
64780,09-06-2026,Размещена
64780,20-05-2026,Размещена
64780,08-05-2026,Размещена
64780,10-04-2026,Размещена
64780,19-03-2026,Размещена
64780,19-03-2026,Размещена
64780,10-03-2026,Размещена
64780,10-02-2026,Размещена
64780,09-01-2026,Размещена
64780,09-12-2025,Размещена
64780,06-11-2025,Размещена
64780,23-10-2025,Размещена
64780,06-10-2025,Размещена
64780,09-09-2025,Размещена
64780,08-08-2025,Размещена
64780,28-07-2025,Размещена
64780,09-07-2025,Размещена
64780,20-06-2025,Размещена
64780,10-06-2025,Размещена
64780,30-05-2025,Размещена
64780,10-05-2025,Размещена
64780,07-05-2025,Размещена
64780,28-04-2025,Размещена
64780,09-04-2025,Размещена
64780,27-03-2025,Размещена
64780,24-03-2025,Размещена
64780,11-03-2025,Размещена
64780,10-03-2025,Размещена
64780,07-03-2025,Размещена
64803,09-09-2026,ДДУ зарегистрирован
64803,04-09-2026,ДДУ зарегистрирован
64803,05-08-2026,ДДУ зарегистрирован
64803,04-08-2026,ДДУ зарегистрирован
64803,30-07-2026,ДДУ зарегистрирован
64803,06-07-2026,ДДУ зарегистрирован
64803,01-07-2026,ДДУ зарегистрирован
64803,30-06-2026,ДДУ зарегистрирован
64803,23-06-2026,ДДУ зарегистрирован
64803,22-06-2026,ДДУ зарегистрирован
64803,16-06-2026,ДДУ зарегистрирован
64803,11-06-2026,ДДУ зарегистрирован
64803,09-06-2026,ДДУ зарегистрирован
64803,05-05-2026,ДДУ зарегистрирован
64803,28-04-2026,ДДУ зарегистрирован
64803,06-04-2026,ДДУ зарегистрирован
64803,06-04-2026,ДДУ зарегистрирован
64803,04-03-2026,ДДУ зарегистрирован
64803,03-02-2026,ДДУ зарегистрирован
64803,12-01-2026,ДДУ зарегистрирован
64803,04-12-2025,ДДУ зарегистрирован
64803,27-11-2025,ДДУ зарегистрирован
64803,20-11-2025,ДДУ зарегистрирован
64803,14-11-2025,ДДУ зарегистрирован
64803,14-11-2025,ДДУ зарегистрирован
64803,11-11-2025,ДДУ зарегистрирован
64803,23-10-2025,ДДУ зарегистрирован
64803,03-10-2025,ДДУ зарегистрирован
64803,05-09-2025,ДДУ зарегистрирован
64803,11-08-2025,ДДУ зарегистрирован
64803,10-07-2025,ДДУ зарегистрирован
64803,10-06-2025,ДДУ зарегистрирован
64803,05-06-2025,ДДУ зарегистрирован
64803,05-06-2025,ДДУ зарегистрирован
64803,05-06-2025,ДДУ зарегистрирован
64803,02-06-2025,ДДУ зарегистрирован
64803,12-05-2025,ДДУ зарегистрирован
64803,24-03-2025,ДДУ зарегистрирован
64803,10-03-2025,Размещена
64864,08-09-2026,ДДУ зарегистрирован
64864,08-09-2026,ДДУ зарегистрирован
64864,08-09-2026,ДДУ зарегистрирован
64864,03-08-2026,ДДУ зарегистрирован
64864,30-07-2026,ДДУ зарегистрирован
64864,03-07-2026,ДДУ зарегистрирован
64864,01-06-2026,ДДУ зарегистрирован
64864,08-05-2026,ДДУ зарегистрирован
64864,27-04-2026,ДДУ зарегистрирован
64864,08-04-2026,ДДУ зарегистрирован
64864,30-03-2026,ДДУ зарегистрирован
64864,03-03-2026,ДДУ зарегистрирован
64864,06-02-2026,ДДУ зарегистрирован
64864,08-01-2026,ДДУ зарегистрирован
64864,08-12-2025,ДДУ зарегистрирован
64864,05-11-2025,ДДУ зарегистрирован
64864,27-10-2025,ДДУ зарегистрирован
64864,14-10-2025,ДДУ зарегистрирован
64864,06-10-2025,ДДУ зарегистрирован
64864,05-09-2025,ДДУ зарегистрирован
64864,07-08-2025,ДДУ зарегистрирован
64864,28-07-2025,ДДУ зарегистрирован
64864,02-07-2025,ДДУ зарегистрирован
64864,02-06-2025,ДДУ зарегистрирован
64864,28-05-2025,ДДУ зарегистрирован
64864,27-05-2025,ДДУ зарегистрирован
64864,06-05-2025,ДДУ зарегистрирован
64864,05-05-2025,ДДУ зарегистрирован
64864,07-04-2025,ДДУ зарегистрирован
64864,20-03-2025,Размещена
64864,14-03-2025,Размещена
65412,09-09-2026,ДДУ зарегистрирован
65412,04-09-2026,ДДУ зарегистрирован
65412,07-08-2026,ДДУ зарегистрирован
65412,30-07-2026,ДДУ зарегистрирован
65412,09-07-2026,ДДУ зарегистрирован
65412,09-06-2026,ДДУ зарегистрирован
65412,09-06-2026,ДДУ зарегистрирован
65412,08-05-2026,ДДУ зарегистрирован
65412,08-05-2026,ДДУ зарегистрирован
65412,30-04-2026,ДДУ зарегистрирован
65412,13-04-2026,ДДУ зарегистрирован
65412,10-04-2026,ДДУ зарегистрирован
65412,10-04-2026,ДДУ зарегистрирован
65412,30-03-2026,ДДУ зарегистрирован
65412,06-03-2026,ДДУ зарегистрирован
65412,05-02-2026,ДДУ зарегистрирован
65412,03-02-2026,ДДУ зарегистрирован
65412,08-01-2026,ДДУ зарегистрирован
65412,29-12-2025,ДДУ зарегистрирован
65412,10-12-2025,ДДУ зарегистрирован
65412,05-12-2025,ДДУ зарегистрирован
65412,07-11-2025,ДДУ зарегистрирован
65412,05-11-2025,ДДУ зарегистрирован
65412,30-10-2025,ДДУ зарегистрирован
65412,10-10-2025,ДДУ зарегистрирован
65412,09-09-2025,ДДУ зарегистрирован
65412,08-08-2025,ДДУ зарегистрирован
65412,30-07-2025,ДДУ зарегистрирован
65412,18-07-2025,ДДУ зарегистрирован
65412,08-07-2025,ДДУ зарегистрирован
65412,02-07-2025,ДДУ зарегистрирован
65412,10-06-2025,ДДУ зарегистрирован
65412,10-06-2025,ДДУ зарегистрирован
65412,09-06-2025,ДДУ зарегистрирован
65412,09-06-2025,ДДУ зарегистрирован
65412,05-06-2025,ДДУ зарегистрирован
65412,05-06-2025,ДДУ зарегистрирован
65412,28-05-2025,ДДУ зарегистрирован
65412,21-05-2025,ДДУ зарегистрирован
65412,21-05-2025,Размещена
65412,20-05-2025,Размещена
65412,13-05-2025,Размещена
65412,07-05-2025,Размещена
65412,30-04-2025,Размещена
65412,29-04-2025,Размещена
65412,23-04-2025,Размещена
65412,18-04-2025,Размещена
65412,16-04-2025,Размещена
65554,17-09-2026,ДДУ зарегистрирован
65554,10-09-2026,ДДУ зарегистрирован
65554,20-08-2026,ДДУ зарегистрирован
65554,10-08-2026,ДДУ зарегистрирован
65554,29-07-2026,ДДУ зарегистрирован
65554,09-07-2026,ДДУ зарегистрирован
65554,10-06-2026,ДДУ зарегистрирован
65554,08-06-2026,ДДУ зарегистрирован
65554,04-05-2026,ДДУ зарегистрирован
65554,29-04-2026,ДДУ зарегистрирован
65554,08-04-2026,ДДУ зарегистрирован
65554,10-03-2026,ДДУ зарегистрирован
65554,13-02-2026,ДДУ зарегистрирован
65554,12-02-2026,ДДУ зарегистрирован
65554,06-02-2026,ДДУ зарегистрирован
65554,04-02-2026,ДДУ зарегистрирован
65554,12-01-2026,ДДУ зарегистрирован
65554,02-12-2025,ДДУ зарегистрирован
65554,01-11-2025,ДДУ зарегистрирован
65554,29-10-2025,ДДУ зарегистрирован
65554,07-10-2025,ДДУ зарегистрирован
65554,19-09-2025,ДДУ зарегистрирован
65554,18-09-2025,ДДУ зарегистрирован
65554,05-09-2025,ДДУ зарегистрирован
65554,04-08-2025,ДДУ зарегистрирован
65554,23-07-2025,ДДУ зарегистрирован
65554,07-07-2025,ДДУ зарегистрирован
65554,06-06-2025,ДДУ зарегистрирован
65554,02-06-2025,Размещена
65554,05-05-2025,Размещена
65554,30-04-2025,Размещена
65554,30-04-2025,Размещена
65554,29-04-2025,Размещена
65554,23-04-2025,Размещена
65554,23-04-2025,Размещена
65595,03-09-2026,ДДУ зарегистрирован
65595,11-08-2026,ДДУ зарегистрирован
65595,29-07-2026,ДДУ зарегистрирован
65595,10-07-2026,ДДУ зарегистрирован
65595,03-06-2026,ДДУ зарегистрирован
65595,15-05-2026,ДДУ зарегистрирован
65595,15-05-2026,ДДУ зарегистрирован
65595,04-05-2026,ДДУ зарегистрирован
65595,29-04-2026,ДДУ зарегистрирован
65595,09-04-2026,ДДУ зарегистрирован
65595,02-04-2026,ДДУ зарегистрирован
65595,31-03-2026,ДДУ зарегистрирован
65595,27-03-2026,ДДУ зарегистрирован
65595,25-03-2026,ДДУ зарегистрирован
65595,10-03-2026,ДДУ зарегистрирован
65595,20-02-2026,ДДУ зарегистрирован
65595,19-02-2026,ДДУ зарегистрирован
65595,16-02-2026,ДДУ зарегистрирован
65595,04-02-2026,ДДУ зарегистрирован
65595,12-01-2026,ДДУ зарегистрирован
65595,30-12-2025,ДДУ зарегистрирован
65595,02-12-2025,ДДУ зарегистрирован
65595,01-11-2025,ДДУ зарегистрирован
65595,29-10-2025,ДДУ зарегистрирован
65595,09-10-2025,ДДУ зарегистрирован
65595,05-09-2025,ДДУ зарегистрирован
65595,04-08-2025,ДДУ зарегистрирован
65595,23-07-2025,ДДУ зарегистрирован
65595,04-07-2025,ДДУ зарегистрирован
65595,09-06-2025,ДДУ зарегистрирован
65595,05-06-2025,ДДУ зарегистрирован
65595,29-04-2025,Размещена
65595,28-04-2025,Размещена
65595,25-04-2025,Размещена
65806,14-09-2026,ДДУ зарегистрирован
65806,08-09-2026,ДДУ зарегистрирован
65806,06-08-2026,ДДУ зарегистрирован
65806,06-07-2026,ДДУ зарегистрирован
65806,03-06-2026,ДДУ зарегистрирован
65806,08-05-2026,ДДУ зарегистрирован
65806,15-04-2026,ДДУ зарегистрирован
65806,10-04-2026,ДДУ зарегистрирован
65806,20-03-2026,ДДУ зарегистрирован
65806,10-03-2026,ДДУ зарегистрирован
65806,06-02-2026,ДДУ зарегистрирован
65806,09-01-2026,ДДУ зарегистрирован
65806,09-12-2025,ДДУ зарегистрирован
65806,06-11-2025,ДДУ зарегистрирован
65806,27-10-2025,ДДУ зарегистрирован
65806,03-10-2025,ДДУ зарегистрирован
65806,09-09-2025,ДДУ зарегистрирован
65806,08-08-2025,ДДУ зарегистрирован
65806,28-07-2025,ДДУ зарегистрирован
65806,09-07-2025,ДДУ зарегистрирован
65806,17-06-2025,ДДУ зарегистрирован
65806,10-06-2025,ДДУ зарегистрирован
65806,12-05-2025,ДДУ зарегистрирован
65806,07-05-2025,Размещена
65956,09-09-2026,Размещена
65956,10-08-2026,Размещена
65956,15-07-2026,Размещена
65956,07-07-2026,Размещена
65956,09-06-2026,Размещена
65956,02-06-2026,Размещена
65956,08-05-2026,Размещена
65956,10-04-2026,Размещена
65956,20-03-2026,Размещена
65956,19-03-2026,Размещена
65956,10-03-2026,Размещена
65956,20-02-2026,Размещена
65956,10-02-2026,Размещена
65956,09-01-2026,Размещена
65956,09-12-2025,Размещена
65956,09-12-2025,Размещена
65956,19-11-2025,Размещена
65956,06-11-2025,Размещена
65956,23-10-2025,Размещена
65956,06-10-2025,Размещена
65956,10-09-2025,Размещена
65956,01-09-2025,Размещена
65956,08-08-2025,Размещена
65956,28-07-2025,Размещена
65956,23-07-2025,Размещена
65956,09-07-2025,Размещена
65956,23-06-2025,Размещена
65956,10-06-2025,Размещена
65956,20-05-2025,Размещена
65956,19-05-2025,Размещена
65957,09-09-2026,Размещена
65957,10-08-2026,Размещена
65957,15-07-2026,Размещена
65957,07-07-2026,Размещена
65957,09-06-2026,Размещена
65957,02-06-2026,Размещена
65957,08-05-2026,Размещена
65957,10-04-2026,Размещена
65957,20-03-2026,Размещена
65957,19-03-2026,Размещена
65957,10-03-2026,Размещена
65957,20-02-2026,Размещена
65957,10-02-2026,Размещена
65957,09-01-2026,Размещена
65957,09-12-2025,Размещена
65957,09-12-2025,Размещена
65957,19-11-2025,Размещена
65957,06-11-2025,Размещена
65957,23-10-2025,Размещена
65957,06-10-2025,Размещена
65957,10-09-2025,Размещена
65957,01-09-2025,Размещена
65957,08-08-2025,Размещена
65957,28-07-2025,Размещена
65957,23-07-2025,Размещена
65957,09-07-2025,Размещена
65957,23-06-2025,Размещена
65957,10-06-2025,Размещена
65957,20-05-2025,Размещена
65957,19-05-2025,Размещена
65959,07-09-2026,ДДУ зарегистрирован
65959,05-08-2026,ДДУ зарегистрирован
65959,28-07-2026,ДДУ зарегистрирован
65959,06-07-2026,ДДУ зарегистрирован
65959,04-06-2026,ДДУ зарегистрирован
65959,28-05-2026,ДДУ зарегистрирован
65959,08-05-2026,ДДУ зарегистрирован
65959,08-05-2026,ДДУ зарегистрирован
65959,28-04-2026,ДДУ зарегистрирован
65959,10-04-2026,ДДУ зарегистрирован
65959,30-03-2026,ДДУ зарегистрирован
65959,05-03-2026,ДДУ зарегистрирован
65959,09-02-2026,ДДУ зарегистрирован
65959,12-01-2026,ДДУ зарегистрирован
65959,05-12-2025,ДДУ зарегистрирован
65959,07-11-2025,ДДУ зарегистрирован
65959,27-10-2025,ДДУ зарегистрирован
65959,07-10-2025,ДДУ зарегистрирован
65959,25-09-2025,ДДУ зарегистрирован
65959,15-09-2025,ДДУ зарегистрирован
65959,12-09-2025,ДДУ зарегистрирован
65959,05-09-2025,ДДУ зарегистрирован
65959,08-08-2025,ДДУ зарегистрирован
65959,28-07-2025,ДДУ зарегистрирован
65959,08-07-2025,ДДУ зарегистрирован
65959,07-07-2025,ДДУ зарегистрирован
65959,16-06-2025,ДДУ зарегистрирован
65959,09-06-2025,ДДУ зарегистрирован
65959,09-06-2025,Размещена
65959,05-06-2025,Размещена
65959,04-06-2025,Размещена
65959,22-05-2025,Размещена
65959,20-05-2025,Размещена
65959,20-05-2025,Размещена
66051,09-09-2026,ДДУ зарегистрирован
66051,10-08-2026,ДДУ зарегистрирован
66051,10-07-2026,ДДУ зарегистрирован
66051,25-06-2026,ДДУ зарегистрирован
66051,10-06-2026,ДДУ зарегистрирован
66051,08-05-2026,ДДУ зарегистрирован
66051,10-04-2026,ДДУ зарегистрирован
66051,10-03-2026,ДДУ зарегистрирован
66051,10-02-2026,ДДУ зарегистрирован
66051,12-01-2026,ДДУ зарегистрирован
66051,09-12-2025,ДДУ зарегистрирован
66051,10-11-2025,ДДУ зарегистрирован
66051,10-10-2025,ДДУ зарегистрирован
66051,10-09-2025,ДДУ зарегистрирован
66051,11-08-2025,ДДУ зарегистрирован
66051,10-07-2025,ДДУ зарегистрирован
66051,10-06-2025,ДДУ зарегистрирован
66051,27-05-2025,Размещена
66051,26-05-2025,Размещена
66389,10-09-2026,ДДУ зарегистрирован
66389,10-08-2026,ДДУ зарегистрирован
66389,30-07-2026,ДДУ зарегистрирован
66389,09-07-2026,ДДУ зарегистрирован
66389,16-06-2026,ДДУ зарегистрирован
66389,09-06-2026,ДДУ зарегистрирован
66389,14-05-2026,ДДУ зарегистрирован
66389,14-05-2026,ДДУ зарегистрирован
66389,13-05-2026,ДДУ зарегистрирован
66389,07-05-2026,ДДУ зарегистрирован
66389,28-04-2026,ДДУ зарегистрирован
66389,09-04-2026,ДДУ зарегистрирован
66389,27-03-2026,ДДУ зарегистрирован
66389,05-03-2026,ДДУ зарегистрирован
66389,27-02-2026,ДДУ зарегистрирован
66389,26-02-2026,ДДУ зарегистрирован
66389,24-02-2026,ДДУ зарегистрирован
66389,19-02-2026,ДДУ зарегистрирован
66389,17-02-2026,ДДУ зарегистрирован
66389,10-02-2026,ДДУ зарегистрирован
66389,14-01-2026,ДДУ зарегистрирован
66389,13-01-2026,ДДУ зарегистрирован
66389,12-01-2026,ДДУ зарегистрирован
66389,09-01-2026,ДДУ зарегистрирован
66389,09-12-2025,ДДУ зарегистрирован
66389,10-11-2025,ДДУ зарегистрирован
66389,30-10-2025,ДДУ зарегистрирован
66389,30-10-2025,ДДУ зарегистрирован
66389,10-10-2025,ДДУ зарегистрирован
66389,09-09-2025,ДДУ зарегистрирован
66389,08-09-2025,ДДУ зарегистрирован
66389,04-09-2025,ДДУ зарегистрирован
66389,20-08-2025,ДДУ зарегистрирован
66389,08-08-2025,ДДУ зарегистрирован
66389,30-07-2025,ДДУ зарегистрирован
66389,09-07-2025,ДДУ зарегистрирован
66389,07-07-2025,Размещена
66389,23-06-2025,Размещена
66431,09-09-2026,ДДУ зарегистрирован
66431,10-08-2026,ДДУ зарегистрирован
66431,06-07-2026,ДДУ зарегистрирован
66431,19-06-2026,ДДУ зарегистрирован
66431,17-06-2026,ДДУ зарегистрирован
66431,09-06-2026,ДДУ зарегистрирован
66431,08-05-2026,ДДУ зарегистрирован
66431,15-04-2026,ДДУ зарегистрирован
66431,10-04-2026,ДДУ зарегистрирован
66431,20-03-2026,ДДУ зарегистрирован
66431,10-03-2026,ДДУ зарегистрирован
66431,09-02-2026,ДДУ зарегистрирован
66431,09-01-2026,ДДУ зарегистрирован
66431,09-12-2025,ДДУ зарегистрирован
66431,06-11-2025,ДДУ зарегистрирован
66431,22-10-2025,ДДУ зарегистрирован
66431,10-10-2025,ДДУ зарегистрирован
66431,03-10-2025,ДДУ зарегистрирован
66431,09-09-2025,ДДУ зарегистрирован
66431,08-08-2025,ДДУ зарегистрирован
66431,28-07-2025,ДДУ зарегистрирован
66431,11-07-2025,ДДУ зарегистрирован
66431,09-07-2025,ДДУ зарегистрирован
66431,25-06-2025,ДДУ зарегистрирован
66432,09-09-2026,ДДУ зарегистрирован
66432,10-08-2026,ДДУ зарегистрирован
66432,06-07-2026,ДДУ зарегистрирован
66432,19-06-2026,ДДУ зарегистрирован
66432,17-06-2026,ДДУ зарегистрирован
66432,09-06-2026,ДДУ зарегистрирован
66432,08-05-2026,ДДУ зарегистрирован
66432,15-04-2026,ДДУ зарегистрирован
66432,10-04-2026,ДДУ зарегистрирован
66432,20-03-2026,ДДУ зарегистрирован
66432,10-03-2026,ДДУ зарегистрирован
66432,09-02-2026,ДДУ зарегистрирован
66432,09-01-2026,ДДУ зарегистрирован
66432,09-12-2025,ДДУ зарегистрирован
66432,06-11-2025,ДДУ зарегистрирован
66432,22-10-2025,ДДУ зарегистрирован
66432,10-10-2025,ДДУ зарегистрирован
66432,03-10-2025,ДДУ зарегистрирован
66432,09-09-2025,ДДУ зарегистрирован
66432,08-08-2025,ДДУ зарегистрирован
66432,28-07-2025,ДДУ зарегистрирован
66432,11-07-2025,ДДУ зарегистрирован
66432,09-07-2025,ДДУ зарегистрирован
66432,25-06-2025,ДДУ зарегистрирован
66742,08-09-2026,ДДУ зарегистрирован
66742,08-09-2026,ДДУ зарегистрирован
66742,10-08-2026,ДДУ зарегистрирован
66742,07-08-2026,ДДУ зарегистрирован
66742,06-08-2026,ДДУ зарегистрирован
66742,29-07-2026,ДДУ зарегистрирован
66742,08-07-2026,ДДУ зарегистрирован
66742,08-06-2026,ДДУ зарегистрирован
66742,07-05-2026,ДДУ зарегистрирован
66742,29-04-2026,ДДУ зарегистрирован
66742,07-04-2026,ДДУ зарегистрирован
66742,12-03-2026,ДДУ зарегистрирован
66742,06-03-2026,ДДУ зарегистрирован
66742,04-03-2026,ДДУ зарегистрирован
66742,17-02-2026,ДДУ зарегистрирован
66742,09-02-2026,ДДУ зарегистрирован
66742,06-02-2026,ДДУ зарегистрирован
66742,06-02-2026,ДДУ зарегистрирован
66742,13-01-2026,ДДУ зарегистрирован
66742,09-12-2025,ДДУ зарегистрирован
66742,09-12-2025,ДДУ зарегистрирован
66742,10-11-2025,ДДУ зарегистрирован
66742,15-10-2025,ДДУ зарегистрирован
66742,06-10-2025,ДДУ зарегистрирован
66742,17-09-2025,ДДУ зарегистрирован
66742,17-09-2025,ДДУ зарегистрирован
66742,12-09-2025,ДДУ зарегистрирован
66742,11-09-2025,ДДУ зарегистрирован
66742,09-09-2025,ДДУ зарегистрирован
66742,27-08-2025,ДДУ зарегистрирован
66742,27-08-2025,ДДУ зарегистрирован
66742,26-08-2025,ДДУ зарегистрирован
66742,25-08-2025,Размещена
66742,22-08-2025,Размещена
66742,30-07-2025,Размещена
66742,18-07-2025,Размещена
66792,05-11-2025,Размещена
66792,01-10-2025,Размещена
66792,04-09-2025,Размещена
66792,01-08-2025,Размещена
66792,22-07-2025,Размещена
66849,10-09-2026,Размещена
66849,10-08-2026,Размещена
66849,30-07-2026,Размещена
66849,09-07-2026,Размещена
66849,09-06-2026,Размещена
66849,07-05-2026,Размещена
66849,28-04-2026,Размещена
66849,09-04-2026,Размещена
66849,27-03-2026,Размещена
66849,05-03-2026,Размещена
66849,26-02-2026,Размещена
66849,24-02-2026,Размещена
66849,19-02-2026,Размещена
66849,10-02-2026,Размещена
66849,14-01-2026,Размещена
66849,14-01-2026,Размещена
66849,12-01-2026,Размещена
66849,09-01-2026,Размещена
66849,09-12-2025,Размещена
66849,18-11-2025,Размещена
66849,10-11-2025,Размещена
66849,30-10-2025,Размещена
66849,10-10-2025,Размещена
66849,09-09-2025,Размещена
66849,04-09-2025,Размещена
66849,08-08-2025,Размещена
66849,30-07-2025,Размещена
66849,25-07-2025,Размещена
66851,10-09-2026,Размещена
66851,10-08-2026,Размещена
66851,30-07-2026,Размещена
66851,09-07-2026,Размещена
66851,09-06-2026,Размещена
66851,07-05-2026,Размещена
66851,28-04-2026,Размещена
66851,09-04-2026,Размещена
66851,27-03-2026,Размещена
66851,05-03-2026,Размещена
66851,26-02-2026,Размещена
66851,24-02-2026,Размещена
66851,19-02-2026,Размещена
66851,10-02-2026,Размещена
66851,14-01-2026,Размещена
66851,14-01-2026,Размещена
66851,12-01-2026,Размещена
66851,09-01-2026,Размещена
66851,09-12-2025,Размещена
66851,18-11-2025,Размещена
66851,10-11-2025,Размещена
66851,30-10-2025,Размещена
66851,10-10-2025,Размещена
66851,09-09-2025,Размещена
66851,04-09-2025,Размещена
66851,08-08-2025,Размещена
66851,30-07-2025,Размещена
66851,25-07-2025,Размещена
66965,07-09-2026,ДДУ зарегистрирован
66965,05-08-2026,ДДУ зарегистрирован
66965,28-07-2026,ДДУ зарегистрирован
66965,14-07-2026,ДДУ зарегистрирован
66965,03-07-2026,ДДУ зарегистрирован
66965,03-06-2026,ДДУ зарегистрирован
66965,29-05-2026,ДДУ зарегистрирован
66965,07-05-2026,ДДУ зарегистрирован
66965,30-04-2026,ДДУ зарегистрирован
66965,10-04-2026,ДДУ зарегистрирован
66965,03-04-2026,ДДУ зарегистрирован
66965,12-03-2026,ДДУ зарегистрирован
66965,03-03-2026,ДДУ зарегистрирован
66965,04-02-2026,ДДУ зарегистрирован
66965,02-01-2026,ДДУ зарегистрирован
66965,03-12-2025,ДДУ зарегистрирован
66965,24-11-2025,ДДУ зарегистрирован
66965,05-11-2025,ДДУ зарегистрирован
66965,30-10-2025,ДДУ зарегистрирован
66965,08-10-2025,ДДУ зарегистрирован
66965,08-10-2025,ДДУ зарегистрирован
66965,08-10-2025,ДДУ зарегистрирован
66965,06-10-2025,ДДУ зарегистрирован
66965,23-09-2025,ДДУ зарегистрирован
66965,12-09-2025,ДДУ зарегистрирован
66965,29-08-2025,ДДУ зарегистрирован
66965,18-08-2025,Размещена
66965,06-08-2025,Размещена
66965,05-08-2025,Размещена
66969,19-12-2025,ДДУ зарегистрирован
66969,09-12-2025,ДДУ зарегистрирован
66969,06-11-2025,ДДУ зарегистрирован
66969,27-10-2025,ДДУ зарегистрирован
66969,03-10-2025,ДДУ зарегистрирован
66969,29-09-2025,ДДУ зарегистрирован
66969,09-09-2025,ДДУ зарегистрирован
66969,03-09-2025,ДДУ зарегистрирован
66969,08-08-2025,ДДУ зарегистрирован
66969,05-08-2025,ДДУ зарегистрирован
66969,05-08-2025,Размещена
66969,28-07-2025,ДДУ зарегистрирован
66969,09-07-2025,ДДУ зарегистрирован
66969,10-06-2025,ДДУ зарегистрирован
66969,06-06-2025,ДДУ зарегистрирован
66969,10-05-2025,ДДУ зарегистрирован
66969,07-05-2025,ДДУ зарегистрирован
66969,28-04-2025,ДДУ зарегистрирован
66969,28-04-2025,ДДУ зарегистрирован
66969,17-04-2025,ДДУ зарегистрирован
66969,17-04-2025,ДДУ зарегистрирован
66969,11-04-2025,ДДУ зарегистрирован
66969,09-04-2025,ДДУ зарегистрирован
66969,14-03-2025,ДДУ зарегистрирован
66969,10-03-2025,ДДУ зарегистрирован
66969,14-02-2025,ДДУ зарегистрирован
66969,07-02-2025,ДДУ зарегистрирован
66969,10-01-2025,ДДУ зарегистрирован
66969,09-12-2024,ДДУ зарегистрирован
66969,08-11-2024,ДДУ зарегистрирован
66969,08-11-2024,ДДУ зарегистрирован
66969,29-10-2024,ДДУ зарегистрирован
66969,07-10-2024,ДДУ зарегистрирован
66969,12-09-2024,ДДУ зарегистрирован
66969,10-09-2024,ДДУ зарегистрирован
66969,20-08-2024,ДДУ зарегистрирован
66969,08-08-2024,ДДУ зарегистрирован
66969,29-07-2024,ДДУ зарегистрирован
66969,12-07-2024,ДДУ зарегистрирован
66969,10-07-2024,ДДУ зарегистрирован
66969,07-06-2024,ДДУ зарегистрирован
66969,15-05-2024,ДДУ зарегистрирован
66969,07-05-2024,ДДУ зарегистрирован
66969,27-04-2024,ДДУ зарегистрирован
66969,09-04-2024,ДДУ зарегистрирован
66969,22-03-2024,ДДУ зарегистрирован
66969,07-03-2024,ДДУ зарегистрирован
66969,16-02-2024,ДДУ зарегистрирован
66969,15-02-2024,ДДУ зарегистрирован
66969,05-02-2024,ДДУ зарегистрирован
66969,10-01-2024,ДДУ зарегистрирован
66969,08-12-2023,ДДУ зарегистрирован
66969,10-11-2023,ДДУ зарегистрирован
66969,10-10-2023,ДДУ зарегистрирован
66969,09-10-2023,ДДУ зарегистрирован
66969,07-09-2023,ДДУ зарегистрирован
66969,25-08-2023,ДДУ зарегистрирован
66969,09-08-2023,ДДУ зарегистрирован
66969,05-07-2023,ДДУ зарегистрирован
66969,06-06-2023,ДДУ зарегистрирован
66969,05-05-2023,ДДУ зарегистрирован
66969,20-04-2023,Размещена
66969,19-04-2023,Размещена
66970,19-12-2025,ДДУ зарегистрирован
66970,09-12-2025,ДДУ зарегистрирован
66970,06-11-2025,ДДУ зарегистрирован
66970,27-10-2025,ДДУ зарегистрирован
66970,03-10-2025,ДДУ зарегистрирован
66970,29-09-2025,ДДУ зарегистрирован
66970,09-09-2025,ДДУ зарегистрирован
66970,03-09-2025,ДДУ зарегистрирован
66970,08-08-2025,ДДУ зарегистрирован
66970,05-08-2025,ДДУ зарегистрирован
66970,05-08-2025,Размещена
66970,28-07-2025,ДДУ зарегистрирован
66970,09-07-2025,ДДУ зарегистрирован
66970,10-06-2025,ДДУ зарегистрирован
66970,06-06-2025,ДДУ зарегистрирован
66970,10-05-2025,ДДУ зарегистрирован
66970,07-05-2025,ДДУ зарегистрирован
66970,28-04-2025,ДДУ зарегистрирован
66970,28-04-2025,ДДУ зарегистрирован
66970,17-04-2025,ДДУ зарегистрирован
66970,17-04-2025,ДДУ зарегистрирован
66970,11-04-2025,ДДУ зарегистрирован
66970,09-04-2025,ДДУ зарегистрирован
66970,14-03-2025,ДДУ зарегистрирован
66970,10-03-2025,ДДУ зарегистрирован
66970,14-02-2025,ДДУ зарегистрирован
66970,07-02-2025,ДДУ зарегистрирован
66970,10-01-2025,ДДУ зарегистрирован
66970,09-12-2024,ДДУ зарегистрирован
66970,08-11-2024,ДДУ зарегистрирован
66970,08-11-2024,ДДУ зарегистрирован
66970,29-10-2024,ДДУ зарегистрирован
66970,07-10-2024,ДДУ зарегистрирован
66970,12-09-2024,ДДУ зарегистрирован
66970,10-09-2024,ДДУ зарегистрирован
66970,20-08-2024,ДДУ зарегистрирован
66970,08-08-2024,ДДУ зарегистрирован
66970,29-07-2024,ДДУ зарегистрирован
66970,12-07-2024,ДДУ зарегистрирован
66970,10-07-2024,ДДУ зарегистрирован
66970,07-06-2024,ДДУ зарегистрирован
66970,15-05-2024,ДДУ зарегистрирован
66970,07-05-2024,ДДУ зарегистрирован
66970,27-04-2024,ДДУ зарегистрирован
66970,09-04-2024,ДДУ зарегистрирован
66970,22-03-2024,ДДУ зарегистрирован
66970,07-03-2024,ДДУ зарегистрирован
66970,16-02-2024,ДДУ зарегистрирован
66970,15-02-2024,ДДУ зарегистрирован
66970,05-02-2024,ДДУ зарегистрирован
66970,10-01-2024,ДДУ зарегистрирован
66970,08-12-2023,ДДУ зарегистрирован
66970,10-11-2023,ДДУ зарегистрирован
66970,10-10-2023,ДДУ зарегистрирован
66970,09-10-2023,ДДУ зарегистрирован
66970,07-09-2023,ДДУ зарегистрирован
66970,25-08-2023,ДДУ зарегистрирован
66970,09-08-2023,ДДУ зарегистрирован
66970,05-07-2023,ДДУ зарегистрирован
66970,06-06-2023,ДДУ зарегистрирован
66970,05-05-2023,ДДУ зарегистрирован
66970,20-04-2023,Размещена
66970,19-04-2023,Размещена
67097,07-09-2026,ДДУ зарегистрирован
67097,06-08-2026,ДДУ зарегистрирован
67097,27-07-2026,ДДУ зарегистрирован
67097,03-07-2026,ДДУ зарегистрирован
67097,08-06-2026,ДДУ зарегистрирован
67097,05-05-2026,ДДУ зарегистрирован
67097,09-04-2026,ДДУ зарегистрирован
67097,05-03-2026,ДДУ зарегистрирован
67097,06-02-2026,ДДУ зарегистрирован
67097,09-01-2026,ДДУ зарегистрирован
67097,05-12-2025,ДДУ зарегистрирован
67097,10-11-2025,ДДУ зарегистрирован
67097,10-11-2025,ДДУ зарегистрирован
67097,13-10-2025,ДДУ зарегистрирован
67097,10-10-2025,ДДУ зарегистрирован
67097,26-09-2025,ДДУ зарегистрирован
67097,09-09-2025,ДДУ зарегистрирован
67097,19-08-2025,ДДУ зарегистрирован
67097,13-08-2025,Размещена
67142,08-09-2026,ДДУ зарегистрирован
67142,06-08-2026,ДДУ зарегистрирован
67142,06-07-2026,ДДУ зарегистрирован
67142,16-06-2026,ДДУ зарегистрирован
67142,03-06-2026,ДДУ зарегистрирован
67142,08-05-2026,ДДУ зарегистрирован
67142,15-04-2026,ДДУ зарегистрирован
67142,10-04-2026,ДДУ зарегистрирован
67142,20-03-2026,ДДУ зарегистрирован
67142,19-03-2026,ДДУ зарегистрирован
67142,10-03-2026,ДДУ зарегистрирован
67142,06-02-2026,ДДУ зарегистрирован
67142,09-01-2026,ДДУ зарегистрирован
67142,09-12-2025,ДДУ зарегистрирован
67142,06-11-2025,ДДУ зарегистрирован
67142,27-10-2025,ДДУ зарегистрирован
67142,03-10-2025,ДДУ зарегистрирован
67142,01-10-2025,ДДУ зарегистрирован
67142,09-09-2025,ДДУ зарегистрирован
67142,25-08-2025,ДДУ зарегистрирован
67142,15-08-2025,Размещена
67142,14-08-2025,Размещена
67142,14-08-2025,Размещена
67801,07-09-2026,ДДУ зарегистрирован
67801,04-08-2026,ДДУ зарегистрирован
67801,28-07-2026,ДДУ зарегистрирован
67801,21-07-2026,ДДУ зарегистрирован
67801,10-07-2026,ДДУ зарегистрирован
67801,03-07-2026,ДДУ зарегистрирован
67801,02-06-2026,ДДУ зарегистрирован
67801,08-05-2026,ДДУ зарегистрирован
67801,08-05-2026,ДДУ зарегистрирован
67801,17-04-2026,ДДУ зарегистрирован
67801,16-04-2026,ДДУ зарегистрирован
67801,16-04-2026,ДДУ зарегистрирован
67801,13-04-2026,ДДУ зарегистрирован
67801,10-03-2026,ДДУ зарегистрирован
67801,05-02-2026,ДДУ зарегистрирован
67801,13-01-2026,ДДУ зарегистрирован
67801,24-12-2025,ДДУ зарегистрирован
67801,24-12-2025,Размещена
67801,18-12-2025,Размещена
67801,18-12-2025,Размещена
67801,18-12-2025,Размещена
67801,12-12-2025,Размещена
67801,02-12-2025,Размещена
67801,02-12-2025,Размещена
67801,20-09-2025,Размещена
68298,10-09-2026,ДДУ зарегистрирован
68298,10-08-2026,ДДУ зарегистрирован
68298,30-07-2026,ДДУ зарегистрирован
68298,09-07-2026,ДДУ зарегистрирован
68298,15-06-2026,ДДУ зарегистрирован
68298,09-06-2026,ДДУ зарегистрирован
68298,20-05-2026,ДДУ зарегистрирован
68298,07-05-2026,ДДУ зарегистрирован
68298,06-05-2026,ДДУ зарегистрирован
68298,04-05-2026,ДДУ зарегистрирован
68298,30-04-2026,ДДУ зарегистрирован
68298,09-04-2026,ДДУ зарегистрирован
68298,27-03-2026,ДДУ зарегистрирован
68298,05-03-2026,ДДУ зарегистрирован
68298,27-02-2026,ДДУ зарегистрирован
68298,25-02-2026,ДДУ зарегистрирован
68298,16-02-2026,ДДУ зарегистрирован
68298,10-02-2026,ДДУ зарегистрирован
68298,05-02-2026,ДДУ зарегистрирован
68298,04-02-2026,ДДУ зарегистрирован
68298,26-01-2026,ДДУ зарегистрирован
68298,26-01-2026,ДДУ зарегистрирован
68298,12-01-2026,ДДУ зарегистрирован
68298,09-01-2026,ДДУ зарегистрирован
68298,09-12-2025,ДДУ зарегистрирован
68298,21-11-2025,ДДУ зарегистрирован
68298,13-11-2025,ДДУ зарегистрирован
68298,10-11-2025,ДДУ зарегистрирован
68298,31-10-2025,ДДУ зарегистрирован
68298,30-10-2025,ДДУ зарегистрирован
68298,20-10-2025,ДДУ зарегистрирован
68298,20-10-2025,Размещена
68298,20-10-2025,Размещена
68298,20-10-2025,Размещена
68298,14-10-2025,Размещена
68346,10-09-2026,ДДУ зарегистрирован
68346,06-08-2026,ДДУ зарегистрирован
68346,30-07-2026,ДДУ зарегистрирован
68346,08-07-2026,ДДУ зарегистрирован
68346,01-06-2026,ДДУ зарегистрирован
68346,07-05-2026,ДДУ зарегистрирован
68346,30-04-2026,ДДУ зарегистрирован
68346,29-04-2026,ДДУ зарегистрирован
68346,09-04-2026,ДДУ зарегистрирован
68346,27-03-2026,ДДУ зарегистрирован
68346,10-03-2026,ДДУ зарегистрирован
68346,10-02-2026,ДДУ зарегистрирован
68346,22-01-2026,ДДУ зарегистрирован
68346,12-01-2026,ДДУ зарегистрирован
68346,10-12-2025,ДДУ зарегистрирован
68346,10-12-2025,ДДУ зарегистрирован
68346,28-11-2025,ДДУ зарегистрирован
68346,10-11-2025,ДДУ зарегистрирован
68346,31-10-2025,ДДУ зарегистрирован
68346,30-10-2025,Размещена
68346,16-10-2025,Размещена
68346,16-10-2025,Размещена
68866,11-09-2026,ДДУ зарегистрирован
68866,11-09-2026,ДДУ зарегистрирован
68866,07-09-2026,ДДУ зарегистрирован
68866,03-09-2026,ДДУ зарегистрирован
68866,12-08-2026,ДДУ зарегистрирован
68866,06-08-2026,ДДУ зарегистрирован
68866,29-07-2026,ДДУ зарегистрирован
68866,07-07-2026,ДДУ зарегистрирован
68866,05-06-2026,ДДУ зарегистрирован
68866,05-05-2026,ДДУ зарегистрирован
68866,05-05-2026,ДДУ зарегистрирован
68866,29-04-2026,ДДУ зарегистрирован
68866,29-04-2026,ДДУ зарегистрирован
68866,03-04-2026,ДДУ зарегистрирован
68866,26-03-2026,ДДУ зарегистрирован
68866,05-03-2026,ДДУ зарегистрирован
68866,04-02-2026,ДДУ зарегистрирован
68866,12-01-2026,ДДУ зарегистрирован
68866,22-12-2025,ДДУ зарегистрирован
68866,22-12-2025,Размещена
68866,19-12-2025,Размещена
68866,19-12-2025,Размещена
68866,20-11-2025,Размещена
68866,18-11-2025,Размещена
69073,09-09-2026,ДДУ зарегистрирован
69073,07-08-2026,ДДУ зарегистрирован
69073,27-07-2026,ДДУ зарегистрирован
69073,16-07-2026,ДДУ зарегистрирован
69073,15-07-2026,ДДУ зарегистрирован
69073,09-07-2026,ДДУ зарегистрирован
69073,08-06-2026,ДДУ зарегистрирован
69073,07-05-2026,ДДУ зарегистрирован
69073,29-04-2026,ДДУ зарегистрирован
69073,21-04-2026,ДДУ зарегистрирован
69073,21-04-2026,ДДУ зарегистрирован
69073,21-04-2026,ДДУ зарегистрирован
69073,10-04-2026,ДДУ зарегистрирован
69073,27-03-2026,ДДУ зарегистрирован
69073,23-03-2026,ДДУ зарегистрирован
69073,06-03-2026,ДДУ зарегистрирован
69073,09-02-2026,ДДУ зарегистрирован
69073,06-02-2026,ДДУ зарегистрирован
69073,06-02-2026,ДДУ зарегистрирован
69073,03-02-2026,ДДУ зарегистрирован
69073,09-01-2026,ДДУ зарегистрирован
69073,29-12-2025,ДДУ зарегистрирован
69073,10-12-2025,ДДУ зарегистрирован
69073,10-12-2025,Размещена
69073,01-12-2025,Размещена
69074,09-09-2026,ДДУ зарегистрирован
69074,07-08-2026,ДДУ зарегистрирован
69074,27-07-2026,ДДУ зарегистрирован
69074,16-07-2026,ДДУ зарегистрирован
69074,15-07-2026,ДДУ зарегистрирован
69074,09-07-2026,ДДУ зарегистрирован
69074,08-06-2026,ДДУ зарегистрирован
69074,07-05-2026,ДДУ зарегистрирован
69074,29-04-2026,ДДУ зарегистрирован
69074,21-04-2026,ДДУ зарегистрирован
69074,21-04-2026,ДДУ зарегистрирован
69074,21-04-2026,ДДУ зарегистрирован
69074,10-04-2026,ДДУ зарегистрирован
69074,27-03-2026,ДДУ зарегистрирован
69074,23-03-2026,ДДУ зарегистрирован
69074,06-03-2026,ДДУ зарегистрирован
69074,09-02-2026,ДДУ зарегистрирован
69074,06-02-2026,ДДУ зарегистрирован
69074,06-02-2026,ДДУ зарегистрирован
69074,03-02-2026,ДДУ зарегистрирован
69074,09-01-2026,ДДУ зарегистрирован
69074,29-12-2025,ДДУ зарегистрирован
69074,10-12-2025,ДДУ зарегистрирован
69074,10-12-2025,Размещена
69074,01-12-2025,Размещена
69111,07-09-2026,ДДУ зарегистрирован
69111,10-08-2026,ДДУ зарегистрирован
69111,29-07-2026,ДДУ зарегистрирован
69111,10-07-2026,ДДУ зарегистрирован
69111,10-06-2026,ДДУ зарегистрирован
69111,05-05-2026,ДДУ зарегистрирован
69111,29-04-2026,ДДУ зарегистрирован
69111,10-04-2026,ДДУ зарегистрирован
69111,30-03-2026,ДДУ зарегистрирован
69111,10-03-2026,ДДУ зарегистрирован
69111,04-02-2026,ДДУ зарегистрирован
69111,28-01-2026,ДДУ зарегистрирован
69111,28-01-2026,ДДУ зарегистрирован
69111,28-01-2026,ДДУ зарегистрирован
69111,12-01-2026,ДДУ зарегистрирован
69111,02-12-2025,ДДУ зарегистрирован
69185,05-09-2026,Размещена
69185,26-08-2026,Размещена
69185,20-08-2026,Размещена
69185,12-08-2026,Размещена
69185,12-08-2026,Размещена
69185,30-07-2026,Размещена
69185,23-07-2026,Размещена
69185,16-07-2026,Размещена
69185,08-07-2026,Размещена
69185,05-06-2026,Размещена
69185,07-05-2026,Размещена
69185,02-04-2026,Размещена
69185,04-03-2026,Размещена
69185,05-02-2026,Размещена
69185,12-01-2026,Размещена
69185,12-12-2025,Размещена
69185,05-12-2025,Размещена
69185,05-12-2025,Размещена
69602,08-09-2026,ДДУ зарегистрирован
69602,31-08-2026,ДДУ зарегистрирован
69602,05-08-2026,ДДУ зарегистрирован
69602,29-07-2026,ДДУ зарегистрирован
69602,07-07-2026,ДДУ зарегистрирован
69602,30-06-2026,ДДУ зарегистрирован
69602,16-06-2026,ДДУ зарегистрирован
69602,09-06-2026,ДДУ зарегистрирован
69602,18-05-2026,ДДУ зарегистрирован
69602,06-05-2026,ДДУ зарегистрирован
69602,28-04-2026,Размещена
69602,27-04-2026,Размещена
69602,17-04-2026,Размещена
69602,10-04-2026,Размещена
69602,10-04-2026,Размещена
69602,20-03-2026,Размещена
69602,06-03-2026,Размещена
69602,20-02-2026,Размещена
69602,10-02-2026,Размещена
69602,09-01-2026,Размещена
69602,30-12-2025,Размещена
69602,26-12-2025,Размещена
69660,01-09-2026,ДДУ зарегистрирован
69660,03-08-2026,ДДУ зарегистрирован
69660,28-07-2026,ДДУ зарегистрирован
69660,01-07-2026,ДДУ зарегистрирован
69660,01-06-2026,ДДУ зарегистрирован
69660,04-05-2026,ДДУ зарегистрирован
69660,27-04-2026,ДДУ зарегистрирован
69660,03-04-2026,ДДУ зарегистрирован
69660,26-03-2026,ДДУ зарегистрирован
69660,03-03-2026,ДДУ зарегистрирован
69660,03-02-2026,ДДУ зарегистрирован
69660,03-02-2026,ДДУ зарегистрирован
69660,14-01-2026,ДДУ зарегистрирован
69660,26-12-2025,Размещена
69669,31-08-2026,ДДУ зарегистрирован
69669,26-08-2026,ДДУ зарегистрирован
69669,21-08-2026,ДДУ зарегистрирован
69669,21-08-2026,ДДУ зарегистрирован
69669,06-08-2026,ДДУ зарегистрирован
69669,06-07-2026,ДДУ зарегистрирован
69669,02-07-2026,ДДУ зарегистрирован
69669,22-06-2026,ДДУ зарегистрирован
69669,03-06-2026,ДДУ зарегистрирован
69669,08-05-2026,ДДУ зарегистрирован
69669,08-05-2026,ДДУ зарегистрирован
69669,24-04-2026,ДДУ зарегистрирован
69669,15-04-2026,ДДУ зарегистрирован
69669,10-04-2026,ДДУ зарегистрирован
69669,20-03-2026,ДДУ зарегистрирован
69669,19-03-2026,ДДУ зарегистрирован
69669,11-03-2026,ДДУ зарегистрирован
69669,10-03-2026,ДДУ зарегистрирован
69669,03-03-2026,ДДУ зарегистрирован
69669,25-02-2026,ДДУ зарегистрирован
69669,24-02-2026,ДДУ зарегистрирован
69669,24-02-2026,ДДУ зарегистрирован
69669,06-02-2026,ДДУ зарегистрирован
69669,05-02-2026,Размещена
69669,04-02-2026,Размещена
69669,09-01-2026,Размещена
69669,29-12-2025,Размещена
69669,28-12-2025,Размещена
69669,27-12-2025,Размещена
69669,19-12-2025,ДДУ зарегистрирован
69669,11-12-2025,ДДУ зарегистрирован
69669,10-12-2025,ДДУ зарегистрирован
69669,09-12-2025,ДДУ зарегистрирован
69669,06-11-2025,ДДУ зарегистрирован
69669,27-10-2025,ДДУ зарегистрирован
69669,03-10-2025,ДДУ зарегистрирован
69669,09-09-2025,ДДУ зарегистрирован
69669,05-09-2025,ДДУ зарегистрирован
69669,14-08-2025,ДДУ зарегистрирован
69669,08-08-2025,ДДУ зарегистрирован
69669,28-07-2025,ДДУ зарегистрирован
69669,09-07-2025,ДДУ зарегистрирован
69669,17-06-2025,ДДУ зарегистрирован
69669,10-06-2025,ДДУ зарегистрирован
69669,07-05-2025,ДДУ зарегистрирован
69669,28-04-2025,ДДУ зарегистрирован
69669,09-04-2025,ДДУ зарегистрирован
69669,25-03-2025,ДДУ зарегистрирован
69669,07-03-2025,ДДУ зарегистрирован
69669,07-02-2025,ДДУ зарегистрирован
69669,04-02-2025,ДДУ зарегистрирован
69669,10-01-2025,ДДУ зарегистрирован
69669,09-12-2024,ДДУ зарегистрирован
69669,08-11-2024,ДДУ зарегистрирован
69669,29-10-2024,ДДУ зарегистрирован
69669,07-10-2024,ДДУ зарегистрирован
69669,12-09-2024,ДДУ зарегистрирован
69669,10-09-2024,ДДУ зарегистрирован
69669,08-08-2024,ДДУ зарегистрирован
69669,29-07-2024,ДДУ зарегистрирован
69669,10-07-2024,ДДУ зарегистрирован
69669,08-07-2024,ДДУ зарегистрирован
69669,01-07-2024,ДДУ зарегистрирован
69669,06-06-2024,ДДУ зарегистрирован
69669,07-05-2024,ДДУ зарегистрирован
69669,27-04-2024,ДДУ зарегистрирован
69669,09-04-2024,ДДУ зарегистрирован
69669,22-03-2024,ДДУ зарегистрирован
69669,07-03-2024,ДДУ зарегистрирован
69669,16-02-2024,ДДУ зарегистрирован
69669,15-02-2024,ДДУ зарегистрирован
69669,09-02-2024,ДДУ зарегистрирован
69669,10-01-2024,ДДУ зарегистрирован
69669,08-12-2023,ДДУ зарегистрирован
69669,10-11-2023,ДДУ зарегистрирован
69669,19-10-2023,ДДУ зарегистрирован
69669,10-10-2023,ДДУ зарегистрирован
69669,09-10-2023,ДДУ зарегистрирован
69669,06-09-2023,ДДУ зарегистрирован
69669,01-09-2023,ДДУ зарегистрирован
69669,24-08-2023,ДДУ зарегистрирован
69669,09-08-2023,ДДУ зарегистрирован
69669,05-07-2023,ДДУ зарегистрирован
69669,06-06-2023,ДДУ зарегистрирован
69669,10-05-2023,ДДУ зарегистрирован
69669,10-05-2023,ДДУ зарегистрирован
69669,10-04-2023,ДДУ зарегистрирован
69669,22-03-2023,ДДУ зарегистрирован
69669,10-03-2023,ДДУ зарегистрирован
69669,09-02-2023,ДДУ зарегистрирован
69669,09-01-2023,ДДУ зарегистрирован
69669,27-12-2022,ДДУ зарегистрирован
69669,22-12-2022,ДДУ зарегистрирован
69669,09-12-2022,ДДУ зарегистрирован
69669,06-12-2022,ДДУ зарегистрирован
69669,08-11-2022,ДДУ зарегистрирован
69669,05-10-2022,ДДУ зарегистрирован
69669,22-09-2022,ДДУ зарегистрирован
69669,14-09-2022,Размещена
69669,14-09-2022,Размещена
69669,08-09-2022,Размещена
69738,07-09-2026,ДДУ зарегистрирован
69738,06-08-2026,ДДУ зарегистрирован
69738,29-07-2026,ДДУ зарегистрирован
69738,08-07-2026,ДДУ зарегистрирован
69738,08-06-2026,ДДУ зарегистрирован
69738,28-05-2026,ДДУ зарегистрирован
69738,28-05-2026,ДДУ зарегистрирован
69738,20-05-2026,ДДУ зарегистрирован
69738,19-05-2026,Размещена
69738,07-05-2026,Размещена
69738,29-04-2026,Размещена
69738,07-04-2026,Размещена
69738,04-03-2026,Размещена
69738,06-02-2026,Размещена
69738,14-01-2026,Размещена
69738,12-01-2026,Размещена
69954,07-09-2026,Размещена
69954,06-08-2026,Размещена
69954,29-07-2026,Размещена
69954,08-07-2026,Размещена
69954,08-06-2026,Размещена
69954,28-05-2026,Размещена
69954,07-05-2026,Размещена
69954,07-05-2026,Размещена
69954,29-04-2026,Размещена
69954,07-04-2026,Размещена
69954,01-04-2026,Размещена
69954,31-03-2026,Размещена
69954,04-03-2026,Размещена
69954,06-02-2026,Размещена
69954,24-01-2026,Размещена
69954,21-01-2026,Размещена
69954,19-01-2026,Размещена
69955,07-09-2026,Размещена
69955,06-08-2026,Размещена
69955,29-07-2026,Размещена
69955,08-07-2026,Размещена
69955,08-06-2026,Размещена
69955,28-05-2026,Размещена
69955,07-05-2026,Размещена
69955,07-05-2026,Размещена
69955,29-04-2026,Размещена
69955,07-04-2026,Размещена
69955,01-04-2026,Размещена
69955,31-03-2026,Размещена
69955,04-03-2026,Размещена
69955,06-02-2026,Размещена
69955,24-01-2026,Размещена
69955,21-01-2026,Размещена
69955,19-01-2026,Размещена
69956,07-09-2026,Размещена
69956,06-08-2026,Размещена
69956,29-07-2026,Размещена
69956,08-07-2026,Размещена
69956,08-06-2026,Размещена
69956,28-05-2026,Размещена
69956,07-05-2026,Размещена
69956,07-05-2026,Размещена
69956,29-04-2026,Размещена
69956,07-04-2026,Размещена
69956,01-04-2026,Размещена
69956,31-03-2026,Размещена
69956,04-03-2026,Размещена
69956,06-02-2026,Размещена
69956,24-01-2026,Размещена
69956,21-01-2026,Размещена
69956,19-01-2026,Размещена
69957,07-09-2026,Размещена
69957,06-08-2026,Размещена
69957,29-07-2026,Размещена
69957,08-07-2026,Размещена
69957,08-06-2026,Размещена
69957,28-05-2026,Размещена
69957,07-05-2026,Размещена
69957,07-05-2026,Размещена
69957,29-04-2026,Размещена
69957,07-04-2026,Размещена
69957,01-04-2026,Размещена
69957,31-03-2026,Размещена
69957,04-03-2026,Размещена
69957,06-02-2026,Размещена
69957,24-01-2026,Размещена
69957,21-01-2026,Размещена
69957,19-01-2026,Размещена
70660,02-09-2026,ДДУ зарегистрирован
70660,10-08-2026,ДДУ зарегистрирован
70660,06-07-2026,ДДУ зарегистрирован
70660,08-06-2026,ДДУ зарегистрирован
70660,05-05-2026,ДДУ зарегистрирован
70660,30-04-2026,ДДУ зарегистрирован
70660,14-04-2026,ДДУ зарегистрирован
70660,25-03-2026,ДДУ зарегистрирован
70660,02-03-2026,Размещена
70950,03-09-2026,ДДУ зарегистрирован
70950,11-08-2026,ДДУ зарегистрирован
70950,29-07-2026,ДДУ зарегистрирован
70950,10-07-2026,ДДУ зарегистрирован
70950,03-06-2026,ДДУ зарегистрирован
70950,03-06-2026,ДДУ зарегистрирован
70950,15-05-2026,ДДУ зарегистрирован
70950,15-05-2026,ДДУ зарегистрирован
70950,13-05-2026,ДДУ зарегистрирован
70950,04-05-2026,ДДУ зарегистрирован
70950,29-04-2026,ДДУ зарегистрирован
70950,08-04-2026,ДДУ зарегистрирован
70950,02-04-2026,ДДУ зарегистрирован
70950,31-03-2026,Размещена
70950,25-03-2026,Размещена
70950,18-03-2026,Размещена
70978,07-09-2026,ДДУ зарегистрирован
70978,07-08-2026,ДДУ зарегистрирован
70978,08-07-2026,ДДУ зарегистрирован
70978,04-06-2026,ДДУ зарегистрирован
70978,26-05-2026,Размещена
70978,25-05-2026,Размещена
70978,19-05-2026,Размещена
70978,20-04-2026,Размещена
70978,14-04-2026,Размещена
70978,13-04-2026,Размещена
70978,13-04-2026,Размещена
70978,20-03-2026,Размещена
71006,10-09-2026,Размещена
71006,10-09-2026,Размещена
71006,10-08-2026,Размещена
71006,30-07-2026,Размещена
71006,20-07-2026,Размещена
71006,10-07-2026,Размещена
71006,09-07-2026,Размещена
71006,09-07-2026,Размещена
71006,16-06-2026,Размещена
71006,16-06-2026,Размещена
71006,16-06-2026,Размещена
71006,15-06-2026,Размещена
71006,09-06-2026,Размещена
71006,07-05-2026,Размещена
71006,30-04-2026,Размещена
71006,21-04-2026,Размещена
71006,10-04-2026,Размещена
71006,30-03-2026,Размещена
71006,23-03-2026,Размещена
71007,10-09-2026,Размещена
71007,10-09-2026,Размещена
71007,10-08-2026,Размещена
71007,30-07-2026,Размещена
71007,20-07-2026,Размещена
71007,10-07-2026,Размещена
71007,09-07-2026,Размещена
71007,09-07-2026,Размещена
71007,16-06-2026,Размещена
71007,16-06-2026,Размещена
71007,16-06-2026,Размещена
71007,15-06-2026,Размещена
71007,09-06-2026,Размещена
71007,07-05-2026,Размещена
71007,30-04-2026,Размещена
71007,21-04-2026,Размещена
71007,10-04-2026,Размещена
71007,30-03-2026,Размещена
71007,23-03-2026,Размещена
71008,10-09-2026,Размещена
71008,10-09-2026,Размещена
71008,10-08-2026,Размещена
71008,30-07-2026,Размещена
71008,20-07-2026,Размещена
71008,10-07-2026,Размещена
71008,09-07-2026,Размещена
71008,09-07-2026,Размещена
71008,16-06-2026,Размещена
71008,16-06-2026,Размещена
71008,16-06-2026,Размещена
71008,15-06-2026,Размещена
71008,09-06-2026,Размещена
71008,07-05-2026,Размещена
71008,30-04-2026,Размещена
71008,21-04-2026,Размещена
71008,10-04-2026,Размещена
71008,30-03-2026,Размещена
71008,23-03-2026,Размещена
71051,09-09-2026,ДДУ зарегистрирован
71051,10-08-2026,ДДУ зарегистрирован
71051,06-07-2026,ДДУ зарегистрирован
71051,24-06-2026,ДДУ зарегистрирован
71051,09-06-2026,ДДУ зарегистрирован
71051,08-05-2026,ДДУ зарегистрирован
71051,15-04-2026,ДДУ зарегистрирован
71051,10-04-2026,ДДУ зарегистрирован
71051,26-03-2026,ДДУ зарегистрирован
71051,26-03-2026,Размещена
71051,26-03-2026,Размещена
71051,25-03-2026,Размещена
71087,09-09-2026,ДДУ зарегистрирован
71087,12-08-2026,ДДУ зарегистрирован
71087,07-08-2026,ДДУ зарегистрирован
71087,29-07-2026,ДДУ зарегистрирован
71087,09-07-2026,ДДУ зарегистрирован
71087,02-07-2026,ДДУ зарегистрирован
71087,10-06-2026,ДДУ зарегистрирован
71087,08-06-2026,ДДУ зарегистрирован
71087,26-05-2026,ДДУ зарегистрирован
71087,18-05-2026,Размещена
71087,29-04-2026,Размещена
71087,27-03-2026,Размещена
71087,27-03-2026,Размещена
71119,03-09-2026,ДДУ зарегистрирован
71119,05-08-2026,ДДУ зарегистрирован
71119,27-07-2026,ДДУ зарегистрирован
71119,03-07-2026,ДДУ зарегистрирован
71119,25-06-2026,ДДУ зарегистрирован
71119,18-06-2026,ДДУ зарегистрирован
71119,03-06-2026,ДДУ зарегистрирован
71119,08-05-2026,ДДУ зарегистрирован
71119,08-05-2026,ДДУ зарегистрирован
71119,29-04-2026,Размещена
71119,24-04-2026,Размещена
71119,10-04-2026,Размещена
71119,08-04-2026,Размещена
71119,08-04-2026,Размещена
71119,01-04-2026,Размещена
71119,31-03-2026,Размещена
71188,10-09-2026,ДДУ зарегистрирован
71188,21-08-2026,ДДУ зарегистрирован
71188,07-08-2026,ДДУ зарегистрирован
71188,09-07-2026,ДДУ зарегистрирован
71188,09-06-2026,ДДУ зарегистрирован
71188,22-05-2026,ДДУ зарегистрирован
71188,19-05-2026,ДДУ зарегистрирован
71188,14-05-2026,Размещена
71188,08-05-2026,Размещена
71188,01-04-2026,Размещена
71339,24-09-2026,ДДУ зарегистрирован
71339,09-09-2026,ДДУ зарегистрирован
71339,10-08-2026,ДДУ зарегистрирован
71339,10-07-2026,ДДУ зарегистрирован
71339,10-06-2026,ДДУ зарегистрирован
71339,08-05-2026,ДДУ зарегистрирован
71339,29-04-2026,ДДУ зарегистрирован
71339,28-04-2026,Размещена
71339,13-04-2026,Размещена
71339,10-04-2026,Размещена
71349,10-09-2026,ДДУ зарегистрирован
71349,06-08-2026,ДДУ зарегистрирован
71349,30-07-2026,ДДУ зарегистрирован
71349,08-07-2026,ДДУ зарегистрирован
71349,01-06-2026,ДДУ зарегистрирован
71349,30-04-2026,ДДУ зарегистрирован
71349,13-04-2026,Размещена
71350,10-09-2026,ДДУ зарегистрирован
71350,06-08-2026,ДДУ зарегистрирован
71350,30-07-2026,ДДУ зарегистрирован
71350,13-07-2026,ДДУ зарегистрирован
71350,08-07-2026,ДДУ зарегистрирован
71350,01-06-2026,ДДУ зарегистрирован
71350,13-04-2026,Размещена
71744,07-09-2026,ДДУ зарегистрирован
71744,05-08-2026,ДДУ зарегистрирован
71744,29-07-2026,ДДУ зарегистрирован
71744,14-07-2026,ДДУ зарегистрирован
71744,10-07-2026,ДДУ зарегистрирован
71744,08-07-2026,ДДУ зарегистрирован
71744,11-06-2026,ДДУ зарегистрирован
71744,06-06-2026,ДДУ зарегистрирован
71744,05-06-2026,Размещена
71744,04-06-2026,Размещена
71744,03-06-2026,Размещена
71744,02-06-2026,Размещена
71744,01-06-2026,Размещена
71744,28-05-2026,Размещена
71744,26-05-2026,Размещена
71744,26-05-2026,Размещена
71744,26-05-2026,Размещена
71744,26-05-2026,Размещена
71744,15-05-2026,Размещена
71834,02-09-2026,ДДУ зарегистрирован
71834,10-08-2026,ДДУ зарегистрирован
71834,06-07-2026,ДДУ зарегистрирован
71834,05-06-2026,ДДУ зарегистрирован
71834,05-06-2026,Размещена
71834,04-06-2026,Размещена
71834,01-06-2026,Размещена
71834,25-05-2026,Размещена
71834,22-05-2026,Размещена
71842,17-09-2026,ДДУ зарегистрирован
71842,07-09-2026,ДДУ зарегистрирован
71842,01-09-2026,ДДУ зарегистрирован
71842,13-08-2026,ДДУ зарегистрирован
71842,03-08-2026,ДДУ зарегистрирован
71842,30-07-2026,ДДУ зарегистрирован
71842,01-07-2026,ДДУ зарегистрирован
71842,27-06-2026,ДДУ зарегистрирован
71842,22-06-2026,Размещена
71842,08-06-2026,Размещена
71842,24-05-2026,Размещена
72458,07-09-2026,ДДУ зарегистрирован
72458,24-08-2026,ДДУ зарегистрирован
72458,11-08-2026,ДДУ зарегистрирован
72458,10-08-2026,ДДУ зарегистрирован
72458,29-07-2026,Размещена
72458,09-07-2026,Размещена
72458,09-07-2026,Размещена
72458,26-06-2026,Размещена
72458,25-06-2026,Размещена
72741,10-09-2026,ДДУ зарегистрирован
72741,24-08-2026,ДДУ зарегистрирован
72741,14-08-2026,ДДУ зарегистрирован
72741,14-08-2026,Размещена
72741,13-08-2026,Размещена
72741,13-08-2026,Размещена
72741,12-08-2026,Размещена
72741,31-07-2026,Размещена
72741,29-07-2026,Размещена
72741,28-07-2026,Размещена
72741,17-07-2026,Размещена
72742,10-09-2026,ДДУ зарегистрирован
72742,24-08-2026,ДДУ зарегистрирован
72742,14-08-2026,ДДУ зарегистрирован
72742,14-08-2026,Размещена
72742,13-08-2026,Размещена
72742,13-08-2026,Размещена
72742,12-08-2026,Размещена
72742,31-07-2026,Размещена
72742,29-07-2026,Размещена
72742,28-07-2026,Размещена
72742,17-07-2026,Размещена
72743,10-09-2026,ДДУ зарегистрирован
72743,24-08-2026,ДДУ зарегистрирован
72743,14-08-2026,ДДУ зарегистрирован
72743,14-08-2026,Размещена
72743,13-08-2026,Размещена
72743,13-08-2026,Размещена
72743,12-08-2026,Размещена
72743,31-07-2026,Размещена
72743,29-07-2026,Размещена
72743,28-07-2026,Размещена
72743,17-07-2026,Размещена
72744,10-09-2026,ДДУ зарегистрирован
72744,24-08-2026,ДДУ зарегистрирован
72744,14-08-2026,ДДУ зарегистрирован
72744,14-08-2026,Размещена
72744,13-08-2026,Размещена
72744,13-08-2026,Размещена
72744,12-08-2026,Размещена
72744,31-07-2026,Размещена
72744,29-07-2026,Размещена
72744,28-07-2026,Размещена
72744,17-07-2026,Размещена
73065,09-09-2026,Размещена
73065,10-08-2026,Размещена
73065,07-08-2026,Размещена
73066,09-09-2026,Размещена
73066,10-08-2026,Размещена
73066,07-08-2026,Размещена
73117,23-09-2026,ДДУ зарегистрирован
73117,01-09-2026,ДДУ зарегистрирован
73117,28-08-2026,Размещена
73117,21-08-2026,Размещена
73117,12-08-2026,Размещена
73117,06-08-2026,Размещена
73226,24-09-2026,Размещена
73226,17-09-2026,Размещена
73226,16-09-2026,Размещена
73226,10-09-2026,Размещена
73226,21-08-2026,Размещена
73227,24-09-2026,Размещена
73227,17-09-2026,Размещена
73227,16-09-2026,Размещена
73227,10-09-2026,Размещена
73227,21-08-2026,Размещена
73228,24-09-2026,Размещена
73228,17-09-2026,Размещена
73228,16-09-2026,Размещена
73228,10-09-2026,Размещена
73228,21-08-2026,Размещена
73229,24-09-2026,Размещена
73229,17-09-2026,Размещена
73229,16-09-2026,Размещена
73229,10-09-2026,Размещена
73229,21-08-2026,Размещена
73387,09-09-2026,Размещена
73387,02-09-2026,Размещена
73387,02-09-2026,Размещена
73443,07-09-2026,Размещена
73646,21-09-2026,Размещена
73718,25-09-2026,Размещена