objId,hobjId,devId,devInn,devName,grpId,objStatus,siteStatus,objReady100PercDt,objPublDt,rpdNum,flats,sqLiving,escrowFlg,compensFundFlg,commercNm,delayed,diffY,diffM,diffD,soldOutPercent,averagePrice,dateEnd,publicationDate,plannedTransferDate,buildingClass,fundGuaranteeFlag,devBankruptFlg,pdCount,v_readyDate,v_transferDate,v_planTransferDate,v_pdUpdated,v_pdUpdatedDate,v_rnsExpired,v_rnsExpiredDate,v_documentAudit,v_missDocuments,v_photosUpdated,v_escrowBank,v_err
1416,15277,296,1660295320,СЗ АК ТАШ-ИНВЕСТСТРОЙ,,2,Сданные,2018-12-07,2019-05-31,16-000279,281,15995.7,0,0,"Жилой дом №1 в жилом комплексе ""Триумф"" Советского района г.Казани",0,,,,,,,,,,,,,,,,,,,,,,,,
1555,16538,471,7814313164,ЭТАЛОН ПЕРСПЕКТИВА,,2,Сданные,2019-12-30,2019-05-31,16-000274,170,6892.86,0,0,"Жилой комплекс «GREEN», Жилой комплекс «Green» Жилой комплекс «ГРИН», Жилой комплекс «Грин» (ЖК «GREEN»,  ЖК  «Green», ЖК «ГРИН», ЖК «Грин»)",0,,,,,,,,,,,,,,,,,,,,,,,,
3024,13025,1607,1655295068,СЗ ЗИЛАНТОВА ГОРА,,2,Сданные,2019-11-05,2019-05-31,16-000013,1100,39489.62,0,0,"""Новые Острова""",0,,,,,,,,,,,,,,,,,,,,,,,,
3231,15054,471,7814313164,ЭТАЛОН ПЕРСПЕКТИВА,,2,Сданные,2018-12-30,2019-05-31,16-000280,169,7042.55,0,0,"Жилой комплекс «GREEN», Жилой комплекс «Green», Жилой комплекс «ГРИН», Жилой комплекс «Грин» (ЖК «GREEN», ЖК «Green»,  ЖК «ГРИН», ЖК «Грин»)",0,,,,,,,,,,,,,,,,,,,,,,,,
4146,14559,1993,1655132521,СЗ АРТ - СТРОЙ,,2,Сданные,2019-01-29,2019-05-31,16-000028,335,20103.99,0,0,Жилой комплекс «Легенда» (ЖК «Легенда»),0,,,,,,,,,,,,,,,,,,,,,,,,
4194,12932,1993,1655132521,СЗ АРТ - СТРОЙ,,2,Сданные,2019-09-27,2019-05-31,16-000029,359,20212.34,0,0,Жилой комплекс «Легенда» (ЖК «Легенда»),0,,,,,,,,,,,,,,,,,,,,,,,,
4953,38012,125,1657096269,АРГО,,2,Сданные,2018-03-15,2019-05-31,16-000033,130,444,0,0,Жилой дом «Kalinina House» (Жилой дом «Дом на Калинина»),0,,,,,,,,,,,,,,,,,,,,,,,,
5736,21344,2171,1656078980,СПЕЦЗАСТРОЙЩИК ТСИ,,2,Сданные,2019-08-22,2019-05-31,16-000037,270,12662.91,0,0,"ЖК ""РОДИНА""",0,,,,,,,,,,,,,,,,,,,,,,,,
5868,13697,936,1660109609,КОМПРОЕКТ,,2,Сданные,2019-08-27,2019-05-31,16-000383,84,5552.28,0,0,микрорайон «Солнечный город»,0,,,,,,,,,,,,,,,,,,,,,,,,
5876,35370,936,1660109609,КОМПРОЕКТ,,2,Сданные,2019-12-24,2019-05-31,16-000384,198,9774.54,0,0,Жилой комплекс «Светлая долина» (ЖК «Светлая долина»),0,,,,,,,,,,,,,,,,,,,,,,,,
5909,14507,1122,1660200103,СЗ СК СМУ88,,2,Сданные,2019-09-17,2019-05-31,16-000484,180,9104,0,0,"ЖК ""Малиновка""",0,,,,,,,,,,,,,,,,,,,,,,,,
6064,26113,1086,1656095311,СЗ ФСК БРИЗ,,2,Сданные,2019-06-24,2019-05-31,16-000519,141,6683.79,0,0,,0,,,,,,,,,,,,,,,,,,,,,,,,
6103,28337,1086,1656095311,СЗ ФСК БРИЗ,,2,Сданные,2018-12-29,2019-05-31,16-000518,64,3401.36,0,0,,0,,,,,,,,,,,,,,,,,,,,,,,,
6979,20154,1492,1660283893,ДСИ КО,,2,Сданные,2019-10-01,2019-05-31,16-000071,66,3167.28,0,0,Жилой дом со встроенными нежилыми помещениями по ул.Минская г.Казани,0,,,,,,,,,,,,,,,,,,,,,,,,
7259,23170,128,1655338949,РЭД ЭПЛ,,2,Сданные,2020-03-31,2019-05-31,16-000394,68,5635.7,0,0,«Z HOUSE» («ДОМ ЗЭД»),0,,,,,,,,,,,,,,,,,,,,,,,,
7745,25643,2182,1655334951,МИРОСТРОЙ,,2,Сданные,2020-12-10,2019-05-31,16-000084,70,4094.05,0,0,"ЖК ""Славный""",0,,,,,,,,,,,,,,,,,,,,,,,,
8255,15286,2055,1655140321,КАЗАНСКИЕ ОКНА,,2,Сданные,2018-08-24,2019-05-31,16-000099,790,35080.13,0,0,,0,,,,,,,,,,,,,,,,,,,,,,,,
8418,13749,121,1655119785,КАМАСТРОЙИНВЕСТ,,2,Сданные,2018-12-29,2019-05-31,16-000100,18,2822.13,0,0,Жилой дом «Легато (Legato)»,0,,,,,,,,,,,,,,,,,,,,,,,,
8618,30292,128,1655338949,РЭД ЭПЛ,,2,Сданные,2018-03-12,2019-05-31,16-000101,192,9923.58,0,0,«Красное яблоко»,0,,,,,,,,,,,,,,,,,,,,,,,,
8771,14397,2802,1616022814,ПАНОРАМА,,2,Сданные,2019-04-22,2019-05-31,16-000102,30,1725.5,0,0,,0,,,,,,,,,,,,,,,,,,,,,,,,
8803,13852,2844,1624445443,СЗ АЙ-КЬЮ ДЕВЕЛОПМЕНТ,,2,Сданные,2018-12-29,2019-05-31,16-000104,292,12599.25,0,0,IQ DOM,0,,,,,,,,,,,,,,,,,,,,,,,,
9767,23370,2776,1655239698,РЕНТСИТИ,,2,Сданные,2020-03-19,2019-05-31,16-000379,160,7316.71,0,0,Жилой комплекс «Паруса»,0,,,,,,,,,,,,,,,,,,,,,,,,
10210,17361,2181,1660269031,СМУ №12,,2,Сданные,2019-12-21,2019-05-31,16-000391,58,2624.67,0,0,"ЖК ""Приволжский""",0,,,,,,,,,,,,,,,,,,,,,,,,
10211,28950,2181,1660269031,СМУ №12,,2,Сданные,2019-07-29,2019-05-31,16-000392,58,2624.67,0,0,"ЖК ""Приволжский""",0,,,,,,,,,,,,,,,,,,,,,,,,
10277,21281,2171,1656078980,СПЕЦЗАСТРОЙЩИК ТСИ,,2,Сданные,2019-08-22,2019-05-31,16-000531,176,8892.65,0,0,"""Дом на Енисейской""",0,,,,,,,,,,,,,,,,,,,,,,,,
11237,21617,2353,1655306979,СКДК,,2,Сданные,2020-12-30,2019-05-31,16-000421,105,8947.13,0,0,«Арт Квартал Винсент» («Арт Квартал Vincent»),0,,,,,,,,,,,,,,,,,,,,,,,,
12375,21765,2904,1658047987,СЗ ТЭКОРЕСУРС,,2,Сданные,2019-10-21,2019-05-31,16-000380,52,3818,0,0,ЖК Архитектор,0,,,,,,,,,,,,,,,,,,,,,,,,
12812,36708,936,1660109609,КОМПРОЕКТ,,2,Сданные,2018-12-30,2019-05-31,16-000203,198,9776.98,0,0,Жилой комплекс «Светлая долина» (ЖК «Светлая долина»),0,,,,,,,,,,,,,,,,,,,,,,,,
12922,40621,936,1660109609,КОМПРОЕКТ,,2,Сданные,2019-12-12,2019-05-31,16-000297,525,27876.16,0,0,микрорайон «Солнечный город»,0,,,,,,,,,,,,,,,,,,,,,,,,
13130,32927,555,1657107584,ИНТЕГСТРОЙ,,2,Сданные,2019-04-16,2019-05-31,16-000305,552,26428.52,0,0,Жилой комплекс «Казань XXI век» (вторая очередь),0,,,,,,,,,,,,,,,,,,,,,,,,
13142,37351,555,1657107584,ИНТЕГСТРОЙ,,2,Сданные,2018-12-19,2019-05-31,16-000217,163,9037.82,0,0,Жилой комплекс «Тулпар»,0,,,,,,,,,,,,,,,,,,,,,,,,
13143,20581,555,1657107584,ИНТЕГСТРОЙ,,2,Сданные,2018-11-27,2019-05-31,16-000218,70,3720.08,0,0,Жилой комплекс «Тулпар»,0,,,,,,,,,,,,,,,,,,,,,,,,
13144,20580,555,1657107584,ИНТЕГСТРОЙ,,2,Сданные,2018-11-28,2019-05-31,16-000219,70,3720.08,0,0,Жилой комплекс «Тулпар»,0,,,,,,,,,,,,,,,,,,,,,,,,
13145,20579,555,1657107584,ИНТЕГСТРОЙ,,2,Сданные,2018-11-27,2019-05-31,16-000220,70,3720.08,0,0,Жилой комплекс «Тулпар»,0,,,,,,,,,,,,,,,,,,,,,,,,
14074,40172,769,1659143147,СЗ СК УНИСТРОЙДОМ,,2,Сданные,2020-01-31,2019-05-31,16-000225,489,25557.29,0,0,Жилой комплекс «Весна»,0,,,,,,,,,,,,,,,,,,,,,,,,
15288,40997,769,1659143147,СЗ СК УНИСТРОЙДОМ,,2,Сданные,2019-10-28,2019-05-31,16-000535,378,20274.79,0,0,"Жилой комплекс ""Весна""",0,,,,,,,,,,,,,,,,,,,,,,,,
15350,18704,1993,1655132521,СЗ АРТ - СТРОЙ,,2,Сданные,2020-10-02,2019-05-31,16-000434,0,0,0,0,Жилой комплекс «Легенда» (ЖК «Легенда»),0,,,,,,,,,,,,,,,,,,,,,,,,
15351,21054,1993,1655132521,СЗ АРТ - СТРОЙ,,2,Сданные,2020-10-02,2019-05-31,16-000434,624,39576.67,0,0,Жилой комплекс «Легенда» (ЖК «Легенда»),0,,,,,,,,,,,,,,,,,,,,,,,,
15360,25603,3488,1660188671,СЗ ГРАНЬ ДЕВЕЛОПМЕНТ,,2,Сданные,2020-08-06,2019-05-31,16-000235,253,10459.25,0,0,"Город-Парк ""Новые Горки""",0,,,,,,,,,,,,,,,,,,,,,,,,
16373,26117,1086,1656095311,СЗ ФСК БРИЗ,,2,Сданные,2019-08-09,2019-05-31,16-000248,108,5670.74,0,0,,0,,,,,,,,,,,,,,,,,,,,,,,,
16376,26116,1086,1656095311,СЗ ФСК БРИЗ,,2,Сданные,2019-06-24,2019-05-31,16-000249,72,3777.57,0,0,,0,,,,,,,,,,,,,,,,,,,,,,,,
16635,38700,2348,1658147815,СЗ СК БРИЗ,,2,Сданные,2019-10-11,2019-05-31,16-000282,505,35184.71,0,0,ЖК Возрождение,0,,,,,,,,,,,,,,,,,,,,,,,,
16636,36881,2348,1658147815,СЗ СК БРИЗ,,2,Сданные,2016-11-12,2019-05-31,16-000283,346,19856,0,0,ЖК Возрождение,0,,,,,,,,,,,,,,,,,,,,,,,,
16637,27510,1086,1656095311,СЗ ФСК БРИЗ,,2,Сданные,2018-11-20,2020-05-08,16-000284,204,9557.25,0,0,,0,,,,,,,,,,,,,,,,,,,,,,,,
16638,26402,1086,1656095311,СЗ ФСК БРИЗ,,2,Сданные,2019-01-23,2019-05-31,16-000285,96,6755.23,0,0,,0,,,,,,,,,,,,,,,,,,,,,,,,
16860,19271,3488,1660188671,СЗ ГРАНЬ ДЕВЕЛОПМЕНТ,,2,Сданные,2019-06-27,2019-05-31,16-000288,142,6199.86,0,0,"Город-Парк ""Новые Горки""",0,,,,,,,,,,,,,,,,,,,,,,,,
16861,30760,3488,1660188671,СЗ ГРАНЬ ДЕВЕЛОПМЕНТ,,2,Сданные,2019-03-29,2019-05-31,16-000289,196,8606.41,0,0,"Город-Парк ""Новые Горки""",0,,,,,,,,,,,,,,,,,,,,,,,,
16862,34722,3488,1660188671,СЗ ГРАНЬ ДЕВЕЛОПМЕНТ,,2,Сданные,2019-03-29,2019-05-31,16-000290,142,6199.86,0,0,"Город-Парк ""Новые Горки""",0,,,,,,,,,,,,,,,,,,,,,,,,
16863,35847,3488,1660188671,СЗ ГРАНЬ ДЕВЕЛОПМЕНТ,,2,Сданные,2018-12-29,2019-05-31,16-000291,196,8606.41,0,0,"Город-Парк ""Новые Горки""",0,,,,,,,,,,,,,,,,,,,,,,,,
16869,35351,202,1660075460,СЗ СТРОЙУСЛУГИ,,2,Сданные,2020-08-13,2019-05-31,16-000292,151,9448.59,0,0,Жилой комплекс «Art City» (Жилой комплекс «Город искусств»),0,,,,,,,,,,,,,,,,,,,,,,,,
17766,41033,202,1660075460,СЗ СТРОЙУСЛУГИ,,2,Сданные,2019-12-30,2019-05-31,16-000307,144,8987.58,0,0,Жилой комплекс «Art City» (Жилой комплекс «Город искусств»),0,,,,,,,,,,,,,,,,,,,,,,,,
18475,30034,769,1659143147,СЗ СК УНИСТРОЙДОМ,,2,Сданные,2020-03-31,2019-05-31,16-000537,208,9369.94,0,0,Жилой комплекс «Весна»,0,,,,,,,,,,,,,,,,,,,,,,,,
18817,35416,936,1660109609,КОМПРОЕКТ,,2,Сданные,2019-12-16,2019-05-31,16-000323,99,4887.27,0,0,Жилой комплекс «Светлая долина» (ЖК «Светлая долина»),0,,,,,,,,,,,,,,,,,,,,,,,,
18818,35421,936,1660109609,КОМПРОЕКТ,,2,Сданные,2019-12-16,2019-05-31,16-000323,99,4887.27,0,0,Жилой комплекс «Светлая долина» (ЖК «Светлая долина»),0,,,,,,,,,,,,,,,,,,,,,,,,
19844,23817,3711,1655386526,СЗ СК КАЗАНЬ,,2,Сданные,2021-07-01,2019-05-31,16-000338,905,58831.26,0,0,SAVIN house,0,,,,,,,,,,,,,,,,,,,,,,,,
20327,40536,202,1660075460,СЗ СТРОЙУСЛУГИ,,2,Сданные,2020-08-27,2019-05-31,16-000552,459,24302.28,0,0,Жилой комплекс «Art City» (Жилой комплекс «Город искусств»),0,,,,,,,,,,,,,,,,,,,,,,,,
21261,23083,732,1660004290,СЗ ЗАВОД ЖБИ - 3,,2,Сданные,2020-01-31,2019-05-31,16-000488,152,8518.62,0,0,"20-ти этажный жилой дом со встроенными нежилыми помещениями, внешкольным учреждением и подземной автостоянкой по ул.Аделя Кутуя",0,,,,,,,,,,,,,,,,,,,,,,,,
21645,22507,6646,1655252709,СЗ СК АЙ КЬЮ ДЕВЕЛОПМЕНТ,,2,Сданные,2020-12-08,2019-05-31,16-000529,378,17861.98,0,0,"ЖК ""SKYLINE""",0,,,,,,,,,,,,,,,,,,,,,,,,
21646,22487,6647,1655252120,СЗ ПСК СМУ88,,2,Сданные,2021-06-25,2019-05-31,16-000530,180,9147,0,0,"Жилой комплекс ""Малиновка"" (2 очередь)",0,,,,,,,,,,,,,,,,,,,,,,,,
21647,22489,6647,1655252120,СЗ ПСК СМУ88,,2,Сданные,2021-06-25,2019-05-31,16-000530,180,9147,0,0,"Жилой комплекс ""Малиновка"" (2 очередь)",0,,,,,,,,,,,,,,,,,,,,,,,,
21683,22535,6649,1660069836,СЗ СМУ 88 НЕДВИЖИМОСТЬ,,2,Сданные,2021-08-07,2019-05-31,16-000540,698,37874.35,0,0,"ЖК ""RICHMOND""",0,,,,,,,,,,,,,,,,,,,,,,,,
21768,19151,3845,1655267310,ЖИЛИЩНАЯ ОСНОВА,,2,Сданные,2021-11-03,2019-05-31,16-000554,162,7464.54,0,0,Жилой комплекс «Станция Спортивная»,0,,,,,,,,,,,,,,,,,,,,,,,,
21769,19073,3845,1655267310,ЖИЛИЩНАЯ ОСНОВА,,2,Сданные,2021-11-18,2019-05-31,16-000555,162,7464.54,0,0,Жилой комплекс «Станция Спортивная»,0,,,,,,,,,,,,,,,,,,,,,,,,
21770,18997,3845,1655267310,ЖИЛИЩНАЯ ОСНОВА,,2,Сданные,2021-11-22,2019-05-31,16-000556,162,7464.54,0,0,Жилой комплекс «Станция Спортивная»,0,,,,,,,,,,,,,,,,,,,,,,,,
22902,22565,6717,1657203986,СЗ ДОМСМУ88,,2,Сданные,2021-06-26,2019-05-31,16-000572,550,26856.67,0,0,"Жилой комплекс ""Привилегия""",0,,,,,,,,,,,,,,,,,,,,,,,,
23105,18564,2769,1658182320,СЗ РС ИНВЕСТМЕНТ,,2,Сданные,2019-07-25,2019-05-31,16-000576,198,8884.53,0,0,"Жилой комплекс ""Green City"" (Жилой комплекс на Галеева)",0,,,,,,,,,,,,,,,,,,,,,,,,
23106,18547,2769,1658182320,СЗ РС ИНВЕСТМЕНТ,,2,Сданные,2019-07-25,2019-05-31,16-000577,198,8884.53,0,0,"Жилой комплекс ""Green City"" (Жилой комплекс на Галеева)",0,,,,,,,,,,,,,,,,,,,,,,,,
23285,17971,6629,1659171352,СЗ СМУ88 ДЕВЕЛОПМЕНТ,,2,Сданные,2021-06-25,2019-05-31,16-000590,493,25270.37,0,0,"Жилой комплекс ""Норвежский""",0,,,,,,,,,,,,,,,,,,,,,,,,
23374,17617,2769,1658182320,СЗ РС ИНВЕСТМЕНТ,,2,Сданные,2021-02-15,2019-05-31,16-000596,198,8884.53,0,0,"Жилой комплекс ""Green City"" (Жилой комплекс на Галеева)",0,,,,,,,,,,,,,,,,,,,,,,,,
23462,34446,202,1660075460,СЗ СТРОЙУСЛУГИ,,2,Сданные,2020-10-15,2019-05-31,16-000599,151,9448.59,0,0,Жилой комплекс «Art City» (Жилой комплекс «Город искусств»),0,,,,,,,,,,,,,,,,,,,,,,,,
23506,17607,2769,1658182320,СЗ РС ИНВЕСТМЕНТ,,2,Сданные,2022-01-14,2019-05-31,16-000601,198,9008.59,0,0,"Жилой комплекс ""Green City"" (Жилой комплекс на Галеева)",0,,,,,,,,,,,,,,,,,,,,,,,,
23704,20335,2055,1655140321,КАЗАНСКИЕ ОКНА,,2,Сданные,2020-12-21,2019-05-31,16-000607,717,28540.8,0,0,"Жилой квартал ""Яркий""",0,,,,,,,,,,,,,,,,,,,,,,,,
24261,17276,6399,1659182682,СЗ КАЗ ДОМ СТРОЙ,,2,Сданные,2020-01-17,2019-05-31,16-000626,27,2030.77,0,0,«Юнусовская Усадьба»,0,,,,,,,,,,,,,,,,,,,,,,,,
24776,20973,6829,1655227533,БЕРЕЗОВАЯ РОЩА,,2,Сданные,2019-09-27,2019-05-31,16-000629,264,11082.42,0,0,"Жилой комплекс ""Сказочный лес""",0,,,,,,,,,,,,,,,,,,,,,,,,
24844,20975,6829,1655227533,БЕРЕЗОВАЯ РОЩА,,2,Сданные,2019-09-27,2019-05-31,16-000631,308,11367.62,0,0,"Жилой комплекс ""Сказочный лес""",0,,,,,,,,,,,,,,,,,,,,,,,,
24947,20989,6829,1655227533,БЕРЕЗОВАЯ РОЩА,,2,Сданные,2019-09-27,2019-05-31,16-000632,308,11367.62,0,0,"Жилой комплекс ""Палитра""",0,,,,,,,,,,,,,,,,,,,,,,,,
24950,20991,6829,1655227533,БЕРЕЗОВАЯ РОЩА,,2,Сданные,2019-09-27,2019-05-31,16-000633,264,11082.42,0,0,"Жилой комплекс ""Палитра""",0,,,,,,,,,,,,,,,,,,,,,,,,
24971,20233,6832,1655216330,ЗАЛЕСНЫЙ СИТИ,,2,Сданные,2019-04-29,2019-05-31,16-000634,330,14923.08,0,0,"Жилой комплекс ""Залесный Сити""",0,,,,,,,,,,,,,,,,,,,,,,,,
24973,19568,6832,1655216330,ЗАЛЕСНЫЙ СИТИ,,2,Сданные,2021-07-23,2019-05-31,16-000637,330,14894.88,0,0,"Жилой комплекс ""Залесный Сити""",0,,,,,,,,,,,,,,,,,,,,,,,,
25055,21024,6829,1655227533,БЕРЕЗОВАЯ РОЩА,,2,Сданные,2022-03-24,2019-05-31,16-000617,162,7554.64,0,0,"Жилой комплекс ""Сказочный лес""",0,,,,,,,,,,,,,,,,,,,,,,,,
25056,21342,6829,1655227533,БЕРЕЗОВАЯ РОЩА,,2,Сданные,2022-06-21,2019-05-31,16-000621,576,26968.64,0,0,"Жилой комплекс ""Палитра""",0,,,,,,,,,,,,,,,,,,,,,,,,
25065,21349,6829,1655227533,БЕРЕЗОВАЯ РОЩА,,2,Сданные,2022-06-21,2019-05-31,16-000620,456,21231.1,0,0,"Жилой комплекс ""Палитра""",0,,,,,,,,,,,,,,,,,,,,,,,,
25066,21403,6829,1655227533,БЕРЕЗОВАЯ РОЩА,,2,Сданные,2022-06-17,2019-05-31,16-000618,552,25047.61,0,0,"Жилой комплекс ""Сказочный лес""",0,,,,,,,,,,,,,,,,,,,,,,,,
25110,21171,2171,1656078980,СПЕЦЗАСТРОЙЩИК ТСИ,,2,Сданные,2019-11-21,2019-05-31,16-000614,288,12626.66,0,0,"ЖК ""РОДИНА""",0,,,,,,,,,,,,,,,,,,,,,,,,
25111,20907,2171,1656078980,СПЕЦЗАСТРОЙЩИК ТСИ,,2,Сданные,2019-12-25,2019-05-31,16-000613,270,12660.97,0,0,"ЖК ""РОДИНА""",0,,,,,,,,,,,,,,,,,,,,,,,,
25129,23309,6830,1657136874,ЮЖНАЯ ПОЛЯНА,,2,Сданные,2020-01-31,2019-05-31,16-000642,99,6150.81,0,0,"Жилой комплекс ""Времена года""",0,,,,,,,,,,,,,,,,,,,,,,,,
25130,23311,6830,1657136874,ЮЖНАЯ ПОЛЯНА,,2,Сданные,2019-12-25,2019-05-31,16-000643,122,7591.38,0,0,"Жилой комплекс ""Времена года""",0,,,,,,,,,,,,,,,,,,,,,,,,
25131,23312,6830,1657136874,ЮЖНАЯ ПОЛЯНА,,2,Сданные,2018-12-29,2019-05-31,16-000644,74,4661.26,0,0,"Жилой комплекс ""Времена года""",0,,,,,,,,,,,,,,,,,,,,,,,,
25432,23308,6831,1655281570,СТОЛИЧНЫЙ КВАРТАЛ,,2,Сданные,2021-05-31,2019-05-31,16-000658,625,44721.53,0,0,"Жилой комплекс ""Столичный""",0,,,,,,,,,,,,,,,,,,,,,,,,
25534,27547,555,1657107584,ИНТЕГСТРОЙ,,2,Сданные,2020-12-30,2019-05-31,16-000650,162,7496.6,0,0,Жилой комплекс «Мой ритм» (ЖК «Мой Ритм»),0,,,,,,,,,,,,,,,,,,,,,,,,
25535,36249,555,1657107584,ИНТЕГСТРОЙ,,2,Сданные,2020-12-30,2019-05-31,16-000650,490,24498.32,0,0,Жилой комплекс «Мой ритм» (ЖК «Мой Ритм»),0,,,,,,,,,,,,,,,,,,,,,,,,
25536,27222,555,1657107584,ИНТЕГСТРОЙ,,2,Сданные,2020-12-30,2019-05-31,16-000650,162,7496.6,0,0,Жилой комплекс «Мой ритм» (ЖК «Мой Ритм»),0,,,,,,,,,,,,,,,,,,,,,,,,
25537,28092,555,1657107584,ИНТЕГСТРОЙ,,2,Сданные,2020-12-25,2019-05-31,16-000649,435,21493.15,0,0,Жилой комплекс «Казань XXI век» (ЖК «Казань XXI век»),0,,,,,,,,,,,,,,,,,,,,,,,,
25538,25538,1086,1656095311,СЗ ФСК БРИЗ,,2,Сданные,2020-01-28,2019-05-31,16-000641,367,19020.62,0,0,,0,,,,,,,,,,,,,,,,,,,,,,,,
25539,113412,1086,1656095311,СЗ ФСК БРИЗ,,2,Сданные,2019-06-24,2019-05-31,16-000640,85,5867.79,0,0,,0,,,,,,,,,,,,,,,,,,,,,,,,
25548,20992,6829,1655227533,БЕРЕЗОВАЯ РОЩА,,2,Сданные,2019-03-29,2019-05-31,16-000662,162,7464.54,0,0,"Жилой комплекс ""Сказочный лес""",0,,,,,,,,,,,,,,,,,,,,,,,,
25678,20995,6829,1655227533,БЕРЕЗОВАЯ РОЩА,,2,Сданные,2019-03-29,2019-05-31,16-000668,162,7464.54,0,0,"Жилой комплекс ""Сказочный лес""",0,,,,,,,,,,,,,,,,,,,,,,,,
25727,20538,3845,1655267310,ЖИЛИЩНАЯ ОСНОВА,,2,Сданные,2019-03-13,2019-05-31,16-000671,162,7472.67,0,0,"""Жилой комплекс ""Станция Спортивная""",0,,,,,,,,,,,,,,,,,,,,,,,,
25728,20373,3845,1655267310,ЖИЛИЩНАЯ ОСНОВА,,2,Сданные,2019-12-18,2019-05-31,16-000672,162,7472.67,0,0,"Жилой комплекс""Станция Спортивная""",0,,,,,,,,,,,,,,,,,,,,,,,,
25779,25094,6828,1655243278,СТРОЙ ИНВЕСТ ГРУПП,,2,Сданные,2020-01-28,2019-05-31,16-000676,338,23797.97,0,0,"Жилой комплекс ""Манхэттен""",0,,,,,,,,,,,,,,,,,,,,,,,,
25910,40846,6701,1660095201,СЗ РАДИАНТ,,2,Сданные,2020-06-18,2019-05-31,16-000639,185,9148.29,0,0,,0,,,,,,,,,,,,,,,,,,,,,,,,
25911,31686,202,1660075460,СЗ СТРОЙУСЛУГИ,,2,Сданные,2019-12-30,2019-05-31,16-000659,170,9390.73,0,0,Жилой комплекс «Art City» (Жилой комплекс «Город искусств»),0,,,,,,,,,,,,,,,,,,,,,,,,
25912,19519,6832,1655216330,ЗАЛЕСНЫЙ СИТИ,,2,Сданные,2022-06-17,2019-05-31,16-000592,264,11275.64,0,0,"Жилой комплекс ""Залесный Сити""",0,,,,,,,,,,,,,,,,,,,,,,,,
25913,19555,6832,1655216330,ЗАЛЕСНЫЙ СИТИ,,2,Сданные,2022-06-17,2019-05-31,16-000593,264,11275.64,0,0,"Жилой комплекс ""Залесный Сити""",0,,,,,,,,,,,,,,,,,,,,,,,,
25914,21272,2171,1656078980,СПЕЦЗАСТРОЙЩИК ТСИ,,2,Сданные,2020-08-31,2019-05-31,16-000645,239,11127.17,0,0,"ЖК ""РОДИНА""",0,,,,,,,,,,,,,,,,,,,,,,,,
25915,25264,2171,1656078980,СПЕЦЗАСТРОЙЩИК ТСИ,,2,Сданные,2020-12-21,2019-09-27,16-000930,239,11127.17,0,0,"ЖК ""РОДИНА""",0,,,,,,,,,,,,,,,,,,,,,,,,
26340,21361,2300,1655290687,СЗ АМГ,,2,Сданные,2019-09-25,2019-05-31,16-000687,96,4398.4,0,0,"Жилой комплекс ""Евразия""",0,,,,,,,,,,,,,,,,,,,,,,,,
26341,33437,2300,1655290687,СЗ АМГ,,2,Сданные,2019-03-07,2019-05-31,16-000688,124,8530.44,0,0,"Жилой комплекс ""Евразия""",0,,,,,,,,,,,,,,,,,,,,,,,,
26342,25073,6892,1655270793,СЗ ДСК,,2,Сданные,2021-05-22,2019-05-31,16-000661,144,7488.9,0,0,,0,,,,,,,,,,,,,,,,,,,,,,,,
26343,25061,6892,1655270793,СЗ ДСК,,2,Сданные,2021-05-22,2019-05-31,16-000661,72,4106.7,0,0,,0,,,,,,,,,,,,,,,,,,,,,,,,
26722,23380,2776,1655239698,РЕНТСИТИ,,2,Сданные,2021-12-02,2019-05-31,16-000716,455,20711.96,0,0,"Жилой комплекс ""Паруса""",0,,,,,,,,,,,,,,,,,,,,,,,,
27083,23381,2776,1655239698,РЕНТСИТИ,,2,Сданные,2021-01-27,2019-05-31,16-000715,367,21331.8,0,0,"Жилой комплекс ""Паруса""",0,,,,,,,,,,,,,,,,,,,,,,,,
27446,41272,1086,1656095311,СЗ ФСК БРИЗ,,2,Сданные,2021-06-30,2019-05-31,16-000711,152,9084.64,0,0,"ЖК ""Нестеровский""",0,,,,,,,,,,,,,,,,,,,,,,,,
27447,35928,1086,1656095311,СЗ ФСК БРИЗ,,2,Сданные,2021-06-30,2019-05-31,16-000711,0,0,0,0,"ЖК ""Нестеровский""",0,,,,,,,,,,,,,,,,,,,,,,,,
27482,16524,7348,1655395672,СЗ КОНГРАДА,,2,Сданные,2021-10-22,2019-05-31,16-000728,174,8863.99,0,0,ЖК «ЖИВИ НА ПОРТОВОЙ»,0,,,,,,,,,,,,,,,,,,,,,,,,
27483,16523,7348,1655395672,СЗ КОНГРАДА,,2,Сданные,2021-10-22,2019-05-31,16-000728,175,9574.04,0,0,ЖК «ЖИВИ НА ПОРТОВОЙ»,0,,,,,,,,,,,,,,,,,,,,,,,,
27587,39291,9502,1655425486,ФОНД РТ ПО ЗАЩИТЕ ПРАВ УЧАСТНИКОВ ДОЛЕВОГО СТРОИТЕЛЬСТВА,,2,Сданные,2022-09-01,2019-05-31,16-000733,170,7891.8,0,0,"Жилой Комплекс ""Мелодия"" (ЖК ""Мелодия"")",0,,,,,,,,,,,,,,,,,,,,,,,,
28064,22561,2845,1655367964,СЗ СМУ 88,,2,Сданные,2021-10-05,2019-05-31,16-000744,527,33001.8,0,0,"Жилой комплекс ""Atlantis Deluxe""",0,,,,,,,,,,,,,,,,,,,,,,,,
28154,40419,1086,1656095311,СЗ ФСК БРИЗ,,2,Сданные,2021-11-17,2019-05-31,16-000745,0,0,0,0,"ЖК ""Нестеровский""",0,,,,,,,,,,,,,,,,,,,,,,,,
28155,39619,1086,1656095311,СЗ ФСК БРИЗ,,2,Сданные,2021-11-17,2019-05-31,16-000745,152,9041.13,0,0,"ЖК ""Нестеровский""",0,,,,,,,,,,,,,,,,,,,,,,,,
28207,41020,6653,1655070265,МОНОЛИТСТРОЙ,,2,Сданные,2020-11-25,2019-05-31,16-000748,180,10613.27,0,0,,0,,,,,,,,,,,,,,,,,,,,,,,,
28447,20296,3845,1655267310,ЖИЛИЩНАЯ ОСНОВА,,2,Сданные,2022-03-09,2019-05-31,16-000737,216,7261.63,0,0,"Жилой комплекс ""Станция Спортивная""",0,,,,,,,,,,,,,,,,,,,,,,,,
28448,18694,3845,1655267310,ЖИЛИЩНАЯ ОСНОВА,,2,Сданные,2022-03-11,2019-05-31,16-000738,216,7261.63,0,0,"Жилой комплекс ""Станция Спортивная""",0,,,,,,,,,,,,,,,,,,,,,,,,
28617,40707,1086,1656095311,СЗ ФСК БРИЗ,,2,Сданные,2021-07-13,2019-05-31,16-000783,152,9040.55,0,0,"ЖК ""Нестеровский""",0,,,,,,,,,,,,,,,,,,,,,,,,
28621,35949,1086,1656095311,СЗ ФСК БРИЗ,,2,Сданные,2021-08-10,2019-05-31,16-000782,152,9084.06,0,0,"ЖК ""Нестеровский""",0,,,,,,,,,,,,,,,,,,,,,,,,
28639,32723,5349,1655243038,РТК,,2,Сданные,2020-12-25,2019-05-31,16-000763,157,7824.6,0,0,,0,,,,,,,,,,,,,,,,,,,,,,,,
29138,114931,2856,1655264253,ЖК ПОБЕДА,,2,Сданные,2019-02-20,2019-05-31,16-000778,432,25165.4,0,0,"ЖИЛОЙ КОМПЛЕКС ""ПОБЕДА""",0,,,,,,,,,,,,,,,,,,,,,,,,
29139,114950,2856,1655264253,ЖК ПОБЕДА,,2,Сданные,2019-08-09,2019-05-31,16-000778,531,30382.47,0,0,"ЖИЛОЙ КОМПЛЕКС ""ПОБЕДА""",0,,,,,,,,,,,,,,,,,,,,,,,,
29140,20223,2856,1655264253,ЖК ПОБЕДА,,2,Сданные,2019-12-16,2019-05-31,16-000778,0,0,0,0,"ЖИЛОЙ КОМПЛЕКС ""ПОБЕДА""",0,,,,,,,,,,,,,,,,,,,,,,,,
29167,23067,7246,1655395457,СЗ КАПИТАЛ СТРОЙ,,2,Сданные,2022-06-22,2019-05-31,16-000787,567,43653.86,0,0,"Жилой комплекс ""Столичный""",0,,,,,,,,,,,,,,,,,,,,,,,,
29215,115284,6133,1657128545,ГЕНСТРОЙПОДРЯД,,2,Сданные,2019-03-08,2019-05-31,16-000784,182,15848.78,0,0,"Жилой Комплекс ""Дом на Даурской""",0,,,,,,,,,,,,,,,,,,,,,,,,
29316,39217,7486,1655394710,МЕГАПОЛИС,,2,Сданные,2022-03-31,2019-05-31,16-000803,30,1804.61,0,0,"Жилой Комплекс ""Жардин"". Жилой комплекс ""Jardin"" (ЖК ""Жардин"", ЖК ""Jardin"")",0,,,,,,,,,,,,,,,,,,,,,,,,
29345,34314,1158,1655289184,КОНКОРД БИЛД,,2,Сданные,2019-06-06,2019-05-31,16-000793,195,11677.04,0,0,"Жилой комплекс ""Три богатыря""",0,,,,,,,,,,,,,,,,,,,,,,,,
29346,38182,1158,1655289184,КОНКОРД БИЛД,,2,Сданные,2018-06-21,2019-05-31,16-000793,144,8630.27,0,0,"Жилой комплекс ""Три богатыря""",0,,,,,,,,,,,,,,,,,,,,,,,,
29347,35739,1158,1655289184,КОНКОРД БИЛД,,2,Сданные,2020-12-18,2019-05-31,16-000793,219,13087.3,0,0,"Жилой комплекс ""Три богатыря""",0,,,,,,,,,,,,,,,,,,,,,,,,
29348,35684,1158,1655289184,КОНКОРД БИЛД,,2,Сданные,2019-06-06,2019-05-31,16-000793,0,0,0,0,"Жилой комплекс ""Три богатыря""",0,,,,,,,,,,,,,,,,,,,,,,,,
29349,36765,1158,1655289184,КОНКОРД БИЛД,,2,Сданные,2020-12-18,2019-05-31,16-000793,0,0,0,0,"Жилой комплекс ""Три богатыря""",0,,,,,,,,,,,,,,,,,,,,,,,,
29556,21655,10395,1657261138,СЗ ЭТАЛОН ГРИН,,2,Сданные,2020-12-30,2019-05-31,16-000808,170,6871.26,0,0,"Жилой комплекс «GREEN», Жилой комплекс «Green»,  Жилой комплекс «ГРИН», Жилой комплекс «Грин» (ЖК «GREEN», ЖК «Green»,  ЖК «ГРИН», ЖК «Грин»)",0,,,,,,,,,,,,,,,,,,,,,,,,
29598,36568,534,1657131160,СЗ АК ТАШ-ИНВЕСТ,,2,Сданные,2019-12-30,2019-05-31,16-000795,88,4743.76,0,0,"ЖК Twin House (Жилой комплекс Twin House, Жилой комплекс ""Твин Хаус"", ЖК  Твин Хаус, ЖК TWIN HOUSE, ЖК ""Twin House"", ТВИН ХАУС)",0,,,,,,,,,,,,,,,,,,,,,,,,
29640,20800,732,1660004290,СЗ ЗАВОД ЖБИ - 3,,2,Сданные,2020-10-29,2019-05-31,16-000816,144,7794.9,0,0,"20-ти этажный жилой дом со встроенными нежилыми помещениями и подземной автостоянкой (2 этап строительства) по адресу: г.Казань, ул.А.Кутуя, 83",0,,,,,,,,,,,,,,,,,,,,,,,,
29703,16626,6701,1660095201,СЗ РАДИАНТ,,2,Сданные,2020-12-29,2019-05-31,16-000809,197,9805.53,0,0,"Жилой комплекс ""Манго""",0,,,,,,,,,,,,,,,,,,,,,,,,
30292,115751,7699,1655297266,АВАЛОН СИТИ,7451,2,Сданные,2024-07-18,2020-05-12,16-000988,384,30373.74,0,0,,1,1,3,18,0.642438171920876,199460,18.07.2024,12.05.2020,30.09.2024,Типовой,0,false,73,,,,,,,,,,,,
30370,35002,7131,1653019190,СЗ ИТС,,2,Сданные,2021-06-24,2019-05-31,16-000823,80,5544.84,0,0,"Жилой комплекс ""Первомайский""",0,,,,,,,,,,,,,,,,,,,,,,,,
30371,27428,7131,1653019190,СЗ ИТС,,2,Сданные,2021-06-24,2019-05-31,16-000823,61,4009.5,0,0,"Жилой комплекс ""Первомайский""",0,,,,,,,,,,,,,,,,,,,,,,,,
30372,33051,7131,1653019190,СЗ ИТС,,2,Сданные,2021-06-24,2019-05-31,16-000823,0,0,0,0,"Жилой комплекс ""Первомайский""",0,,,,,,,,,,,,,,,,,,,,,,,,
30375,25602,3488,1660188671,СЗ ГРАНЬ ДЕВЕЛОПМЕНТ,,2,Сданные,2020-12-21,2019-05-31,16-000815,125,5498.01,0,0,"Город-Парк ""Новые Горки""",0,,,,,,,,,,,,,,,,,,,,,,,,
31358,35285,3488,1660188671,СЗ ГРАНЬ ДЕВЕЛОПМЕНТ,,2,Сданные,2020-12-21,2019-06-11,16-000866,112,4946.24,0,0,"Город-Парк ""Новые Горки""",0,,,,,,,,,,,,,,,,,,,,,,,,
31421,33496,769,1659143147,СЗ СК УНИСТРОЙДОМ,,2,Сданные,2020-10-23,2019-06-11,16-000869,333,17752.46,0,0,Жилой комплекс по ул.Умырзая,0,,,,,,,,,,,,,,,,,,,,,,,,
31512,42064,2776,1655239698,РЕНТСИТИ,,2,Сданные,2021-12-02,2019-06-11,16-000870,0,0,0,0,,0,,,,,,,,,,,,,,,,,,,,,,,,
31635,42541,7348,1655395672,СЗ КОНГРАДА,,2,Сданные,2022-05-25,2019-06-24,16-000872,198,10380.5,0,0,ЖК «ЖИВИ НА ПОРТОВОЙ»,0,,,,,,,,,,,,,,,,,,,,,,,,
31636,42545,7348,1655395672,СЗ КОНГРАДА,,2,Сданные,2022-05-25,2019-06-24,16-000872,263,12995,0,0,ЖК «ЖИВИ НА ПОРТОВОЙ»,0,,,,,,,,,,,,,,,,,,,,,,,,
31822,42284,4624,1657100437,ЖК МОЛОДЕЖНЫЙ,,2,Сданные,2019-12-06,2019-07-10,16-000874,108,5752.84,0,0,Жилой комплекс «Молодежный» по ул. Ноксинский спуск,0,,,,,,,,,,,,,,,,,,,,,,,,
32091,42695,296,1660295320,СЗ АК ТАШ-ИНВЕСТСТРОЙ,,2,Сданные,2020-07-17,2019-06-27,16-000878,235,12089.6,0,0,"Жилой дом №2 в жилом комплексе ""Триумф"" Советского района г.Казани",0,,,,,,,,,,,,,,,,,,,,,,,,
32097,42363,7950,1655389809,СЗ КАПРИ,,2,Сданные,2020-11-27,2019-07-22,16-000883,23,2757.37,0,0,"Жилой комплекс ""КАПРИ""",0,,,,,,,,,,,,,,,,,,,,,,,,
32122,42424,7967,1655337896,ЖИЛОЙ КОМПЛЕКС,,2,Сданные,2021-07-31,2019-06-30,16-000880,30,2714.14,0,0,"ЖК ""Август Астра""",0,,,,,,,,,,,,,,,,,,,,,,,,
32159,42931,2300,1655290687,СЗ АМГ,4786,2,Сданные,2023-02-17,2019-06-30,16-000881,230,11375.9,0,0,Жилой комплекс Евразия,0,,,,0.798885362916341,193262,17.02.2023,30.06.2019,30.06.2023,Комфорт,0,false,66,,,,,,,,,,,,
32312,43091,4624,1657100437,ЖК МОЛОДЕЖНЫЙ,,2,Сданные,2020-11-24,2019-07-11,16-000887,130,8245.78,0,0,Жилой комплекс «Молодежный» по ул. Ноксинский спуск,0,,,,,,,,,,,,,,,,,,,,,,,,
32358,11679,4624,1657100437,ЖК МОЛОДЕЖНЫЙ,,2,Сданные,2020-11-24,2019-07-12,16-000888,60,3638.25,0,0,Жилой комплекс «Молодежный» по ул. Ноксинский спуск,0,,,,,,,,,,,,,,,,,,,,,,,,
32359,13834,9502,1655425486,ФОНД РТ ПО ЗАЩИТЕ ПРАВ УЧАСТНИКОВ ДОЛЕВОГО СТРОИТЕЛЬСТВА,,2,Сданные,2021-07-29,2019-07-12,16-000889,323,16760.41,0,0,Жилой комплекс «Молодежный» по ул. Ноксинский спуск (поз.5),0,,,,,,,,,,,,,,,,,,,,,,,,
32550,43330,8413,1657144459,СЗ МИКРОРАЙОН М8,,2,Сданные,2021-07-29,2019-07-22,16-000895,162,7244.17,0,0,Жилой комплекс «Нобелевский» (ЖК «Нобелевский»),0,,,,,,,,,,,,,,,,,,,,,,,,
32571,43351,8413,1657144459,СЗ МИКРОРАЙОН М8,,2,Сданные,2021-07-30,2019-07-23,16-000896,162,7244.17,0,0,Жилой комплекс «Нобелевский» (ЖК «Нобелевский»),0,,,,,,,,,,,,,,,,,,,,,,,,
32572,43352,8413,1657144459,СЗ МИКРОРАЙОН М8,,2,Сданные,2021-07-30,2019-07-23,16-000897,162,7244.17,0,0,Жилой комплекс «Нобелевский» (ЖК «Нобелевский»),0,,,,,,,,,,,,,,,,,,,,,,,,
32650,43437,7825,1657202333,СЗ СВЕТЛАЯ ДОЛИНА,,2,Сданные,2020-12-29,2019-07-31,16-000902,288,14355.36,0,0,Жилой комплекс «Светлая долина» (ЖК «Светлая долина»),0,,,,,,,,,,,,,,,,,,,,,,,,
32651,43438,7825,1657202333,СЗ СВЕТЛАЯ ДОЛИНА,,2,Сданные,2020-12-29,2019-07-31,16-000906,340,15018.36,0,0,Жилой комплекс «Светлая долина» (ЖК «Светлая долина»),0,,,,,,,,,,,,,,,,,,,,,,,,
32652,43439,7825,1657202333,СЗ СВЕТЛАЯ ДОЛИНА,,2,Сданные,2020-12-29,2019-07-31,16-000904,198,9774.54,0,0,Жилой комплекс «Светлая долина» (ЖК «Светлая долина»),0,,,,,,,,,,,,,,,,,,,,,,,,
32738,43528,8413,1657144459,СЗ МИКРОРАЙОН М8,,2,Сданные,2021-10-26,2019-08-01,16-000907,193,9475.64,0,0,Жилой комплекс «Солнечный город Супер» (ЖК «Солнечный город Супер»),0,,,,,,,,,,,,,,,,,,,,,,,,
32739,43529,8413,1657144459,СЗ МИКРОРАЙОН М8,,2,Сданные,2021-10-26,2019-08-01,16-000907,232,11989.63,0,0,Жилой комплекс «Солнечный город Супер» (ЖК «Солнечный город Супер»),0,,,,,,,,,,,,,,,,,,,,,,,,
32740,43530,8413,1657144459,СЗ МИКРОРАЙОН М8,,2,Сданные,2021-10-26,2019-08-01,16-000907,153,7340.65,0,0,Жилой комплекс «Солнечный город Супер» (ЖК «Солнечный город Супер»),0,,,,,,,,,,,,,,,,,,,,,,,,
32741,43531,8413,1657144459,СЗ МИКРОРАЙОН М8,,2,Сданные,2021-10-26,2019-08-01,16-000907,330,16642.31,0,0,Жилой комплекс «Солнечный город Супер» (ЖК «Солнечный город Супер»),0,,,,,,,,,,,,,,,,,,,,,,,,
32918,43713,8513,1657246531,СЗ СК УНИСТРОЙДОМ-2,,2,Сданные,2021-03-24,2019-08-12,16-000910,333,17752.43,0,0,Жилой комплекс по ул.Мира Советского района г.Казани,0,,,,,,,,,,,,,,,,,,,,,,,,
32919,43714,8513,1657246531,СЗ СК УНИСТРОЙДОМ-2,,2,Сданные,2021-03-24,2019-08-12,16-000910,324,17092.06,0,0,Жилой комплекс по ул.Мира Советского района г.Казани,0,,,,,,,,,,,,,,,,,,,,,,,,
33407,44264,8039,1655141117,СЗ СК АРКАДА,,2,Сданные,2022-05-27,2019-09-17,16-000924,293,13575.22,0,0,"Жилой комплекс ""SREDA OF LIFE"" (Жилой комплекс ""Среда жизни"")",0,,,,,,,,,,,,,,,,,,,,,,,,
33441,44306,1993,1655132521,СЗ АРТ - СТРОЙ,,2,Сданные,2021-12-30,2019-09-24,16-000929,368,30302.7,0,0,Жилой комплекс «Легенда» (ЖК «Легенда»),0,,,,,,,,,,,,,,,,,,,,,,,,
33442,44307,1993,1655132521,СЗ АРТ - СТРОЙ,,2,Сданные,2021-12-30,2019-09-24,16-000929,0,0,0,0,Жилой комплекс «Легенда» (ЖК «Легенда»),0,,,,,,,,,,,,,,,,,,,,,,,,
33971,44911,8593,1635012561,СЗ ГРАФИТ,,2,Сданные,2021-03-19,2019-11-08,16-000938,104,5690.08,0,0,,0,,,,,,,,,,,,,,,,,,,,,,,,
33972,44912,202,1660075460,СЗ СТРОЙУСЛУГИ,,2,Сданные,2021-06-30,2019-11-08,16-000939,114,7509.95,0,0,Жилой комплекс «Art City» (Жилой комплекс «Город искусств»),0,,,,,,,,,,,,,,,,,,,,,,,,
33980,44920,534,1657131160,СЗ АК ТАШ-ИНВЕСТ,,2,Сданные,2020-03-04,2019-11-12,16-000941,70,3534.37,0,0,"ЖК Twin House (Жилой комплекс Twin House, Жилой комплекс ""Твин Хаус"", ЖК Твин Хаус, ЖК TWIN HOUSE, ЖК ""Twin House"", ТВИН ХАУС)",0,,,,,,,,,,,,,,,,,,,,,,,,
34020,44972,202,1660075460,СЗ СТРОЙУСЛУГИ,,2,Сданные,2021-07-14,2019-11-19,16-000943,283,19399.83,0,0,Жилой комплекс «Art City» (Жилой комплекс «Город искусств»),0,,,,,,,,,,,,,,,,,,,,,,,,
34126,45086,769,1659143147,СЗ СК УНИСТРОЙДОМ,,2,Сданные,2021-05-26,2019-12-03,16-000949,187,8552.98,0,0,Жилой комплекс по ул.Умырзая,0,,,,,,,,,,,,,,,,,,,,,,,,
34276,45246,769,1659143147,СЗ СК УНИСТРОЙДОМ,,2,Сданные,2021-07-01,2019-12-23,16-000955,187,8553.72,0,0,Жилой комплекс по ул.Умырзая,0,,,,,,,,,,,,,,,,,,,,,,,,
34390,45365,769,1659143147,СЗ СК УНИСТРОЙДОМ,,2,Сданные,2021-07-23,2019-12-27,16-000956,324,17643.31,0,0,Жилой комплекс по ул.Умырзая,0,,,,,,,,,,,,,,,,,,,,,,,,
34534,45514,10395,1657261138,СЗ ЭТАЛОН ГРИН,,2,Сданные,2020-12-30,2020-01-23,16-000964,190,7681.76,0,0,"Жилой комплекс «GREEN», Жилой комплекс «Green», Жилой комплекс «ГРИН», Жилой комплекс «Грин» (ЖК «GREEN», ЖК «Green», ЖК «ГРИН», ЖК «Грин»)",0,,,,,,,,,,,,,,,,,,,,,,,,
34712,113803,8796,1655420953,СЗ ЖК ЯРКИЙ,,2,Сданные,2021-06-17,2020-02-12,16-000967,410,15344.9,0,0,"Жилой квартал ""Яркий"" (2 очередь)",0,,,,,,,,,,,,,,,,,,,,,,,,
34819,114034,8513,1657246531,СЗ СК УНИСТРОЙДОМ-2,,2,Сданные,2021-08-26,2020-02-19,16-000965,333,17752.43,0,0,Жилой комплекс по ул.Мира Советского района г.Казани,0,,,,,,,,,,,,,,,,,,,,,,,,
34820,114035,8513,1657246531,СЗ СК УНИСТРОЙДОМ-2,,2,Сданные,2021-08-26,2020-02-19,16-000965,324,17092.06,0,0,Жилой комплекс по ул.Мира Советского района г.Казани,0,,,,,,,,,,,,,,,,,,,,,,,,
34917,114314,9057,1660215043,СЗ ГРАНЬ-ДОМ,,2,Сданные,2021-06-29,2020-02-27,16-000969,96,4158.48,0,0,"Город-Парк ""Новые Горки""",0,,,,,,,,,,,,,,,,,,,,,,,,
34933,114424,2171,1656078980,СПЕЦЗАСТРОЙЩИК ТСИ,,2,Сданные,2021-08-26,2020-03-02,16-000971,239,11127.17,0,0,"ЖК ""РОДИНА""",0,,,,,,,,,,,,,,,,,,,,,,,,
34991,114590,534,1657131160,СЗ АК ТАШ-ИНВЕСТ,,2,Сданные,2021-08-17,2020-03-06,16-000972,124,6127.37,0,0,"ЖК ""Дом на Минской""",0,,,,,,,,,,,,,,,,,,,,,,,,
34992,114591,534,1657131160,СЗ АК ТАШ-ИНВЕСТ,,2,Сданные,2021-08-17,2020-03-06,16-000972,0,0,0,0,"ЖК ""Дом на Минской""",0,,,,,,,,,,,,,,,,,,,,,,,,
34993,114592,534,1657131160,СЗ АК ТАШ-ИНВЕСТ,,2,Сданные,2021-08-17,2020-03-06,16-000972,0,0,0,0,"ЖК ""Дом на Минской""",0,,,,,,,,,,,,,,,,,,,,,,,,
35409,115383,9057,1660215043,СЗ ГРАНЬ-ДОМ,,2,Сданные,2021-07-30,2020-04-08,16-000981,125,5516.06,0,0,"Город-Парк ""Новые Горки""",0,,,,,,,,,,,,,,,,,,,,,,,,
35423,115412,9643,1655401291,СЗ АРОУ ГРУПП,,2,Сданные,2021-10-14,2020-04-10,16-000982,48,2610.72,0,0,"""Красное яблоко""",0,,,,,,,,,,,,,,,,,,,,,,,,
35447,115447,2856,1655264253,ЖК ПОБЕДА,,2,Сданные,2018-08-30,2020-04-13,16-000984,1428,92762.31,0,0,,0,,,,,,,,,,,,,,,,,,,,,,,,
35462,115467,2845,1655367964,СЗ СМУ 88,,2,Сданные,2019-01-25,2020-04-15,16-000985,523,27746,0,0,"Жилой комплекс ""Пять Звезд""",0,,,,,,,,,,,,,,,,,,,,,,,,
35585,6418,9502,1655425486,ФОНД РТ ПО ЗАЩИТЕ ПРАВ УЧАСТНИКОВ ДОЛЕВОГО СТРОИТЕЛЬСТВА,,2,Сданные,2021-06-26,2020-04-27,16-000987,373,24141.29,0,0,,0,,,,,,,,,,,,,,,,,,,,,,,,
35914,116061,9380,1660320312,КС КАЗАНЬ СЗ,5828,2,Сданные,2023-03-28,2020-05-28,16-001000,363,20600.7,0,0,КОМОС на Губкина,0,,,,0.823559393612838,187795,28.03.2023,28.05.2020,30.06.2023,Комфорт,0,false,97,,,,,,,,,,,,
35915,116062,9504,1660212500,СЗ МОЙ РИТМ 3,,2,Сданные,2022-12-06,2020-05-28,16-001005,263,13482.98,0,0,Жилой комплекс «Мой Ритм» (ЖК «Мой Ритм»),0,,,,,,,,,,,,,,,,,,,,,,,,
35916,116063,9504,1660212500,СЗ МОЙ РИТМ 3,,2,Сданные,2022-12-06,2020-05-28,16-001005,227,11058.78,0,0,Жилой комплекс «Мой Ритм» (ЖК «Мой Ритм»),0,,,,,,,,,,,,,,,,,,,,,,,,
36159,116332,9499,1658223150,СЗ СВЕТЛАЯ ДОЛИНА 16,,2,Сданные,2021-11-30,2020-06-22,16-001010,340,15013.3,0,0,"Жилой комплекс ""Светлая долина"" (ЖК ""Светлая долина"")",0,,,,,,,,,,,,,,,,,,,,,,,,
36160,116333,9499,1658223150,СЗ СВЕТЛАЯ ДОЛИНА 16,,2,Сданные,2021-12-08,2020-06-22,16-001011,340,15013.3,0,0,"Жилой комплекс ""Светлая долина"" (ЖК ""Светлая долина"")",0,,,,,,,,,,,,,,,,,,,,,,,,
36161,116334,9499,1658223150,СЗ СВЕТЛАЯ ДОЛИНА 16,,2,Сданные,2021-11-30,2020-06-22,16-001012,198,9774.54,0,0,"Жилой комплекс ""Светлая долина"" (ЖК ""Светлая долина"")",0,,,,,,,,,,,,,,,,,,,,,,,,
36382,116618,9738,1655421717,СЗ ГРИН,,2,Сданные,2021-12-30,2020-07-21,16-001021,100,4405.29,0,0,,0,,,,,,,,,,,,,,,,,,,,,,,,
36412,116651,8778,1660307008,СЗ АК ТАШ-ДЕВЕЛОПМЕНТ,,2,Сданные,2021-06-30,2020-07-23,16-001023,127,5816.26,0,0,"Жилой комплекс ""Вознесение"" (ЖК ""Вознесение"")",0,,,,,,,,,,,,,,,,,,,,,,,,
36484,116740,9866,5504220903,СЗ МОЙ РИТМ 2,,2,Сданные,2022-12-22,2020-08-03,16-001030,263,13482.98,0,0,Жилой комплекс «Мой Ритм» (ЖК «Мой Ритм»),0,,,,,,,,,,,,,,,,,,,,,,,,
36485,116741,9866,5504220903,СЗ МОЙ РИТМ 2,,2,Сданные,2022-12-22,2020-08-03,16-001030,227,11058.78,0,0,Жилой комплекс «Мой Ритм» (ЖК «Мой Ритм»),0,,,,,,,,,,,,,,,,,,,,,,,,
36486,116742,10459,1660313298,СЗ СТРОЙУСЛУГИ-1,,2,Сданные,2022-07-14,2020-08-03,16-001037,181,10217.7,0,0,Жилой комплекс «Лето» в Советском районе г. Казани»,0,,,,,,,,,,,,,,,,,,,,,,,,
36487,116743,2904,1658047987,СЗ ТЭКОРЕСУРС,,2,Сданные,2021-12-02,2020-08-03,16-001039,55,3716.8,0,0,ЖК Резиденция Архитектор,0,,,,,,,,,,,,,,,,,,,,,,,,
36797,117076,2171,1656078980,СПЕЦЗАСТРОЙЩИК ТСИ,,2,Сданные,2022-01-22,2020-08-25,16-001050,239,11130.74,0,0,"ЖК ""РОДИНА""",0,,,,,,,,,,,,,,,,,,,,,,,,
36798,117077,9499,1658223150,СЗ СВЕТЛАЯ ДОЛИНА 16,,2,Сданные,2022-01-14,2020-08-25,16-001051,0,0,0,0,"Жилой комплекс ""Светлая долина"" (ЖК ""Светлая долина"")",0,,,,,,,,,,,,,,,,,,,,,,,,
36910,117246,9502,1655425486,ФОНД РТ ПО ЗАЩИТЕ ПРАВ УЧАСТНИКОВ ДОЛЕВОГО СТРОИТЕЛЬСТВА,,2,Сданные,2021-08-28,2020-09-07,16-001057,574,32017.73,0,0,"Социально-жилищный комплекс ""МЧС"" по ул. Ак. Губкина в Советском районе г. Казани",0,,,,,,,,,,,,,,,,,,,,,,,,
36911,117247,9502,1655425486,ФОНД РТ ПО ЗАЩИТЕ ПРАВ УЧАСТНИКОВ ДОЛЕВОГО СТРОИТЕЛЬСТВА,,2,Сданные,2021-08-12,2020-09-07,16-001058,574,32017.73,0,0,"Социально-жилищный комплекс ""МЧС"" по ул. Ак. Губкина в Советском районе г. Казани",0,,,,,,,,,,,,,,,,,,,,,,,,
37001,117337,1607,1655295068,СЗ ЗИЛАНТОВА ГОРА,,2,Сданные,2021-12-29,2020-09-11,16-001064,346,13459.69,0,0,Новые Острова,0,,,,,,,,,,,,,,,,,,,,,,,,
37099,117447,9516,1655401301,СЗ ХАУСДЕВЕЛОПМЕНТ,6079,2,Сданные,2023-06-26,2020-09-21,16-001070,12,1166.9,0,0,,0,,,,0.628074385122975,298000,26.06.2023,21.09.2020,31.12.2023,Элитный,0,false,45,,,,,,,,,,,,
37100,117448,10866,1655419718,СЗ ЖК СМОРОДИНА,4662,2,Сданные,2023-06-07,2020-09-21,16-001074,382,15607.74,0,0,"ЖК ""Смородина""",0,,,,0.968994229785991,142207,07.06.2023,21.09.2020,30.09.2023,Комфорт,0,false,42,,,,,,,,,,,,
37475,117866,10689,1658217565,СЗ СВЕТЛАЯ ДОЛИНА 2,,2,Сданные,2022-10-05,2020-10-21,16-001086,160,7081.44,0,0,"Жилой комплекс ""Светлая долина"" , ЖК ""Светлая долина""",0,,,,,,,,,,,,,,,,,,,,,,,,
37476,117865,10689,1658217565,СЗ СВЕТЛАЯ ДОЛИНА 2,,2,Сданные,2022-10-05,2020-10-21,16-001086,250,11714.56,0,0,"Жилой комплекс ""Светлая долина"" , ЖК ""Светлая долина""",0,,,,,,,,,,,,,,,,,,,,,,,,
37477,117864,10689,1658217565,СЗ СВЕТЛАЯ ДОЛИНА 2,,2,Сданные,2022-10-05,2020-10-21,16-001086,160,7081.44,0,0,"Жилой комплекс ""Светлая долина"" , ЖК ""Светлая долина""",0,,,,,,,,,,,,,,,,,,,,,,,,
37558,117952,8413,1657144459,СЗ МИКРОРАЙОН М8,,2,Сданные,2022-01-22,2020-10-28,16-001089,0,0,0,0,Жилой комплекс «Нобелевский» (ЖК «Нобелевский»),0,,,,,,,,,,,,,,,,,,,,,,,,
37611,118009,769,1659143147,СЗ СК УНИСТРОЙДОМ,,2,Сданные,2022-02-28,2020-11-03,16-001090,187,8553.81,0,0,Жилой комплекс по ул. Умырзая,0,,,,,,,,,,,,,,,,,,,,,,,,
37850,118255,11149,1660350388,СЗ АЛЬЯНС 1,,2,Сданные,2022-03-24,2020-11-24,16-001121,93,5024.97,0,0,Жилой дом со встроенными нежилыми помещениями по ул.Максимова. Блок 3,0,,,,,,,,,,,,,,,,,,,,,,,,
37860,118266,10459,1660313298,СЗ СТРОЙУСЛУГИ-1,,2,Сданные,2022-08-03,2020-11-24,16-001119,210,12621.65,0,0,Жилой комплекс «Лето» в Советском районе г. Казани,0,,,,,,,,,,,,,,,,,,,,,,,,
37882,118288,6646,1655252709,СЗ СК АЙ КЬЮ ДЕВЕЛОПМЕНТ,7076,2,Сданные,2023-08-12,2020-11-26,16-001125,462,21793.46,0,0,"ЖК ""Яратам""",0,,,,0.993627446031975,190926,12.08.2023,26.11.2020,30.06.2024,Комфорт,0,false,46,,,,,,,,,,,,
37916,118322,2844,1624445443,СЗ АЙ-КЬЮ ДЕВЕЛОПМЕНТ,7076,2,Сданные,2023-07-28,2020-11-30,16-001126,358,20395.35,0,0,"ЖК ""Свобода""",0,,,,0.892399493021694,228530,28.07.2023,30.11.2020,31.07.2024,Бизнес,0,false,43,,,,,,,,,,,,
37932,118339,9158,1655422661,СЗ СТАНЦИЯ СПОРТИВНАЯ,9129,2,Сданные,2023-02-21,2020-12-02,16-001135,162,7894.25,0,0,"Жилой комплекс ""Станция Спортивная """,0,,,,0.701106501567597,215207,21.02.2023,02.12.2020,30.11.2023,Комфорт,0,false,50,,,,,,,,,,,,
38031,118441,769,1659143147,СЗ СК УНИСТРОЙДОМ,,2,Сданные,2022-02-22,2020-12-08,16-001146,162,8198.06,0,0,Жилой комплекс по ул. Умырзая,0,,,,,,,,,,,,,,,,,,,,,,,,
38032,118442,769,1659143147,СЗ СК УНИСТРОЙДОМ,,2,Сданные,2022-08-04,2020-12-08,16-001147,323,17191.85,0,0,«Жилой комплекс по ул. Умырзая»,0,,,,,,,,,,,,,,,,,,,,,,,,
38054,118463,9502,1655425486,ФОНД РТ ПО ЗАЩИТЕ ПРАВ УЧАСТНИКОВ ДОЛЕВОГО СТРОИТЕЛЬСТВА,,2,Сданные,2021-04-30,2020-12-10,16-001150,528,28930.28,0,0,"Социально-жилищный комплекс ""МЧС"" по ул. Ак. Губкина в Советском районе г. Казани",0,,,,,,,,,,,,,,,,,,,,,,,,
38295,118692,10395,1657261138,СЗ ЭТАЛОН ГРИН,,2,Сданные,2022-09-28,2020-12-25,16-001152,0,0,0,0,"Жилой комплекс ""GREEN"", Жилой комплекс ""Green"", Жилой комплекс ""ГРИН"", Жилой комплекс ""Грин"", (ЖК "" GREEN"", ЖК ""Green"", ЖК ""ГРИН"", ЖК ""Грин"")",0,,,,,,,,,,,,,,,,,,,,,,,,
38296,118693,10395,1657261138,СЗ ЭТАЛОН ГРИН,,2,Сданные,2022-09-28,2020-12-25,16-001153,170,8277.51,0,0,"Жилой комплекс "" GREEN"", Жилой комплекс Green, Жилой комплекс ""ГРИН"", Жилой комплекс ""Грин"" (ЖК"" GREEN"", ЖК Green, ЖК ""ГРИН"", ЖК ""Грин"" )",0,,,,,,,,,,,,,,,,,,,,,,,,
38424,118821,11152,1655401260,СЗ АСТРА ГРУПП,,2,Сданные,2022-12-07,2020-12-30,16-001155,20,1776.7,0,0,"""Арт Квартал Винсент"" (""Арт Квартал Vincent"") 2 очередь",0,,,,,,,,,,,,,,,,,,,,,,,,
38425,118822,11152,1655401260,СЗ АСТРА ГРУПП,,2,Сданные,2022-09-20,2020-12-30,16-001154,0,0,0,0,"""Арт Квартал Винсент"" (""Арт Квартал Vincent"") 2 очередь",0,,,,,,,,,,,,,,,,,,,,,,,,
38510,118903,3488,1660188671,СЗ ГРАНЬ ДЕВЕЛОПМЕНТ,,2,Сданные,2022-04-25,2021-01-20,16-001160,147,6455.14,0,0,"Город-Парк ""Новые Горки""",0,,,,,,,,,,,,,,,,,,,,,,,,
38511,118904,3488,1660188671,СЗ ГРАНЬ ДЕВЕЛОПМЕНТ,,2,Сданные,2022-04-25,2021-01-20,16-001162,159,6977.91,0,0,"Город-Парк ""Новые Горки""",0,,,,,,,,,,,,,,,,,,,,,,,,
38613,119011,9158,1655422661,СЗ СТАНЦИЯ СПОРТИВНАЯ,9129,2,Сданные,2023-01-17,2021-01-28,16-001169,162,7619.76,0,0,"Жилой комплекс ""Станция Спортивная""",0,,,,0.873477642340441,171503,17.01.2023,28.01.2021,31.07.2023,Типовой,0,false,48,,,,,,,,,,,,
38659,119057,11285,1660313308,СЗ СТРОЙУСЛУГИ-2,,2,Сданные,2022-07-13,2021-02-02,16-001174,208,9407,0,0,Жилой комплекс по ул.А.Кутуя в Советском районе УНИКУМ,0,,,,,,,,,,,,,,,,,,,,,,,,
38660,119058,11285,1660313308,СЗ СТРОЙУСЛУГИ-2,,2,Сданные,2022-07-14,2021-02-02,16-001175,208,9407,0,0,Жилой комплекс по ул.А.Кутуя в Советском районе УНИКУМ,0,,,,,,,,,,,,,,,,,,,,,,,,
38688,119081,9502,1655425486,ФОНД РТ ПО ЗАЩИТЕ ПРАВ УЧАСТНИКОВ ДОЛЕВОГО СТРОИТЕЛЬСТВА,,2,Сданные,2021-07-29,2021-02-04,16-001177,323,16760.41,0,0,Жилой комплекс «Молодежный» по ул. Ноксинский спуск (поз.5),0,,,,,,,,,,,,,,,,,,,,,,,,
38689,119082,9502,1655425486,ФОНД РТ ПО ЗАЩИТЕ ПРАВ УЧАСТНИКОВ ДОЛЕВОГО СТРОИТЕЛЬСТВА,,2,Сданные,2021-06-26,2021-02-04,16-001178,373,24141.29,0,0,,0,,,,,,,,,,,,,,,,,,,,,,,,
38801,119206,9504,1660212500,СЗ МОЙ РИТМ 3,,2,Сданные,2022-11-18,2021-02-15,16-001179,0,0,0,0,,0,,,,,,,,,,,,,,,,,,,,,,,,
38968,119392,9179,1655326333,СЗ РОКСА,4654,2,Сданные,2023-06-08,2021-03-02,16-001180,279,16864.73,0,0,"Жилой комплекс ""Взлет"" (ЖК ""Взлет"")",0,,,,0.833096053123886,124856,08.06.2023,02.03.2021,30.06.2023,Комфорт,0,false,54,,,,,,,,,,,,
38984,119409,11692,1658219322,СЗ ДУБРАВА,,2,Сданные,2022-09-12,2021-03-04,16-001194,174,11534.6,0,0,DUBRAVA 2.0,0,,,,,,,,,,,,,,,,,,,,,,,,
38985,119408,11692,1658219322,СЗ ДУБРАВА,,2,Сданные,2022-09-12,2021-03-04,16-001194,31,2559.23,0,0,DUBRAVA 2.0,0,,,,,,,,,,,,,,,,,,,,,,,,
39059,119488,11692,1658219322,СЗ ДУБРАВА,,2,Сданные,2022-10-26,2021-03-10,16-001197,174,11534.6,0,0,DUBRAVA 2.0,0,,,,,,,,,,,,,,,,,,,,,,,,
39060,119487,11692,1658219322,СЗ ДУБРАВА,,2,Сданные,2022-10-26,2021-03-10,16-001197,31,2559.23,0,0,DUBRAVA 2.0,0,,,,,,,,,,,,,,,,,,,,,,,,
39061,119489,11010,1658218914,СЗ КФСК-ГРУПП,,2,Сданные,2021-08-17,2021-03-10,16-001196,106,6560.6,0,0,ЖК Тунакова,0,,,,,,,,,,,,,,,,,,,,,,,,
39112,119540,2904,1658047987,СЗ ТЭКОРЕСУРС,9015,2,Сданные,2023-02-01,2021-03-12,16-001203,56,2520.4,0,0,ЖК Милли Хаус,0,,,,0.949428662117124,170000,01.02.2023,12.03.2021,31.03.2023,Комфорт,0,false,45,,,,,,,,,,,,
39121,119549,8513,1657246531,СЗ СК УНИСТРОЙДОМ-2,,2,Сданные,2021-12-08,2021-03-15,16-001206,0,0,0,0,Многоэтажный паркинг открытого типа в жилом комплексе по ул.Мира в Советском районе г.Казани,0,,,,,,,,,,,,,,,,,,,,,,,,
39417,119853,10689,1658217565,СЗ СВЕТЛАЯ ДОЛИНА 2,6123,2,Сданные,2023-08-14,2021-04-05,16-001211,480,19975.14,0,0,"Жилой комплекс ""Светлая долина"" ЖК ""Светлая долина""",0,,,,0.853986505225996,187061,14.08.2023,05.04.2021,30.09.2023,Комфорт,0,false,39,,,,,,,,,,,,
39418,119854,12067,1657246517,СЗ СК УНИСТРОЙДОМ-3,,2,Сданные,2022-08-19,2021-04-05,16-001214,155,9164.49,0,0,Жилой дом по ул.Даурская д.46А в Советском районе г.Казани,0,,,,,,,,,,,,,,,,,,,,,,,,
39419,119855,9866,5504220903,СЗ МОЙ РИТМ 2,,2,Сданные,2022-12-17,2021-04-05,16-001217,162,8103.97,0,0,"Жилой комплекс""Казань XXI век""(ЖК""Казань XXI век"")",0,,,,,,,,,,,,,,,,,,,,,,,,
39486,119922,9502,1655425486,ФОНД РТ ПО ЗАЩИТЕ ПРАВ УЧАСТНИКОВ ДОЛЕВОГО СТРОИТЕЛЬСТВА,,2,Сданные,2021-08-26,2021-04-09,16-001231,447,32437.93,0,0,"ЖК""Золотая середина""дом №3",0,,,,,,,,,,,,,,,,,,,,,,,,
39528,119964,2171,1656078980,СПЕЦЗАСТРОЙЩИК ТСИ,5808,2,Сданные,2023-03-09,2021-04-13,16-001233,396,16917.2,0,0,"ЖК""Мечта""",0,,,,0.302265150261272,199314,09.03.2023,13.04.2021,30.06.2023,Комфорт,0,false,47,,,,,,,,,,,,
39589,120025,11737,1655401319,СЗ ИМПУЛЬС ГРУПП,6079,2,Сданные,2023-10-12,2021-04-14,16-001223,42,3949.7,0,0,"""Альтура""",1,0,0,12,0.937858571537079,454758,12.10.2023,14.04.2021,30.06.2024,Элитный,0,false,58,,,,,,,,,,,,
40144,120626,7801,1655401679,ИВА,,2,Сданные,2022-03-09,2021-05-17,16-001238,75,4149,0,0,,0,,,,,,,,,,,,,,,,,,,,,,,,
40250,120742,11219,1660352530,СЗ ЖБИ-3 ИНВЕСТ,,2,Сданные,2022-11-18,2021-05-21,16-001243,253,10408.88,0,0,"ЖК ""Новые Горки""",0,,,,,,,,,,,,,,,,,,,,,,,,
40649,121160,2171,1656078980,СПЕЦЗАСТРОЙЩИК ТСИ,,2,Сданные,2022-12-14,2021-06-07,16-001350,230,10684.71,0,0,"ЖК""Мечта""",0,,,,,,,,,,,,,,,,,,,,,,,,
40677,121188,9502,1655425486,ФОНД РТ ПО ЗАЩИТЕ ПРАВ УЧАСТНИКОВ ДОЛЕВОГО СТРОИТЕЛЬСТВА,,2,Сданные,2021-07-27,2021-06-08,16-001384,140,9470.51,0,0,"ЖК""Золотая середина""дом №6",0,,,,,,,,,,,,,,,,,,,,,,,,
40923,121458,9159,1655428494,СЗ ВРЕМЕНА ГОДА,9129,2,Сданные,2024-03-28,2021-06-18,16-001390,140,9281.81,0,0,,0,,,,0.380982804000513,122340,28.03.2024,18.06.2021,30.09.2024,Комфорт,0,false,55,,,,,,,,,,,,
40924,121457,9159,1655428494,СЗ ВРЕМЕНА ГОДА,9129,2,Сданные,2024-03-28,2021-06-18,16-001390,110,7444.22,0,0,,0,,,,0.186992055581377,136466,28.03.2024,18.06.2021,30.09.2024,Комфорт,0,false,55,,,,,,,,,,,,
40925,121456,9159,1655428494,СЗ ВРЕМЕНА ГОДА,9129,2,Сданные,2024-03-28,2021-06-18,16-001390,110,7399.05,0,0,,0,,,,0.228287415276285,123245,28.03.2024,18.06.2021,30.09.2024,Комфорт,0,false,55,,,,,,,,,,,,
40926,121455,9159,1655428494,СЗ ВРЕМЕНА ГОДА,9129,2,Сданные,2024-03-28,2021-06-18,16-001390,135,8963.37,0,0,,0,,,,0.403791207994315,146263,28.03.2024,18.06.2021,30.09.2024,Комфорт,0,false,55,,,,,,,,,,,,
40927,121454,9159,1655428494,СЗ ВРЕМЕНА ГОДА,9129,2,Сданные,2024-03-28,2021-06-18,16-001390,0,0,0,0,,0,,,,0.0960216231899551,21367,28.03.2024,18.06.2021,30.09.2024,Типовой,0,false,55,,,,,,,,,,,,
40957,121488,1993,1655132521,СЗ АРТ - СТРОЙ,,2,Сданные,2021-08-18,2021-06-21,16-001386,0,0,0,0,Жилой комплекс «Легенда» (ЖК «Легенда»),0,,,,,,,,,,,,,,,,,,,,,,,,
41094,121625,11285,1660313308,СЗ СТРОЙУСЛУГИ-2,5868,2,Сданные,2023-02-03,2021-06-25,16-001398,208,9409.92,0,0,Уникум на Новаторов,0,,,,0.679749668435013,207367,03.02.2023,25.06.2021,28.02.2023,Комфорт,0,false,42,,,,,,,,,,,,
41566,122099,5355,1656008446,ФОН,5643,2,Сданные,2023-12-28,2021-07-07,16-001406,0,0,0,0,,1,1,8,28,0.845026053701576,,28.12.2023,07.07.2021,31.12.2023,Типовой,0,false,14,,,,,,,,,,,,
41567,122100,5355,1656008446,ФОН,5643,2,Сданные,2023-12-28,2021-07-07,16-001407,0,0,0,0,,1,1,8,28,0.814047172085345,,28.12.2023,07.07.2021,31.12.2023,Типовой,0,false,14,,,,,,,,,,,,
41611,122144,6646,1655252709,СЗ СК АЙ КЬЮ ДЕВЕЛОПМЕНТ,7076,2,Сданные,2023-12-06,2021-07-08,16-001408,225,11278.35,0,0,"ЖК ""Яратам""",0,,,,0.92681730926953,198419,06.12.2023,08.07.2021,30.06.2024,Комфорт,0,false,42,,,,,,,,,,,,
41665,122198,11692,1658219322,СЗ ДУБРАВА,7076,2,Сданные,2023-08-23,2021-07-09,16-001409,150,9925.4,0,0,DUBRAVA 2.0,0,,,,0.862605033550285,155847,23.08.2023,09.07.2021,30.06.2024,Бизнес,0,false,43,,,,,,,,,,,,
41937,122503,8413,1657144459,СЗ МИКРОРАЙОН М8,,2,Сданные,2022-02-22,2021-07-23,16-001413,0,0,0,0,"Жилой комплекс ""Солнечный город Супер"" (ЖК ""Солнечный город Супер"")",0,,,,,,,,,,,,,,,,,,,,,,,,
41940,122506,202,1660075460,СЗ СТРОЙУСЛУГИ,5868,2,Сданные,2023-05-31,2021-07-23,16-001414,189,9138.37,0,0,Жилой комплекс Art City (Жилой комплекс Город искусств),0,,,,0.758381418130367,223872,31.05.2023,23.07.2021,30.06.2023,Комфорт,0,false,37,,,,,,,,,,,,
41987,122553,12868,1655396732,СЗ АРТ ДЕВЕЛОПМЕНТ,6079,2,Сданные,2023-04-05,2021-07-28,16-001415,13,1095.5,0,0,,0,,,,0.918758557736194,358700,05.04.2023,28.07.2021,31.03.2024,Элитный,0,false,39,,,,,,,,,,,,
42003,122569,11465,1657246524,СЗ СК УНИСТРОЙДОМ-4,5868,2,Сданные,2023-06-16,2021-07-30,16-001418,458,21333.86,0,0,"Жилой комплекс ""Аквамарин""",0,,,,0.698678063885298,184674,16.06.2023,30.07.2021,30.09.2023,Комфорт,0,false,47,,,,,,,,,,,,
42156,122727,11692,1658219322,СЗ ДУБРАВА,7076,2,Сданные,2023-08-17,2021-08-11,16-001420,150,9925.4,0,0,DUBRAVA 2.0,0,,,,0.922965321296875,157468,17.08.2023,11.08.2021,30.06.2024,Бизнес,0,false,38,,,,,,,,,,,,
42236,122807,12494,1657261339,СЗ ЭТАЛОН КВАРТАЛ СЮИТА,5904,2,Сданные,2023-09-15,2021-08-18,16-001423,201,11279.94,0,0,ЖК Квартал Сюита,0,,,,1,252485,15.09.2023,18.08.2021,30.09.2023,Бизнес,0,false,40,,,,,,,,,,,,
42523,123100,13158,5044119820,СЗ ОДА ПРЕМИУМ РЕГИОН,9016,2,Сданные,2023-03-30,2021-09-03,16-001427,56,2883.16,0,0,"Жилой комплекс ""Гагаринский 77""",0,,,,0.759229456568487,147939,30.03.2023,03.09.2021,31.05.2023,Комфорт,0,false,40,,,,,,,,,,,,
42524,123099,13158,5044119820,СЗ ОДА ПРЕМИУМ РЕГИОН,9016,2,Сданные,2023-03-30,2021-09-03,16-001427,70,4010.37,0,0,"Жилой комплекс ""Гагаринский 77""",0,,,,0.718532205257869,150397,30.03.2023,03.09.2021,31.05.2023,Комфорт,0,false,40,,,,,,,,,,,,
42525,123098,13158,5044119820,СЗ ОДА ПРЕМИУМ РЕГИОН,9016,2,Сданные,2023-03-30,2021-09-03,16-001427,0,0,0,0,"Жилой комплекс ""Гагаринский 77""",0,,,,0.693817332748777,7623,30.03.2023,03.09.2021,31.05.2023,Комфорт,0,false,40,,,,,,,,,,,,
42619,123194,769,1659143147,СЗ СК УНИСТРОЙДОМ,5868,2,Сданные,2023-09-14,2021-09-10,16-001430,324,17080.5,0,0,ЖК Весна,0,,,,0.838430959281051,152546,14.09.2023,10.09.2021,30.10.2023,Комфорт,0,false,47,,,,,,,,,,,,
42666,123241,13063,1655424531,СЗ ЖК ЭВОЛЮЦИЯ,4662,2,Сданные,2023-02-21,2021-09-14,16-001431,68,2978.44,0,0,"ЖК ""Эволюция""",0,,,,0.898245390204268,177638,21.02.2023,14.09.2021,29.02.2024,Комфорт,0,false,22,,,,,,,,,,,,
42668,123243,11285,1660313308,СЗ СТРОЙУСЛУГИ-2,,2,Сданные,2022-06-22,2021-09-14,16-001432,0,0,0,0,Жилой комплекс по ул.А.Кутуя в Советском районе УНИКУМ,0,,,,,,,,,,,,,,,,,,,,,,,,
43092,123668,10459,1660313298,СЗ СТРОЙУСЛУГИ-1,5868,2,Сданные,2023-06-14,2021-10-12,16-001440,249,12646.32,0,0,"Жилой комплекс ""Лето"" в Советском районе г.Казани",0,,,,0.801830097609423,167970,14.06.2023,12.10.2021,30.09.2023,Комфорт,0,false,38,,,,,,,,,,,,
43166,123742,12251,1616033823,СЗ ИДЕЛЬСТРОЙ,9265,2,Сданные,2025-06-27,2021-10-18,16-001441,309,18978.86,0,0,"Концепт-комплекс бизнес-класса ""Максат""",1,0,8,27,0.609465478959221,288120,27.06.2025,18.10.2021,31.08.2025,Бизнес,0,false,73,,,,,,,,,,,,
43202,123778,13233,1660348580,СЗ ТЕКТУМ,,2,Сданные,2024-02-21,2021-10-20,16-001443,690,30668.07,0,0,,0,,,,0.958141806771668,208245,21.02.2024,20.10.2021,01.07.2024,Комфорт,0,false,42,,,,,,,,,,,,
43424,124003,2171,1656078980,СПЕЦЗАСТРОЙЩИК ТСИ,5808,2,Сданные,2023-09-29,2021-11-05,16-001452,288,13728.32,0,0,"ЖК""Мечта""",0,,,,0.617041997855528,190669,29.09.2023,05.11.2021,30.11.2023,Комфорт,0,false,37,,,,,,,,,,,,
43425,124004,2171,1656078980,СПЕЦЗАСТРОЙЩИК ТСИ,5808,2,Сданные,2023-08-24,2021-11-05,16-001453,288,13697.92,0,0,"ЖК""Мечта""",0,,,,0.23085621758632,197750,24.08.2023,05.11.2021,30.11.2023,Комфорт,0,false,37,,,,,,,,,,,,
43835,124419,7825,1657202333,СЗ СВЕТЛАЯ ДОЛИНА,,2,Сданные,2022-12-23,2021-11-29,16-001458,72,5231.98,0,0,"Жилой комплекс ""Светлая долина"" (ЖК ""Светлая долина"")",0,,,,,,,,,,,,,,,,,,,,,,,,
43838,124422,7825,1657202333,СЗ СВЕТЛАЯ ДОЛИНА,,2,Сданные,2022-12-23,2021-11-29,16-001459,320,18468.94,0,0,"Жилой комплекс ""Светлая долина"" (ЖК ""Светлая долина"")",0,,,,,,,,,,,,,,,,,,,,,,,,
43978,124567,7825,1657202333,СЗ СВЕТЛАЯ ДОЛИНА,,2,Сданные,2022-12-23,2021-12-07,16-001470,72,5223.52,0,0,"Жилой комплекс ""Светлая долина"" (ЖК ""Светлая долина"")",0,,,,,,,,,,,,,,,,,,,,,,,,
43979,124568,7825,1657202333,СЗ СВЕТЛАЯ ДОЛИНА,6123,2,Сданные,2023-02-28,2021-12-07,16-001471,320,18468.94,0,0,"Жилой комплекс ""Светлая долина"" (ЖК ""Светлая долина"")",0,,,,0.847449285124106,162016,28.02.2023,07.12.2021,30.06.2024,Комфорт,0,false,19,,,,,,,,,,,,
43980,124569,7825,1657202333,СЗ СВЕТЛАЯ ДОЛИНА,6123,2,Сданные,2023-02-28,2021-12-07,16-001472,320,18468.94,0,0,"Жилой комплекс ""Светлая долина"" (ЖК ""Светлая долина"")",0,,,,0.843576296203247,126538,28.02.2023,07.12.2021,30.06.2024,Комфорт,0,false,21,,,,,,,,,,,,
44051,124640,13498,1656119516,СЗ ЖК РАКЕТА,,2,Сданные,2023-02-09,2021-12-10,16-001477,299,10839.13,0,0,ЖК Ракета,0,,,,0.619063522625893,166029,09.02.2023,10.12.2021,31.12.2023,Комфорт,0,false,18,,,,,,,,,,,,
44422,125019,3711,1655386526,СЗ СК КАЗАНЬ,6003,2,Сданные,2024-12-26,2021-12-29,16-001482,573,38000,0,0,ЖК SAVIN FAMILY,0,,,,0.979206315789474,289103,26.12.2024,29.12.2021,30.06.2025,Бизнес,0,false,55,,,,,,,,,,,,
44503,125100,6399,1659182682,СЗ КАЗ ДОМ СТРОЙ,5251,2,Сданные,2023-12-18,2022-01-13,16-001486,97,5937.97,0,0,"Авторский дом ""ШАЛЯПИН""",0,,,,0.752452437449162,283343,18.12.2023,13.01.2022,30.06.2024,Бизнес,0,false,29,,,,,,,,,,,,
44886,125481,9504,1660212500,СЗ МОЙ РИТМ 3,6123,2,Сданные,2025-04-24,2022-02-01,16-001498,330,15689.68,0,0,Мой Ритм,1,0,3,24,0.914234707145079,220000,24.04.2025,01.02.2022,30.06.2025,Комфорт,0,false,51,,,,,,,,,,,,
44887,125480,9504,1660212500,СЗ МОЙ РИТМ 3,6123,2,Сданные,2025-04-24,2022-02-01,16-001498,216,12038.58,0,0,Мой Ритм,1,0,3,24,0.892397608355803,247700,24.04.2025,01.02.2022,30.06.2025,Комфорт,0,false,51,,,,,,,,,,,,
44888,125479,9504,1660212500,СЗ МОЙ РИТМ 3,6123,2,Сданные,2025-04-24,2022-02-01,16-001498,0,0,0,0,Мой Ритм,1,0,3,24,0.531695928473466,121756,24.04.2025,01.02.2022,30.06.2025,Комфорт,0,false,51,,,,,,,,,,,,
45007,125607,6629,1659171352,СЗ СМУ88 ДЕВЕЛОПМЕНТ,7076,2,Сданные,2025-02-04,2022-02-09,16-001507,681,40997.5,0,0,Крыловка парк,0,,,,0.834188670040856,215061,04.02.2025,09.02.2022,31.12.2025,Бизнес,0,false,59,,,,,,,,,,,,
45016,125616,13662,1657267845,СЗ ИЗУМРУДНЫЙ,,2,Сданные,2024-06-29,2022-02-09,16-001508,216,9520.54,0,0,ЖК ИЗУМРУДНЫЙ,1,0,11,29,0.836783417747313,211766,29.06.2024,09.02.2022,31.07.2024,Комфорт,0,false,50,,,,,,,,,,,,
45077,125677,14400,1660364373,СЗ АРТ-СТРОЙДОМ,,2,Сданные,2023-12-13,2022-02-14,16-001510,171,9170.28,0,0,"ЖК ""Крылья""",0,,,,0.857538701108363,200019,13.12.2023,14.02.2022,30.12.2024,Комфорт,0,false,33,,,,,,,,,,,,
45317,125933,13723,1655424588,СЗ ДОМ НА ГАГАРИНА,4662,2,Сданные,2024-02-15,2022-03-02,16-001515,56,2829.6,0,0,"ЖК ""Гравитация""",1,0,4,15,1,238645,15.02.2024,02.03.2022,29.03.2024,Комфорт,0,false,33,,,,,,,,,,,,
45416,126041,11012,1659210280,СЗ АТЛАС,,2,Сданные,2022-06-23,2022-03-16,16-001519,1,227.9,0,0,,0,,,,,,,,,,,,,,,,,,,,,,,,
45418,126043,11012,1659210280,СЗ АТЛАС,,2,Сданные,2022-06-27,2022-03-16,16-001520,1,219.7,0,0,,0,,,,,,,,,,,,,,,,,,,,,,,,
45419,126044,11012,1659210280,СЗ АТЛАС,,2,Сданные,2022-06-23,2022-03-16,16-001521,1,230.4,0,0,,0,,,,,,,,,,,,,,,,,,,,,,,,
45420,126045,11012,1659210280,СЗ АТЛАС,,2,Сданные,2022-06-24,2022-03-16,16-001522,1,228.82,0,0,,0,,,,,,,,,,,,,,,,,,,,,,,,
45421,126047,11012,1659210280,СЗ АТЛАС,,2,Сданные,2022-06-29,2022-03-16,16-001523,1,367.8,0,0,,0,,,,,,,,,,,,,,,,,,,,,,,,
45423,126049,11012,1659210280,СЗ АТЛАС,,2,Сданные,2022-06-23,2022-03-16,16-001524,1,228.9,0,0,,0,,,,,,,,,,,,,,,,,,,,,,,,
45424,126050,11012,1659210280,СЗ АТЛАС,,2,Сданные,2022-06-29,2022-03-16,16-001525,1,219.7,0,0,,0,,,,,,,,,,,,,,,,,,,,,,,,
45425,126051,11012,1659210280,СЗ АТЛАС,,2,Сданные,2022-06-23,2022-03-16,16-001526,1,230.4,0,0,,0,,,,,,,,,,,,,,,,,,,,,,,,
45426,126052,11012,1659210280,СЗ АТЛАС,,2,Сданные,2022-06-29,2022-03-16,16-001527,1,220.2,0,0,,0,,,,,,,,,,,,,,,,,,,,,,,,
45427,126053,11012,1659210280,СЗ АТЛАС,,2,Сданные,2022-06-23,2022-03-16,16-001528,1,230.4,0,0,,0,,,,,,,,,,,,,,,,,,,,,,,,
45428,126054,11012,1659210280,СЗ АТЛАС,,2,Сданные,2022-06-23,2022-03-16,16-001530,1,231.1,0,0,,0,,,,,,,,,,,,,,,,,,,,,,,,
45429,126055,11012,1659210280,СЗ АТЛАС,,2,Сданные,2022-06-23,2022-03-16,16-001531,1,227,0,0,,0,,,,,,,,,,,,,,,,,,,,,,,,
45430,126056,11012,1659210280,СЗ АТЛАС,,2,Сданные,2022-06-23,2022-03-16,16-001532,1,228.82,0,0,,0,,,,,,,,,,,,,,,,,,,,,,,,
45431,126057,11012,1659210280,СЗ АТЛАС,,2,Сданные,2022-06-23,2022-03-16,16-001533,1,229.2,0,0,,0,,,,,,,,,,,,,,,,,,,,,,,,
45516,126142,11280,1655392061,СЗ БИЗНЕС ПАРК,5868,2,Сданные,2024-12-27,2022-03-23,16-001536,404,25499.82,0,0,Жилой комплекс UNO по ул.Сибгата Хакима,0,,,,0.915856660948979,318998,27.12.2024,23.03.2022,01.04.2025,Бизнес,0,false,67,,,,,,,,,,,,
45551,126178,9504,1660212500,СЗ МОЙ РИТМ 3,6123,2,Сданные,2023-02-09,2022-03-25,16-001537,0,0,0,0,"ЖК ""Мой Ритм""",0,,,,0.159347086927526,54415,09.02.2023,25.03.2022,30.09.2023,Типовой,0,false,16,,,,,,,,,,,,
45553,126180,9866,5504220903,СЗ МОЙ РИТМ 2,6123,2,Сданные,2023-02-14,2022-03-25,16-001538,0,0,0,0,"ЖК ""Мой Ритм""",0,,,,0.137617938710136,67924,14.02.2023,25.03.2022,30.09.2023,Типовой,0,false,16,,,,,,,,,,,,
45819,126447,6646,1655252709,СЗ СК АЙ КЬЮ ДЕВЕЛОПМЕНТ,7076,2,Сданные,2025-07-01,2022-04-15,16-001554,996,47377.23,0,0,"ЖК ""Яратам""",0,,,,0.954069708169937,220377,01.07.2025,15.04.2022,31.12.2025,Комфорт,0,false,57,,,,,,,,,,,,
45877,126510,6892,1655270793,СЗ ДСК,5443,2,Сданные,2024-05-06,2022-04-21,16-001556,0,0,0,0,ЖК Меркурий,0,,,,0.640395984188617,180000,06.05.2024,21.04.2022,31.03.2025,Типовой,0,false,42,,,,,,,,,,,,
45878,126509,6892,1655270793,СЗ ДСК,5443,2,Сданные,2024-05-07,2022-04-21,16-001556,144,7398.99,0,0,ЖК Меркурий,0,,,,0.925589844019251,185844,07.05.2024,21.04.2022,31.03.2025,Комфорт,0,false,42,,,,,,,,,,,,
46030,126660,296,1660295320,СЗ АК ТАШ-ИНВЕСТСТРОЙ,6782,2,Сданные,2023-12-26,2022-05-07,16-001564,181,10049.49,0,0,"Жилой дом №1 жилого комплекса ""Алтын Яр""",0,,,,0.941955263401426,167942,26.12.2023,07.05.2022,28.06.2024,Комфорт,0,false,38,,,,,,,,,,,,
46119,126749,11767,1656111348,СЗ ТРИО,,2,Сданные,2023-01-31,2022-05-16,16-001568,108,5931.91,0,0,Жилой комплекс MIRACLE,0,,,,0.834112452818738,135240,31.01.2023,16.05.2022,31.07.2023,Комфорт,0,false,16,,,,,,,,,,,,
46156,126786,13469,1655444560,СЗ СК КАЗАНЬ-2,6003,2,Сданные,2025-12-30,2022-05-18,16-001578,270,21438.25,0,0,ЖК SAVIN PREMIER,1,0,2,30,0.976791482513731,200000,30.12.2025,18.05.2022,31.12.2025,Элитный,0,false,64,,,,,,,,,,,,
46259,126889,769,1659143147,СЗ СК УНИСТРОЙДОМ,5868,2,Сданные,2023-01-31,2022-05-24,16-001583,0,0,0,0,ЖК Весна,0,,,,0.106367106190335,41553,31.01.2023,24.05.2022,30.06.2023,Типовой,0,false,19,,,,,,,,,,,,
46286,126918,13425,1655079910,СЗ АЛТЫН,5655,2,Сданные,2024-12-27,2022-05-25,16-001587,161,6138.5,0,0,Нокса парк корпус 1,1,0,2,27,0.936450272867964,179834,27.12.2024,25.05.2022,25.12.2024,Комфорт,0,false,71,,,,,,,,,,,,
46287,126917,13425,1655079910,СЗ АЛТЫН,5655,2,Сданные,2024-12-27,2022-05-25,16-001587,197,8272.81,0,0,Нокса парк корпус 2,1,0,2,27,0.908385421640289,170768,27.12.2024,25.05.2022,25.12.2024,Комфорт,0,false,71,,,,,,,,,,,,
46288,126916,13425,1655079910,СЗ АЛТЫН,5655,2,Сданные,2024-12-27,2022-05-25,16-001587,121,5924.4,0,0,Нокса парк корпус 3,1,0,2,27,0.882722300992506,180494,27.12.2024,25.05.2022,25.12.2024,Комфорт,0,false,71,,,,,,,,,,,,
46551,127182,3488,1660188671,СЗ ГРАНЬ ДЕВЕЛОПМЕНТ,6283,2,Сданные,2023-09-27,2022-06-11,16-001593,144,6793.44,0,0,"ЖК Город-парк ""Новые Горки""",0,,,,0.612061047127818,192707,27.09.2023,11.06.2022,28.02.2024,Комфорт,0,false,20,,,,,,,,,,,,
46558,127191,14309,1658220367,СЗ МИКРОРАЙОН М1,6123,2,Сданные,2025-04-24,2022-06-14,16-001596,216,10477.13,0,0,Мой Ритм,1,0,3,24,0.898661179158796,215291,24.04.2025,14.06.2022,30.06.2025,Комфорт,0,false,42,,,,,,,,,,,,
46559,127190,14309,1658220367,СЗ МИКРОРАЙОН М1,6123,2,Сданные,2025-04-24,2022-06-14,16-001596,256,12387.2,0,0,Мой Ритм,1,0,3,24,0.937178700594162,229941,24.04.2025,14.06.2022,30.06.2025,Комфорт,0,false,42,,,,,,,,,,,,
46560,127189,14309,1658220367,СЗ МИКРОРАЙОН М1,6123,2,Сданные,2025-04-24,2022-06-14,16-001596,0,0,0,0,Мой Ритм,1,0,3,24,0.254537980070523,106689,24.04.2025,14.06.2022,30.06.2025,Комфорт,0,false,42,,,,,,,,,,,,
46587,127222,11737,1655401319,СЗ ИМПУЛЬС ГРУПП,6079,2,Сданные,2025-03-29,2022-06-15,16-001599,76,5423.49,0,0,"""Кастура Таун""",0,,,,0.757440319794081,331280,29.03.2025,15.06.2022,30.09.2025,Бизнес,0,false,59,,,,,,,,,,,,
46784,127419,14227,1656108257,СЗ СФ БРИЗ,6369,2,Сданные,2023-12-30,2022-06-29,16-001611,144,6908.64,0,0,Жилой комплекс ЭЛЕГИЯ,0,,,,0.819983383126057,144043,30.12.2023,29.06.2022,30.05.2024,Комфорт,0,false,30,,,,,,,,,,,,
46837,127472,14227,1656108257,СЗ СФ БРИЗ,6369,2,Сданные,2024-09-30,2022-06-30,16-001617,160,7853.83,0,0,Жилой комплекс ЭЛЕГИЯ,0,,,,0.897408016216292,182855,30.09.2024,30.06.2022,30.11.2024,Комфорт,0,false,40,,,,,,,,,,,,
46846,127482,2171,1656078980,СПЕЦЗАСТРОЙЩИК ТСИ,5808,2,Сданные,2024-02-26,2022-07-01,16-001620,263,11329.38,0,0,"ЖК""Родина""",0,,,,0.883504657801221,182833,26.02.2024,01.07.2022,30.06.2024,Комфорт,0,false,36,,,,,,,,,,,,
46861,127496,14125,1655396725,СЗ АРТГРАД,6079,2,Сданные,2024-12-19,2022-07-01,16-001623,88,6010.77,0,0,"""Кастура Таун""",0,,,,0.864578082342196,315793,19.12.2024,01.07.2022,30.06.2025,Бизнес,0,false,61,,,,,,,,,,,,
46969,127604,2171,1656078980,СПЕЦЗАСТРОЙЩИК ТСИ,5808,2,Сданные,2023-11-27,2022-07-08,16-001629,0,0,0,0,"ЖК""Родина""",1,0,1,27,0.646666666666667,60377,27.11.2023,08.07.2022,30.11.2023,Комфорт,0,false,25,,,,,,,,,,,,
46996,127631,13716,1655456090,СЗ СТАНЦИЯ СПОРТИВНАЯ-2,9129,2,Сданные,2025-11-19,2022-07-11,16-001632,803,36435.05,0,0,"Жилой комплекс ""Станция Спортивная""",1,0,4,19,0.42907228067479,230924,19.11.2025,11.07.2022,30.12.2025,Комфорт,0,false,77,,,,,,,,,,,,
47139,127774,13087,1658218590,СЗ ТРИУМФ,6123,2,Сданные,2025-10-24,2022-07-21,16-001644,43,5113.44,0,0,,0,,,,0.0114365280515661,650000,24.10.2025,21.07.2022,30.06.2026,Бизнес,0,false,40,,,,,,,,,,,,
47256,127884,9179,1655326333,СЗ РОКСА,4654,2,Сданные,2023-06-08,2022-07-26,16-001653,0,0,0,0,,0,,,,1,6564,08.06.2023,26.07.2022,30.06.2023,Типовой,0,false,24,,,,,,,,,,,,
47396,128024,296,1660295320,СЗ АК ТАШ-ИНВЕСТСТРОЙ,6782,2,Сданные,2023-12-26,2022-08-02,16-001659,172,9026.62,0,0,"Жилой дом №1 жилого комплекса ""Алтын Яр""",0,,,,0.891169673698461,168927,26.12.2023,02.08.2022,28.06.2024,Комфорт,0,false,31,,,,,,,,,,,,
47546,128175,13985,1686005435,СЗ АЛЬЯНС 2,5868,2,Сданные,2024-06-29,2022-08-12,16-001662,160,8854.16,0,0,УНИКУМ на ЕРШОВА,0,,,,0.793691327014646,252298,29.06.2024,12.08.2022,15.07.2024,Комфорт,0,false,39,,,,,,,,,,,,
47897,128526,13533,1660363355,СЗ МТ-ДЕВЕЛОПМЕНТ,5655,2,Сданные,2026-07-07,2022-09-08,16-001713,550,24405,0,0,Сиберово корпус 1 (этап 1),1,0,3,7,0.952042614218398,209051,07.07.2026,08.09.2022,31.08.2026,Комфорт,0,false,101,,,,,,,,,,,,
47903,128532,14621,1658239142,СПЕЦЗАСТРОЙЩИК ДИНАСТИЯ,5808,2,Сданные,2024-12-17,2022-09-08,16-001716,193,9639.11,0,0,ЖК Династия,0,,,,0.950814961132304,174411,17.12.2024,08.09.2022,31.03.2025,Комфорт,0,false,46,,,,,,,,,,,,
48036,128667,8039,1655141117,СЗ СК АРКАДА,,2,Сданные,2026-03-19,2022-09-15,16-001717,66,4231.34,0,0,Резиденция МОН на Чернышевского,1,0,5,19,0.173699111865272,368180,19.03.2026,15.09.2022,31.03.2026,Элитный,0,false,67,,,,,,,,,,,,
48037,128666,8039,1655141117,СЗ СК АРКАДА,,2,Сданные,2026-03-19,2022-09-15,16-001717,81,4116.13,0,0,Резиденция МОН на Чернышевского,1,0,5,19,0.483495419240889,350713,19.03.2026,15.09.2022,31.03.2026,Элитный,0,false,67,,,,,,,,,,,,
48038,128665,8039,1655141117,СЗ СК АРКАДА,,2,Сданные,2026-03-19,2022-09-15,16-001717,74,3336.76,0,0,Резиденция МОН на Чернышевского,1,0,5,19,0.649585226387274,420000,19.03.2026,15.09.2022,31.03.2026,Элитный,0,false,67,,,,,,,,,,,,
48098,128727,14621,1658239142,СПЕЦЗАСТРОЙЩИК ДИНАСТИЯ,5808,2,Сданные,2024-12-17,2022-09-20,16-001719,193,9639.11,0,0,ЖК Династия,0,,,,0.923127757645675,163278,17.12.2024,20.09.2022,31.03.2025,Комфорт,0,false,40,,,,,,,,,,,,
48220,128852,14448,1683004909,СЗ КАШТАН,6369,2,Сданные,2025-03-26,2022-09-26,16-001721,124,6046.92,0,0,,0,,,,0.458772399833304,182689,26.03.2025,26.09.2022,28.02.2026,Комфорт,0,false,58,,,,,,,,,,,,
48221,128851,14448,1683004909,СЗ КАШТАН,6369,2,Сданные,2025-03-26,2022-09-26,16-001721,129,5758.1,0,0,,0,,,,0.503464684531356,182671,26.03.2025,26.09.2022,28.02.2026,Комфорт,0,false,58,,,,,,,,,,,,
48222,128850,14448,1683004909,СЗ КАШТАН,6369,2,Сданные,2025-03-26,2022-09-26,16-001721,0,0,0,0,,0,,,,0.151609478741206,45454,26.03.2025,26.09.2022,28.02.2026,Комфорт,0,false,58,,,,,,,,,,,,
48263,128893,11767,1656111348,СЗ ТРИО,,2,Сданные,2023-01-31,2022-09-28,16-001726,108,5931.91,0,0,Жилой комплекс MIRACLE,0,,,,0.352262593329973,121654,31.01.2023,28.09.2022,31.07.2023,Комфорт,0,false,8,,,,,,,,,,,,
48473,129110,11465,1657246524,СЗ СК УНИСТРОЙДОМ-4,5868,2,Сданные,2024-08-06,2022-10-14,16-001731,374,19555.01,0,0,"Жилой комплекс ""Аквамарин""",0,,,,0.941274895793968,224787,06.08.2024,14.10.2022,30.03.2025,Комфорт,0,false,44,,,,,,,,,,,,
48879,129518,12561,1655432758,СЗ СКАЗОЧНЫЙ ЛЕС,9129,2,Сданные,2025-11-25,2022-11-08,16-001739,552,23807.89,0,0,"Жилой комплекс ""Сказочный лес""",1,0,4,25,0.643309423892668,211619,25.11.2025,08.11.2022,30.12.2025,Комфорт,0,false,74,,,,,,,,,,,,
48880,129517,12561,1655432758,СЗ СКАЗОЧНЫЙ ЛЕС,9129,2,Сданные,2025-11-25,2022-11-08,16-001739,0,0,0,0,,1,0,4,25,0.077014527971723,70984,25.11.2025,08.11.2022,30.12.2025,Типовой,0,false,74,,,,,,,,,,,,
49020,129661,13425,1655079910,СЗ АЛТЫН,5655,2,Сданные,2025-09-26,2022-11-17,16-001740,198,7413.4,0,0,Нокса парк корпус 4,1,0,8,26,0.98518898211347,199148,26.09.2025,17.11.2022,28.09.2025,Комфорт,0,false,68,,,,,,,,,,,,
49021,129660,13425,1655079910,СЗ АЛТЫН,5655,2,Сданные,2025-09-26,2022-11-17,16-001740,123,5961.1,0,0,Нокса парк корпус 5,1,0,8,26,0.989246951066078,245900,26.09.2025,17.11.2022,28.09.2025,Комфорт,0,false,68,,,,,,,,,,,,
49022,129659,13425,1655079910,СЗ АЛТЫН,5655,2,Сданные,2025-09-26,2022-11-17,16-001740,181,7438,0,0,Нокса парк корпус 6,1,0,8,26,0.995173433718742,340200,26.09.2025,17.11.2022,28.09.2025,Комфорт,0,false,68,,,,,,,,,,,,
49153,129792,9499,1658223150,СЗ СВЕТЛАЯ ДОЛИНА 16,6123,2,Сданные,2023-12-22,2022-11-23,16-001741,99,4887.27,0,0,Светлая долина,0,,,,0.916397088763256,172283,22.12.2023,23.11.2022,31.12.2024,Комфорт,0,false,17,,,,,,,,,,,,
49154,129793,9499,1658223150,СЗ СВЕТЛАЯ ДОЛИНА 16,6123,2,Сданные,2024-08-19,2022-11-23,16-001742,250,11714.56,0,0,Светлая долина,0,,,,0.908238124180507,185000,19.08.2024,23.11.2022,31.12.2024,Комфорт,0,false,28,,,,,,,,,,,,
49155,129794,9499,1658223150,СЗ СВЕТЛАЯ ДОЛИНА 16,6123,2,Сданные,2023-12-22,2022-11-23,16-001743,160,7081.44,0,0,Светлая Долина,0,,,,0.967150749000203,395424,22.12.2023,23.11.2022,31.12.2024,Комфорт,0,false,17,,,,,,,,,,,,
49250,129889,14822,1655327168,СЗ СПТ,,2,Сданные,2024-02-22,2022-11-30,16-001747,10,889.95,0,0,,1,0,1,22,0.416360469689308,278345,22.02.2024,30.11.2022,29.03.2024,Бизнес,0,false,29,,,,,,,,,,,,
49259,129898,6647,1655252120,СЗ ПСК СМУ88,7076,2,Сданные,2026-01-12,2022-11-30,16-001748,243,14366.36,0,0,Яналиф,1,0,0,12,0.724482053909271,272260,12.01.2026,30.11.2022,25.06.2026,Элитный,0,false,70,,,,,,,,,,,,
49336,129975,11692,1658219322,СЗ ДУБРАВА,7076,2,Сданные,2025-12-24,2022-12-07,16-001750,411,24403.29,0,0,DUBRAVA 2.0,0,,,,0.94879337990902,236938,24.12.2025,07.12.2022,30.06.2026,Бизнес,0,false,52,,,,,,,,,,,,
49361,130000,15429,1840104053,ЖК ПАРКМАЯК СЗ,5828,0,Строящиеся,2026-12-31,2022-12-08,16-001751,623,29958,1,0,"ЖК ""ПаркМаяк""",0,,,,0.507997863675813,183533,31.12.2026,08.12.2022,31.12.2026,Комфорт,0,false,92,2026-12-31,2026-12-31,2026-05-30,true,2026-09-07,false,2026-11-30,true,,true,БАНК ВТБ (ПАО),
49693,130337,6647,1655252120,СЗ ПСК СМУ88,7076,0,Строящиеся,2026-12-31,2022-12-22,16-001754,228,16170.26,1,0,Яналиф,0,,,,0.683616095226669,305713,31.12.2026,22.12.2022,30.09.2027,Элитный,0,false,67,2026-12-31,2027-09-30,2026-09-25,true,2026-09-07,false,2031-09-01,true,,true,ПАО СБЕРБАНК,
49918,130566,2904,1658047987,СЗ ТЭКОРЕСУРС,9015,2,Сданные,2025-02-28,2023-01-09,16-001761,14,1646.08,0,0,"ЖК ""Светский""",0,,,,0.736148911353033,267435,28.02.2025,09.01.2023,30.09.2025,Элитный,0,false,47,,,,,,,,,,,,
49919,130565,2904,1658047987,СЗ ТЭКОРЕСУРС,9015,2,Сданные,2025-02-28,2023-01-09,16-001761,29,1575.49,0,0,"ЖК ""Светский""",0,,,,0.941764149566167,222429,28.02.2025,09.01.2023,30.09.2025,Элитный,0,false,47,,,,,,,,,,,,
50232,130880,10689,1658217565,СЗ СВЕТЛАЯ ДОЛИНА 2,6123,2,Сданные,2023-12-22,2023-01-26,16-001768,0,0,0,0,Светлая Долина,1,0,2,22,0.126915356445787,39455,22.12.2023,26.01.2023,31.03.2024,Типовой,0,false,16,,,,,,,,,,,,
50233,130881,15648,1660313322,СЗ СТРОЙУСЛУГИ-3,5868,2,Сданные,2025-08-04,2023-01-26,16-001769,272,15806.9,0,0,Жилой комплекс Statum (Статум),0,,,,0.782991604932023,278854,04.08.2025,26.01.2023,22.07.2025,Бизнес,0,false,85,,,,,,,,,,,,
50324,130972,10395,1657261138,СЗ ЭТАЛОН ГРИН,5904,2,Сданные,2024-12-27,2023-02-01,16-001771,170,7830.45,0,0,ЖК Green ЖК GREEN ЖК Грин ЖК ГРИН,0,,,,0.936833770728374,186707,27.12.2024,01.02.2023,01.07.2025,Комфорт,0,false,37,,,,,,,,,,,,
50454,131098,11219,1660352530,СЗ ЖБИ-3 ИНВЕСТ,,2,Сданные,2025-02-20,2023-02-08,16-001772,149,6672.95,0,0,"ЖК ""Новые Горки""",1,0,1,20,0.989192186364352,203000,20.02.2025,08.02.2023,30.06.2025,Типовой,0,false,42,,,,,,,,,,,,
50477,131120,14925,1657270622,СЗ ОДА РЕГИОН ПЛЮС,9016,2,Сданные,2024-10-21,2023-02-09,16-001773,247,11507.1,0,0,"ЖК ""Gorky Point""",0,,,,1,201849,21.10.2024,09.02.2023,31.12.2025,Комфорт,0,false,29,,,,,,,,,,,,
50727,131370,9499,1658223150,СЗ СВЕТЛАЯ ДОЛИНА 16,6123,2,Сданные,2025-05-07,2023-03-03,16-001777,480,19262.82,0,0,Светлая долина,0,,,,0.848128674825389,199335,07.05.2025,03.03.2023,31.12.2025,Комфорт,0,false,32,,,,,,,,,,,,
50733,131376,12494,1657261339,СЗ ЭТАЛОН КВАРТАЛ СЮИТА,5904,2,Сданные,2026-01-28,2023-03-03,16-001779,188,10357.9,0,0,ЖК Квартал Сюита,0,,,,0.792727290280848,356485,28.01.2026,03.03.2023,31.05.2026,Бизнес,0,false,71,,,,,,,,,,,,
50904,131547,15875,1624017381,СЗ СТРОЙРЕСУРС ИНВЕСТ,9129,2,Сданные,2025-10-13,2023-03-16,16-001785,62,3469.11,0,0,,1,0,3,13,0.455967092424282,376421,13.10.2025,16.03.2023,30.12.2025,Бизнес,0,false,50,,,,,,,,,,,,
50971,131625,15717,1655439930,СЗ МИКРОРАЙОН 7А,6123,2,Сданные,2025-12-24,2023-03-21,16-001786,91,10871.22,0,0,"ЖК ""Мифы""",0,,,,0.433698333765668,152000,24.12.2025,21.03.2023,31.03.2027,Бизнес,0,false,40,,,,,,,,,,,,
51175,131829,15193,1659210428,СЗ ГАРАНТ,,2,Сданные,2024-12-26,2023-03-31,16-001788,29,2003.2,0,0,ЖК Hayat Kazan,0,,,,0.680386381789137,309000,26.12.2024,31.03.2023,30.09.2025,Бизнес,0,false,37,,,,,,,,,,,,
51519,132178,13425,1655079910,СЗ АЛТЫН,5655,2,Сданные,2025-12-26,2023-04-19,16-001793,157,5968,0,0,Нокса парк корпус 7,1,0,5,26,0.991119302949062,214330,26.12.2025,19.04.2023,28.02.2026,Комфорт,0,false,63,,,,,,,,,,,,
51520,132177,13425,1655079910,СЗ АЛТЫН,5655,2,Сданные,2025-12-26,2023-04-19,16-001793,194,8167.4,0,0,Нокса парк корпус 8,1,0,5,26,0.993510786786493,214937,26.12.2025,19.04.2023,28.02.2026,Комфорт,0,false,63,,,,,,,,,,,,
51607,132265,9866,5504220903,СЗ МОЙ РИТМ 2,6123,0,Строящиеся,2026-12-31,2023-04-24,16-001794,56,3286.64,1,0,Дом на Исхаки,0,,,,0.215420611931943,328592,31.12.2026,24.04.2023,30.06.2027,Бизнес,0,false,49,2026-12-31,2027-06-30,2027-06-30,true,2026-09-10,false,2027-05-01,true,,true,"ПАО ""АК БАРС"" БАНК",
51721,132380,16100,1660335887,КОМОССТРОЙ ТУКАЯ СЗ,5828,0,Строящиеся,2026-12-31,2023-04-26,16-001795,32,2587.3,1,0,КОМОС НА ТУКАЯ,0,,,,0.269856607273992,393204,31.12.2026,26.04.2023,30.11.2026,Элитный,0,false,104,2026-12-31,2026-11-30,2026-03-01,true,2026-09-15,false,2026-10-31,true,,true,ПАО СБЕРБАНК,
52057,132703,14621,1658239142,СПЕЦЗАСТРОЙЩИК ДИНАСТИЯ,5808,2,Сданные,2025-05-30,2023-05-19,16-001802,221,9986.83,0,0,ЖК Династия,1,0,1,30,0.903006259243424,185114,30.05.2025,19.05.2023,30.06.2025,Комфорт,0,false,40,,,,,,,,,,,,
52368,133020,14771,1655458428,СЗ БСП,9265,0,Строящиеся,2026-12-31,2023-06-08,16-001812,313,17443.59,1,0,"Жилой комплекс ""NOVA""",0,,,,0.338448679428948,338320,31.12.2026,08.06.2023,30.06.2027,Бизнес,0,false,64,2026-12-31,2027-06-30,2026-12-30,true,2026-09-07,false,2026-12-31,true,,true,"АО ""БАНК ДОМ.РФ""",
52402,133056,14309,1658220367,СЗ МИКРОРАЙОН М1,6123,0,Строящиеся,2026-12-31,2023-06-09,16-001813,542,23324.7,1,0,Мой Ритм,0,,,,0.838377771203917,248365,31.12.2026,09.06.2023,31.03.2027,Комфорт,0,false,49,2026-12-31,2027-03-31,2027-03-31,true,2026-09-09,false,2027-02-28,true,,true,БАНК ВТБ (ПАО),
52403,133055,14309,1658220367,СЗ МИКРОРАЙОН М1,6123,0,Строящиеся,2026-12-31,2023-06-09,16-001813,470,24705.89,1,0,Мой Ритм,0,,,,0.80770253571112,253216,31.12.2026,09.06.2023,31.03.2027,Комфорт,0,false,49,2026-12-31,2027-03-31,2027-03-31,true,2026-09-09,false,2027-02-28,true,,true,БАНК ВТБ (ПАО),
52404,133054,14309,1658220367,СЗ МИКРОРАЙОН М1,6123,0,Строящиеся,2026-12-31,2023-06-09,16-001813,0,0,1,0,Мой Ритм,0,,,,0.339826508352986,145789,31.12.2026,09.06.2023,31.03.2027,Комфорт,0,false,49,2026-12-31,2027-03-31,2027-03-31,true,2026-09-09,false,2027-02-28,true,,true,БАНК ВТБ (ПАО),
52564,133216,10459,1660313298,СЗ СТРОЙУСЛУГИ-1,5868,2,Сданные,2024-12-20,2023-06-14,16-001814,214,9958.72,0,0,"ЖК""Лето"" в Советском районе г.Казани",0,,,,0.846850800102824,173420,20.12.2024,14.06.2023,30.03.2025,Комфорт,0,false,65,,,,,,,,,,,,
52727,133428,15569,1655482935,СЗ ВОЛЖСКИЙ ПРОСТОР,9129,2,Сданные,2026-05-20,2023-06-22,16-001816,264,11758.75,0,0,"Жилой комплекс ""Отражение""",1,0,4,20,0.554847241415967,208940,20.05.2026,22.06.2023,30.06.2026,Типовой,0,false,72,,,,,,,,,,,,
52730,133431,15569,1655482935,СЗ ВОЛЖСКИЙ ПРОСТОР,9129,2,Сданные,2026-05-20,2023-06-22,16-001817,264,11758.75,0,0,"Жилой комплекс ""Отражение""",1,0,4,20,0.557554161794408,242130,20.05.2026,22.06.2023,30.06.2026,Типовой,0,false,72,,,,,,,,,,,,
52732,133433,15569,1655482935,СЗ ВОЛЖСКИЙ ПРОСТОР,9129,2,Сданные,2026-05-20,2023-06-22,16-001818,264,11758.75,0,0,"Жилой комплекс ""Отражение""",1,0,4,20,0.522434782608696,210950,20.05.2026,22.06.2023,30.06.2026,Типовой,0,false,71,,,,,,,,,,,,
52733,133434,15569,1655482935,СЗ ВОЛЖСКИЙ ПРОСТОР,9129,2,Сданные,2026-05-28,2023-06-22,16-001819,0,0,0,0,"Жилой комплекс ""Отражение""",1,0,4,28,0.0999990720491936,59377,28.05.2026,22.06.2023,30.06.2026,Типовой,0,false,76,,,,,,,,,,,,
52735,133436,296,1660295320,СЗ АК ТАШ-ИНВЕСТСТРОЙ,6782,2,Сданные,2025-09-03,2023-06-22,16-001820,145,7717.21,0,0,Жилой комплекс Алтын Яр,1,0,8,3,0.974543909003383,176838,03.09.2025,22.06.2023,15.09.2025,Комфорт,0,false,58,,,,,,,,,,,,
52911,133614,769,1659143147,СЗ СК УНИСТРОЙДОМ,5868,2,Сданные,2025-09-29,2023-06-30,16-001822,502,26968.5,0,0,ЖК Весна,0,,,,0.870900124218996,225674,29.09.2025,30.06.2023,30.10.2025,Комфорт,0,false,90,,,,,,,,,,,,
52912,133613,769,1659143147,СЗ СК УНИСТРОЙДОМ,5868,2,Сданные,2025-09-29,2023-06-30,16-001822,0,0,0,0,ЖК Весна,0,,,,0.995866402116402,66269,29.09.2025,30.06.2023,30.10.2025,Комфорт,0,false,90,,,,,,,,,,,,
52985,133696,14227,1656108257,СЗ СФ БРИЗ,6369,2,Сданные,2025-05-29,2023-07-06,16-001824,174,8999.13,0,0,,0,,,,0.704186960295051,206845,29.05.2025,06.07.2023,01.08.2026,Типовой,0,false,47,,,,,,,,,,,,
53346,133986,2769,1658182320,СЗ РС ИНВЕСТМЕНТ,7063,2,Сданные,2024-02-14,2023-07-21,16-001827,0,0,0,0,"Жилой комплекс ""Грин сити""",1,0,1,14,0.116666666666667,26415,14.02.2024,21.07.2023,28.02.2024,Типовой,0,false,10,,,,,,,,,,,,
53435,134102,16730,1655477910,СЗ ДЕВЕЛОПЕР №2,9297,2,Сданные,2026-06-25,2023-07-27,16-001832,27,1987.08,0,0,"Лаунж-дом ""Авторы на Большой 62""",1,0,8,25,0.557189443806993,317895,25.06.2026,27.07.2023,30.06.2026,Бизнес,0,false,52,,,,,,,,,,,,
53472,134140,2845,1655367964,СЗ СМУ 88,7076,2,Сданные,2026-09-04,2023-07-31,16-001833,355,19370.11,0,0,Вознесенский квартал,1,0,2,4,0.857299726227678,224171,04.09.2026,31.07.2023,30.12.2026,Бизнес,0,false,63,,,,,,,,,,,,
53473,134141,8413,1657144459,СЗ МИКРОРАЙОН М8,6123,2,Сданные,2026-04-21,2023-07-31,16-001834,108,5009.22,0,0,Солнечный город,1,0,3,21,0.549610518204431,384561,21.04.2026,31.07.2023,30.06.2026,Комфорт,0,false,41,,,,,,,,,,,,
53488,134156,2904,1658047987,СЗ ТЭКОРЕСУРС,9015,2,Сданные,2025-01-14,2023-08-01,16-001835,11,1321.4,0,0,"ЖК ""Аристократ""",1,0,0,14,0.809671560466172,272895,14.01.2025,01.08.2023,30.04.2025,Элитный,0,false,32,,,,,,,,,,,,
53495,134163,16730,1655477910,СЗ ДЕВЕЛОПЕР №2,9297,0,Строящиеся,2026-09-30,2023-08-01,16-001836,24,2005.5,1,0,"Лаунж-дом ""Авторы на Большой 76""",0,,,,0.414166043380703,250270,30.09.2026,01.08.2023,30.09.2026,Бизнес,0,false,53,2026-09-30,2026-09-30,2026-01-14,true,2026-09-10,true,2026-08-31,true,,true,"АО ""БАНК ДОМ.РФ""",
53496,134165,15601,1655468521,СЗ СТАНЦИЯ СПОРТИВНАЯ-3,9129,0,Строящиеся,2026-12-31,2023-08-01,16-001837,897,44161.09,1,0,"Жилой комплекс ""Станция Спортивная""",0,,,,0.578509950728118,142828,31.12.2026,01.08.2023,31.12.2026,Комфорт,0,false,83,2026-12-31,2026-12-31,2026-12-31,true,2026-09-16,false,2026-12-31,true,,true,"АО ""БАНК ДОМ.РФ""",
53497,134166,15601,1655468521,СЗ СТАНЦИЯ СПОРТИВНАЯ-3,9129,0,Строящиеся,2026-12-31,2023-08-01,16-001838,505,24322.99,1,0,"Жилой комплекс ""Станция Спортивная""",0,,,,0.594435141403257,142248,31.12.2026,01.08.2023,31.12.2026,Комфорт,0,false,83,2026-12-31,2026-12-31,2026-12-31,true,2026-09-16,false,2026-12-31,true,,true,"АО ""БАНК ДОМ.РФ""",
53646,134316,13695,1657267813,СЗ ЭТАЛОН-КАЗАНЬ,5904,2,Сданные,2026-01-22,2023-08-09,16-001843,258,13801.51,0,0,ЖК Счастье в Казани,1,0,0,22,0.740086410834756,301812,22.01.2026,09.08.2023,31.05.2026,Бизнес,0,false,47,,,,,,,,,,,,
53690,134360,16227,1655396531,СЗ УРБАНСТРОЙ,6079,2,Сданные,2026-06-26,2023-08-15,16-001844,74,4908.5,0,0,Кастура Таун,1,0,2,26,0.592751349699501,441596,26.06.2026,15.08.2023,31.03.2027,Бизнес,0,false,56,,,,,,,,,,,,
53733,134403,16266,1655494585,СЗ ШАЛЯПИНА ПЯТНАДЦАТЬ,,0,Строящиеся,2026-12-31,2023-08-17,16-001849,116,5663.52,1,0,Клубный дом Шаляпина XV,0,,,,0.521433666694918,456832,31.12.2026,17.08.2023,31.03.2027,Элитный,0,false,47,2026-12-31,2027-03-31,2027-03-31,true,2026-09-10,false,2026-12-31,true,,true,"ПАО ""АК БАРС"" БАНК",
53781,134453,16044,1685010048,СЗ ГЛОБАЛПЛЮС,,0,Строящиеся,2027-06-30,2023-08-21,16-001851,288,13646.35,1,0,"Жилой комплекс ""Новое. Наследие""",0,,,,0.794523810396187,217000,30.06.2027,21.08.2023,31.12.2027,Комфорт,0,false,43,2027-06-30,2027-12-31,2027-12-31,true,2026-09-07,false,2028-05-31,true,,true,БАНК ВТБ (ПАО),
53782,134452,16044,1685010048,СЗ ГЛОБАЛПЛЮС,,0,Строящиеся,2027-06-30,2023-08-21,16-001851,432,20458.72,1,0,"Жилой комплекс ""Новое. Наследие""",0,,,,0.60312130964205,231782,30.06.2027,21.08.2023,31.12.2027,Комфорт,0,false,43,2027-06-30,2027-12-31,2027-12-31,true,2026-09-07,false,2028-05-31,true,,true,БАНК ВТБ (ПАО),
53783,134451,16044,1685010048,СЗ ГЛОБАЛПЛЮС,,0,Строящиеся,2027-06-30,2023-08-21,16-001851,288,13649.92,1,0,"Жилой комплекс ""Новое. Наследие""",0,,,,0.799806152710053,229549,30.06.2027,21.08.2023,31.12.2027,Комфорт,0,false,43,2027-06-30,2027-12-31,2027-12-31,true,2026-09-07,false,2028-05-31,true,,true,БАНК ВТБ (ПАО),
53784,134450,16044,1685010048,СЗ ГЛОБАЛПЛЮС,,0,Строящиеся,2027-06-30,2023-08-21,16-001851,288,13649.92,1,0,"Жилой комплекс ""Новое. Наследие""",0,,,,0.517770067516879,229524,30.06.2027,21.08.2023,31.12.2027,Комфорт,0,false,43,2027-06-30,2027-12-31,2027-12-31,true,2026-09-07,false,2028-05-31,true,,true,БАНК ВТБ (ПАО),
53785,134449,16044,1685010048,СЗ ГЛОБАЛПЛЮС,,0,Строящиеся,2027-06-30,2023-08-21,16-001851,441,28071.63,1,0,"Жилой комплекс ""Новое. Наследие""",0,,,,0.132082105670387,228218,30.06.2027,21.08.2023,31.12.2027,Комфорт,0,false,43,2027-06-30,2027-12-31,2027-12-31,true,2026-09-07,false,2028-05-31,true,,true,БАНК ВТБ (ПАО),
53855,134524,13716,1655456090,СЗ СТАНЦИЯ СПОРТИВНАЯ-2,9129,2,Сданные,2025-10-21,2023-08-28,16-001852,0,0,0,0,"Жилой комплекс ""Станция Спортивная""",1,0,3,21,0.195551278786615,150098,21.10.2025,28.08.2023,30.12.2025,Типовой,0,false,52,,,,,,,,,,,,
53856,134523,13716,1655456090,СЗ СТАНЦИЯ СПОРТИВНАЯ-2,9129,2,Сданные,2025-10-21,2023-08-28,16-001852,0,0,0,0,"Жилой комплекс ""Станция Спортивная""",1,0,3,21,0.204066292975067,121333,21.10.2025,28.08.2023,30.12.2025,Типовой,0,false,52,,,,,,,,,,,,
53918,134586,16227,1655396531,СЗ УРБАНСТРОЙ,6079,2,Сданные,2026-03-31,2023-08-29,16-001855,75,5285.7,0,0,Кастура Таун,0,,,,0.659036646044989,388650,31.03.2026,29.08.2023,31.03.2027,Бизнес,0,false,56,,,,,,,,,,,,
53962,134630,16618,1685009116,СЗ СНЕГИРИ,,2,Сданные,2026-01-15,2023-08-31,16-001857,104,7093.46,0,0,"ЖК ""Снегири""",1,0,6,15,0.568439097422132,217083,15.01.2026,31.08.2023,05.12.2025,Комфорт,0,false,47,,,,,,,,,,,,
54255,134900,16227,1655396531,СЗ УРБАНСТРОЙ,6079,2,Сданные,2026-04-27,2023-09-13,16-001859,69,5350.1,0,0,Кастура Таун,1,0,0,27,0.622025756527915,396000,27.04.2026,13.09.2023,31.03.2027,Бизнес,0,false,56,,,,,,,,,,,,
54276,134921,16900,1655293624,СЗ ПРЕМИЯ,,2,Сданные,2025-05-12,2023-09-14,16-001860,17,2213.9,0,0,,0,,,,0.0999277293464023,395654,12.05.2025,14.09.2023,30.09.2025,Комфорт,0,false,13,,,,,,,,,,,,
54301,134945,7348,1655395672,СЗ КОНГРАДА,6079,0,Строящиеся,2026-12-31,2023-09-15,16-001861,132,7648.91,1,0,ЖК Риваят,0,,,,0.742262623040407,272520,31.12.2026,15.09.2023,31.12.2027,Бизнес,0,false,68,2026-12-31,2027-12-31,2027-12-31,true,2026-09-03,false,2027-05-31,true,,true,ПАО СБЕРБАНК,
54327,134971,17006,1624000349,СЗ МОЙ РИТМ,6123,0,Строящиеся,2027-09-30,2023-09-18,16-001863,849,44949.61,1,0,"ЖК ""Мой Ритм""",0,,,,0.510766389296815,239521,30.09.2027,18.09.2023,31.12.2027,Комфорт,0,false,43,2027-09-30,2027-12-31,2027-06-30,true,2026-09-10,false,2027-09-30,true,,true,"ПАО ""АК БАРС"" БАНК",
54328,134972,17006,1624000349,СЗ МОЙ РИТМ,6123,0,Строящиеся,2027-09-30,2023-09-18,16-001864,831,44043.21,1,0,"ЖК ""Мой Ритм""",0,,,,0.522198767982624,241176,30.09.2027,18.09.2023,31.12.2027,Комфорт,0,false,43,2027-09-30,2027-12-31,2027-06-30,true,2026-09-10,false,2027-09-30,true,,true,"ПАО ""АК БАРС"" БАНК",
54800,135530,17105,1683013741,СЗ САБАНТУЙ,,2,Сданные,2025-02-27,2023-10-10,16-001879,1,148.03,0,0,,1,0,1,27,1,89171,27.02.2025,10.10.2023,30.06.2025,Комфорт,0,false,29,,,,,,,,,,,,
54801,135529,17105,1683013741,СЗ САБАНТУЙ,,2,Сданные,2025-02-27,2023-10-10,16-001879,1,135.86,0,0,,1,0,1,27,1,75000,27.02.2025,10.10.2023,30.06.2025,Комфорт,0,false,29,,,,,,,,,,,,
54802,135528,17105,1683013741,СЗ САБАНТУЙ,,2,Сданные,2025-02-27,2023-10-10,16-001879,1,135.86,0,0,,1,0,1,27,1,89798,27.02.2025,10.10.2023,30.06.2025,Комфорт,0,false,29,,,,,,,,,,,,
54803,135527,17105,1683013741,СЗ САБАНТУЙ,,2,Сданные,2025-02-27,2023-10-10,16-001879,1,135.86,0,0,,1,0,1,27,,,27.02.2025,10.10.2023,30.06.2025,Комфорт,0,false,29,,,,,,,,,,,,
54804,135526,17105,1683013741,СЗ САБАНТУЙ,,2,Сданные,2025-02-27,2023-10-10,16-001879,1,148.03,0,0,,1,0,1,27,1,89171,27.02.2025,10.10.2023,30.06.2025,Комфорт,0,false,29,,,,,,,,,,,,
54805,135525,17105,1683013741,СЗ САБАНТУЙ,,2,Сданные,2025-02-27,2023-10-10,16-001879,1,148.03,0,0,,1,0,1,27,1,83766,27.02.2025,10.10.2023,30.06.2025,Типовой,0,false,29,,,,,,,,,,,,
54806,135524,17105,1683013741,СЗ САБАНТУЙ,,2,Сданные,2025-02-27,2023-10-10,16-001879,1,135.86,0,0,,1,0,1,27,1,76549,27.02.2025,10.10.2023,30.06.2025,Комфорт,0,false,29,,,,,,,,,,,,
54807,135523,17105,1683013741,СЗ САБАНТУЙ,,2,Сданные,2025-02-27,2023-10-10,16-001879,1,135.86,0,0,,1,0,1,27,1,89798,27.02.2025,10.10.2023,30.06.2025,Комфорт,0,false,29,,,,,,,,,,,,
54808,135522,17105,1683013741,СЗ САБАНТУЙ,,2,Сданные,2025-02-27,2023-10-10,16-001879,1,135.86,0,0,,1,0,1,27,1,89798,27.02.2025,10.10.2023,30.06.2025,Комфорт,0,false,29,,,,,,,,,,,,
54809,135521,17105,1683013741,СЗ САБАНТУЙ,,2,Сданные,2025-02-27,2023-10-10,16-001879,1,148.03,0,0,,1,0,1,27,1,83091,27.02.2025,10.10.2023,30.06.2025,Комфорт,0,false,29,,,,,,,,,,,,
54810,135520,17105,1683013741,СЗ САБАНТУЙ,,2,Сданные,2025-03-05,2023-10-10,16-001879,1,148.06,0,0,,1,0,2,5,1,89153,05.03.2025,10.10.2023,30.06.2025,Комфорт,0,false,29,,,,,,,,,,,,
54811,135519,17105,1683013741,СЗ САБАНТУЙ,,2,Сданные,2025-03-05,2023-10-10,16-001879,1,135.86,0,0,,1,0,2,5,1,89798,05.03.2025,10.10.2023,30.06.2025,Комфорт,0,false,29,,,,,,,,,,,,
54812,135518,17105,1683013741,СЗ САБАНТУЙ,,2,Сданные,2025-03-05,2023-10-10,16-001879,1,148.06,0,0,,1,0,2,5,,,05.03.2025,10.10.2023,30.06.2025,Комфорт,0,false,29,,,,,,,,,,,,
54813,135517,17105,1683013741,СЗ САБАНТУЙ,,2,Сданные,2025-03-05,2023-10-10,16-001879,1,148.06,0,0,,1,0,2,5,1,89153,05.03.2025,10.10.2023,30.06.2025,Комфорт,0,false,29,,,,,,,,,,,,
54814,135516,17105,1683013741,СЗ САБАНТУЙ,,2,Сданные,2025-03-05,2023-10-10,16-001879,1,135.86,0,0,,1,0,2,5,,,05.03.2025,10.10.2023,30.06.2025,Комфорт,0,false,29,,,,,,,,,,,,
54815,135515,17105,1683013741,СЗ САБАНТУЙ,,2,Сданные,2025-03-05,2023-10-10,16-001879,1,148.06,0,0,,1,0,2,5,1,89153,05.03.2025,10.10.2023,30.06.2025,Комфорт,0,false,29,,,,,,,,,,,,
54816,135514,17105,1683013741,СЗ САБАНТУЙ,,2,Сданные,2025-03-05,2023-10-10,16-001879,1,148.06,0,0,,1,0,2,5,1,95907,05.03.2025,10.10.2023,30.06.2025,Комфорт,0,false,29,,,,,,,,,,,,
54817,135513,17105,1683013741,СЗ САБАНТУЙ,,2,Сданные,2025-03-05,2023-10-10,16-001879,1,135.86,0,0,,1,0,2,5,1,89798,05.03.2025,10.10.2023,30.06.2025,Комфорт,0,false,29,,,,,,,,,,,,
54818,135512,17105,1683013741,СЗ САБАНТУЙ,,2,Сданные,2025-03-05,2023-10-10,16-001879,1,148.06,0,0,,1,0,2,5,1,82399,05.03.2025,10.10.2023,30.06.2025,Комфорт,0,false,29,,,,,,,,,,,,
54819,135511,17105,1683013741,СЗ САБАНТУЙ,,2,Сданные,2025-03-05,2023-10-10,16-001879,1,135.86,0,0,,1,0,2,5,1,95686,05.03.2025,10.10.2023,30.06.2025,Комфорт,0,false,29,,,,,,,,,,,,
54820,135510,17105,1683013741,СЗ САБАНТУЙ,,2,Сданные,2025-03-05,2023-10-10,16-001879,1,148.06,0,0,,1,0,2,5,,,05.03.2025,10.10.2023,30.06.2025,Комфорт,0,false,29,,,,,,,,,,,,
54821,135509,17105,1683013741,СЗ САБАНТУЙ,,2,Сданные,2025-03-05,2023-10-10,16-001879,1,135.86,0,0,,1,0,2,5,,,05.03.2025,10.10.2023,30.06.2025,Комфорт,0,false,29,,,,,,,,,,,,
54822,135508,17105,1683013741,СЗ САБАНТУЙ,,2,Сданные,2025-03-05,2023-10-10,16-001879,1,148.06,0,0,,1,0,2,5,,,05.03.2025,10.10.2023,30.06.2025,Комфорт,0,false,29,,,,,,,,,,,,
54823,135507,17105,1683013741,СЗ САБАНТУЙ,,2,Сданные,2025-03-11,2023-10-10,16-001879,1,148.06,0,0,,1,0,2,11,,,11.03.2025,10.10.2023,30.06.2025,Комфорт,0,false,29,,,,,,,,,,,,
54824,135506,17105,1683013741,СЗ САБАНТУЙ,,2,Сданные,2025-03-11,2023-10-10,16-001879,1,135.86,0,0,,1,0,2,11,,,11.03.2025,10.10.2023,30.06.2025,Комфорт,0,false,29,,,,,,,,,,,,
54825,135505,17105,1683013741,СЗ САБАНТУЙ,,2,Сданные,2025-03-11,2023-10-10,16-001879,1,148.06,0,0,,1,0,2,11,,,11.03.2025,10.10.2023,30.06.2025,Комфорт,0,false,29,,,,,,,,,,,,
54826,135504,17105,1683013741,СЗ САБАНТУЙ,,2,Сданные,2025-03-11,2023-10-10,16-001879,1,135.86,0,0,,1,0,2,11,1,94214,11.03.2025,10.10.2023,30.06.2025,Комфорт,0,false,29,,,,,,,,,,,,
54827,135503,17105,1683013741,СЗ САБАНТУЙ,,2,Сданные,2025-03-11,2023-10-10,16-001879,1,148.06,0,0,,1,0,2,11,,,11.03.2025,10.10.2023,30.06.2025,Комфорт,0,false,29,,,,,,,,,,,,
54828,135502,17105,1683013741,СЗ САБАНТУЙ,,2,Сданные,2025-03-11,2023-10-10,16-001879,1,135.86,0,0,,1,0,2,11,,,11.03.2025,10.10.2023,30.06.2025,Комфорт,0,false,29,,,,,,,,,,,,
54829,135501,17105,1683013741,СЗ САБАНТУЙ,,2,Сданные,2025-03-11,2023-10-10,16-001879,1,148.06,0,0,,1,0,2,11,,,11.03.2025,10.10.2023,30.06.2025,Комфорт,0,false,29,,,,,,,,,,,,
54830,135500,17105,1683013741,СЗ САБАНТУЙ,,2,Сданные,2025-03-05,2023-10-10,16-001879,1,148.06,0,0,,1,0,2,5,,,05.03.2025,10.10.2023,30.06.2025,Комфорт,0,false,29,,,,,,,,,,,,
54831,135499,17105,1683013741,СЗ САБАНТУЙ,,2,Сданные,2025-03-05,2023-10-10,16-001879,1,135.86,0,0,,1,0,2,5,1,94214,05.03.2025,10.10.2023,30.06.2025,Комфорт,0,false,29,,,,,,,,,,,,
54832,135498,17105,1683013741,СЗ САБАНТУЙ,,2,Сданные,2025-03-05,2023-10-10,16-001879,1,148.06,0,0,,1,0,2,5,,,05.03.2025,10.10.2023,30.06.2025,Комфорт,0,false,29,,,,,,,,,,,,
54833,135497,17105,1683013741,СЗ САБАНТУЙ,,2,Сданные,2025-03-05,2023-10-10,16-001879,1,135.86,0,0,,1,0,2,5,,,05.03.2025,10.10.2023,30.06.2025,Комфорт,0,false,29,,,,,,,,,,,,
54834,135496,17105,1683013741,СЗ САБАНТУЙ,,2,Сданные,2025-03-05,2023-10-10,16-001879,1,148.06,0,0,,1,0,2,5,,,05.03.2025,10.10.2023,30.06.2025,Комфорт,0,false,29,,,,,,,,,,,,
54835,135495,17105,1683013741,СЗ САБАНТУЙ,,2,Сданные,2025-03-05,2023-10-10,16-001879,1,135.86,0,0,,1,0,2,5,,,05.03.2025,10.10.2023,30.06.2025,Комфорт,0,false,29,,,,,,,,,,,,
54836,135494,17105,1683013741,СЗ САБАНТУЙ,,2,Сданные,2025-03-05,2023-10-10,16-001879,1,148.06,0,0,,1,0,2,5,,,05.03.2025,10.10.2023,30.06.2025,Комфорт,0,false,29,,,,,,,,,,,,
54837,135493,17105,1683013741,СЗ САБАНТУЙ,,2,Сданные,2025-02-27,2023-10-10,16-001879,1,148.06,0,0,,1,0,1,27,1,89153,27.02.2025,10.10.2023,30.06.2025,Комфорт,0,false,29,,,,,,,,,,,,
54838,135492,17105,1683013741,СЗ САБАНТУЙ,,2,Сданные,2025-02-27,2023-10-10,16-001879,1,135.86,0,0,,1,0,1,27,,,27.02.2025,10.10.2023,30.06.2025,Комфорт,0,false,29,,,,,,,,,,,,
54839,135491,17105,1683013741,СЗ САБАНТУЙ,,2,Сданные,2025-02-27,2023-10-10,16-001879,1,148.06,0,0,,1,0,1,27,,,27.02.2025,10.10.2023,30.06.2025,Комфорт,0,false,29,,,,,,,,,,,,
54840,135490,17105,1683013741,СЗ САБАНТУЙ,,2,Сданные,2025-02-27,2023-10-10,16-001879,1,135.86,0,0,,1,0,1,27,,,27.02.2025,10.10.2023,30.06.2025,Комфорт,0,false,29,,,,,,,,,,,,
54841,135489,17105,1683013741,СЗ САБАНТУЙ,,2,Сданные,2025-02-27,2023-10-10,16-001879,1,148.06,0,0,,1,0,1,27,,,27.02.2025,10.10.2023,30.06.2025,Комфорт,0,false,29,,,,,,,,,,,,
54842,135488,17105,1683013741,СЗ САБАНТУЙ,,2,Сданные,2025-02-27,2023-10-10,16-001879,1,135.86,0,0,,1,0,1,27,1,83173,27.02.2025,10.10.2023,30.06.2025,Комфорт,0,false,29,,,,,,,,,,,,
54843,135487,17105,1683013741,СЗ САБАНТУЙ,,2,Сданные,2025-02-27,2023-10-10,16-001879,1,148.06,0,0,,1,0,1,27,,,27.02.2025,10.10.2023,30.06.2025,Комфорт,0,false,29,,,,,,,,,,,,
55050,135737,17144,1655493334,СЗ РОСТОК,,2,Сданные,2026-05-29,2023-10-19,16-001883,81,4134.17,0,0,,1,0,7,29,0.556080180544099,362651,29.05.2026,19.10.2023,31.05.2026,Бизнес,0,false,51,,,,,,,,,,,,
55062,135749,17145,1660320337,КС БАРС СЗ,5828,0,Строящиеся,2026-12-31,2023-10-19,16-001884,502,23108.1,1,0,ФЕРМАПОЛИС,0,,,,0.620353901878562,213758,31.12.2026,19.10.2023,01.05.2027,Комфорт,0,false,79,2026-12-31,2027-05-01,2027-05-01,true,2026-09-09,false,2026-12-31,true,,true,"АО ""АЛЬФА-БАНК""",
55136,135825,296,1660295320,СЗ АК ТАШ-ИНВЕСТСТРОЙ,6782,2,Сданные,2025-09-03,2023-10-24,16-001889,0,0,0,0,Жилой комплекс Алтын Яр,1,0,8,3,0.480691951471545,52614,03.09.2025,24.10.2023,10.09.2025,Комфорт,0,false,45,,,,,,,,,,,,
55186,135875,3488,1660188671,СЗ ГРАНЬ ДЕВЕЛОПМЕНТ,6283,2,Сданные,2025-03-05,2023-10-26,16-001890,159,7476.73,0,0,"ЖК Город-парк ""Новые Горки""",0,,,,0.727913138497712,218500,05.03.2025,26.10.2023,31.10.2025,Комфорт,0,false,21,,,,,,,,,,,,
55214,135903,2171,1656078980,СПЕЦЗАСТРОЙЩИК ТСИ,5808,2,Сданные,2026-03-02,2023-10-27,16-001892,252,12620.75,0,0,"ЖК""Мечта""",1,0,2,2,0.529546183863875,217506,02.03.2026,27.10.2023,31.03.2026,Комфорт,0,false,104,,,,,,,,,,,,
55284,135973,296,1660295320,СЗ АК ТАШ-ИНВЕСТСТРОЙ,6782,2,Сданные,2025-09-18,2023-10-31,16-001894,138,7711.69,0,0,Жилой комплекс Алтын Яр,1,0,5,18,0.950840866269261,143891,18.09.2025,31.10.2023,20.09.2025,Комфорт,0,false,42,,,,,,,,,,,,
55485,136173,13233,1660348580,СЗ ТЕКТУМ,,2,Сданные,2024-02-21,2023-11-14,16-001897,0,0,0,0,"ЖК ""Открытие""",1,0,1,21,0.606222735295097,76687,21.02.2024,14.11.2023,01.07.2024,Комфорт,0,false,5,,,,,,,,,,,,
55551,136265,17029,1658248549,СПЕЦЗАСТРОЙЩИК ДИНАСТИЯ-4,5808,2,Сданные,2026-01-21,2023-11-16,16-001899,226,8760.54,0,0,"Жилой комплекс ""Династия"" ЖК ""Династия""",1,0,3,21,0.882631664258139,229847,21.01.2026,16.11.2023,31.03.2026,Комфорт,0,false,40,,,,,,,,,,,,
55560,136274,16044,1685010048,СЗ ГЛОБАЛПЛЮС,,0,Строящиеся,2027-03-31,2023-11-16,16-001900,0,0,1,0,"Жилой комплекс ""Новое. Наследие""",0,,,,,,31.03.2027,16.11.2023,31.03.2027,Типовой,0,false,21,2027-03-31,2027-03-31,2027-12-31,true,2026-09-07,false,2027-06-30,true,,true,БАНК ВТБ (ПАО),
55576,136290,3488,1660188671,СЗ ГРАНЬ ДЕВЕЛОПМЕНТ,6283,2,Сданные,2025-12-15,2023-11-17,16-001901,176,8173.71,0,0,"ЖК Город-парк ""Новые Горки""",0,,,,0.672079141540378,237193,15.12.2025,17.11.2023,30.06.2026,Комфорт,0,false,35,,,,,,,,,,,,
55758,136472,3488,1660188671,СЗ ГРАНЬ ДЕВЕЛОПМЕНТ,6283,2,Сданные,2025-02-24,2023-11-24,16-001904,0,0,0,0,"ЖК ""Новые Горки""",0,,,,0.371142551647315,262339,24.02.2025,24.11.2023,30.09.2025,Комфорт,0,false,22,,,,,,,,,,,,
55808,136522,17092,1655493895,СЗ КРОНОС,9265,0,Строящиеся,2026-12-31,2023-11-28,16-001906,0,0,1,0,Апарт-отель VERTICAL BOUTIQUE,0,,,,0.603308977068268,555039,31.12.2026,28.11.2023,30.12.2026,Бизнес,0,false,54,2026-12-31,2026-12-30,2026-12-30,true,2026-09-07,false,2026-11-30,true,,true,"АО ""БАНК ДОМ.РФ""",
56455,137169,14497,1656111330,СЗ ЗАРЕЧЬЕ,6369,0,Строящиеся,2026-12-31,2023-12-20,16-001912,241,12630.04,1,0,ЖК ТЕРРА,0,,,,0.515573980763323,141517,31.12.2026,20.12.2023,01.03.2027,Типовой,0,false,67,2026-12-31,2027-03-01,2027-03-01,true,2026-09-02,false,2026-12-31,true,,true,"АО ""АЛЬФА-БАНК""",
56512,137226,10459,1660313298,СЗ СТРОЙУСЛУГИ-1,5868,2,Сданные,2025-08-22,2023-12-21,16-001915,313,16380.37,0,0,"ЖК ""Лето"" в Советском районе г. Казани",0,,,,0.571071349426173,204639,22.08.2025,21.12.2023,30.10.2025,Комфорт,0,false,67,,,,,,,,,,,,
56683,137397,17006,1624000349,СЗ МОЙ РИТМ,6123,0,Строящиеся,2026-09-30,2023-12-26,16-001917,137,8650.93,1,0,Мой Ритм,0,,,,0.812719557319271,234177,30.09.2026,26.12.2023,31.12.2026,Комфорт,0,false,43,2026-09-30,2026-12-31,2026-12-31,true,2026-09-10,false,2027-03-01,true,,true,"ПАО ""АК БАРС"" БАНК",
56689,137403,17507,1659110656,СЗ ТЕХНОСТРОЙ,,0,Строящиеся,2026-09-30,2023-12-26,16-001920,242,9559.8,1,0,Жилой комплекс Эдельвейс,0,,,,0.748896420427206,302915,30.09.2026,26.12.2023,30.09.2026,Бизнес,0,false,73,2026-09-30,2026-09-30,2026-09-30,true,2026-09-02,false,2026-12-31,true,,true,"АО ""БАНК ДОМ.РФ""",
56845,137559,17213,1655488670,СЗ СКАЗОЧНЫЙ ЛЕС-7,9129,0,Строящиеся,2027-03-31,2023-12-30,16-001922,908,39237.95,1,0,"Жилой комплекс ""Батталовский""",0,,,,0.716559606197572,195494,31.03.2027,30.12.2023,30.03.2027,Комфорт,0,false,66,2027-03-31,2027-03-30,2027-03-30,true,2026-09-08,false,2028-11-01,true,,true,"АО ""БАНК ДОМ.РФ""",
57177,137892,13533,1660363355,СЗ МТ-ДЕВЕЛОПМЕНТ,5655,0,Строящиеся,2027-03-31,2024-01-25,16-001923,535,23260.5,1,0,Сиберово корпус 2,0,,,,0.93215966982653,234582,31.03.2027,25.01.2024,30.04.2027,Комфорт,0,false,57,2027-03-31,2027-04-30,2026-11-30,true,2026-09-15,false,2027-01-15,true,,true,"АО ""БАНК ДОМ.РФ""",
57289,138004,16227,1655396531,СЗ УРБАНСТРОЙ,6079,0,Строящиеся,2026-12-31,2024-01-29,16-001958,70,4336.8,1,0,Кастура Таун,0,,,,0.588267847260653,381900,31.12.2026,29.01.2024,31.12.2027,Бизнес,0,false,57,2026-12-31,2027-12-31,2027-12-31,true,2026-09-07,false,2027-12-31,true,,true,"АО ""БАНК ДОМ.РФ""",
57290,138005,17524,1656120695,СЗ ЖК АДМИРАЛ,,2,Сданные,2025-11-11,2024-01-29,16-001959,77,4298.2,0,0,ЖК Адмирал по ул. Урицкого г. Казани,1,0,4,11,0.501170257317016,248180,11.11.2025,29.01.2024,31.12.2025,Бизнес,0,false,39,,,,,,,,,,,,
57356,138071,13425,1655079910,СЗ АЛТЫН,5655,2,Сданные,2026-01-21,2024-01-31,16-001961,0,0,0,0,Нокса Парк. Паркинг1,1,1,0,21,0.196187977031927,204670,21.01.2026,31.01.2024,31.05.2026,Комфорт,0,false,55,,,,,,,,,,,,
57407,138120,12067,1657246517,СЗ СК УНИСТРОЙДОМ-3,5868,0,Строящиеся,2026-09-30,2024-02-05,16-001963,868,48269.34,1,0,Жилой кластер «Ку на Кулагина»,0,,,,0.45831991902106,205132,30.09.2026,05.02.2024,31.12.2026,Комфорт,0,false,89,2026-09-30,2026-12-31,2026-12-31,true,2026-09-10,false,2026-12-31,true,,true,"ПАО ""МОСКОВСКИЙ КРЕДИТНЫЙ БАНК""",
57515,138228,17663,1685007140,СЗ ЗАРЯ,,0,Строящиеся,2027-12-31,2024-02-12,16-001965,419,24884.87,1,0,ЗАРЯ,0,,,,0.370682265971251,605650,31.12.2027,12.02.2024,30.09.2028,Элитный,0,false,40,2027-12-31,2028-09-30,2028-09-30,true,2026-09-10,false,2027-12-31,true,,true,"АО ""БАНК ДОМ.РФ""",
57985,138723,17648,1655422005,СЗ СТРОИТЕЛЬНЫЕ ТЕХНОЛОГИИ БУДУЩЕГО,,0,Строящиеся,2026-09-30,2024-02-28,16-001968,32,4741.05,1,0,"Жилой комплекс ""Заман""",0,,,,0.125486970185929,665031,30.09.2026,28.02.2024,30.12.2026,Элитный,0,false,50,2026-09-30,2026-12-30,2026-06-30,true,2026-09-03,false,2026-12-31,true,,true,БАНК ВТБ (ПАО),
57986,138724,17648,1655422005,СЗ СТРОИТЕЛЬНЫЕ ТЕХНОЛОГИИ БУДУЩЕГО,,0,Строящиеся,2026-09-30,2024-02-28,16-001968,19,3148.25,1,0,"Жилой комплекс ""Заман""",0,,,,0.0352576828396728,750000,30.09.2026,28.02.2024,30.12.2026,Элитный,0,false,50,2026-09-30,2026-12-30,2026-06-30,true,2026-09-03,false,2026-12-31,true,,true,БАНК ВТБ (ПАО),
57987,138725,17648,1655422005,СЗ СТРОИТЕЛЬНЫЕ ТЕХНОЛОГИИ БУДУЩЕГО,,0,Строящиеся,2026-09-30,2024-02-28,16-001968,32,4704.02,1,0,"Жилой комплекс ""Заман""",0,,,,0.4080764962734,679441,30.09.2026,28.02.2024,30.12.2026,Элитный,0,false,50,2026-09-30,2026-12-30,2026-06-30,true,2026-09-03,false,2026-12-31,true,,true,БАНК ВТБ (ПАО),
57988,138726,17648,1655422005,СЗ СТРОИТЕЛЬНЫЕ ТЕХНОЛОГИИ БУДУЩЕГО,,0,Строящиеся,2026-09-30,2024-02-28,16-001968,19,3165.4,1,0,"Жилой комплекс ""Заман""",0,,,,0.0355089404182726,741992,30.09.2026,28.02.2024,30.12.2026,Элитный,0,false,50,2026-09-30,2026-12-30,2026-06-30,true,2026-09-03,false,2026-12-31,true,,true,БАНК ВТБ (ПАО),
57989,138727,17648,1655422005,СЗ СТРОИТЕЛЬНЫЕ ТЕХНОЛОГИИ БУДУЩЕГО,,0,Строящиеся,2026-09-30,2024-02-28,16-001968,32,4688.02,1,0,"Жилой комплекс ""Заман""",0,,,,0.27106113028528,687042,30.09.2026,28.02.2024,30.12.2026,Элитный,0,false,50,2026-09-30,2026-12-30,2026-06-30,true,2026-09-03,false,2026-12-31,true,,true,БАНК ВТБ (ПАО),
57990,138728,17648,1655422005,СЗ СТРОИТЕЛЬНЫЕ ТЕХНОЛОГИИ БУДУЩЕГО,,0,Строящиеся,2026-09-30,2024-02-28,16-001968,0,0,1,0,"Жилой комплекс ""Заман""",0,,,,,,30.09.2026,28.02.2024,30.12.2026,Элитный,0,false,50,2026-09-30,2026-12-30,2026-06-30,true,2026-09-03,false,2026-12-31,true,,true,БАНК ВТБ (ПАО),
58134,138872,13533,1660363355,СЗ МТ-ДЕВЕЛОПМЕНТ,5655,2,Сданные,2026-06-18,2024-03-05,16-001971,0,0,0,0,Сиберово паркинг П1,1,0,8,18,0.692394331391204,252400,18.06.2026,05.03.2024,30.06.2026,Комфорт,0,false,57,,,,,,,,,,,,
58297,139035,16227,1655396531,СЗ УРБАНСТРОЙ,6079,0,Строящиеся,2026-12-31,2024-03-15,16-001973,134,7468.9,1,0,Нити,0,,,,0.680970424024957,373884,31.12.2026,15.03.2024,31.12.2027,Бизнес,0,false,49,2026-12-31,2027-12-31,2027-12-31,true,2026-09-21,false,2028-01-31,true,,true,"АО ""БАНК ДОМ.РФ""",
58567,139305,7348,1655395672,СЗ КОНГРАДА,6079,0,Строящиеся,2027-12-31,2024-03-26,16-001975,485,26862.6,1,0,1712,0,,,,0.515590449174689,237161,31.12.2027,26.03.2024,31.12.2028,Бизнес,0,false,58,2027-12-31,2028-12-31,2028-12-31,true,2026-09-07,false,2027-12-31,true,,true,ПАО СБЕРБАНК,
58790,139528,17735,1658238156,СПЕЦЗАСТРОЙЩИК ТСИ-161,5808,0,Строящиеся,2026-12-31,2024-04-05,16-001980,475,23125.89,1,0,"ЖК ""Притяжение""",0,,,,0.58479306093733,240705,31.12.2026,05.04.2024,31.12.2026,Комфорт,0,false,54,2026-12-31,2026-12-31,2026-12-31,true,2026-09-25,false,2026-12-31,true,,true,БАНК ВТБ (ПАО),
58791,139529,17735,1658238156,СПЕЦЗАСТРОЙЩИК ТСИ-161,5808,0,Строящиеся,2026-09-30,2024-04-05,16-001980,0,0,1,0,"ЖК ""Притяжение""",0,,,,0.34964746629283,113207,30.09.2026,05.04.2024,31.12.2026,Комфорт,0,false,54,2026-09-30,2026-12-31,2026-12-31,true,2026-09-25,false,2026-12-31,true,,true,БАНК ВТБ (ПАО),
58864,139602,13425,1655079910,СЗ АЛТЫН,5655,2,Сданные,2026-08-19,2024-04-10,16-001982,194,8045.4,0,0,Нокса парк корпус 9,1,0,1,19,0.960797474333159,217105,19.08.2026,10.04.2024,31.08.2026,Комфорт,0,false,58,,,,,,,,,,,,
58865,139603,13425,1655079910,СЗ АЛТЫН,5655,2,Сданные,2026-08-19,2024-04-10,16-001982,194,8103.6,0,0,Нокса парк корпус 10,1,0,1,19,0.963633446863122,224583,19.08.2026,10.04.2024,31.08.2026,Комфорт,0,false,58,,,,,,,,,,,,
58889,139627,9499,1658223150,СЗ СВЕТЛАЯ ДОЛИНА 16,6123,0,Строящиеся,2026-12-31,2024-04-11,16-001983,0,0,1,0,Светлая Долина,0,,,,0.242794594939766,47988,31.12.2026,11.04.2024,30.06.2027,Типовой,0,false,38,2026-12-31,2027-06-30,2026-03-31,true,2026-09-22,false,2026-12-30,true,,true,ПАО СБЕРБАНК,
59262,140000,15037,1655330690,СЗ КРОНАСЕРВИС,,2,Сданные,2026-04-28,2024-04-26,16-001987,28,2343.86,0,0,ЖК ТРИО,1,0,6,28,0.577892877560946,365500,28.04.2026,26.04.2024,15.09.2026,Бизнес,0,false,48,,,,,,,,,,,,
59308,140046,12895,0264078271,СЗ ГК РЕНОВАЦИЯ,7261,0,Строящиеся,2027-03-31,2024-04-27,16-001988,184,7738.05,1,0,"ЖК ""Ометьевский Парк""",0,,,,0.852144920231841,289260,31.03.2027,27.04.2024,10.08.2027,Комфорт,0,false,40,2027-03-31,2027-08-10,2027-04-10,true,2026-09-09,false,2027-02-10,true,,true,ПАО СБЕРБАНК,
59347,140085,18357,1655499022,СЗ РЕЗИДЕНЦИЯ НА САРЫ САДЫКОВОЙ,,0,Строящиеся,2026-09-30,2024-05-02,16-001989,91,6816.59,1,0,,0,,,,0.415613965340441,324111,30.09.2026,02.05.2024,30.03.2027,Бизнес,0,false,48,2026-09-30,2027-03-30,2027-09-01,true,2026-09-09,false,2027-06-01,true,,true,"ПАО ""БАНК ПСБ""",
59552,140301,16227,1655396531,СЗ УРБАНСТРОЙ,6079,0,Строящиеся,2027-03-31,2024-05-16,16-001991,78,5167.4,1,0,Кастура Таун,0,,,,0.581123969501103,385918,31.03.2027,16.05.2024,31.03.2028,Бизнес,0,false,44,2027-03-31,2028-03-31,2028-03-31,true,2026-09-07,false,2027-03-31,true,,true,"АО ""БАНК ДОМ.РФ""",
59555,140304,16881,1658248193,СПЕЦЗАСТРОЙЩИК ХАЛИТОВА,5808,0,Строящиеся,2026-12-31,2024-05-16,16-001992,0,0,1,0,"ЖК Статный"", Жилой комплекс ""Статный""",0,,,,0.0904974016332591,105660,31.12.2026,16.05.2024,31.03.2027,Комфорт,0,false,50,2026-12-31,2027-03-31,2027-03-31,true,2026-09-14,false,2026-12-31,true,,true,БАНК ВТБ (ПАО),
59556,140305,16881,1658248193,СПЕЦЗАСТРОЙЩИК ХАЛИТОВА,5808,0,Строящиеся,2026-12-31,2024-05-16,16-001992,179,7896.67,1,0,"ЖК Статный"", Жилой комплекс ""Статный""",0,,,,0.799890333520332,220486,31.12.2026,16.05.2024,31.03.2027,Комфорт,0,false,50,2026-12-31,2027-03-31,2027-03-31,true,2026-09-14,false,2026-12-31,true,,true,БАНК ВТБ (ПАО),
59557,140306,16881,1658248193,СПЕЦЗАСТРОЙЩИК ХАЛИТОВА,5808,0,Строящиеся,2026-12-31,2024-05-16,16-001992,179,7934.67,1,0,"ЖК Статный"", Жилой комплекс ""Статный""",0,,,,0.802991176696699,223060,31.12.2026,16.05.2024,31.03.2027,Комфорт,0,false,50,2026-12-31,2027-03-31,2027-03-31,true,2026-09-14,false,2026-12-31,true,,true,БАНК ВТБ (ПАО),
59639,140388,11012,1659210280,СЗ АТЛАС,,2,Сданные,2024-07-25,2024-05-21,16-001993,1,248.8,0,0,,0,,,,1,124316,25.07.2024,21.05.2024,31.03.2025,Элитный,0,false,7,,,,,,,,,,,,
59651,140400,11465,1657246524,СЗ СК УНИСТРОЙДОМ-4,5868,2,Сданные,2026-06-11,2024-05-22,16-001994,394,20086.02,0,0,"Жилой комплекс ""Аквамарин""",0,,,,0.558303237774333,237163,11.06.2026,22.05.2024,30.09.2026,Комфорт,0,false,63,,,,,,,,,,,,
59669,140418,202,1660075460,СЗ СТРОЙУСЛУГИ,5868,0,Строящиеся,2027-12-31,2024-05-23,16-001996,115,9943.41,1,0,ЖК (Жилой комплекс) АРТ ПРЕМИУМ,0,,,,0.227906724151976,409196,31.12.2027,23.05.2024,30.06.2028,Бизнес,0,false,91,2027-12-31,2028-06-30,2027-04-28,true,2026-09-24,false,2027-12-31,true,,true,БАНК ВТБ (ПАО),
59680,140429,14497,1656111330,СЗ ЗАРЕЧЬЕ,6369,2,Сданные,2025-06-30,2024-05-23,16-001997,42,1905.24,0,0,,0,,,,0.180161029581575,235867,30.06.2025,23.05.2024,01.09.2025,Типовой,0,false,30,,,,,,,,,,,,
59895,140666,2904,1658047987,СЗ ТЭКОРЕСУРС,9015,0,Строящиеся,2027-06-30,2024-05-31,16-001999,79,8015.01,1,0,"ЖК ""Променад""",0,,,,0.663612397239679,415000,30.06.2027,31.05.2024,01.06.2027,Элитный,0,false,55,2027-06-30,2027-06-01,2027-06-01,true,2026-09-01,false,2027-05-31,true,,true,ПАО СБЕРБАНК,
59947,140718,2845,1655367964,СЗ СМУ 88,7076,0,Строящиеся,2026-12-31,2024-06-04,16-002001,250,13431.74,1,0,Вознесенский квартал,0,,,,0.671997075583655,232496,31.12.2026,04.06.2024,31.05.2027,Бизнес,0,false,48,2026-12-31,2027-05-31,2027-05-31,true,2026-09-07,false,2027-09-30,true,,true,"АО ""АЛЬФА-БАНК""",
60002,140773,10298,1655431063,СЗ БЕРЕЗОВАЯ РОЩА,9129,0,Строящиеся,2027-03-31,2024-06-06,16-002004,1424,62971.34,1,0,"Жилой комплекс ""Батталовский""",0,,,,0.32382398087765,227757,31.03.2027,06.06.2024,30.09.2027,Типовой,0,false,67,2027-03-31,2027-09-30,2027-09-30,true,2026-09-08,false,2028-11-30,true,,true,"АО ""БАНК ДОМ.РФ""",
60169,140923,13695,1657267813,СЗ ЭТАЛОН-КАЗАНЬ,5904,2,Сданные,2025-08-01,2024-06-10,16-002006,351,17263.23,0,0,ЖК Счастье в Казани,1,0,1,1,0.901133797093591,265553,01.08.2025,10.06.2024,30.08.2025,Бизнес,0,false,33,,,,,,,,,,,,
60411,141165,11285,1660313308,СЗ СТРОЙУСЛУГИ-2,5868,0,Строящиеся,2027-03-31,2024-06-18,16-002008,230,13371.94,1,0,«Уникум» на Проспекте Победы,0,,,,0.574464886919923,217316,31.03.2027,18.06.2024,27.03.2027,Комфорт,0,false,90,2027-03-31,2027-03-27,2027-03-27,true,2026-09-10,false,2026-12-31,true,,true,"АО ""АЛЬФА-БАНК""",
60473,141227,18510,1685011041,СЗ АВТОРСКИЙ ДОМ №2,9297,0,Строящиеся,2026-12-31,2024-06-19,16-002011,68,3561.12,1,0,"Клубный дом ""Авторы на Петербургской""",0,,,,0.465909601473694,447434,31.12.2026,19.06.2024,30.03.2027,Элитный,0,false,46,2026-12-31,2027-03-30,2027-01-11,true,2026-09-24,false,2027-07-01,true,,true,"АО ""БАНК ДОМ.РФ""",
60753,141526,18820,1655396740,СЗ ГРИНВИЧ,6079,0,Строящиеся,2028-06-30,2024-07-08,16-002015,570,29991,1,0,Оригана,0,,,,0.432809509519523,254722,30.06.2028,08.07.2024,30.06.2029,Бизнес,0,false,49,2028-06-30,2029-06-30,2029-06-30,true,2026-09-07,false,2028-06-30,true,,true,"АО ""БАНК ДОМ.РФ""",
60928,141701,14497,1656111330,СЗ ЗАРЕЧЬЕ,6369,0,Строящиеся,2028-06-30,2024-07-16,16-002016,0,0,1,0,ЖК ТЕРРА,0,,,,,,30.06.2028,16.07.2024,31.05.2028,Комфорт,0,false,63,2028-06-30,2028-05-31,2028-05-31,true,2026-09-23,false,2028-03-31,false,docProjDdu,true,"АО ""АЛЬФА-БАНК""",
60929,141702,14497,1656111330,СЗ ЗАРЕЧЬЕ,6369,0,Строящиеся,2028-06-30,2024-07-16,16-002016,141,4487.88,1,0,ЖК ТЕРРА,0,,,,0.338993021203775,180913,30.06.2028,16.07.2024,31.05.2028,Комфорт,0,false,63,2028-06-30,2028-05-31,2028-05-31,true,2026-09-23,false,2028-03-31,true,,true,"АО ""АЛЬФА-БАНК""",
60930,141703,14497,1656111330,СЗ ЗАРЕЧЬЕ,6369,0,Строящиеся,2028-06-30,2024-07-16,16-002016,133,4251.48,1,0,ЖК ТЕРРА,0,,,,0.800916386764139,140727,30.06.2028,16.07.2024,31.05.2028,Комфорт,0,false,63,2028-06-30,2028-05-31,2028-05-31,true,2026-09-23,false,2028-03-31,true,,true,"АО ""АЛЬФА-БАНК""",
60931,141704,14497,1656111330,СЗ ЗАРЕЧЬЕ,6369,0,Строящиеся,2028-06-30,2024-07-16,16-002016,90,3400.79,1,0,ЖК ТЕРРА,0,,,,0.145939619911844,193331,30.06.2028,16.07.2024,31.05.2028,Комфорт,0,false,63,2028-06-30,2028-05-31,2028-05-31,true,2026-09-23,false,2028-03-31,true,,true,"АО ""АЛЬФА-БАНК""",
61331,142173,19182,1686021300,СЗ КСТ,5805,0,Строящиеся,2027-06-30,2024-08-06,16-002021,410,21169.7,1,0,"Жилой комплекс ""Фриссон""",0,,,,0.509378970887637,253207,30.06.2027,06.08.2024,30.12.2027,Бизнес,0,false,31,2027-06-30,2027-12-30,2027-12-30,true,2026-09-04,false,2027-06-30,true,,true,"АО ""БАНК ДОМ.РФ""",
61427,142269,17124,1656112990,СЗ РИВЕР СКАЙ,,2,Сданные,2025-12-30,2024-08-12,16-002022,162,8020.2,0,0,,0,,,,0.110146879130196,212850,30.12.2025,12.08.2024,01.03.2026,Типовой,0,false,35,,,,,,,,,,,,
61738,142582,13425,1655079910,СЗ АЛТЫН,5655,2,Сданные,2026-08-19,2024-08-28,16-002025,0,0,0,0,Нокса Парк. Паркинг №2,1,0,7,19,0.46930195845154,48008,19.08.2026,28.08.2024,25.09.2026,Комфорт,0,false,45,,,,,,,,,,,,
61922,142767,14771,1655458428,СЗ БСП,9265,0,Строящиеся,2027-03-31,2024-09-05,16-002027,155,8312.61,1,0,"Жилой комплекс ""NOVA""2 очередь стр-ва",0,,,,0.285041641554217,304537,31.03.2027,05.09.2024,30.06.2027,Бизнес,0,false,39,2027-03-31,2027-06-30,2027-06-30,true,2026-09-07,false,2027-03-01,true,,true,"АО ""БАНК ДОМ.РФ""",
61961,142808,19009,1655496159,СЗ ЭКОРАЙОН,6032,0,Строящиеся,2027-03-31,2024-09-06,16-002029,453,19709.9,1,0,Экосити,0,,,,0.67555137266044,239592,31.03.2027,06.09.2024,30.09.2027,Комфорт,0,false,52,2027-03-31,2027-09-30,2027-09-30,true,2026-09-10,false,2027-08-31,true,,true,ПАО СБЕРБАНК,
61962,142809,19009,1655496159,СЗ ЭКОРАЙОН,6032,0,Строящиеся,2027-03-31,2024-09-06,16-002029,361,15861,1,0,Экосити,0,,,,0.655516676123826,234989,31.03.2027,06.09.2024,30.09.2027,Комфорт,0,false,52,2027-03-31,2027-09-30,2027-09-30,true,2026-09-10,false,2027-08-31,true,,true,ПАО СБЕРБАНК,
61986,142870,19480,1655495860,СЗ ДЕВЕЛОПЕР №3,9297,0,Строящиеся,2026-12-31,2024-09-09,16-002031,169,8900.96,1,0,Авторы на Годовикова,0,,,,0.776227508044076,205454,31.12.2026,09.09.2024,30.06.2027,Комфорт,0,false,34,2026-12-31,2027-06-30,2027-06-30,true,2026-09-24,false,2027-09-01,true,,true,ПАО СБЕРБАНК,
62343,143227,17491,1686029098,СЗ РАДИУС,5655,0,Строящиеся,2027-03-31,2024-09-28,16-002035,154,5338.7,1,0,Матюшино парк. Корпус 1,0,,,,0.915915859666211,152067,31.03.2027,28.09.2024,30.04.2027,Комфорт,0,false,47,2027-03-31,2027-04-30,2027-04-30,true,2026-09-09,false,2028-06-25,true,,true,БАНК ВТБ (ПАО),
62386,143270,6647,1655252120,СЗ ПСК СМУ88,7076,0,Строящиеся,2027-12-31,2024-09-30,16-002036,211,15611.35,1,0,Яналиф,0,,,,0.346660602702521,365837,31.12.2027,30.09.2024,30.06.2028,Элитный,0,false,38,2027-12-31,2028-06-30,2028-06-30,true,2026-09-07,false,2031-09-01,true,,true,ПАО СБЕРБАНК,
62387,143271,6647,1655252120,СЗ ПСК СМУ88,7076,0,Строящиеся,2029-03-31,2024-09-30,16-002037,137,13095.1,1,0,Яналиф,0,,,,0.218975036464021,374688,31.03.2029,30.09.2024,15.07.2029,Элитный,0,false,25,2029-03-31,2029-07-15,2027-12-31,true,2026-09-07,false,2031-09-01,true,,true,ПАО СБЕРБАНК,
62468,143352,17491,1686029098,СЗ РАДИУС,5655,0,Строящиеся,2027-03-31,2024-10-03,16-002035,252,9835.1,1,0,Матюшино парк. Корпус 2,0,,,,0.914123903163161,201685,31.03.2027,03.10.2024,30.04.2027,Комфорт,0,false,47,2027-03-31,2027-04-30,2027-04-30,true,2026-09-09,false,2028-06-25,true,,true,БАНК ВТБ (ПАО),
62551,143436,1122,1660200103,СЗ СК СМУ88,7076,0,Строящиеся,2027-09-30,2024-10-08,16-002039,146,9696.46,1,0,Минтимер,0,,,,0.560467428319201,263793,30.09.2027,08.10.2024,30.03.2028,Бизнес,0,false,36,2027-09-30,2028-03-30,2028-03-30,true,2026-09-07,false,2028-02-29,true,,true,БАНК ВТБ (ПАО),
62754,143642,21264,1685017124,СЗ ТРОИЦКИЙ ЛЕС,,0,Строящиеся,2026-09-30,2024-10-17,16-002042,1,181.6,1,0,"Троицкий парк, блок №6",0,,,,,,30.09.2026,17.10.2024,31.12.2026,Комфорт,0,false,39,2026-09-30,2026-12-31,2025-12-31,true,2026-09-07,false,2026-12-31,true,,true,"АО ""АЛЬФА-БАНК""",
62755,143643,21264,1685017124,СЗ ТРОИЦКИЙ ЛЕС,,0,Строящиеся,2026-09-30,2024-10-17,16-002042,1,177.2,1,0,"Троицкий парк, блок №1",0,,,,,,30.09.2026,17.10.2024,31.12.2026,Комфорт,0,false,39,2026-09-30,2026-12-31,2025-12-31,true,2026-09-07,false,2026-12-31,true,,true,"АО ""АЛЬФА-БАНК""",
62756,143644,21264,1685017124,СЗ ТРОИЦКИЙ ЛЕС,,0,Строящиеся,2026-09-30,2024-10-17,16-002042,1,182,1,0,"Троицкий парк, блок №2",0,,,,,,30.09.2026,17.10.2024,31.12.2026,Комфорт,0,false,39,2026-09-30,2026-12-31,2025-12-31,true,2026-09-07,false,2026-12-31,true,,true,"АО ""АЛЬФА-БАНК""",
62757,143645,21264,1685017124,СЗ ТРОИЦКИЙ ЛЕС,,0,Строящиеся,2026-09-30,2024-10-17,16-002042,1,181.8,1,0,"Троицкий парк, блок №3",0,,,,1,288609,30.09.2026,17.10.2024,31.12.2026,Комфорт,0,false,39,2026-09-30,2026-12-31,2025-12-31,true,2026-09-07,false,2026-12-31,true,,true,"АО ""АЛЬФА-БАНК""",
62758,143646,21264,1685017124,СЗ ТРОИЦКИЙ ЛЕС,,0,Строящиеся,2026-09-30,2024-10-17,16-002042,1,179.2,1,0,"Троицкий парк, блок №4",0,,,,1,288609,30.09.2026,17.10.2024,31.12.2026,Комфорт,0,false,39,2026-09-30,2026-12-31,2025-12-31,true,2026-09-07,false,2026-12-31,true,,true,"АО ""АЛЬФА-БАНК""",
62759,143647,21264,1685017124,СЗ ТРОИЦКИЙ ЛЕС,,0,Строящиеся,2026-09-30,2024-10-17,16-002042,1,181.7,1,0,"Троицкий парк, блок №5",0,,,,1,352744,30.09.2026,17.10.2024,31.12.2026,Комфорт,0,false,39,2026-09-30,2026-12-31,2025-12-31,true,2026-09-07,false,2026-12-31,true,,true,"АО ""АЛЬФА-БАНК""",
62760,143648,21264,1685017124,СЗ ТРОИЦКИЙ ЛЕС,,0,Строящиеся,2026-09-30,2024-10-17,16-002042,1,179.3,1,0,"Троицкий парк, блок №7",0,,,,,,30.09.2026,17.10.2024,31.12.2026,Комфорт,0,false,39,2026-09-30,2026-12-31,2025-12-31,true,2026-09-07,false,2026-12-31,true,,true,"АО ""АЛЬФА-БАНК""",
62761,143649,21264,1685017124,СЗ ТРОИЦКИЙ ЛЕС,,0,Строящиеся,2026-09-30,2024-10-17,16-002042,1,181.9,1,0,"Троицкий парк, блок №8",0,,,,,,30.09.2026,17.10.2024,31.12.2026,Комфорт,0,false,39,2026-09-30,2026-12-31,2025-12-31,true,2026-09-07,false,2026-12-31,true,,true,"АО ""АЛЬФА-БАНК""",
62762,143650,21264,1685017124,СЗ ТРОИЦКИЙ ЛЕС,,0,Строящиеся,2026-09-30,2024-10-17,16-002042,1,181.1,1,0,"Троицкий парк, блок №9",0,,,,1,248481,30.09.2026,17.10.2024,30.06.2027,Комфорт,0,false,39,2026-09-30,2027-06-30,2025-12-31,true,2026-09-07,false,2026-12-31,true,,true,"АО ""АЛЬФА-БАНК""",
62763,143651,21264,1685017124,СЗ ТРОИЦКИЙ ЛЕС,,0,Строящиеся,2026-09-30,2024-10-17,16-002042,1,179,1,0,"Троицкий парк, блок №10",0,,,,,,30.09.2026,17.10.2024,31.12.2026,Комфорт,0,false,39,2026-09-30,2026-12-31,2025-12-31,true,2026-09-07,false,2026-12-31,true,,true,"АО ""АЛЬФА-БАНК""",
62766,143654,6649,1660069836,СЗ СМУ 88 НЕДВИЖИМОСТЬ,7076,0,Строящиеся,2027-12-31,2024-10-17,16-002043,545,29696.53,1,0,Адали,0,,,,0.416343256265968,230905,31.12.2027,17.10.2024,30.09.2028,Бизнес,0,false,36,2027-12-31,2028-09-30,2028-09-30,true,2026-09-07,false,2028-04-01,true,,true,"АО ""АЛЬФА-БАНК""",
62873,143761,17029,1658248549,СПЕЦЗАСТРОЙЩИК ДИНАСТИЯ-4,5808,0,Строящиеся,2026-12-31,2024-10-22,16-002046,207,8719.41,1,0,"ЖК ""Династия"", Жилой комплекс ""Династия""",0,,,,0.694768338683466,219315,31.12.2026,22.10.2024,31.12.2026,Комфорт,0,false,38,2026-12-31,2026-12-31,2026-12-31,true,2026-09-10,false,2026-11-30,true,,true,БАНК ВТБ (ПАО),
62906,143794,16228,1655401823,СЗ КАПИТАЛ ЭСТЕЙТ,6079,0,Строящиеся,2028-06-30,2024-10-24,16-002047,779,37317.6,1,0,Главные роли,0,,,,0.531381975261003,245528,30.06.2028,24.10.2024,30.06.2029,Бизнес,0,false,40,2028-06-30,2029-06-30,2029-06-30,true,2026-09-10,false,2028-06-30,true,,true,"АО ""БАНК ДОМ.РФ""",
63046,143938,10459,1660313298,СЗ СТРОЙУСЛУГИ-1,5868,2,Сданные,2024-12-20,2024-10-30,16-001814,0,0,0,0,"ЖК""Лето"" в Советском районе г.Казани",0,,,,0.300486248290533,94527,20.12.2024,30.10.2024,30.03.2025,Комфорт,0,false,65,,,,,,,,,,,,
63184,144116,13695,1657267813,СЗ ЭТАЛОН-КАЗАНЬ,5904,2,Сданные,2025-12-30,2024-11-11,16-002051,0,0,0,0,ЖК Счастье в Казани,0,,,,0.206301059179881,318622,30.12.2025,11.11.2024,31.05.2026,Бизнес,0,false,30,,,,,,,,,,,,
63315,144248,16228,1655401823,СЗ КАПИТАЛ ЭСТЕЙТ,6079,0,Строящиеся,2029-03-31,2024-11-18,16-002054,714,37946.1,1,0,Главные роли,0,,,,,,31.03.2029,18.11.2024,31.03.2030,Бизнес,0,false,13,2029-03-31,2030-03-31,2030-03-31,false,2026-07-29,false,2029-03-31,false,docProjDdu|docIns,true,"АО ""БАНК ДОМ.РФ""",
63602,144665,18820,1655396740,СЗ ГРИНВИЧ,6079,0,Строящиеся,2028-12-31,2024-12-03,16-002056,413,20880,1,0,Оригана,0,,,,0.367097701149425,252692,31.12.2028,03.12.2024,31.12.2029,Бизнес,0,false,42,2028-12-31,2029-12-31,2029-12-31,true,2026-09-07,false,2028-12-31,true,,true,"АО ""БАНК ДОМ.РФ""",
63635,144698,2845,1655367964,СЗ СМУ 88,7076,0,Строящиеся,2027-12-31,2024-12-04,16-002057,457,25173.21,1,0,Вознесенский квартал,0,,,,0.217252388551162,250873,31.12.2027,04.12.2024,30.05.2028,Бизнес,0,false,34,2027-12-31,2028-05-30,2028-05-30,true,2026-09-07,false,2028-10-01,true,,true,"АО ""АЛЬФА-БАНК""",
63735,144802,13452,1660369935,СЗ ДСИ,,0,Строящиеся,2027-06-30,2024-12-10,16-002058,204,9996.98,1,0,ЖК АРИСТОКРАТ на Аделя Кутуя,0,,,,0.514702440136921,252202,30.06.2027,10.12.2024,30.12.2027,Бизнес,0,false,42,2027-06-30,2027-12-30,2027-12-30,true,2026-09-22,false,2027-11-01,true,,true,"АО ""БАНК ДОМ.РФ""",
64028,145115,19413,1686027870,СЗ АСД-2,,0,Строящиеся,2027-12-31,2024-12-25,16-002062,156,13345.12,1,0,"ЖК ""Академик""",0,,,,0.246753120241706,468881,31.12.2027,25.12.2024,31.03.2028,Элитный,0,false,31,2027-12-31,2028-03-31,2028-03-31,true,2026-09-03,false,2027-12-01,true,,true,ПАО СБЕРБАНК,
64235,145334,19513,1686030960,СЗ ПРОЕКТ-С-32,6072,0,Строящиеся,2027-12-31,2025-01-21,16-002063,551,23718.83,1,0,Манзара,0,,,,0.603036490417107,290842,31.12.2027,21.01.2025,31.12.2028,Комфорт,0,false,38,2027-12-31,2028-12-31,2028-12-31,true,2026-09-17,false,2029-03-01,true,,true,ПАО СБЕРБАНК,
64316,145416,296,1660295320,СЗ АК ТАШ-ИНВЕСТСТРОЙ,6782,0,Строящиеся,2026-12-31,2025-01-28,16-002064,197,10295.49,1,0,Жилой комплекс Алтын Яр,0,,,,0.505299893448491,321630,31.12.2026,28.01.2025,30.03.2027,Комфорт,0,false,39,2026-12-31,2027-03-30,2027-03-30,true,2026-09-17,false,2027-12-31,true,,true,ПАО СБЕРБАНК,
64354,145469,13695,1657267813,СЗ ЭТАЛОН-КАЗАНЬ,5904,0,Строящиеся,2028-03-31,2025-01-30,16-002065,293,13900.76,1,0,ЖК Счастье в Казани,0,,,,0.220469240530734,289582,31.03.2028,30.01.2025,31.08.2028,Бизнес,0,false,43,2028-03-31,2028-08-31,2028-08-31,true,2026-09-25,false,2031-02-26,true,,true,ПАО СБЕРБАНК,
64519,145637,14448,1683004909,СЗ КАШТАН,6369,2,Сданные,2025-12-19,2025-02-12,16-002070,73,3680.35,0,0,,0,,,,0.451044058309672,214440,19.12.2025,12.02.2025,31.03.2026,Комфорт,0,false,18,,,,,,,,,,,,
64563,145728,23765,1684011352,СЗ НОВОЕ ЖИЛЬЕ,,0,Строящиеся,2026-12-31,2025-02-17,16-002071,60,2945.67,1,0,Дом на Туфана,0,,,,0.571031378260294,264480,31.12.2026,17.02.2025,31.03.2027,Бизнес,0,false,36,2026-12-31,2027-03-31,2027-03-31,true,2026-09-03,false,2026-12-30,true,,true,ПАО СБЕРБАНК,
64638,145803,15648,1660313322,СЗ СТРОЙУСЛУГИ-3,5868,0,Строящиеся,2027-06-30,2025-02-21,16-002075,475,28245.18,1,0,ЖК Статум Жилой комплекс Статум,0,,,,0.130158844801131,278301,30.06.2027,21.02.2025,30.08.2027,Бизнес,0,false,63,2027-06-30,2027-08-30,2027-08-30,true,2026-09-10,false,2027-06-30,true,,true,БАНК ВТБ (ПАО),
64652,145817,10459,1660313298,СЗ СТРОЙУСЛУГИ-1,5868,0,Строящиеся,2026-12-31,2025-02-24,16-002077,317,16062.43,1,0,"ЖК ""Лето"" в Советском районе г. Казани",0,,,,0.511064017088323,244165,31.12.2026,24.02.2025,31.12.2026,Комфорт,0,false,52,2026-12-31,2026-12-31,2026-12-31,true,2026-09-10,false,2027-03-01,true,,true,ПАО СБЕРБАНК,
64716,145881,18374,1684010790,СЗ СТРЕЛА-ДЕВЕЛОПМЕНТ,,0,Строящиеся,2026-09-30,2025-03-04,16-002078,227,9934.46,1,0,ЖК СТРЕЛА,0,,,,0.872638271229639,140257,30.09.2026,04.03.2025,31.12.2026,Комфорт,0,false,22,2026-09-30,2026-12-31,2026-12-31,true,2026-09-10,true,2026-09-01,false,docAudit,true,ПАО СБЕРБАНК,
64753,145918,22635,1686028560,СЗ СК УНИСТРОЙДОМ-5,5868,0,Строящиеся,2027-06-30,2025-03-06,16-002081,266,15114.04,1,0,ЖК Уникум на Амирхана,0,,,,0.31241481430511,286750,30.06.2027,06.03.2025,30.07.2027,Комфорт,0,false,52,2027-06-30,2027-07-30,2028-01-31,true,2026-09-10,false,2027-10-01,true,,true,ПАО СБЕРБАНК,
64779,145944,17490,1686029299,СЗ УЛИЦА БОТАНИЧЕСКАЯ,5655,0,Строящиеся,2028-09-30,2025-03-07,16-002083,358,17644.2,1,0,Ботаническая 3,0,,,,0.515619863751261,329857,30.09.2028,07.03.2025,30.12.2028,Бизнес,0,false,33,2028-09-30,2028-12-30,2028-12-30,true,2026-09-09,false,2028-10-01,true,,true,БАНК ВТБ (ПАО),
64780,145945,17490,1686029299,СЗ УЛИЦА БОТАНИЧЕСКАЯ,5655,0,Строящиеся,2030-03-31,2025-03-07,16-002083,317,15601.8,1,0,Ботаническая 3,0,,,,,,31.03.2030,07.03.2025,30.06.2030,Бизнес,0,false,33,2030-03-31,2030-06-30,2030-06-30,true,2026-09-09,false,2028-10-01,true,,true,БАНК ВТБ (ПАО),
64803,145972,23906,1655498580,СЗ НОТЫ,,0,Строящиеся,2027-03-31,2025-03-10,16-002085,17,1555.33,1,0,"""Ноты""",0,,,,0.536053442034809,476638,31.03.2027,10.03.2025,30.06.2027,Элитный,0,false,39,2027-03-31,2027-06-30,2027-06-30,true,2026-09-09,false,2027-04-01,true,,true,"АО ""БАНК ДОМ.РФ""",
64864,146033,21647,1684009152,СЗ АВТОРСКИЙ ДОМ №1,9297,0,Строящиеся,2027-06-30,2025-03-14,16-002086,25,1420.31,1,0,"Клубный дом ""Авторы на Астрономической""",0,,,,0.201589793777415,610596,30.06.2027,14.03.2025,30.12.2027,Элитный,0,false,31,2027-06-30,2027-12-30,2027-12-31,true,2026-09-08,false,2027-02-01,true,,true,"АО ""БАНК ДОМ.РФ""",
65412,146586,11280,1655392061,СЗ БИЗНЕС ПАРК,5868,0,Строящиеся,2027-12-31,2025-04-17,16-002093,0,0,1,0,ЙЕС Горки,0,,,,0.306429714027557,322715,31.12.2027,17.04.2025,31.03.2028,Комфорт,0,false,48,2027-12-31,2028-03-31,2028-03-31,true,2026-09-09,false,2027-09-30,true,,true,"АО ""АЛЬФА-БАНК""",
65554,146728,19513,1686030960,СЗ ПРОЕКТ-С-32,6072,0,Строящиеся,2027-12-31,2025-04-23,16-002096,342,17684.15,1,0,Манзара,0,,,,0.248246028223013,231651,31.12.2027,23.04.2025,31.12.2028,Комфорт,0,false,35,2027-12-31,2028-12-31,2028-12-30,true,2026-09-17,false,2029-03-01,true,,true,ПАО СБЕРБАНК,
65595,146769,19392,1686030093,СЗ ПРОЕКТ-С-29,6072,0,Строящиеся,2028-09-30,2025-04-25,16-002097,552,24716.67,1,0,Жилой комплекс «Зилант Премьер»,0,,,,0.335395504329669,260433,30.09.2028,25.04.2025,30.03.2029,Комфорт,0,false,34,2028-09-30,2029-03-30,2029-03-30,true,2026-09-03,false,2029-04-30,true,,true,ПАО СБЕРБАНК,
65806,146983,13533,1660363355,СЗ МТ-ДЕВЕЛОПМЕНТ,5655,0,Строящиеся,2027-03-31,2025-05-07,16-002100,0,0,1,0,Сиберово паркинг 2,0,,,,0.321192052980132,42956,31.03.2027,07.05.2025,30.04.2027,Комфорт,0,false,24,2027-03-31,2027-04-30,2027-01-31,true,2026-09-14,false,2027-01-01,true,,true,"АО ""БАНК ДОМ.РФ""",
65956,147134,23699,7703469230,СЗ УЛИЦА ХАДИ ТАКТАША,5655,0,Строящиеся,2028-12-31,2025-05-19,16-002103,580,26675.4,1,0,"Таулар. Корпуса 1,2,3",0,,,,0.356718549674981,275780,31.12.2028,19.05.2025,30.04.2029,Бизнес,0,false,30,2028-12-31,2029-04-30,2029-04-30,true,2026-09-09,false,2029-05-01,true,,true,БАНК ВТБ (ПАО),
65957,147135,23699,7703469230,СЗ УЛИЦА ХАДИ ТАКТАША,5655,0,Строящиеся,2029-06-30,2025-05-19,16-002103,484,22167.66,1,0,"Таулар. Корпуса 4,5,6",0,,,,,,30.06.2029,19.05.2025,01.08.2029,Бизнес,0,false,30,2029-06-30,2029-08-01,2029-08-01,true,2026-09-09,false,2029-05-01,true,,true,БАНК ВТБ (ПАО),
65959,147137,9380,1660320312,КС КАЗАНЬ СЗ,5828,0,Строящиеся,2028-12-31,2025-05-20,16-002104,554,27402.4,1,0,Унай,0,,,,0.193198405979038,236275,31.12.2028,20.05.2025,30.06.2029,Бизнес,0,false,34,2028-12-31,2029-06-30,2029-06-30,true,2026-09-07,false,2028-10-31,true,,true,ПАО СБЕРБАНК,
66051,147229,14309,1658220367,СЗ МИКРОРАЙОН М1,6123,0,Строящиеся,2029-09-30,2025-05-26,16-002107,560,29634.91,1,0,Мой Ритм,0,,,,0.175039168332214,268926,30.09.2029,26.05.2025,31.03.2030,Комфорт,0,false,19,2029-09-30,2030-03-31,2030-03-31,true,2026-09-09,false,2030-04-30,true,,true,БАНК ВТБ (ПАО),
66389,147575,28006,1655502236,СЗ МИЦАР,6032,0,Строящиеся,2028-06-30,2025-06-23,16-002113,378,20226.19,1,0,Экосити,0,,,,0.318103409490369,220725,30.06.2028,23.06.2025,30.09.2028,Бизнес,0,false,38,2028-06-30,2028-09-30,2028-09-30,true,2026-09-10,false,2028-05-31,true,,true,"АО ""БАНК ДОМ.РФ""",
66431,147617,17491,1686029098,СЗ РАДИУС,5655,0,Строящиеся,2028-03-31,2025-06-25,16-002114,208,8642.1,1,0,Матюшино парк. Корпус 3,0,,,,0.607005241781511,218500,31.03.2028,25.06.2025,31.07.2028,Комфорт,0,false,24,2028-03-31,2028-07-31,2028-07-31,true,2026-09-09,false,2027-10-31,true,,true,БАНК ВТБ (ПАО),
66432,147618,17491,1686029098,СЗ РАДИУС,5655,0,Строящиеся,2028-03-31,2025-06-25,16-002114,120,4293,1,0,Матюшино парк. Корпус 4,0,,,,0.90729093873748,201193,31.03.2028,25.06.2025,31.07.2028,Комфорт,0,false,24,2028-03-31,2028-07-31,2028-07-31,true,2026-09-09,false,2027-10-31,true,,true,БАНК ВТБ (ПАО),
66742,147968,12560,1655432740,СЗ ПАЛИТРА,9129,0,Строящиеся,2028-06-30,2025-07-18,16-002117,1673,69950.66,1,0,"Жилой комплекс ""Батталовский""",0,,,,0.335141941477035,281201,30.06.2028,18.07.2025,31.12.2028,Комфорт,0,false,36,2028-06-30,2028-12-31,2028-12-31,true,2026-09-08,false,2029-07-01,true,,true,"АО ""БАНК ДОМ.РФ""",
66792,148018,24662,1684014530,СЗ НЕСТ ДЕВЕЛОПМЕНТ,,0,Строящиеся,2027-06-30,2025-07-22,16-002118,59,5525.85,1,0,"Клубный дом ""МакТау""",0,,,,,,30.06.2027,22.07.2025,30.12.2027,Элитный,0,false,5,2027-06-30,2027-12-30,2027-12-30,false,2025-11-05,false,2027-12-01,false,docAudit|docAccounting|docProjDdu,false,"АО ""БАНК ДОМ.РФ""",
66849,148076,28006,1655502236,СЗ МИЦАР,6032,0,Строящиеся,2028-03-31,2025-07-25,16-002120,238,14590,1,0,Экосити,0,,,,,,31.03.2028,25.07.2025,01.11.2028,Бизнес,0,false,28,2028-03-31,2028-11-01,2028-11-01,true,2026-09-10,false,2028-02-01,false,docProjDdu|docIns,true,"АО ""БАНК ДОМ.РФ""",
66851,148078,28006,1655502236,СЗ МИЦАР,6032,0,Строящиеся,2028-03-31,2025-07-25,16-002121,250,15235.03,1,0,Экосити,0,,,,,,31.03.2028,25.07.2025,30.10.2028,Бизнес,0,false,28,2028-03-31,2028-10-30,2028-10-30,true,2026-09-10,false,2028-01-31,false,docProjDdu|docIns,true,"АО ""БАНК ДОМ.РФ""",
66965,148199,30629,1650321123,СЗ ИНВЕСТРЕСУРСПЛЮС,,0,Строящиеся,2028-03-31,2025-08-05,16-002124,529,28822.89,1,0,"ЖК ""Малевич""",0,,,,0.329803499926621,248039,31.03.2028,05.08.2025,30.09.2028,Комфорт,0,false,29,2028-03-31,2028-09-30,2028-09-30,true,2026-09-07,false,2030-03-01,true,,true,"АО ""БАНК ДОМ.РФ""",
66969,148203,13425,1655079910,СЗ АЛТЫН,5655,2,Сданные,2025-12-26,2025-08-05,16-001793,0,0,0,0,Нокса парк пристроенная часть 1.7,0,,,,1,212338,26.12.2025,05.08.2025,28.02.2026,Комфорт,0,false,63,,,,,,,,,,,,
66970,148204,13425,1655079910,СЗ АЛТЫН,5655,2,Сданные,2025-12-26,2025-08-05,16-001793,0,0,0,0,Нокса парк пристроенная часть 1.8,0,,,,0.734171907756813,63700,26.12.2025,05.08.2025,28.02.2026,Комфорт,0,false,63,,,,,,,,,,,,
67097,148335,27130,1655491778,СЗ ТЕКТУМ-1,,0,Строящиеся,2028-09-30,2025-08-13,16-002125,582,25419.84,1,0,"ЖК ""ФЕНОМЕН БУДУЩЕГО""",0,,,,0.520312873723832,290604,30.09.2028,13.08.2025,31.03.2029,Комфорт,0,false,19,2028-09-30,2029-03-31,2029-03-31,true,2026-09-07,false,2029-02-01,true,,true,ПАО СБЕРБАНК,
67142,148383,13533,1660363355,СЗ МТ-ДЕВЕЛОПМЕНТ,5655,0,Строящиеся,2028-12-31,2025-08-14,16-002126,806,36197,1,0,Сиберово корпус 3,0,,,,0.342520098350692,284300,31.12.2028,14.08.2025,01.04.2029,Комфорт,0,false,23,2028-12-31,2029-04-01,2029-04-01,true,2026-09-08,false,2028-08-01,true,,true,"АО ""БАНК ДОМ.РФ""",
67801,149082,30432,1655507393,СЗ ОСТРОВСКИЙ ДЕВЕЛОПМЕНТ,,0,Строящиеся,2028-06-30,2025-09-20,16-002129,330,25640,1,0,Баркли ДАН,0,,,,0.0361911076443058,494990,30.06.2028,20.09.2025,30.06.2028,Элитный,0,false,25,2028-06-30,2028-06-30,2028-05-30,true,2026-09-07,false,2028-06-30,true,,true,ПАО СБЕРБАНК,
68298,149654,33067,1655502243,СЗ ЭРИДАН,6032,0,Строящиеся,2028-06-30,2025-10-14,16-002133,543,24650.7,1,0,Московский,0,,,,0.363247291151975,274424,30.06.2028,14.10.2025,30.12.2028,Бизнес,0,false,35,2028-06-30,2028-12-30,2028-12-30,true,2026-09-10,false,2029-10-30,true,,true,БАНК ВТБ (ПАО),
68346,149702,17029,1658248549,СПЕЦЗАСТРОЙЩИК ДИНАСТИЯ-4,5808,0,Строящиеся,2027-09-30,2025-10-16,16-002134,150,7178.98,1,0,"ЖК ""Династия"", Жилой комплекс ""Династия""",0,,,,0.252831182145653,248096,30.09.2027,16.10.2025,31.03.2028,Комфорт,0,false,22,2027-09-30,2028-03-31,2028-03-31,true,2026-09-10,false,2027-12-31,true,,true,БАНК ВТБ (ПАО),
68866,150264,33299,1655396718,СЗ ДЕЛКОМСТРОЙ,6079,0,Строящиеся,2029-06-30,2025-11-18,16-002139,835,39773.6,1,0,Главные роли,0,,,,0.238650763320393,229677,30.06.2029,18.11.2025,30.06.2030,Бизнес,0,false,24,2029-06-30,2030-06-30,2030-06-30,true,2026-09-11,false,2029-06-30,false,docExptPd,true,"АО ""БАНК ДОМ.РФ""",
69073,150471,24611,1686040581,СЗ СК УНИСТРОЙДОМ-6,5868,0,Строящиеся,2028-12-31,2025-12-01,16-002142,253,11539.42,1,0,УНИКОД НА ТЕХНИЧЕСКОЙ,0,,,,0.319380003501043,195771,31.12.2028,01.12.2025,30.12.2028,Комфорт,0,false,25,2028-12-31,2028-12-30,2028-12-30,true,2026-09-09,false,2032-02-01,true,,true,"АО ""АЛЬФА-БАНК""",
69074,150472,24611,1686040581,СЗ СК УНИСТРОЙДОМ-6,5868,0,Строящиеся,2028-12-31,2025-12-01,16-002142,209,9202,1,0,УНИКОД НА ТЕХНИЧЕСКОЙ,0,,,,0.346176918061291,251711,31.12.2028,01.12.2025,30.12.2028,Комфорт,0,false,25,2028-12-31,2028-12-30,2028-12-30,true,2026-09-09,false,2032-02-01,true,,true,"АО ""АЛЬФА-БАНК""",
69111,150509,1122,1660200103,СЗ СК СМУ88,7076,0,Строящиеся,2029-03-31,2025-12-02,16-002144,250,13740.73,1,0,Минтимер,0,,,,0.33058505625247,299718,31.03.2029,02.12.2025,31.07.2029,Бизнес,0,false,16,2029-03-31,2029-07-31,2029-07-31,true,2026-09-07,false,2029-09-30,true,,true,БАНК ВТБ (ПАО),
69185,150583,34628,1658249750,СЗ ПРОЕКТ-С-55,6072,0,Строящиеся,2028-12-31,2025-12-05,16-002146,570,25328.36,1,0,,0,,,,,,31.12.2028,05.12.2025,31.12.2029,Комфорт,0,false,18,2028-12-31,2029-12-31,2029-12-31,true,2026-09-05,false,2028-10-31,false,docProjDdu|docIns,true,ПАО СБЕРБАНК,
69602,151004,35680,1655497307,СЗ КРАВТ ЯР ПАРК,,0,Строящиеся,2028-12-31,2025-12-26,16-002149,0,0,1,0,Яр Парк,0,,,,0.0570019692578232,603086,31.12.2028,26.12.2025,30.12.2029,Бизнес,0,false,22,2028-12-31,2029-12-30,2029-06-30,true,2026-09-08,false,2027-06-30,true,,true,ПАО СБЕРБАНК,
69660,151077,2904,1658047987,СЗ ТЭКОРЕСУРС,9015,0,Строящиеся,2027-12-31,2025-12-26,16-002151,27,2145.1,1,0,ЖК УНАЛТЫ,0,,,,0.245303249265769,353321,31.12.2027,26.12.2025,01.04.2028,Бизнес,0,false,14,2027-12-31,2028-04-01,2028-04-01,true,2026-09-01,false,2027-12-31,true,,true,ПАО СБЕРБАНК,
69669,151086,13533,1660363355,СЗ МТ-ДЕВЕЛОПМЕНТ,5655,2,Сданные,2026-09-02,2025-12-27,16-001713,390,16931,0,0,Сиберово корпус 1 (этап 2),1,0,5,2,0.966263067745555,201251,02.09.2026,27.12.2025,30.09.2026,Комфорт,0,false,101,,,,,,,,,,,,
69738,151155,9255,1660088589,СЗ ГРАНЬ-ИНВЕСТ,,0,Строящиеся,2026-12-31,2026-01-12,16-002152,33,2215.36,1,0,Жилой комплекс «Литератор»,0,,,,0.0277516972410805,745000,31.12.2026,12.01.2026,30.09.2027,Бизнес,0,false,16,2026-12-31,2027-09-30,2027-09-30,true,2026-09-07,false,2027-02-28,true,,true,ПАО СБЕРБАНК,
69954,151372,9255,1660088589,СЗ ГРАНЬ-ИНВЕСТ,,0,Строящиеся,2026-12-31,2026-01-19,16-002154,21,1497.64,1,0,Жилой комплекс «Литератор»,0,,,,0.065796853716514,910000,31.12.2026,19.01.2026,30.09.2027,Бизнес,0,false,17,2026-12-31,2027-09-30,2027-09-30,true,2026-09-07,false,2027-08-01,true,,true,ПАО СБЕРБАНК,
69955,151373,9255,1660088589,СЗ ГРАНЬ-ИНВЕСТ,,0,Строящиеся,2026-12-31,2026-01-19,16-002154,0,0,1,0,Жилой комплекс «Литератор»,0,,,,,,31.12.2026,19.01.2026,30.09.2027,Бизнес,0,false,17,2026-12-31,2027-09-30,2027-09-30,true,2026-09-07,false,2027-08-01,true,,true,ПАО СБЕРБАНК,
69956,151374,9255,1660088589,СЗ ГРАНЬ-ИНВЕСТ,,0,Строящиеся,2026-12-31,2026-01-19,16-002154,0,0,1,0,Жилой комплекс «Литератор»,0,,,,,,31.12.2026,19.01.2026,30.09.2027,Бизнес,0,false,17,2026-12-31,2027-09-30,2027-09-30,true,2026-09-07,false,2027-08-01,true,,true,ПАО СБЕРБАНК,
69957,151375,9255,1660088589,СЗ ГРАНЬ-ИНВЕСТ,,0,Строящиеся,2026-12-31,2026-01-19,16-002154,0,0,1,0,Жилой комплекс «Литератор»,0,,,,,,31.12.2026,19.01.2026,30.09.2027,Бизнес,0,false,17,2026-12-31,2027-09-30,2027-09-30,true,2026-09-07,false,2027-08-01,true,,true,ПАО СБЕРБАНК,
70660,152092,28193,1686037067,СЗ ВИНДОМ 1,,0,Строящиеся,2027-12-31,2026-03-02,16-002157,72,2921.08,1,0,"ЖК ""АТОМ""",0,,,,0.254190231010448,299802,31.12.2027,02.03.2026,01.07.2028,Бизнес,0,false,9,2027-12-31,2028-07-01,2028-07-01,true,2026-09-02,false,2027-03-31,true,,true,ПАО СБЕРБАНК,
70950,152382,19392,1686030093,СЗ ПРОЕКТ-С-29,6072,0,Строящиеся,2029-03-31,2026-03-18,16-002161,337,21698.66,1,0,Жилой комплекс «Зилант Премьер»,0,,,,0.00204252244147795,255998,31.03.2029,18.03.2026,30.04.2029,Бизнес,0,false,16,2029-03-31,2029-04-30,2029-04-30,true,2026-09-03,false,2029-04-30,true,,true,ПАО СБЕРБАНК,
70978,152410,40772,1655494056,СЗ АВИАТОР,,0,Строящиеся,2028-09-30,2026-03-20,16-002163,332,13025,1,0,ЖК Максима,0,,,,0.0951170825335893,257307,30.09.2028,20.03.2026,01.04.2029,Комфорт,0,false,12,2028-09-30,2029-04-01,2029-04-01,true,2026-09-07,false,2029-04-30,true,,true,ПАО СБЕРБАНК,
71006,152438,19009,1655496159,СЗ ЭКОРАЙОН,6032,0,Строящиеся,2029-03-31,2026-03-23,16-002164,339,13369.33,1,0,Экосити,0,,,,,,31.03.2029,23.03.2026,30.12.2029,Комфорт,0,false,19,2029-03-31,2029-12-30,2029-12-30,true,2026-09-10,false,2029-09-13,true,,true,ПАО СБЕРБАНК,
71007,152439,19009,1655496159,СЗ ЭКОРАЙОН,6032,0,Строящиеся,2029-03-31,2026-03-23,16-002164,324,12795.42,1,0,Экосити,0,,,,0.107729171844301,198817,31.03.2029,23.03.2026,30.12.2029,Комфорт,0,false,19,2029-03-31,2029-12-30,2029-12-30,true,2026-09-10,false,2029-09-13,true,,true,ПАО СБЕРБАНК,
71008,152440,19009,1655496159,СЗ ЭКОРАЙОН,6032,0,Строящиеся,2029-03-31,2026-03-23,16-002164,170,6400.33,1,0,Экосити,0,,,,0.0999010988495906,205111,31.03.2029,23.03.2026,30.12.2029,Комфорт,0,false,19,2029-03-31,2029-12-30,2029-12-30,true,2026-09-10,false,2029-09-13,true,,true,ПАО СБЕРБАНК,
71051,152483,17491,1686029098,СЗ РАДИУС,5655,0,Строящиеся,2028-09-30,2026-03-25,16-002165,481,19631.3,1,0,Матюшино парк. Корпус 5,0,,,,0.0962901081436278,251421,30.09.2028,25.03.2026,31.03.2029,Комфорт,0,false,12,2028-09-30,2029-03-31,2029-03-31,true,2026-09-09,false,2029-02-28,true,,true,БАНК ВТБ (ПАО),
71087,152518,22051,1686038825,СЗ СК УНИСТРОЙДОМ-7,5868,0,Строящиеся,2028-09-30,2026-03-27,16-002166,335,17772.68,1,0,Жилой комплекс «Уникод на Залесной»,0,,,,0.145795681911788,197459,30.09.2028,27.03.2026,30.12.2028,Комфорт,0,false,13,2028-09-30,2028-12-30,2028-12-30,true,2026-09-09,false,2030-08-01,false,docIns,true,"АО ""АЛЬФА-БАНК""",
71119,152550,40483,1686017166,СЗ АСД-1,,0,Строящиеся,2028-09-30,2026-03-31,16-002167,150,7947.2,1,0,ЖК ДАВИНЧИ,0,,,,0.1365260720757,280892,30.09.2028,31.03.2026,30.12.2028,Бизнес,0,false,16,2028-09-30,2028-12-30,2028-12-30,true,2026-09-03,false,2028-08-30,true,,true,ПАО СБЕРБАНК,
71188,152620,37617,1655509295,СЗ ЖК СЕВЕРНЫЙ,,0,Строящиеся,2029-03-31,2026-04-01,16-002168,297,12676.94,1,0,"ЖК ""Северный""",0,,,,0.0928970240452349,264500,31.03.2029,01.04.2026,30.09.2029,Комфорт,0,false,10,2029-03-31,2029-09-30,2029-09-30,true,2026-09-10,false,2029-03-01,true,,true,ПАО СБЕРБАНК,
71339,152771,9504,1660212500,СЗ МОЙ РИТМ 3,6123,0,Строящиеся,2030-09-30,2026-04-10,16-002170,569,30056.21,1,0,ЖК Мой Ритм,0,,,,0.131623714367181,240474,30.09.2030,10.04.2026,31.03.2031,Комфорт,0,false,10,2030-09-30,2031-03-31,2031-03-31,true,2026-09-24,false,2030-08-30,true,,true,ПАО СБЕРБАНК,
71349,152781,14621,1658239142,СПЕЦЗАСТРОЙЩИК ДИНАСТИЯ,5808,0,Строящиеся,2028-09-30,2026-04-13,16-002171,176,8566.23,1,0,ЖК Династия,0,,,,0.068279744998675,407926,30.09.2028,13.04.2026,31.12.2028,Комфорт,0,false,7,2028-09-30,2028-12-31,2028-12-31,true,2026-09-10,false,2028-07-31,true,,true,БАНК ВТБ (ПАО),
71350,152782,14621,1658239142,СПЕЦЗАСТРОЙЩИК ДИНАСТИЯ,5808,0,Строящиеся,2028-09-30,2026-04-13,16-002172,177,8614.79,1,0,ЖК Династия,0,,,,0.0111459478408644,270358,30.09.2028,13.04.2026,31.12.2028,Комфорт,0,false,7,2028-09-30,2028-12-31,2028-12-31,true,2026-09-10,false,2028-07-31,true,,true,БАНК ВТБ (ПАО),
71744,153176,43859,1686056373,СЗ МДЦ-СТРОИТЕЛЬСТВО,,0,Строящиеся,2029-03-31,2026-05-15,16-002175,591,32713.91,1,0,"ЖК ""Город Солнца""",0,,,,0.0800096961812269,314515,31.03.2029,15.05.2026,30.09.2029,Бизнес,0,false,19,2029-03-31,2029-09-30,2029-09-30,true,2026-09-07,false,2029-03-31,true,,true,БАНК ВТБ (ПАО),
71834,153267,28194,1686028062,СЗ МЕРИДИАН,,0,Строящиеся,2028-12-31,2026-05-22,16-002177,228,9975.88,1,0,"ЖК ""Зенит""",0,,,,0.109538206153242,288658,31.12.2028,22.05.2026,31.03.2029,Бизнес,0,false,9,2028-12-31,2029-03-31,2029-03-31,true,2026-09-02,false,2028-10-01,true,,true,ПАО СБЕРБАНК,
71842,153275,40847,1683021069,СЗ ОКТАВА,,0,Строящиеся,2029-09-30,2026-05-24,16-002178,734,39795.38,1,0,"ЖК ""Октава""",0,,,,0.0644265741400133,241425,30.09.2029,24.05.2026,31.12.2029,Комфорт,0,false,11,2029-09-30,2029-12-31,2029-12-31,true,2026-09-17,false,2029-03-01,true,,true,ПАО СБЕРБАНК,
72458,154012,20322,1655401830,СЗ ГРИНВУД ЭСТЕЙТ,6079,0,Строящиеся,2030-06-30,2026-06-25,16-002182,1312,56902.6,1,0,Аксиум,0,,,,0.0653186321890388,264126,30.06.2030,25.06.2026,30.05.2031,Бизнес,0,false,9,2030-06-30,2031-05-30,2031-05-30,true,2026-09-07,false,2030-05-30,true,,true,ПАО СБЕРБАНК,
72741,154311,8058,7203406947,ЭНКО ФИНАНС,5637,0,Строящиеся,2028-12-31,2026-07-17,16-002186,222,10888.3,1,0,ЖК ЭНКО.КЛУБНАЯ,0,,,,0.00600644728745534,230000,31.12.2028,17.07.2026,30.06.2029,Комфорт,0,false,11,2028-12-31,2029-06-30,2029-06-30,true,2026-09-10,false,2028-11-01,true,,true,БАНК ВТБ (ПАО),
72742,154312,8058,7203406947,ЭНКО ФИНАНС,5637,0,Строящиеся,2028-12-31,2026-07-17,16-002186,136,7023.3,1,0,ЖК ЭНКО.КЛУБНАЯ,0,,,,0.00916947873506756,230000,31.12.2028,17.07.2026,30.06.2029,Комфорт,0,false,11,2028-12-31,2029-06-30,2029-06-30,true,2026-09-10,false,2028-11-01,true,,true,БАНК ВТБ (ПАО),
72743,154313,8058,7203406947,ЭНКО ФИНАНС,5637,0,Строящиеся,2028-12-31,2026-07-17,16-002186,222,9567.5,1,0,ЖК ЭНКО.КЛУБНАЯ,0,,,,0.00593676509014894,230000,31.12.2028,17.07.2026,30.06.2029,Комфорт,0,false,11,2028-12-31,2029-06-30,2029-06-30,true,2026-09-10,false,2028-11-01,true,,true,БАНК ВТБ (ПАО),
72744,154314,8058,7203406947,ЭНКО ФИНАНС,5637,0,Строящиеся,2028-12-31,2026-07-17,16-002186,0,0,1,0,ЖК ЭНКО.КЛУБНАЯ,0,,,,0.0038283278537437,43981,31.12.2028,17.07.2026,30.06.2029,Типовой,0,false,11,2028-12-31,2029-06-30,2029-06-30,true,2026-09-10,false,2028-11-01,true,,true,БАНК ВТБ (ПАО),
73065,154670,17491,1686029098,СЗ РАДИУС,5655,0,Строящиеся,2030-03-31,2026-08-07,16-002191,152,5419.3,1,0,Матюшино парк. Корпус 6,0,,,,,,31.03.2030,07.08.2026,31.03.2030,Комфорт,0,false,3,2030-03-31,2030-03-31,2030-03-31,true,2026-09-09,false,2030-06-01,true,,true,БАНК ВТБ (ПАО),
73066,154671,17491,1686029098,СЗ РАДИУС,5655,0,Строящиеся,2030-03-31,2026-08-07,16-002191,152,6321.4,1,0,Матюшино парк. Корпус 7,0,,,,,,31.03.2030,07.08.2026,31.03.2030,Комфорт,0,false,3,2030-03-31,2030-03-31,2030-03-31,true,2026-09-09,false,2030-06-01,true,,true,БАНК ВТБ (ПАО),
73117,154722,27130,1655491778,СЗ ТЕКТУМ-1,,0,Строящиеся,2029-12-31,2026-08-12,16-002193,465,21088.02,1,0,"Жилой комплекс ""Феномен будущего""",0,,,,,,31.12.2029,12.08.2026,25.05.2030,Типовой,0,false,6,2029-12-31,2030-05-25,2030-05-25,true,2026-09-23,false,2031-01-01,true,,true,ПАО СБЕРБАНК,
73226,154831,16881,1658248193,СПЕЦЗАСТРОЙЩИК ХАЛИТОВА,5808,0,Строящиеся,2029-03-31,2026-08-21,16-002198,244,10878.14,1,0,"ЖК Статный"", Жилой комплекс ""Статный""",0,,,,,,31.03.2029,21.08.2026,30.09.2029,Комфорт,0,false,5,2029-03-31,2029-09-30,2029-09-30,true,2026-09-24,false,2029-02-28,true,,true,БАНК ВТБ (ПАО),
73227,154832,16881,1658248193,СПЕЦЗАСТРОЙЩИК ХАЛИТОВА,5808,0,Строящиеся,2029-03-31,2026-08-21,16-002198,182,8262.35,1,0,"ЖК Статный"", Жилой комплекс ""Статный""",0,,,,,,31.03.2029,21.08.2026,30.09.2029,Комфорт,0,false,5,2029-03-31,2029-09-30,2029-09-30,true,2026-09-24,false,2029-02-28,true,,true,БАНК ВТБ (ПАО),
73228,154833,16881,1658248193,СПЕЦЗАСТРОЙЩИК ХАЛИТОВА,5808,0,Строящиеся,2029-03-31,2026-08-21,16-002198,0,0,1,0,"ЖК Статный"", Жилой комплекс ""Статный""",0,,,,,,31.03.2029,21.08.2026,30.09.2029,Комфорт,0,false,5,2029-03-31,2029-09-30,2029-09-30,true,2026-09-24,false,2029-02-28,true,,true,БАНК ВТБ (ПАО),
73229,154834,16881,1658248193,СПЕЦЗАСТРОЙЩИК ХАЛИТОВА,5808,0,Строящиеся,2029-03-31,2026-08-21,16-002198,0,0,1,0,"ЖК Статный"", Жилой комплекс ""Статный""",0,,,,,,31.03.2029,21.08.2026,30.09.2029,Комфорт,0,false,5,2029-03-31,2029-09-30,2029-09-30,true,2026-09-24,false,2029-02-28,false,docProjDdu,true,БАНК ВТБ (ПАО),
73387,154992,17124,1656112990,СЗ РИВЕР СКАЙ,,0,Строящиеся,2031-09-30,2026-09-02,16-002204,561,28532.77,1,0,ЖК Белые паруса,0,,,,,,30.09.2031,02.09.2026,30.09.2031,Комфорт,0,false,3,2031-09-30,2031-09-30,2031-09-30,true,2026-09-09,false,2031-07-31,false,docIns,false,"АО ""АЛЬФА-БАНК""",
73443,155049,27130,1655491778,СЗ ТЕКТУМ-1,,0,Строящиеся,2030-03-31,2026-09-07,16-002205,754,41464.06,1,0,"Жилой комплекс ""Феномен будущего""",0,,,,,,31.03.2030,07.09.2026,25.02.2031,Комфорт,0,false,1,2030-03-31,2031-02-25,2031-02-25,true,2026-09-07,false,2031-01-01,false,docProjDdu,false,ПАО СБЕРБАНК,
73646,155252,10893,1658226263,СЗ 4С КАЗАНЬ,,0,Строящиеся,2027-12-31,2026-09-21,16-002210,39,1940.53,1,0,"Клубный дом ""Кашемир""",0,,,,,,31.12.2027,21.09.2026,30.09.2028,Бизнес,0,false,1,2027-12-31,2028-09-30,2028-09-30,true,2026-09-21,false,2031-07-31,true,,false,"АО ""БАНК ДОМ.РФ""",
73718,155324,47840,1619006842,СЗ СТАТУС,,0,Строящиеся,2028-03-31,2026-09-25,16-002211,69,3515.35,1,0,ЖК Астра,0,,,,,,31.03.2028,25.09.2026,31.08.2028,Другое,0,false,1,2028-03-31,2028-08-31,2028-08-31,true,2026-09-25,false,2029-03-31,false,docProjDdu|docIns,false,"АО ""БАНК ДОМ.РФ""",