date,region,n_loans,limit,n_escrow,escrow,rate,n_released,released,debt,n_escrow_bal,cov,cov_lim
2022-01-01,г. Москва,579.0,2700208.1358055603,135576.0,1354904.4658561395,,27806.0,251483.38080783002,,,,0.5017777881229616
2022-01-01,Московская область,401.0,932815.8028541494,71429.0,322186.48280534014,,13330.0,54667.46475344998,,,,0.34539132143724594
2022-01-01,Воронежская область,86.0,42716.473057279996,10596.0,28214.647996720007,,11535.0,28464.79411496999,,,,0.6605097747392676
2022-01-01,Калужская область,23.0,12679.874386059999,2602.0,7376.533794270001,,2297.0,6374.637705890001,,,,0.5817513304689844
2022-01-01,Орловская область,31.0,11553.199859,2639.0,7065.981592030001,,2129.0,5473.2842950799995,,,,0.6116038567899927
2022-01-01,Тверская область,39.0,12437.91459894,2825.0,6804.90010726,,3396.0,7956.097142820001,,,,0.5471094091480525
2022-01-01,Владимирская область,48.0,8861.23809134,3078.0,7604.757980039999,,950.0,2107.39487994,,,,0.8582049033838798
2022-01-01,Белгородская область,21.0,6206.0277376,1710.0,5423.58809768,,1306.0,4185.98183386,,,,0.8739226324788252
2022-01-01,Тульская область,77.0,62447.341437400006,5697.0,15718.451045239999,,673.0,2638.36194273,,,,0.25170728942875614
2022-01-01,Ярославская область,41.0,11747.222408080002,3309.0,9395.679325029998,,2405.0,6201.06831309,,,,0.7998213533922232
2022-01-01,Смоленская область,17.0,4789.83122335,2458.0,4739.636006230001,,1758.0,3917.0775962899997,,,,0.9895204622502559
2022-01-01,Брянская область,25.0,7396.592924449999,2593.0,7472.053941790001,,1665.0,4929.94234553,,,,1.010202131996552
2022-01-01,Тамбовская область,7.0,1690.16,1274.0,2610.20766873,,1564.0,3097.76888195,,,,1.5443553679710795
2022-01-01,Ивановская область,20.0,2511.24212304,1265.0,3078.67579977,,614.0,1445.0017544500001,,,,1.2259573744498558
2022-01-01,Липецкая область,16.0,5776.477604770001,1257.0,3199.7148101,,1316.0,3594.9359301599998,,,,0.5539214429668686
2022-01-01,Курская область,16.0,4287.926411,928.0,2380.8276072499993,,1564.0,4264.54636756,,,,0.5552398476667791
2022-01-01,Рязанская область,27.0,9341.666527189998,4400.0,7821.3249611599995,,100.0,190.109857,,,,0.8372515694491053
2022-01-01,Костромская область,19.0,3166.9239167299997,993.0,2658.54864488,,909.0,2529.1283452800008,,,,0.8394734811390981
2022-01-01,Приморский край,176.0,153517.3957739,9332.0,38024.985398699995,,3608.0,16879.438127710004,,,,0.2476917042984698
2022-01-01,Сахалинская область,25.0,28767.59839,1328.0,7631.60594933,,705.0,4758.188069010001,,,,0.2652847778903521
2022-01-01,Хабаровский край,46.0,29429.724981599997,2913.0,13336.852269,,1551.0,7471.859691290001,,,,0.45317624535528095
2022-01-01,Амурская область,18.0,4255.353584,1369.0,5674.4421301600005,,66.0,311.027101,,,,1.3334831097222402
2022-01-01,Республика Саха (Якутия),16.0,9555.4731309,1604.0,6572.84180308,,740.0,3103.84859042,,,,0.6878614709118988
2022-01-01,Республика Бурятия,11.0,3701.302331,1265.0,2884.5900448499992,,328.0,956.47526697,,,,0.7793446162693375
2022-01-01,Еврейская автономная область,0.0,0.0,0.0,0.0,,0.0,0.0,,,,
2022-01-01,Забайкальский край,8.0,2012.2506616399999,538.0,1577.25824048,,117.0,469.71710378999995,,,,0.7838279149549502
2022-01-01,Камчатский край,0.0,0.0,0.0,0.0,,0.0,0.0,,,,
2022-01-01,Магаданская область,1.0,129.659,3.0,22.366552170000002,,0.0,0.0,,,,0.17250288965671495
2022-01-01,Чукотский автономный округ,0.0,0.0,0.0,0.0,,0.0,0.0,,,,
2022-01-01,Республика Татарстан (Татарстан),193.0,142146.61288641003,15923.0,60848.016532339985,,12641.0,46630.45053374999,,,,0.42806518774361435
2022-01-01,Нижегородская область,146.0,92038.42050349002,13595.0,54839.599357809995,,7107.0,25955.500551990004,,,,0.5958337730896905
2022-01-01,Пермский край,105.0,53838.03527183,13290.0,40756.34107756999,,8308.0,25104.309781480002,,,,0.7570176153678323
2022-01-01,Чувашская Республика - Чувашия,62.0,16857.01388911,5940.0,17115.936830870003,,9039.0,20861.62320319,,,,1.0153599530416995
2022-01-01,Самарская область,75.0,54972.25847505001,9489.0,26442.412302849996,,4476.0,13054.42575077,,,,0.4810137519609329
2022-01-01,Удмуртская Республика,87.0,46066.88701717999,10431.0,26375.65349375,,5861.0,15239.844255420003,,,,0.5725512445395664
2022-01-01,Республика Башкортостан,116.0,82551.84080817999,10261.0,29775.577799779996,,6622.0,17338.9622877,,,,0.3606894468769927
2022-01-01,Кировская область,30.0,5922.056087630001,1764.0,4068.66186423,,4061.0,8976.224037,,,,0.6870353478631563
2022-01-01,Пензенская область,73.0,32957.47422199,8889.0,23436.697542420003,,3834.0,9571.130492139999,,,,0.7111193468455325
2022-01-01,Ульяновская область,59.0,14295.21831316,4714.0,10622.097191570001,,3072.0,7161.21229537,,,,0.7430524640390718
2022-01-01,Оренбургская область,30.0,8672.449611070002,2073.0,4005.36428171,,7156.0,14403.78659752,,,,0.4618492422945102
2022-01-01,Саратовская область,35.0,8001.874576780001,3998.0,8365.746470970002,,5475.0,10349.127740070002,,,,1.0454733313673639
2022-01-01,Республика Марий Эл,20.0,3107.845,1103.0,2108.1141125399995,,1988.0,4566.84267325,,,,0.6783202227073742
2022-01-01,Республика Мордовия,13.0,3299.125499,987.0,2597.798053,,842.0,2367.46996012,,,,0.7874201978031512
2022-01-01,г. Санкт-Петербург,251.0,509687.0053067901,48703.0,259768.5897144001,,991.0,5295.96235199,,,,0.5096629637595734
2022-01-01,Ленинградская область,145.0,143369.7280478,21344.0,74999.12935506998,,6890.0,28627.457219919997,,,,0.5231169116123663
2022-01-01,Вологодская область,56.0,6865.100342490001,2922.0,8103.982971070001,,2066.0,6131.3213421400005,,,,1.1804609644104127
2022-01-01,Республика Карелия,13.0,3687.1577288599997,1739.0,4697.54249932,,1708.0,3882.01267733,,,,1.2740280847091379
2022-01-01,Калининградская область,96.0,41820.89354609,8981.0,27263.69550057999,,5557.0,14347.91471529,,,,0.6519156619772649
2022-01-01,Архангельская область,32.0,4431.64820533,2377.0,7451.68948719,,462.0,1332.52898965,,,,1.6814713492437776
2022-01-01,Новгородская область,4.0,608.75395163,547.0,1503.9650049199997,,986.0,2607.438621,,,,2.4705630261503555
2022-01-01,Псковская область,13.0,2775.3385,1632.0,3019.11432544,,361.0,686.39454717,,,,1.0878364298409005
2022-01-01,Мурманская область,0.0,0.0,0.0,0.0,,0.0,0.0,,,,
2022-01-01,Ненецкий автономный округ,0.0,0.0,0.0,0.0,,0.0,0.0,,,,
2022-01-01,Республика Коми,7.0,1926.0951310700002,983.0,2324.3856501,,1304.0,3457.86318311,,,,1.2067865250293937
2022-01-01,Ставропольский край,48.0,19557.17636068,7456.0,16116.56121101,,6988.0,15980.97651626,,,,0.8240740336837473
2022-01-01,Республика Северная Осетия - Алания,4.0,879.83320843,516.0,1045.37261036,,351.0,909.02865115,,,,1.1881486176515128
2022-01-01,Республика Ингушетия,0.0,0.0,0.0,0.0,,12.0,20.403304,,,,
2022-01-01,Чеченская Республика,0.0,0.0,0.0,0.0,,0.0,0.0,,,,
2022-01-01,Кабардино-Балкарская Республика,2.0,199.96141625,20.0,21.48705434,,38.0,99.79161983000002,,,,0.10745600197758151
2022-01-01,Карачаево-Черкесская Республика,0.0,0.0,0.0,0.0,,0.0,0.0,,,,
2022-01-01,Республика Дагестан,0.0,0.0,228.0,1.145,,0.0,0.0,,,,inf
2022-01-01,Новосибирская область,231.0,138696.58155524,20287.0,61787.18563533995,,15530.0,47135.81143483998,,,,0.44548456019971466
2022-01-01,Красноярский край,148.0,131396.42123650908,7396.0,26113.69743475999,,5441.0,19107.806865630006,,,,0.19873979206599718
2022-01-01,Иркутская область,56.0,23282.215984950006,3836.0,12126.38109403,,2548.0,8578.73294385,,,,0.5208430804812002
2022-01-01,Алтайский край,56.0,22218.778904089995,7966.0,19772.579985440003,,6162.0,14324.983906309999,,,,0.8899039893592127
2022-01-01,Республика Хакасия,21.0,5842.19017,1388.0,3487.7945104,,826.0,2508.5879311199997,,,,0.5970011945708368
2022-01-01,Республика Алтай,2.0,103.577,55.0,112.615848,,36.0,72.06458,,,,1.0872669415024572
2022-01-01,Кемеровская область,28.0,7193.5156293,3995.0,9122.77148029,,602.0,1298.0549681500001,,,,1.2681937386959896
2022-01-01,Томская область,11.0,9039.869574,758.0,2509.86262275,,798.0,2691.60350498,,,,0.27764367640532506
2022-01-01,Омская область,17.0,5591.053143,1445.0,4366.639084840001,,0.0,0.0,,,,0.7810047540519327
2022-01-01,Республика Тыва,0.0,0.0,0.0,0.0,,0.0,0.0,,,,
2022-01-01,Тюменская область,204.0,158076.36130395997,23942.0,71965.15727855994,,12648.0,39638.94702417,,,,0.4552556541972803
2022-01-01,Свердловская область,199.0,173452.94796288002,22315.0,79338.85189301998,,16934.0,58076.578216359994,,,,0.457408495069216
2022-01-01,Ханты-Мансийский автономный округ - Югра,44.0,30780.18573934,3369.0,13558.59228992,,3445.0,13642.44521765,,,,0.4404974162514826
2022-01-01,Челябинская область,84.0,31880.451602470002,5679.0,12498.273051760003,,9507.0,21270.19228702,,,,0.39203563386133694
2022-01-01,Курганская область,25.0,5938.76773925,1770.0,4348.142603640001,,1634.0,3399.84250318,,,,0.7321624273841567
2022-01-01,Ямало-Ненецкий автономный округ,9.0,4299.3903930100005,878.0,3049.2430239699997,,480.0,2347.5869623199997,,,,0.7092268310706316
2022-01-01,Ростовская область,122.0,92877.5714949,20537.0,51574.28239330995,,13316.0,33532.0242267,,,,0.5552931839539103
2022-01-01,Краснодарский край,247.0,297324.20660876995,30472.0,92365.1576455599,,17781.0,48248.71692410001,,,,0.31065468465908447
2022-01-01,Республика Крым,49.0,39727.836196510005,5459.0,18691.735002770005,,2361.0,7159.51868674,,,,0.47049466551143376
2022-01-01,Волгоградская область,36.0,17480.101209080003,3194.0,7844.409971379999,,3953.0,8476.1869947,,,,0.44876227417408976
2022-01-01,г. Севастополь,6.0,4270.386,1167.0,4717.06944716,,601.0,2362.2709645100003,,,,1.104600250928136
2022-01-01,Республика Калмыкия,5.0,632.496829,299.0,490.69240295,,278.0,613.44746412,,,,0.7758021549701714
2022-01-01,Астраханская область,17.0,6582.658005190002,1277.0,4658.61137762,,235.0,709.49094947,,,,0.7077097692067528
2022-01-01,Республика Адыгея (Адыгея),3.0,2310.502,549.0,1299.3877200099998,,1576.0,3309.889594280001,,,,0.5623832916006997
2023-01-01,г. Москва,892.0,5444776.59496571,165788.0,1862933.109946,,94808.0,838058.9276054899,,,,0.3421505138830645
2023-01-01,Московская область,513.0,1433353.21457567,82408.0,432232.58685453003,,57976.0,285227.1855148999,,,,0.30155343599831963
2023-01-01,Воронежская область,123.0,66790.52097125,9527.0,29386.66376539,,22284.0,63185.24250671,,,,0.4399825504885566
2023-01-01,Калужская область,33.0,20883.330827169997,2462.0,9555.60233831,,4516.0,13019.01708199,,,,0.45757079736905776
2023-01-01,Орловская область,30.0,10246.327173,1701.0,5434.85086133,,4795.0,13363.65927903,,,,0.5304194146416995
2023-01-01,Тверская область,41.0,15849.692767960001,2624.0,7822.52801041,,5776.0,14738.167980190005,,,,0.49354445697667804
2023-01-01,Владимирская область,63.0,16550.092109,2675.0,7603.60096963,,2934.0,8044.528412670001,,,,0.4594295258027678
2023-01-01,Белгородская область,27.0,9698.70566643,1682.0,6241.10846641,,2812.0,9855.74597018,,,,0.6434991101969684
2023-01-01,Тульская область,101.0,75971.46034502002,6433.0,22512.06406021,,3574.0,13374.67542131,,,,0.2963226448191565
2023-01-01,Ярославская область,51.0,20344.31955576,4314.0,14591.75456643,,4468.0,12292.462575309999,,,,0.7172397448062449
2023-01-01,Смоленская область,15.0,4203.096642,1878.0,3956.79458162,,4114.0,9489.02152392,,,,0.9413998579240852
2023-01-01,Брянская область,19.0,8796.39898681,2011.0,6701.96652678,,3741.0,10934.98100957,,,,0.7618988789423315
2023-01-01,Тамбовская область,18.0,4350.99467,1235.0,3244.95965558,,2587.0,5603.194137099999,,,,0.7457972030979297
2023-01-01,Ивановская область,19.0,3814.29175309,1491.0,4569.00032375,,1674.0,4143.3627656300005,,,,1.197863356951812
2023-01-01,Липецкая область,25.0,21254.72892879,1110.0,3516.38957488,,2448.0,7619.995802280001,,,,0.16544033973150196
2023-01-01,Курская область,20.0,8439.368,1013.0,3436.71149765,,2621.0,7731.981528330001,,,,0.40722379894442334
2023-01-01,Рязанская область,42.0,20796.466835,5592.0,13317.32866489,,2453.0,5570.066650430001,,,,0.6403649605748043
2023-01-01,Костромская область,15.0,3008.1096776199997,645.0,2303.0245852199996,,2223.0,6947.19651935,,,,0.7656052577983594
2023-01-01,Приморский край,293.0,309557.78222965985,11801.0,55359.93668608,,10026.0,47774.71037274998,,,,0.17883555143513935
2023-01-01,Сахалинская область,29.0,60875.048455,1893.0,11975.28774321,,1259.0,8549.41626362,,,,0.1967191492596899
2023-01-01,Хабаровский край,64.0,44943.84168852,3718.0,19281.88764776,,3915.0,19331.24482154,,,,0.4290217952749057
2023-01-01,Амурская область,23.0,9263.680718,812.0,4146.98017442,,1647.0,7772.87789159,,,,0.44766009328906586
2023-01-01,Республика Саха (Якутия),26.0,31975.350005009997,2491.0,11714.95820649,,2103.0,10249.297071310002,,,,0.3663746668810338
2023-01-01,Республика Бурятия,14.0,8906.08088925,1520.0,5065.40026837,,1780.0,5217.797924349999,,,,0.5687574962949351
2023-01-01,Еврейская автономная область,1.0,149.983,11.0,192.87419580000002,,0.0,0.0,,,,1.285973715687778
2023-01-01,Забайкальский край,19.0,7836.93329352,429.0,1770.79578098,,962.0,4071.64361486,,,,0.2259551937802239
2023-01-01,Камчатский край,0.0,0.0,0.0,0.0,,0.0,0.0,,,,
2023-01-01,Магаданская область,1.0,129.659,11.0,45.317621100000004,,0.0,0.0,,,,0.34951388719641524
2023-01-01,Чукотский автономный округ,0.0,0.0,0.0,0.0,,0.0,0.0,,,,
2023-01-01,Республика Татарстан (Татарстан),281.0,285371.87682968995,14951.0,72235.08679091,,28511.0,115033.84873637995,,,,0.2531261580271974
2023-01-01,Нижегородская область,195.0,117485.44754162,10969.0,50834.66597222,,15752.0,65738.42273006,,,,0.43268904392785734
2023-01-01,Пермский край,137.0,84707.34064021001,10816.0,41255.89987584,,19053.0,61094.86452290001,,,,0.4870404331434777
2023-01-01,Чувашская Республика - Чувашия,69.0,26457.391604070002,5777.0,18311.12048786,,14250.0,37102.56487202,,,,0.6920984790142033
2023-01-01,Самарская область,105.0,97517.23666428999,10265.0,39895.030988230006,,10320.0,34009.253720040004,,,,0.4091074804095555
2023-01-01,Удмуртская Республика,97.0,61236.442240129996,10097.0,29946.191188419998,,14809.0,42389.02634171,,,,0.4890256535641027
2023-01-01,Республика Башкортостан,153.0,131212.61696972,12415.0,44601.840500989994,,13818.0,41636.37690534001,,,,0.3399203638418612
2023-01-01,Кировская область,36.0,9276.253468,1647.0,6439.64856582,,6416.0,16798.24736728,,,,0.6942079135757396
2023-01-01,Пензенская область,100.0,57428.788537910004,9948.0,31464.155606880002,,8551.0,23043.053835279996,,,,0.5478812353164968
2023-01-01,Ульяновская область,62.0,21114.625270559998,3870.0,10856.575696670001,,7404.0,19753.106704759997,,,,0.5141732594140452
2023-01-01,Оренбургская область,24.0,7602.318,1724.0,3940.61121365,,11374.0,25416.61542821,,,,0.5183433807491347
2023-01-01,Саратовская область,37.0,9951.869581,2730.0,6762.90204447,,9173.0,19413.61174862,,,,0.6795609598202189
2023-01-01,Республика Марий Эл,34.0,5180.395775,1715.0,3718.30358892,,3483.0,8725.437931209999,,,,0.717764385274212
2023-01-01,Республика Мордовия,22.0,5835.318499,1031.0,3431.32848831,,1672.0,4720.663144020001,,,,0.5880276267521691
2023-01-01,г. Санкт-Петербург,411.0,1045944.30598506,59262.0,368991.82306613,,31673.0,203985.47826525007,,,,0.3527834330706711
2023-01-01,Ленинградская область,236.0,305274.40831208,25457.0,112503.30284715,,21344.0,92246.64359133001,,,,0.36853172026178693
2023-01-01,Вологодская область,50.0,8607.25507849,2663.0,7433.1928143800005,,5034.0,15874.543193300002,,,,0.8635962042017269
2023-01-01,Республика Карелия,14.0,7379.304462,1887.0,6410.2534116199995,,2985.0,7714.700792430001,,,,0.8686798931565753
2023-01-01,Калининградская область,100.0,57156.28810173,6565.0,23687.17468327,,12256.0,37341.796460629994,,,,0.41442814902728153
2023-01-01,Архангельская область,45.0,11960.22942344,4405.0,16424.29102716,,1470.0,4639.46081708,,,,1.3732421382294897
2023-01-01,Новгородская область,3.0,590.808,323.0,1193.5671315,,1989.0,5571.76685643,,,,2.0202284523906244
2023-01-01,Псковская область,21.0,5247.70505325,1483.0,3457.4054287199997,,1389.0,2926.8017746799997,,,,0.6588414161308028
2023-01-01,Мурманская область,0.0,0.0,0.0,0.0,,0.0,0.0,,,,
2023-01-01,Ненецкий автономный округ,0.0,0.0,0.0,0.0,,0.0,0.0,,,,
2023-01-01,Республика Коми,3.0,937.56890014,493.0,1670.4876137200001,,2644.0,7536.011449449999,,,,1.7817225096422877
2023-01-01,Ставропольский край,65.0,38896.403287,6212.0,15927.05038575,,15243.0,40404.43482141,,,,0.40947360269357236
2023-01-01,Республика Северная Осетия - Алания,8.0,4686.52564163,1281.0,3489.29809667,,488.0,1393.69430401,,,,0.7445383560211147
2023-01-01,Республика Ингушетия,0.0,0.0,0.0,0.0,,18.0,35.135304,,,,
2023-01-01,Чеченская Республика,0.0,0.0,1.0,0.0,,0.0,0.0,,,,
2023-01-01,Кабардино-Балкарская Республика,3.0,1618.546,183.0,407.58603424,,51.0,124.03880063,,,,0.2518223357507294
2023-01-01,Карачаево-Черкесская Республика,0.0,0.0,12.0,13.333298,,0.0,0.0,,,,inf
2023-01-01,Республика Дагестан,1.0,1938.703539,382.0,220.72807153,,0.0,0.0,,,,0.11385344230807637
2023-01-01,Новосибирская область,303.0,226671.42815274006,20924.0,76176.37766116,,34587.0,114989.46917393999,,,,0.3360651948150668
2023-01-01,Красноярский край,140.0,148154.827608,7907.0,36514.84439007,,14518.0,57233.610536520006,,,,0.24646408746587675
2023-01-01,Иркутская область,79.0,49240.30656234,4803.0,16745.36578307,,6370.0,23982.667845189997,,,,0.34007436086673754
2023-01-01,Алтайский край,46.0,25476.01140248,5979.0,18523.29941964,,13141.0,33862.30915698,,,,0.7270878917033623
2023-01-01,Республика Хакасия,33.0,11363.03237301,1346.0,3464.92252989,,2317.0,7293.52800224,,,,0.30492938998572633
2023-01-01,Республика Алтай,5.0,877.1379,211.0,667.328739,,94.0,217.71565,,,,0.7608025362944641
2023-01-01,Кемеровская область,54.0,18593.6022431,4702.0,12973.58055692,,2982.0,6465.03085598,,,,0.6977443309423508
2023-01-01,Томская область,19.0,13098.911735,1497.0,6542.35360913,,1613.0,5882.549749,,,,0.49945779782979816
2023-01-01,Омская область,43.0,24062.87758,1794.0,6638.68071493,,942.0,2772.936379,,,,0.27588889536834854
2023-01-01,Республика Тыва,1.0,1095.682,153.0,464.29536757,,135.0,621.0789845,,,,0.42375010958471526
2023-01-01,Тюменская область,278.0,255548.56452176004,25074.0,91861.95269584,,32608.0,106721.78437882001,,,,0.3594696486272687
2023-01-01,Свердловская область,229.0,270489.48892559996,26379.0,106842.02915646,,36281.0,138607.22831582002,,,,0.3949951237692924
2023-01-01,Ханты-Мансийский автономный округ - Югра,51.0,39156.11715334,3016.0,13548.068446469999,,6460.0,27571.54916219,,,,0.34600132575490455
2023-01-01,Челябинская область,97.0,48377.8302569,5296.0,16752.41420716,,16739.0,42825.30266633998,,,,0.3462828762307017
2023-01-01,Курганская область,28.0,7850.610859110001,1363.0,3576.78104525,,3607.0,9289.666000080002,,,,0.45560544388713825
2023-01-01,Ямало-Ненецкий автономный округ,7.0,2774.5707356,446.0,2601.52609972,,1211.0,5964.42179127,,,,0.9376319249461921
2023-01-01,Ростовская область,136.0,130258.08738881,15634.0,51645.230098379994,,31911.0,90396.05244934,,,,0.39648386625103055
2023-01-01,Краснодарский край,348.0,606659.21187116,33946.0,141455.30838760998,,43724.0,144955.89898393996,,,,0.23317095598253562
2023-01-01,Республика Крым,66.0,88276.62015806,6375.0,26575.33001511,,4043.0,13621.2599728,,,,0.30104607502560315
2023-01-01,Волгоградская область,52.0,31205.55330323,3912.0,11416.391940559999,,7897.0,20290.73221963,,,,0.3658448811858856
2023-01-01,г. Севастополь,9.0,9984.577376059999,380.0,1942.77976825,,1698.0,6800.06902208,,,,0.1945780672608336
2023-01-01,Республика Калмыкия,7.0,1155.768,369.0,706.2207975599999,,413.0,986.59421237,,,,0.6110402758685133
2023-01-01,Астраханская область,33.0,14797.234279780001,1447.0,5966.94951631,,1203.0,4977.313833069999,,,,0.4032476207032598
2023-01-01,Республика Адыгея (Адыгея),9.0,7087.979425,942.0,2793.50686579,,2136.0,5009.71376326,,,,0.3941189298514365
2024-01-01,г. Москва,1188.0,6865256.892628631,197893.0,2269626.37851086,,195310.0,2000071.0526368201,,,,0.33059598701219833
2024-01-01,Московская область,641.0,1921669.5037238898,79245.0,419339.23607609,,131270.0,709301.9122832,,,,0.218216105976328
2024-01-01,Воронежская область,157.0,88234.38838315,13638.0,52562.46139789,,33826.0,107079.45985928,,,,0.5957140108416934
2024-01-01,Калужская область,34.0,23745.10768711,2810.0,10476.12986992,,7403.0,25727.083183209998,,,,0.4411910869373295
2024-01-01,Орловская область,28.0,13547.1500844,1491.0,5696.18432787,,7077.0,21514.53533271,,,,0.42047104316274964
2024-01-01,Тверская область,54.0,22731.03163177,2968.0,10481.5175674,,9076.0,26657.738190990003,,,,0.4611105090694836
2024-01-01,Владимирская область,63.0,21734.20514,3780.0,13190.01707602,,5057.0,15473.57195084,,,,0.6068782820009768
2024-01-01,Белгородская область,28.0,11471.178623,2008.0,9027.92480481,,5345.0,20702.79753382,,,,0.7870093476453052
2024-01-01,Тульская область,108.0,90940.89815836,9031.0,30860.157488689998,,9456.0,39226.37877525,,,,0.3393430031332178
2024-01-01,Ярославская область,54.0,23595.68621138,4528.0,16709.99715146,,9119.0,30111.28664843,,,,0.7081801733488433
2024-01-01,Смоленская область,24.0,8906.60059408,2325.0,7168.87163658,,5871.0,14865.607871799999,,,,0.8048942535208072
2024-01-01,Брянская область,23.0,9614.13514444,2770.0,9656.10875436,,6210.0,20671.36597039,,,,1.004365822748422
2024-01-01,Тамбовская область,16.0,4975.58067,1556.0,4134.8113338699995,,4072.0,11358.06337533,,,,0.8310208613038123
2024-01-01,Ивановская область,46.0,13676.48202732,2158.0,6987.14585446,,3303.0,9869.86864739,,,,0.5108876566724212
2024-01-01,Липецкая область,54.0,40666.5643476,2922.0,10456.21136781,,2930.0,9561.339482020001,,,,0.25712059859384434
2024-01-01,Курская область,20.0,9141.827,1834.0,6752.550723189999,,4020.0,13566.57514289,,,,0.7386434596924663
2024-01-01,Рязанская область,63.0,38170.217227,9401.0,28649.57327342,,6232.0,14874.21189194,,,,0.7505740169892064
2024-01-01,Костромская область,24.0,6384.594,1070.0,4281.28521862,,3662.0,13160.89590872,,,,0.6705649910738255
2024-01-01,Приморский край,354.0,377839.40863,19525.0,96915.88376227001,,16992.0,83804.47529497,,,,0.25650019968450427
2024-01-01,Сахалинская область,124.0,76138.83199103,2147.0,21135.42027954,,2466.0,16464.81482629,,,,0.2775905504044242
2024-01-01,Хабаровский край,186.0,110668.16005030001,6283.0,41175.49484933999,,8536.0,44676.25576623,,,,0.3720627037679603
2024-01-01,Амурская область,49.0,30809.23917458,1916.0,13290.86655837,,3009.0,16104.62623964,,,,0.43139223539593247
2024-01-01,Республика Саха (Якутия),93.0,129336.74466741,4340.0,20764.259239349998,,4327.0,23286.792032150002,,,,0.16054416162046894
2024-01-01,Республика Бурятия,28.0,13151.47383,3519.0,13923.01837138,,2883.0,10309.88009475,,,,1.058666013509453
2024-01-01,Еврейская автономная область,1.0,149.983,11.0,192.87419580000002,,0.0,0.0,,,,1.285973715687778
2024-01-01,Забайкальский край,27.0,14145.468511719999,1306.0,8148.18464733,,1950.0,9658.644514290001,,,,0.5760279089079979
2024-01-01,Камчатский край,4.0,3680.94388116,158.0,2004.06651423,,0.0,0.0,,,,0.5444436478608974
2024-01-01,Магаданская область,3.0,7620.7817918,6.0,0.0,,11.0,69.0714355,,,,0.0
2024-01-01,Чукотский автономный округ,0.0,0.0,1.0,396.5475,,0.0,0.0,,,,inf
2024-01-01,Республика Татарстан (Татарстан),382.0,465945.04570084997,23888.0,132542.66985931,,43688.0,200749.83327526998,,,,0.28445987586357163
2024-01-01,Нижегородская область,340.0,169772.12322849,13303.0,69668.72104647,,27047.0,124505.59263177,,,,0.41036608202576025
2024-01-01,Пермский край,189.0,138864.95687967,14198.0,62412.048779050005,,30204.0,111177.3367918,,,,0.44944419514803596
2024-01-01,Чувашская Республика - Чувашия,94.0,36124.10071173,8171.0,33929.84188324,,19214.0,55217.468997699994,,,,0.9392577590788994
2024-01-01,Самарская область,147.0,135360.63730327,13229.0,64219.79337114,,20327.0,71322.16949479,,,,0.47443477402709155
2024-01-01,Удмуртская Республика,111.0,76427.50738342,13626.0,46649.61109506,,24000.0,74178.46135776,,,,0.6103772410243494
2024-01-01,Республика Башкортостан,188.0,218704.55272048002,18776.0,82867.98694231,,28046.0,100701.34492958999,,,,0.37890380383723055
2024-01-01,Кировская область,56.0,14551.938401059999,2832.0,11444.40922136,,9430.0,30272.181134259998,,,,0.7864525608853843
2024-01-01,Пензенская область,117.0,70298.50322201,9354.0,33921.24310814,,17318.0,55181.803244099996,,,,0.4825315128120606
2024-01-01,Ульяновская область,66.0,21515.947761299998,3783.0,12596.27976961,,12608.0,38149.122180410006,,,,0.5854392244001679
2024-01-01,Оренбургская область,38.0,14022.079412,3546.0,10361.15263447,,15450.0,38261.74786282,,,,0.7389169844240788
2024-01-01,Саратовская область,38.0,12734.28830274,3932.0,11441.05403292,,13938.0,35740.05794001999,,,,0.8984447156311248
2024-01-01,Республика Марий Эл,27.0,4891.776533,2260.0,6447.16620721,,5759.0,16348.34573064,,,,1.3179600833597604
2024-01-01,Республика Мордовия,21.0,5744.80332008,1168.0,4700.19413631,,3475.0,11292.70030695,,,,0.8181645000589066
2024-01-01,г. Санкт-Петербург,466.0,1324896.3357985502,75983.0,499945.72356858,,73100.0,484439.17662957,,,,0.3773470497729541
2024-01-01,Ленинградская область,323.0,461719.77685633,23017.0,97733.48652731,,45977.0,225858.63818069,,,,0.2116727318737335
2024-01-01,Вологодская область,50.0,14223.32859164,4203.0,12866.816476209999,,8026.0,28300.777397169997,,,,0.9046276610506409
2024-01-01,Республика Карелия,27.0,13809.46856206,2827.0,11146.87238631,,4634.0,14269.593133870001,,,,0.8071905400425625
2024-01-01,Калининградская область,123.0,75654.77832284,8653.0,33234.34968726,,18380.0,63248.11093057,,,,0.4392894992757732
2024-01-01,Архангельская область,58.0,27490.82551191,5271.0,22124.0581377,,4767.0,17913.77044334,,,,0.8047796937969388
2024-01-01,Новгородская область,3.0,803.79183461,807.0,2914.4732005,,3010.0,9632.69028748,,,,3.6259054583629893
2024-01-01,Псковская область,26.0,8163.9873738900005,1950.0,5771.754995689999,,3086.0,7772.50827873,,,,0.7069774524822491
2024-01-01,Мурманская область,0.0,0.0,6.0,8.7,,0.0,0.0,,,,inf
2024-01-01,Ненецкий автономный округ,0.0,0.0,0.0,0.0,,0.0,0.0,,,,
2024-01-01,Республика Коми,3.0,1562.42382,704.0,2886.3230866599997,,4103.0,12201.140496639999,,,,1.847336842739635
2024-01-01,Ставропольский край,101.0,69318.92149033,12815.0,42601.54046097,,25255.0,74413.56579138999,,,,0.6145730421803074
2024-01-01,Республика Северная Осетия - Алания,18.0,9882.378849,1512.0,6117.14569751,,1679.0,5364.04296844,,,,0.6189952632841024
2024-01-01,Республика Ингушетия,0.0,0.0,14.0,21.4454,,18.0,35.135304,,,,inf
2024-01-01,Чеченская Республика,1.0,1119.662,49.0,16.674,,1.0,2.462689,,,,0.0148919941911041
2024-01-01,Кабардино-Балкарская Республика,4.0,1409.023,569.0,1637.1958231800002,,199.0,855.18690086,,,,1.1619369046353396
2024-01-01,Карачаево-Черкесская Республика,4.0,2379.6591388899997,124.0,623.8632589,,0.0,0.0,,,,0.26216496669813105
2024-01-01,Республика Дагестан,6.0,8102.586259,979.0,2883.7438281,,0.0,0.0,,,,0.35590411948985584
2024-01-01,Новосибирская область,432.0,327019.13007718,32809.0,134760.54291401,,57335.0,214164.17904604998,,,,0.41208764417606114
2024-01-01,Красноярский край,167.0,188551.94236614002,11821.0,55484.8299919,,25851.0,115738.23624351,,,,0.2942681432798855
2024-01-01,Иркутская область,93.0,79269.38311671,7236.0,28917.67913803,,12472.0,50671.886180739995,,,,0.3648026261974801
2024-01-01,Алтайский край,55.0,37345.91319464,10462.0,38704.9818847,,18103.0,51430.777869800004,,,,1.0363913631721036
2024-01-01,Республика Хакасия,33.0,14759.65331,2942.0,10164.40126776,,3839.0,12654.15428111,,,,0.688661247949055
2024-01-01,Республика Алтай,18.0,3594.007484,603.0,2425.16275431,,241.0,798.756005,,,,0.6747795504340134
2024-01-01,Кемеровская область,64.0,31586.565528,7347.0,26424.6500393,,6738.0,17339.59216334,,,,0.8365787668771963
2024-01-01,Томская область,40.0,18007.71106932,1880.0,9601.15349268,,3680.0,15747.472037219999,,,,0.5331690105266973
2024-01-01,Омская область,46.0,32321.3538986,4322.0,18727.61372981,,1972.0,7201.70608,,,,0.5794192219967985
2024-01-01,Республика Тыва,15.0,4346.12,1901.0,7935.79718795,,300.0,1324.2493044,,,,1.8259498559519756
2024-01-01,Тюменская область,444.0,414375.91022732,38433.0,156735.28041436,,56004.0,204303.39942429002,,,,0.3782441897464009
2024-01-01,Свердловская область,367.0,468011.59434242,45401.0,195082.84817985998,,62820.0,258350.94682667998,,,,0.4168333659638524
2024-01-01,Ханты-Мансийский автономный округ - Югра,70.0,53891.447257650005,5657.0,27465.45675031,,9188.0,41608.216981519996,,,,0.5096440742999572
2024-01-01,Челябинская область,135.0,93443.92166808,8513.0,33999.78738215,,26240.0,77985.24754019,,,,0.3638523167180404
2024-01-01,Курганская область,45.0,15920.590563299998,2454.0,7837.565243800001,,5773.0,15425.02963237,,,,0.49229111273466736
2024-01-01,Ямало-Ненецкий автономный округ,13.0,7798.7850014,1328.0,7902.84261779,,1654.0,8776.201553840001,,,,1.0133427984450554
2024-01-01,Ростовская область,172.0,198685.62536276,25751.0,97965.66127560001,,52236.0,174812.67663059,,,,0.4930686912892385
2024-01-01,Краснодарский край,357.0,924088.2753798299,64988.0,330341.66330133,,78285.0,329747.614222,,,,0.3574784705125157
2024-01-01,Республика Крым,87.0,136693.9811414,8566.0,42418.935135169995,,8455.0,31581.37796268,,,,0.31032043094341283
2024-01-01,Волгоградская область,79.0,46208.73019738,9001.0,29021.97788075,,13040.0,37910.96137828,,,,0.6280626573546383
2024-01-01,г. Севастополь,10.0,11821.27461,914.0,4880.44999707,,2265.0,9588.47843318,,,,0.4128531108600987
2024-01-01,Республика Калмыкия,6.0,1436.416817,515.0,1201.86844774,,780.0,1974.3073490699999,,,,0.8367128771508945
2024-01-01,Астраханская область,64.0,32122.54896166,5096.0,17739.90940351,,2419.0,10845.14673635,,,,0.5522572142292799
2024-01-01,Республика Адыгея (Адыгея),19.0,18370.372377,3012.0,10762.663584299999,,3454.0,11027.68832735,,,,0.5858707359560673
2025-01-01,г. Москва,1361.0,8114371.70040356,225350.0,2712329.52818785,,298251.0,3227127.16616461,3559136.0874708598,,0.7620752512768472,0.334262420841894
2025-01-01,Московская область,715.0,2098017.13439113,75174.0,414187.27268540004,,193270.0,1101943.93638983,633020.7294492901,,0.6543028583688422,0.19741844139209197
2025-01-01,Воронежская область,169.0,129106.8967845,10285.0,40233.24364878,,48093.0,172269.04104532002,54500.075277660006,,0.7382236344409585,0.31162737739669866
2025-01-01,Калужская область,44.0,31218.12298911,2311.0,9108.099980879999,,10275.0,38640.91508736,13244.336129520001,,0.6876977367388888,0.29175681010857796
2025-01-01,Орловская область,30.0,19504.329748,1296.0,4878.73160937,,8945.0,29430.06129464,8498.18263021,,0.574091170037545,0.25013582483500985
2025-01-01,Тверская область,50.0,28182.882215,2048.0,7679.1846595,,12314.0,39852.15438916,13620.191835059999,,0.5638088473712142,0.2724769099525543
2025-01-01,Владимирская область,62.0,29060.586181,4293.0,15652.961199270001,,7167.0,23978.2944946,15904.80244806,,0.9841657103499127,0.5386319842888788
2025-01-01,Белгородская область,32.0,13414.916031,1493.0,6590.97651445,,7267.0,30176.1453044,5950.993736060001,,1.107542169724029,0.49131701601554356
2025-01-01,Тульская область,110.0,108906.65841666001,10470.0,40338.76432954,,15209.0,65222.757562410006,36882.17092543,,1.0937199009000498,0.3703975947476979
2025-01-01,Ярославская область,84.0,48912.740411,4207.0,16488.65874527,,13558.0,47387.39581022,15880.918627129999,,1.0382685745333256,0.3371035563887944
2025-01-01,Смоленская область,33.0,12724.025536,2044.0,6957.405932600001,,8360.0,23723.8404225,4903.0008576499995,,1.4190097319164399,0.5467928300611673
2025-01-01,Брянская область,27.0,12274.495932450001,2409.0,8701.850839780001,,9281.0,32454.154350790002,5279.5686020699995,,1.6482124763694144,0.7089375309315128
2025-01-01,Тамбовская область,26.0,9599.397555,1680.0,6046.11739438,,5544.0,16899.39961714,3931.83196442,,1.5377354498087985,0.6298434208749677
2025-01-01,Ивановская область,55.0,16282.070493,1617.0,5961.32938395,,5477.0,17032.290802389998,4521.41229334,,1.3184662218773955,0.36612845930822496
2025-01-01,Липецкая область,74.0,50650.12061426,2872.0,11334.23429671,,5725.0,20807.34116164,18965.659738029997,,0.5976187727328335,0.223775070212152
2025-01-01,Курская область,23.0,10037.61526555,1146.0,4237.78452422,,6231.0,23486.47032915,5838.02618126,,0.7258933743434111,0.4221903721259828
2025-01-01,Рязанская область,72.0,52584.560193,11259.0,35552.12371052,,11979.0,32448.031074439998,33814.58478828,,1.051384304527738,0.6760943436634973
2025-01-01,Костромская область,28.0,8172.392473,963.0,4049.93629375,,5047.0,19642.80806608,3645.82488159,,1.110842244288969,0.49556311779325385
2025-01-01,Приморский край,385.0,453722.6596055801,23349.0,119552.24019893,,28239.0,145854.37116344,174529.28163278,,0.6849981795632152,0.26349188798032797
2025-01-01,Сахалинская область,52.0,53874.32216726001,1290.0,16583.21003631,,4538.0,33794.67481645,20701.867900740002,,0.8010489737361922,0.3078128757671459
2025-01-01,Хабаровский край,221.0,158024.34890325,10161.0,68599.52913685,,12835.0,72432.34252779,71374.88855727999,,0.9611157442550303,0.4341073360716701
2025-01-01,Амурская область,144.0,79960.81483568,2560.0,29741.166170599998,,4239.0,24097.223811930002,22219.6055456,,1.3385100878394955,0.371946762069875
2025-01-01,Республика Саха (Якутия),129.0,152688.29113509002,5072.0,29442.677342720002,,7034.0,42030.39006894,20792.85934047,,1.415999447724561,0.19282865191457788
2025-01-01,Республика Бурятия,51.0,37212.65297899001,4952.0,21173.39416725,,5755.0,24467.59277134,13906.22993339,,1.5225833506758681,0.5689837319366706
2025-01-01,Еврейская автономная область,2.0,1575.3452848,3.0,1810.842095,,11.0,192.87419580000002,,,,1.1494890120104038
2025-01-01,Забайкальский край,42.0,26161.21974176,1429.0,13525.97335416,,3986.0,24581.84899092,12069.096040030001,,1.1207113862792972,0.5170238042291693
2025-01-01,Камчатский край,7.0,10393.257,309.0,7611.58718614,,118.0,1823.45449835,,,,0.7323582190010312
2025-01-01,Магаданская область,6.0,7594.03792693,8.0,3686.1135,,11.0,69.0714355,,,,0.4853957190453702
2025-01-01,Чукотский автономный округ,0.0,0.0,0.0,0.0,,1.0,396.5475,,,,
2025-01-01,Республика Татарстан (Татарстан),486.0,621006.3449554301,31572.0,187186.66907151,,56490.0,280836.9352506,198666.13266945002,,0.9422173097966321,0.30142472873597526
2025-01-01,Нижегородская область,343.0,240932.91388453997,11238.0,65680.47700581,,38128.0,187412.2267213,63601.966420059995,,1.0326799736351302,0.27260898457935656
2025-01-01,Пермский край,243.0,168669.71803564002,14109.0,66656.09828143,,40561.0,160886.35309767,77076.93032798,,0.8647995969454547,0.39518710920798195
2025-01-01,Чувашская Республика - Чувашия,89.0,40677.052317,6079.0,28259.61251391,,26206.0,85697.13001276,22605.70744936,,1.2501096272795509,0.6947310806515734
2025-01-01,Самарская область,158.0,156197.57050168,11608.0,59963.333299809994,,29803.0,120854.64466024001,58531.096812690004,,1.0244696676657779,0.3838941483354573
2025-01-01,Удмуртская Республика,118.0,84218.07933327,12128.0,43889.916606419996,,34703.0,117376.34435378,38105.10427468,,1.1518120063401551,0.5211460170296411
2025-01-01,Республика Башкортостан,230.0,275778.24348729005,21621.0,104012.08576778,,41828.0,169544.39833837,107615.21889214,,0.9665183682990848,0.37715841704015224
2025-01-01,Кировская область,58.0,20187.89371243,2978.0,12260.53414592,,12929.0,48284.52541378,9301.96037427,,1.3180591673808526,0.6073211163367181
2025-01-01,Пензенская область,167.0,112010.804266,8375.0,32066.9085325,,25443.0,86544.84405092,49208.71347361,,0.6516510241564651,0.28628406645798593
2025-01-01,Ульяновская область,79.0,30816.030583,3593.0,13550.26032468,,16656.0,54917.61822056,16282.20363764,,0.8322129256113409,0.4397146572198416
2025-01-01,Оренбургская область,64.0,35516.800191,2856.0,10229.522523270001,,20578.0,55411.58814115,6044.61963954,,1.692335189522111,0.28801926041361614
2025-01-01,Саратовская область,41.0,16734.72805875,2078.0,8115.62211225,,17920.0,50286.53967025,7539.22166156,,1.0764535752581563,0.48495691616611764
2025-01-01,Республика Марий Эл,44.0,19083.29301525,2208.0,6568.73488379,,7868.0,24797.946003240002,6491.92120449,,1.0118321952593747,0.3442139089171212
2025-01-01,Республика Мордовия,21.0,6173.444914,851.0,4054.75480025,,4766.0,17358.90401922,3361.3235125,,1.2062970985004229,0.6568058607042427
2025-01-01,г. Санкт-Петербург,422.0,1334101.81252683,69336.0,384523.98507709004,,132698.0,974228.86238552,549305.703852433,,0.7000181909277782,0.2882268665453574
2025-01-01,Ленинградская область,368.0,517438.05231560016,24651.0,99798.74327193,,64267.0,327950.33897651,185444.49806641001,,0.5381596343515719,0.19287090082632716
2025-01-01,Вологодская область,62.0,20523.815317519995,4055.0,10752.30862213,,11198.0,43938.17403677,7562.038477810001,,1.4218796497375026,0.5238942397299481
2025-01-01,Республика Карелия,25.0,12132.05582306,1939.0,8160.680487340001,,7575.0,25781.80921799,6825.232683050001,,1.1956633372524417,0.6726543799632533
2025-01-01,Калининградская область,153.0,93026.62600939999,8101.0,33708.57035749,,27705.0,103807.85879045,38962.9069219,,0.865145160371577,0.36235400340203544
2025-01-01,Архангельская область,73.0,42314.04493298,5613.0,25358.36673697,,8638.0,34961.17408348,15179.86449291,,1.6705265550172754,0.5992895923123017
2025-01-01,Новгородская область,8.0,3797.70278,883.0,3523.59546883,,4034.0,14136.23985226,,,,0.9278228637023563
2025-01-01,Псковская область,31.0,9706.94956017,1611.0,5268.2955243100005,,5092.0,14688.446498120002,4325.65329004,,1.217919045070134,0.5427344081324077
2025-01-01,Мурманская область,2.0,2600.127,79.0,410.97629718,,0.0,0.0,,,,0.15806008598041557
2025-01-01,Ненецкий автономный округ,0.0,0.0,0.0,0.0,,0.0,0.0,,,,
2025-01-01,Республика Коми,6.0,3549.825106,728.0,2350.2108364899996,,4697.0,14846.7178224,,,,0.6620638387276085
2025-01-01,Ставропольский край,155.0,133478.78722254,13552.0,46748.15504636,,40229.0,135885.8980205,52671.226988489994,,0.8875463458744879,0.35022909646624234
2025-01-01,Республика Северная Осетия - Алания,27.0,15917.46845025,1835.0,8074.20022572,,2399.0,8397.57553976,5328.568001619999,,1.515266432419605,0.5072540430003608
2025-01-01,Республика Ингушетия,1.0,551.3850975700001,6.0,12.491,,30.0,62.728404,,,,0.022653858537433954
2025-01-01,Чеченская Республика,2.0,2347.769,130.0,463.71410503,,1.0,2.462689,,,,0.19751266203361575
2025-01-01,Кабардино-Балкарская Республика,11.0,5505.702844,826.0,2948.01810896,,326.0,1312.99329568,1234.3937847,,2.388231491036282,0.5354480967262315
2025-01-01,Карачаево-Черкесская Республика,25.0,37243.02843289,547.0,2642.2970684499996,,23.0,126.456,5693.04618597,,0.4641271091321379,0.07094742773701342
2025-01-01,Республика Дагестан,16.0,19657.249064069998,1598.0,6037.582367520001,,20.0,111.156351,6834.37919092,,0.8834134306655672,0.30714279235316005
2025-01-01,Новосибирская область,571.0,434989.3529564999,30394.0,128707.78244739,,83306.0,341203.61946142,161726.16573488,,0.795837716565806,0.29588720177309974
2025-01-01,Красноярский край,185.0,211469.23119546002,11061.0,54893.57890126,,34545.0,162862.96227462,66286.91682744,,0.8281208649990546,0.2595818719864836
2025-01-01,Иркутская область,99.0,97435.845267,7127.0,32021.345590470002,,18022.0,79258.31754833,41324.0080091,,0.7748847978012818,0.32864030175674097
2025-01-01,Алтайский край,97.0,54494.78736092,9417.0,39556.6440494,,25156.0,79732.75796916,29527.78807595,,1.3396412879845332,0.7258794091151434
2025-01-01,Республика Хакасия,36.0,20156.331025,2311.0,8850.36567084,,6080.0,21324.07078128,10889.99715365,,0.8127059673173214,0.43908614419275244
2025-01-01,Республика Алтай,40.0,5422.176919,589.0,2567.39069571,,608.0,2262.869521,2507.7801872399996,,1.0237702286561272,0.4734981418097102
2025-01-01,Кемеровская область,114.0,60851.91718,5980.0,24954.771424349998,,11988.0,37970.66135829,22130.437255110002,,1.1276221584183947,0.4100901431015521
2025-01-01,Томская область,56.0,24757.996156389996,1943.0,9895.82234408,,5824.0,26401.71920968,10566.77291299,,0.9365037391798982,0.39970207126500035
2025-01-01,Омская область,74.0,56547.46213064,5163.0,26195.05761111,,3703.0,15953.44830792,22084.98665159,,1.186102487828495,0.4632401990135703
2025-01-01,Республика Тыва,21.0,12279.590201,2809.0,14659.979339489999,,781.0,4056.6464184,5217.6819958999995,,2.809672830005673,1.1938492327126804
2025-01-01,Тюменская область,505.0,581542.54752083,36638.0,147955.47570881,,84169.0,330544.79711015004,200497.81500979,,0.7379405890362724,0.25441900397409956
2025-01-01,Свердловская область,546.0,651443.9745500401,46672.0,211119.35038736,,95071.0,422846.57417718,241148.58779945,,0.8754741311731683,0.3240790591902897
2025-01-01,Ханты-Мансийский автономный округ - Югра,94.0,82002.50623741999,5873.0,30588.4860037,,12320.0,56965.91094719,39760.64448761,,0.769315648624152,0.37301891621626604
2025-01-01,Челябинская область,179.0,134371.84839958997,8264.0,36365.214849410004,,35819.0,122264.11981768,57619.12529347,,0.6311309771571851,0.2706312020153841
2025-01-01,Курганская область,60.0,24511.88424414,2665.0,9231.91510334,,7714.0,22376.93740618,13220.47862136,,0.6983041512902735,0.3766301689168205
2025-01-01,Ямало-Ненецкий автономный округ,34.0,23666.155033,1887.0,12761.55792392,,2330.0,15114.93845293,9558.78155034,,1.3350611536327117,0.5392324146497532
2025-01-01,Ростовская область,207.0,316650.88580392004,26940.0,116126.93612801,,74076.0,272222.76529109,133589.40978805,,0.8692825001042704,0.36673491638333633
2025-01-01,Краснодарский край,359.0,1205578.2090603495,66199.0,337063.84289675,,123486.0,615465.7476529,645294.26594362,,0.5223412955697946,0.27958687405229726
2025-01-01,Республика Крым,137.0,225115.05568220004,17851.0,96676.03340344,,12129.0,51387.58339801,101415.78612627,,0.953264152417764,0.42945165577872196
2025-01-01,Волгоградская область,109.0,70181.99786387,7093.0,25439.06608599,,21974.0,71849.19510734,24794.69105615,,1.0259884274573436,0.36247281155109645
2025-01-01,г. Севастополь,15.0,10525.284934899999,1117.0,6314.46385672,,3694.0,17708.96653301,4534.61959462,,1.3925013388579843,0.5999328185199382
2025-01-01,Республика Калмыкия,10.0,1819.203687,617.0,1587.8417517999999,,937.0,2562.63548362,956.46093761,,1.660121902905613,0.8728224129857978
2025-01-01,Астраханская область,103.0,50686.908843260004,8377.0,32147.21042578,,3938.0,18142.82300664,30452.23941957,,1.0556599789873164,0.6342310304459357
2025-01-01,Республика Адыгея (Адыгея),55.0,59242.384151,3623.0,14725.53303152,,6196.0,21623.78724524,15138.41667855,,0.9727261010317529,0.2485641528873452
2026-01-01,Белгородская область,37.0,15648.70758,2478.0,11571.790637229999,,8571.0,36581.5045373,9049.92880344,,1.2786609583968667,0.739472609994927
2026-01-01,Брянская область,23.0,10048.449575,2184.0,8669.50143686,,12639.0,46779.598452510014,4944.668604559999,,1.753302825767725,0.8627700594158577
2026-01-01,Владимирская область,51.0,26501.702111,3820.0,14822.200726319998,,10696.0,38873.96966581,16449.841037629998,,0.901054344076233,0.5592924056061962
2026-01-01,Воронежская область,187.0,137842.47873757,10566.0,41885.82446652001,,59059.0,226677.67100618998,52839.48464669999,,0.7926993373720561,0.3038673190596341
2026-01-01,Ивановская область,52.0,14769.865079999998,1398.0,5609.8956466,,7042.0,23523.102780899997,5431.106642600001,,1.0329194427149766,0.37982037183240136
2026-01-01,Калужская область,47.0,31923.487103,2542.0,10848.733256180003,,12482.0,49600.55073131001,16410.957991540003,,0.661066420483961,0.3398354703913438
2026-01-01,Костромская область,28.0,7886.99008729,997.0,4344.65033944,,6425.0,26634.18754384,3576.13898285,,1.2148997453050707,0.5508629136533932
2026-01-01,Курская область,24.0,17837.31117345,2279.0,10911.21892149,,8280.0,33819.144695769995,7942.37643105,,1.3737977564036854,0.6117076063420834
2026-01-01,Липецкая область,78.0,56890.20238026,3712.0,15655.332983690003,,7514.0,29683.811183600006,27254.276058400003,,0.5744174950801856,0.2751850464346767
2026-01-01,Московская область,851.0,2253755.576900911,88566.0,517150.85468736006,,247198.0,1465102.6183456297,771866.6502177506,,0.6700002578702774,0.22946181919091804
2026-01-01,Орловская область,30.0,18583.87828494,1129.0,4459.16964922,,10471.0,35449.23537893001,8186.004069999999,,0.5447309347868429,0.2399482810234299
2026-01-01,Рязанская область,75.0,67743.213167,14300.0,44483.952368289996,,17197.0,52588.49856428002,46908.03719413,,0.9483226122677468,0.6566554830906608
2026-01-01,Смоленская область,40.0,10215.45501137,1925.0,7347.201444970001,,10421.0,32447.67645,5619.153602600002,,1.307528137613185,0.7192241008151299
2026-01-01,Тамбовская область,22.0,9653.98481355,2176.0,7523.7543245900015,,6925.0,23665.478573079996,5343.68570849,,1.4079709651778973,0.7793418437980055
2026-01-01,Тверская область,52.0,25318.344932,2306.0,9121.03347043,,14288.0,48801.74131194,13621.325294269998,,0.6696142462926784,0.36025393819885415
2026-01-01,Тульская область,114.0,129105.31344666,11768.0,49377.786175040004,,21359.0,93441.01608504995,50937.148496339985,,0.9693865407206289,0.38246130121856287
2026-01-01,Ярославская область,102.0,75855.93677247001,5420.0,22051.27451004001,,17351.0,63857.79555305998,21960.208993919994,,1.0041468419606219,0.2906993895043817
2026-01-01,г. Москва,1538.0,8817226.554677363,237498.0,3236490.7923756093,,401107.0,4577428.638033063,4245343.959991962,,0.7623624429201109,0.367064492707031
2026-01-01,Республика Карелия,17.0,8624.767656,1404.0,7567.32838668,,10259.0,37726.840567010004,3278.0672426999995,,2.3084725926632075,0.8773950428004434
2026-01-01,Республика Коми,4.0,1929.2575,428.0,1100.6986713400001,,5552.0,19206.365904369995,,,,0.5705296837462082
2026-01-01,Архангельская область,82.0,36178.54328428,6284.0,26906.75544903,,12893.0,55030.34064431001,21620.76377785,,1.2444868148735515,0.7437213609626261
2026-01-01,Вологодская область,58.0,21394.069738,4790.0,14643.408500460006,,13709.0,55590.46054203,12530.96133488,,1.1685782207068183,0.6844610997247749
2026-01-01,Калининградская область,212.0,134224.5300484,11288.0,46545.953588440025,,35947.0,147351.55979002002,63858.980023499964,,0.728886580576627,0.3467768042969197
2026-01-01,Ленинградская область,376.0,533167.5891434799,28229.0,113442.11332192003,,83398.0,439489.8530959401,247665.70745578996,,0.4580453002043903,0.2127700851136917
2026-01-01,Мурманская область,24.0,21609.861990999998,767.0,3758.9678932600004,,0.0,0.0,2822.85465751,,1.3316193532173324,0.17394687179517956
2026-01-01,Новгородская область,8.0,5506.060884,1086.0,5097.843455900001,,5180.0,19486.576584739996,,,,0.9258603497672475
2026-01-01,Псковская область,37.0,12171.916296,1559.0,5088.697283279999,,6936.0,21906.334138710004,5106.18022321,,0.9965761216475415,0.4180687050035231
2026-01-01,г. Санкт-Петербург,446.0,1357870.6307610697,69968.0,437111.44425111,,174296.0,1304066.8444917337,624129.7300452295,,0.7003535053833012,0.321909491485293
2026-01-01,Ненецкий автономный округ,0.0,0.0,1.0,0.0,,0.0,0.0,,,,
2026-01-01,Республика Башкортостан,278.0,276206.65456481004,24151.0,117772.86201455997,,56165.0,245139.00501732994,151304.50826826005,,0.7783830327497638,0.4263940063287844
2026-01-01,Республика Марий Эл,40.0,19750.56029621,2899.0,11412.238136070002,,10009.0,34330.75266115999,10267.012245369999,,1.1115442217590081,0.5778184499535406
2026-01-01,Республика Мордовия,22.0,8474.36450818,934.0,4681.385549040001,,6129.0,24406.255738390002,3503.71908376,,1.3361189744744586,0.5524172986093797
2026-01-01,Республика Татарстан (Татарстан),559.0,735330.27346365,33165.0,212482.61002951002,,75932.0,412000.99029330973,273500.09197309,,0.7769014207513188,0.2889621408195889
2026-01-01,Удмуртская Республика,115.0,79229.30431742,8484.0,33259.58158587,,46854.0,168531.3726931799,33682.79466190001,,0.987435333668773,0.4197888883716637
2026-01-01,Чувашская Республика - Чувашия,73.0,39294.01300515,6243.0,28924.4978758,,32579.0,117490.15686699,23050.18403030999,,1.2548488913479192,0.7361044511287015
2026-01-01,Пермский край,347.0,273619.48355386994,13428.0,65488.18453980998,,54144.0,232697.55951070003,87041.19965619002,,0.7523814561206215,0.23934035577154628
2026-01-01,Кировская область,50.0,18500.83495355,2856.0,12143.601877520003,,17347.0,70695.80798351999,9719.49656644,,1.249406468175531,0.6563812880882898
2026-01-01,Нижегородская область,331.0,266460.10690676,12553.0,76757.64893964998,,48418.0,256198.14233867993,84528.76914874002,,0.9080653807295398,0.2880643178849624
2026-01-01,Оренбургская область,81.0,38997.56588439,4288.0,17313.07437116,,24704.0,71379.22517097,13063.68976916,,1.3252821122583376,0.4439526923932989
2026-01-01,Пензенская область,162.0,112459.54030828,9404.0,32437.80169812,,31867.0,114698.64652126005,60795.345521540024,,0.5335573212035971,0.28843975005766337
2026-01-01,Самарская область,151.0,163187.60799801,11036.0,63468.081751620004,,38368.0,164011.39874763004,76403.20223522,,0.8306992363516771,0.388927091525197
2026-01-01,Саратовская область,36.0,18325.63981175,2130.0,9046.958122230008,,20856.0,63151.85811842002,8049.68396343,,1.123889852487459,0.493677613178302
2026-01-01,Ульяновская область,67.0,29095.70796138,3686.0,14515.024326870003,,20668.0,75131.22186488999,17281.512430280003,,0.8399163201385854,0.4988716667811083
2026-01-01,Курганская область,52.0,24542.168611049998,1977.0,7352.223809599999,,10483.0,34124.16399054,14553.96173019,,0.5051699287039432,0.2995751486398677
2026-01-01,Свердловская область,629.0,716372.4464415101,51192.0,240718.2839936399,,124900.0,587733.9554561301,315717.28360216017,,0.7624488632588529,0.33602392887858495
2026-01-01,Тюменская область,533.0,628022.62111643,31441.0,133611.34868866001,,114914.0,478827.90712110995,240276.5801698199,,0.5560731245393443,0.21274926124657795
2026-01-01,Челябинская область,179.0,145734.03808061001,10263.0,50055.11226506999,,43322.0,157463.77299630005,80920.47535779997,,0.6185716537593863,0.34346891724349915
2026-01-01,Ханты-Мансийский автономный округ - Югра,94.0,81985.58608756002,4010.0,20371.385652370005,,16378.0,80281.27406112001,41969.1585256,,0.4853894232819568,0.24847520917412863
2026-01-01,Ямало-Ненецкий автономный округ,44.0,25540.1465195,1878.0,14956.27022881,,3509.0,23228.67402241,16492.124189860002,,0.9068734904388907,0.5855984505566886
2026-01-01,Республика Дагестан,41.0,52445.724778200005,2610.0,10882.262192380003,,240.0,352.51716632,15768.167222420001,,0.6901412217969782,0.20749569652059435
2026-01-01,Республика Ингушетия,1.0,551.3850975700001,14.0,5.793731810000007,,40.0,95.09663982,,,,0.010507595935279107
2026-01-01,Кабардино-Балкарская Республика,14.0,8316.02148525,1824.0,6265.83222406,,675.0,2679.10738763,3746.0260087499996,,1.6726611639706226,0.7534651317548435
2026-01-01,Карачаево-Черкесская Республика,44.0,82571.65405685,1270.0,7623.3942353799985,,90.0,512.5146367799999,15679.03528456,,0.48621577138021815,0.09232459156178881
2026-01-01,Республика Северная Осетия - Алания,26.0,16407.445627,2103.0,9441.995640710003,,3402.0,13886.348864239999,8855.436341269999,,1.066237199030656,0.5754701770988842
2026-01-01,Чеченская Республика,4.0,6441.1194182,256.0,3255.80493157,,46.0,532.486188,,,,0.5054719094898957
2026-01-01,Ставропольский край,195.0,204180.57602731997,15748.0,54877.79306384003,,52999.0,189132.17754086998,72824.76333333002,,0.753559511242845,0.2687708798338252
2026-01-01,Республика Адыгея (Адыгея),61.0,91805.77830253,5625.0,27697.03245554,,8807.0,34151.84370294,47599.335868099995,,0.5818785483118879,0.30169160337892065
2026-01-01,Республика Калмыкия,12.0,3273.82128,519.0,1690.4663147200001,,1262.0,3640.186586529999,1535.618627,,1.1008373335653736,0.5163587655340796
2026-01-01,Республика Крым,208.0,421525.97770606,24063.0,138202.55839097008,,20453.0,108119.85873891001,166859.78138816005,,0.8282556601789758,0.32786249412922774
2026-01-01,Краснодарский край,367.0,1495431.6302246638,66149.0,338730.7761804699,,165835.0,870586.8248333001,822615.8349816302,,0.4117727398087761,0.22651037288116022
2026-01-01,Астраханская область,125.0,67023.8614039,8909.0,38665.48763096,,6654.0,30950.903997849993,49675.13448644,,0.7783670448142351,0.5768913760123962
2026-01-01,Волгоградская область,121.0,69148.97350919999,6614.0,27718.75441957,,28770.0,103905.38098249,29383.10614901,,0.9433568486258871,0.4008556166908556
2026-01-01,Ростовская область,193.0,451727.46447183,29566.0,136155.32586787,,97620.0,391022.8634479998,227234.59195492,,0.5991839741322537,0.30141033383273674
2026-01-01,г. Севастополь,18.0,14276.115231709999,1629.0,9136.880786529999,,3833.0,18645.49190261,7282.32368585,,1.254665568393165,0.640011700538479
2026-01-01,Республика Алтай,100.0,21480.377260639998,995.0,4780.703713479999,,1011.0,4044.794156,6946.5357859900005,,0.6882140768815844,0.22256144086631188
2026-01-01,Республика Тыва,30.0,16957.44796939,2124.0,12289.669353550002,,2510.0,13170.53253151,7404.24061863,,1.6598149609870387,0.724735784283942
2026-01-01,Республика Хакасия,32.0,21999.18,1912.0,8705.682800980001,,8561.0,33569.78172880999,11523.28201536,,0.755486396095811,0.3957276044370745
2026-01-01,Алтайский край,132.0,67704.70679555001,10350.0,48323.208656070005,,31070.0,109930.44047080001,40928.189359359996,,1.1806827864233094,0.7137348486271876
2026-01-01,Красноярский край,177.0,204706.22160277006,8704.0,43151.56359277001,,44627.0,220556.71670561002,70953.6425345,,0.60816558602736,0.21079751878037736
2026-01-01,Иркутская область,110.0,92590.60019393,6941.0,35130.04828162,,24008.0,111941.70394696,48311.158376739986,,0.7271622014870545,0.37941268560783165
2026-01-01,Кемеровская область,140.0,90581.22847226003,3328.0,15304.66105903,,17697.0,64678.69661046001,19561.53947732,,0.7823853064721465,0.16896062591728886
2026-01-01,Новосибирская область,632.0,463420.82397210004,30311.0,140881.51923208003,,105532.0,454522.13377026,190264.67757214993,,0.7404502035258573,0.30400342829773597
2026-01-01,Омская область,89.0,90643.61178672001,4592.0,23214.82463573,,7411.0,38101.70205375,23042.871221749992,,1.0074623258675206,0.2561109843058036
2026-01-01,Томская область,80.0,40145.50353931001,2872.0,15517.619860200002,,6851.0,31479.307455960003,18191.14893100999,,0.8530313241373946,0.3865344432659894
2026-01-01,Республика Бурятия,53.0,34632.81561758999,8247.0,37951.25234443999,,7969.0,38081.31267889,22930.855708850002,,1.6550299224024585,1.0958176997068805
2026-01-01,Республика Саха (Якутия),137.0,179436.46994687,6372.0,40774.688884510004,,9543.0,58850.692584009994,37330.63151221001,,1.0922582135041974,0.22723746681253332
2026-01-01,Забайкальский край,52.0,46223.36719669,3629.0,26550.57680445999,,4963.0,33311.96780948,27795.114862029997,,0.9552245758383201,0.5743972889617017
2026-01-01,Камчатский край,11.0,18698.73879673,465.0,9687.06904727,,205.0,3861.34576996,7813.458533249998,,1.2397927250841474,0.5180600227949095
2026-01-01,Приморский край,399.0,483230.46900428,24514.0,129176.56186695007,,41471.0,221408.59824401,215210.97155338005,,0.6002322322814738,0.26731874364860453
2026-01-01,Хабаровский край,235.0,229666.5636198599,12902.0,85417.55470676003,,19143.0,113282.36796512999,94639.08688708003,,0.9025610613580538,0.3719198535496951
2026-01-01,Амурская область,134.0,74556.10797924001,1804.0,26299.271795309996,,6830.0,42265.936610109995,21020.855531009995,,1.2511037791260815,0.3527446980284026
2026-01-01,Магаданская область,3.0,6039.51911174,24.0,5541.9288,,12.0,1755.2442355,,,,0.917610938464827
2026-01-01,Сахалинская область,27.0,37840.405472419996,1498.0,12651.600774020002,,5797.0,50581.51507622,17298.706342920002,,0.7313610927442581,0.3343410467216354
2026-01-01,Еврейская автономная область,3.0,1591.6902848,4.0,1816.842095,,11.0,192.87419580000002,,,,1.141454535690837
2026-01-01,Чукотский автономный округ,8.0,3291.2889058,1.0,471.57,,1.0,396.5475,,,,0.14327821516032407
2022-02-01,г. Москва,595.0,3213795.53438924,138304.0,1400357.85122278,,34021.0,300008.19680804,,,,0.43573333656053775
2022-02-01,Московская область,400.0,1012122.8986714,69539.0,313994.28446642,,20777.0,93282.50638087,,,,0.3102333569160386
2022-02-01,Воронежская область,93.0,44973.83932683,11008.0,29654.80727699,,12276.0,30773.89045639,,,,0.6593790461491434
2022-02-01,Калужская область,19.0,9762.82417178,2467.0,7353.5628166,,2620.0,7288.84799694,,,,0.7532208597852139
2022-02-01,Орловская область,28.0,10453.295509,2225.0,6076.45304712,,2730.0,7036.33506338,,,,0.581295443325824
2022-02-01,Тверская область,30.0,11682.98466431,3244.0,6899.11042903,,3671.0,8749.76200183,,,,0.5905263618213833
2022-02-01,Владимирская область,48.0,8990.45435434,3208.0,8016.16890147,,950.0,2107.39487994,,,,0.8916311218020168
2022-02-01,Белгородская область,21.0,7113.4277376,1891.0,6132.08973268,,1407.0,4426.04563386,,,,0.8620442856637364
2022-02-01,Тульская область,77.0,62855.14950503,5708.0,15894.52504355,,888.0,3432.54355304,,,,0.252875463167549
2022-02-01,Ярославская область,40.0,13055.10216882,3606.0,10368.25918485,,2469.0,6368.42091392,,,,0.7941921136100267
2022-02-01,Смоленская область,17.0,5045.43291383,2546.0,4996.43798533,,1872.0,4152.94503329,,,,0.9902892518170838
2022-02-01,Брянская область,19.0,6072.86622217,1999.0,5800.35753069,,2421.0,7162.38988893,,,,0.9551268410153411
2022-02-01,Тамбовская область,8.0,2366.339,1223.0,2693.02351804,,1719.0,3263.84094478,,,,1.1380548256357184
2022-02-01,Ивановская область,19.0,2631.38804955,1270.0,3051.43351205,,701.0,1723.79382863,,,,1.1596288554140972
2022-02-01,Липецкая область,22.0,17100.46394187,1206.0,3026.35194924,,1425.0,3962.62509935,,,,0.17697484463155783
2022-02-01,Курская область,14.0,4209.455411,817.0,2085.04580013,,1801.0,4965.94327207,,,,0.495324358272434
2022-02-01,Рязанская область,29.0,10988.38794688,4755.0,8818.6934393,,100.0,190.311017,,,,0.8025466048278669
2022-02-01,Костромская область,18.0,3411.3474016,1016.0,2677.4440237,,1010.0,2890.25736045,,,,0.7848640752461087
2022-02-01,Приморский край,190.0,164247.53220469,9627.0,39176.83663304,,4154.0,19415.66372542,,,,0.23852313704303757
2022-02-01,Сахалинская область,25.0,33604.904358,1432.0,8292.57239893,,713.0,4779.18087501,,,,0.24676673114696326
2022-02-01,Хабаровский край,48.0,30757.6881226,3014.0,14076.76099402,,1658.0,8073.80215329,,,,0.4576664194626754
2022-02-01,Амурская область,17.0,4307.024584,1261.0,5225.99848232,,274.0,1250.56767451,,,,1.2133662997266979
2022-02-01,Республика Саха (Якутия),16.0,9728.1926529,1660.0,7501.56743189,,867.0,3755.85494231,,,,0.7711162493943583
2022-02-01,Республика Бурятия,10.0,4671.302331,1177.0,2871.07846098,,526.0,1458.25130294,,,,0.614620561363961
2022-02-01,Еврейская автономная область,0.0,0.0,0.0,0.0,,0.0,0.0,,,,
2022-02-01,Забайкальский край,6.0,1593.97993552,328.0,1088.05508714,,366.0,1132.47679629,,,,0.6826027498175795
2022-02-01,Камчатский край,0.0,0.0,0.0,0.0,,0.0,0.0,,,,
2022-02-01,Магаданская область,1.0,129.659,3.0,22.36655217,,0.0,0.0,,,,0.17250288965671493
2022-02-01,Чукотский автономный округ,0.0,0.0,0.0,0.0,,0.0,0.0,,,,
2022-02-01,Республика Татарстан (Татарстан),194.0,168334.67837326,15592.0,62322.72973453,,14280.0,52489.72850985,,,,0.37023107975611275
2022-02-01,Нижегородская область,140.0,92662.843936,13236.0,54161.25075134,,8187.0,30784.72477364,,,,0.5844980409704225
2022-02-01,Пермский край,102.0,56061.46437029,13888.0,42990.12914759,,8321.0,25143.53180548,,,,0.7668392117558169
2022-02-01,Чувашская Республика - Чувашия,56.0,16692.24010755,5360.0,16016.91554239,,9876.0,22911.06817819,,,,0.9595426041796185
2022-02-01,Самарская область,72.0,51241.67040866,9796.0,27806.16529661,,4823.0,14163.09879088,,,,0.5426475186084229
2022-02-01,Удмуртская Республика,80.0,43903.94510913,9289.0,23434.06977813,,7839.0,20516.89459156,,,,0.5337577231358371
2022-02-01,Республика Башкортостан,115.0,84609.37191581,10865.0,32638.43207906,,6770.0,17896.36786282,,,,0.3857543359562657
2022-02-01,Кировская область,21.0,5014.163012,1690.0,4150.3224307,,4168.0,9344.03923407,,,,0.8277198848077658
2022-02-01,Пензенская область,71.0,35971.92332615,9473.0,25501.32847556,,3891.0,9630.23687414,,,,0.7089231299740278
2022-02-01,Ульяновская область,56.0,14108.80214762,4460.0,10273.3338065,,3648.0,8614.75024579,,,,0.7281506749481919
2022-02-01,Оренбургская область,18.0,4780.62484814,1880.0,3906.07768794,,7608.0,15289.96290518,,,,0.8170642566650549
2022-02-01,Саратовская область,28.0,7590.0262,3522.0,7789.68491318,,6058.0,11491.79108656,,,,1.0263054050037403
2022-02-01,Республика Марий Эл,19.0,3159.445,1023.0,2090.52158074,,2245.0,5097.89031548,,,,0.6616736739332383
2022-02-01,Республика Мордовия,12.0,2799.530499,1034.0,2735.14016091,,907.0,2560.41291312,,,,0.9769995939987078
2022-02-01,г. Санкт-Петербург,249.0,515924.29239389,48604.0,259438.31121262,,5002.0,31351.0381593,,,,0.5028612047105314
2022-02-01,Ленинградская область,142.0,149615.52378389,22097.0,77983.16687874,,7695.0,32713.50892578,,,,0.5212237668023116
2022-02-01,Вологодская область,53.0,7119.902603,2807.0,8029.08342731,,2420.0,7103.50904714,,,,1.127695682793036
2022-02-01,Республика Карелия,11.0,3654.6495122,1925.0,5424.31660194,,1716.0,3900.61510233,,,,1.484223475830575
2022-02-01,Калининградская область,99.0,45242.03232656,8886.0,27787.85815357,,6241.0,16669.38448353,,,,0.6142044626332298
2022-02-01,Архангельская область,29.0,5498.04049218,2455.0,7570.10937436,,624.0,1895.89270882,,,,1.3768740672476232
2022-02-01,Новгородская область,4.0,861.540636,481.0,1394.59270573,,1098.0,2922.35516164,,,,1.6187195907611258
2022-02-01,Псковская область,13.0,3113.666974,1758.0,3326.95671264,,361.0,686.39454717,,,,1.0685011404305693
2022-02-01,Мурманская область,0.0,0.0,0.0,0.0,,0.0,0.0,,,,
2022-02-01,Ненецкий автономный округ,0.0,0.0,0.0,0.0,,0.0,0.0,,,,
2022-02-01,Республика Коми,6.0,1542.77304339,900.0,2427.11932003,,1484.0,3867.15790103,,,,1.5732186470517975
2022-02-01,Ставропольский край,43.0,18871.59607832,7725.0,16870.27337578,,7542.0,17475.71169766,,,,0.8939505331592409
2022-02-01,Республика Северная Осетия - Алания,4.0,878.54257635,592.0,1200.63877856,,362.0,942.28413145,,,,1.3666256034490478
2022-02-01,Республика Ингушетия,0.0,0.0,0.0,0.0,,12.0,20.403304,,,,
2022-02-01,Чеченская Республика,0.0,0.0,0.0,0.0,,0.0,0.0,,,,
2022-02-01,Кабардино-Балкарская Республика,1.0,131.39,37.0,37.16811168,,38.0,99.79161983,,,,0.2828838700053277
2022-02-01,Карачаево-Черкесская Республика,0.0,0.0,0.0,0.0,,0.0,0.0,,,,
2022-02-01,Республика Дагестан,0.0,0.0,270.0,1.355,,0.0,0.0,,,,inf
2022-02-01,Новосибирская область,219.0,137975.5905669,19356.0,60791.28403576,,17876.0,55099.53353251,,,,0.44059448331394696
2022-02-01,Красноярский край,139.0,130800.18564323,7510.0,26811.69155255,,6021.0,21245.02737971,,,,0.20498206039004754
2022-02-01,Иркутская область,56.0,25000.90040746,3825.0,11890.31017982,,2882.0,10308.61624757,,,,0.4755952780113495
2022-02-01,Алтайский край,51.0,21975.60151809,7739.0,19568.09243368,,6821.0,15937.16431421,,,,0.8904462714056691
2022-02-01,Республика Хакасия,18.0,5436.09517,1105.0,2738.16744838,,1226.0,3698.59838263,,,,0.5037011609897919
2022-02-01,Республика Алтай,3.0,564.449,62.0,129.830399,,36.0,72.06458,,,,0.23001263001617508
2022-02-01,Кемеровская область,30.0,8078.02372479,4124.0,9497.43041475,,812.0,1700.49416898,,,,1.1757121219641997
2022-02-01,Томская область,9.0,7934.245574,847.0,2882.64448072,,800.0,2688.406637,,,,0.36331677080505753
2022-02-01,Омская область,17.0,5991.418143,1592.0,4618.57915305,,0.0,0.0,,,,0.77086576880735
2022-02-01,Республика Тыва,0.0,0.0,2.0,3.1783,,0.0,0.0,,,,inf
2022-02-01,Тюменская область,193.0,162507.57766656,21509.0,66156.09669113,,16766.0,52290.68707387,,,,0.4070954575845805
2022-02-01,Свердловская область,198.0,178031.728812331,23418.0,83886.20313304,,17804.0,61869.58458398,,,,0.471186814241787
2022-02-01,Ханты-Мансийский автономный округ - Югра,40.0,28588.52191741,3447.0,14062.68905952,,3556.0,14153.14668765,,,,0.49189982959405903
2022-02-01,Челябинская область,86.0,32369.29441211,5579.0,12974.21332178,,10158.0,23021.04246528,,,,0.4008185398358911
2022-02-01,Курганская область,23.0,5522.82577959,1496.0,3692.71207124,,1989.0,4571.19413018,,,,0.6686272967158738
2022-02-01,Ямало-Ненецкий автономный округ,7.0,3247.31575971,812.0,2661.53754339,,564.0,2822.47116232,,,,0.8196115623901284
2022-02-01,Ростовская область,118.0,95044.2488263,19113.0,49692.37245311,,16175.0,40560.91544177,,,,0.5228340806178213
2022-02-01,Краснодарский край,248.0,309199.487624,31781.0,98738.32019023,,18211.0,49595.67627033,,,,0.3193353292690449
2022-02-01,Республика Крым,50.0,41716.39522389,5604.0,19609.41831226,,2526.0,7608.72813827,,,,0.47006502376384973
2022-02-01,Волгоградская область,40.0,19533.30769858,3430.0,8897.13191295,,4038.0,8716.13438118,,,,0.45548516668258854
2022-02-01,г. Севастополь,6.0,4270.386,1206.0,4958.6723457,,601.0,2362.27096451,,,,1.161176611599045
2022-02-01,Республика Калмыкия,5.0,632.46783196,303.0,517.03737104,,278.0,613.44746412,,,,0.8174919654612564
2022-02-01,Астраханская область,16.0,5889.43850135,1168.0,4308.96338662,,437.0,1477.34774569,,,,0.7316424792672991
2022-02-01,Республика Адыгея (Адыгея),4.0,2952.557,589.0,1478.59801232,,1587.0,3332.57989028,,,,0.5007855944254421
2023-02-01,г. Москва,897.0,5533469.278405269,153891.0,1761026.68663586,,111802.0,1015994.8893784699,,,,0.3182500160447955
2023-02-01,Московская область,517.0,1455390.56543006,80601.0,428328.51125269,,62751.0,310983.1853871202,,,,0.2943048563229632
2023-02-01,Воронежская область,116.0,64678.46770224999,9543.0,30740.83027618,,22583.0,63906.15915763,,,,0.4752869288384612
2023-02-01,Калужская область,33.0,19542.037748,1728.0,6949.17581977,,5349.0,16217.16706898,,,,0.3556013916962781
2023-02-01,Орловская область,28.0,10436.57032479,1760.0,5787.19465657,,4795.0,13363.68927903,,,,0.5545111541886196
2023-02-01,Тверская область,42.0,16782.5806649,2629.0,8145.85165162,,5854.0,14970.30554519,,,,0.48537539096455384
2023-02-01,Владимирская область,61.0,17134.908307,2721.0,7912.3855275,,2954.0,8069.62090167,,,,0.4617699368877048
2023-02-01,Белгородская область,25.0,9782.130666430001,1551.0,5877.13464158,,2976.0,10511.48817618,,,,0.6008031217318492
2023-02-01,Тульская область,99.0,76052.84973701999,6236.0,21943.4971041,,4024.0,15161.975229159998,,,,0.2885295840981306
2023-02-01,Ярославская область,53.0,21741.32765322,4048.0,13861.90997541,,4914.0,13884.54790976,,,,0.6375834170070558
2023-02-01,Смоленская область,16.0,6161.89877007,1814.0,3838.4229431599997,,4237.0,9885.943789920002,,,,0.6229285949656058
2023-02-01,Брянская область,18.0,8930.92398681,1634.0,5267.4369287,,4204.0,12717.596092209997,,,,0.589797532313502
2023-02-01,Тамбовская область,19.0,4650.99467,1127.0,3189.23429838,,2741.0,5883.916081099999,,,,0.6857101597968505
2023-02-01,Ивановская область,21.0,4642.058751,1408.0,4388.640761430001,,1853.0,4591.71053563,,,,0.9454082761198558
2023-02-01,Липецкая область,24.0,21001.553232789996,1053.0,3447.20028788,,2551.0,7944.24328028,,,,0.16414025427880455
2023-02-01,Курская область,18.0,7551.807,905.0,3205.1616820100003,,2764.0,8258.924997350001,,,,0.4244231456140233
2023-02-01,Рязанская область,42.0,22499.826485,5686.0,13876.86259527,,2617.0,6072.56194543,,,,0.6167542049500387
2023-02-01,Костромская область,17.0,3795.59783139,696.0,2583.86375007,,2232.0,6984.58674335,,,,0.6807527733052144
2023-02-01,Приморский край,286.0,307594.61179556,11311.0,53444.495857580005,,11182.0,52228.376535029995,,,,0.17374977911869735
2023-02-01,Сахалинская область,28.0,61074.607455,1910.0,12177.43102649,,1303.0,8780.626593620002,,,,0.19938615300085846
2023-02-01,Хабаровский край,61.0,40496.514980520005,3700.0,19403.23241448,,4185.0,20548.034902870004,,,,0.4791333877449335
2023-02-01,Амурская область,21.0,8876.401718,829.0,4426.76393275,,1738.0,8109.99079659,,,,0.49871153575363686
2023-02-01,Республика Саха (Якутия),25.0,32388.935096669997,2293.0,10995.86031481,,2500.0,12204.390119040001,,,,0.3394943452753566
2023-02-01,Республика Бурятия,14.0,9230.163072,1377.0,4501.9592082399995,,2028.0,6265.94744645,,,,0.4877442763602779
2023-02-01,Еврейская автономная область,1.0,149.983,11.0,192.87419580000002,,0.0,0.0,,,,1.285973715687778
2023-02-01,Забайкальский край,18.0,7642.833484,465.0,2061.6098629000003,,968.0,4088.26552381,,,,0.26974418155464297
2023-02-01,Камчатский край,0.0,0.0,0.0,0.0,,0.0,0.0,,,,
2023-02-01,Магаданская область,1.0,129.659,11.0,65.4138255,,0.0,0.0,,,,0.5045066327829152
2023-02-01,Чукотский автономный округ,0.0,0.0,0.0,0.0,,0.0,0.0,,,,
2023-02-01,Республика Татарстан (Татарстан),301.0,314413.68242594996,14890.0,74714.92618341,,29287.0,117968.34468641995,,,,0.23763255341474113
2023-02-01,Нижегородская область,189.0,115297.04785647,10860.0,51148.54448466,,16247.0,68107.01683165999,,,,0.44362406007422983
2023-02-01,Пермский край,135.0,86133.14708169,10066.0,39259.42371272,,20311.0,66047.26634181,,,,0.45579924852258985
2023-02-01,Чувашская Республика - Чувашия,62.0,25563.756145960004,5257.0,17460.27808519,,15059.0,39317.57466126999,,,,0.6830091002862798
2023-02-01,Самарская область,95.0,94360.75174604,8391.0,34755.4612471,,11988.0,39244.28601205,,,,0.36832539592986624
2023-02-01,Удмуртская Республика,99.0,62577.752124130006,8870.0,27823.169803549998,,16382.0,46654.723573660005,,,,0.444617597454757
2023-02-01,Республика Башкортостан,150.0,136692.4155846,11217.0,41366.08338687,,15478.0,48092.12815547001,,,,0.3026216429781959
2023-02-01,Кировская область,32.0,8776.099468,1635.0,6546.995267189999,,6556.0,17454.856500669997,,,,0.7460028559455246
2023-02-01,Пензенская область,102.0,58986.98077441,9304.0,30106.97209494,,9511.0,26145.939776959996,,,,0.5104002900246954
2023-02-01,Ульяновская область,61.0,20460.44482501,3180.0,9358.527386290001,,8231.0,22993.656553469995,,,,0.45739608626937206
2023-02-01,Оренбургская область,21.0,6987.311111970001,1745.0,4279.68341805,,11523.0,25802.108642389998,,,,0.6124936115580214
2023-02-01,Саратовская область,37.0,11658.21464,2860.0,6026.94693367,,9568.0,20477.68909619,,,,0.5169699752302725
2023-02-01,Республика Марий Эл,37.0,5732.483345,1498.0,3309.8989589099997,,3779.0,9492.73487264,,,,0.5773935587265103
2023-02-01,Республика Мордовия,20.0,5819.373499,694.0,2444.33126831,,2052.0,5940.45071062,,,,0.4200334054396119
2023-02-01,г. Санкт-Петербург,399.0,1039406.7923312898,51883.0,338678.68005983,,40657.0,258170.86763118993,,,,0.3258384326123232
2023-02-01,Ленинградская область,232.0,298252.90209178004,26032.0,120928.5270591,,21711.0,93332.55609021996,,,,0.40545632988304403
2023-02-01,Вологодская область,46.0,8134.380272570001,2145.0,5796.36616613,,5711.0,18117.51605148,,,,0.7125762469792525
2023-02-01,Республика Карелия,15.0,7832.370018,1727.0,6360.83642234,,3238.0,8337.77569333,,,,0.8121215427414452
2023-02-01,Калининградская область,100.0,59438.4318249,6687.0,24402.93807005,,12290.0,37432.14932862999,,,,0.4105582418785669
2023-02-01,Архангельская область,39.0,12618.16537447,3662.0,13754.40938807,,2410.0,8429.43725113,,,,1.0900482740461568
2023-02-01,Новгородская область,3.0,680.808,360.0,1374.16358733,,1991.0,5572.73311136,,,,2.0184304346159267
2023-02-01,Псковская область,21.0,5893.3739352,1197.0,2746.2087228,,1765.0,3922.61669878,,,,0.465982432643111
2023-02-01,Мурманская область,0.0,0.0,0.0,0.0,,0.0,0.0,,,,
2023-02-01,Ненецкий автономный округ,0.0,0.0,0.0,0.0,,0.0,0.0,,,,
2023-02-01,Республика Коми,4.0,1664.9927201399998,519.0,1860.41171128,,2644.0,7536.011449449999,,,,1.1173692766197612
2023-02-01,Ставропольский край,70.0,40440.147858,6575.0,17217.10827913,,15334.0,40690.19234046001,,,,0.425742960673277
2023-02-01,Республика Северная Осетия - Алания,8.0,4686.52564163,1273.0,3640.09962411,,546.0,1578.13227229,,,,0.7767160370947961
2023-02-01,Республика Ингушетия,0.0,0.0,0.0,0.0,,18.0,35.135304,,,,
2023-02-01,Чеченская Республика,0.0,0.0,1.0,0.0,,0.0,0.0,,,,
2023-02-01,Кабардино-Балкарская Республика,3.0,1618.546,185.0,410.67116244,,51.0,124.03880063,,,,0.25372844666756456
2023-02-01,Карачаево-Черкесская Республика,0.0,0.0,15.0,63.611357,,0.0,0.0,,,,inf
2023-02-01,Республика Дагестан,1.0,1938.289268,400.0,278.63766204,,0.0,0.0,,,,0.14375442646262437
2023-02-01,Новосибирская область,300.0,235239.89735612998,20118.0,75274.82960845,,36394.0,121912.88881669997,,,,0.31999176353359543
2023-02-01,Красноярский край,136.0,148960.232708,7543.0,35378.0839269,,15403.0,61459.89126126001,,,,0.23750019239195239
2023-02-01,Иркутская область,73.0,46781.21006820999,4401.0,15772.44364304,,6920.0,25928.792556179997,,,,0.33715339171523717
2023-02-01,Алтайский край,37.0,23109.92336743,4891.0,15974.03696694,,14488.0,37776.65909147,,,,0.6912198155296797
2023-02-01,Республика Хакасия,29.0,10284.28637301,1441.0,3922.35102835,,2351.0,7312.74994224,,,,0.381392630085038
2023-02-01,Республика Алтай,4.0,773.5609,237.0,768.4754373,,94.0,217.71565,,,,0.9934259051872968
2023-02-01,Кемеровская область,50.0,18268.856938,4771.0,13433.46515405,,3142.0,7032.70373644,,,,0.7353205074427958
2023-02-01,Томская область,20.0,13370.748735,1420.0,6441.714676729999,,1750.0,6513.851334,,,,0.48177666070919545
2023-02-01,Омская область,41.0,23668.45858,1659.0,6425.35637453,,1202.0,4170.5309321,,,,0.2714733768070333
2023-02-01,Республика Тыва,1.0,1095.682,185.0,574.63982515,,135.0,621.6035124,,,,0.5244585793597047
2023-02-01,Тюменская область,267.0,266722.83323697996,21497.0,80937.24612988,,37448.0,124766.74760746004,,,,0.3034507587806262
2023-02-01,Свердловская область,223.0,276208.33091638,24972.0,106407.72151269,,39015.0,147668.45378950998,,,,0.38524443183759055
2023-02-01,Ханты-Мансийский автономный округ - Югра,53.0,39415.61515334,2877.0,12876.70438569,,6777.0,29372.930721989997,,,,0.3266904331086878
2023-02-01,Челябинская область,130.0,66897.1144839,4160.0,13345.5032637,,18062.0,47676.63405245997,,,,0.19949295820392726
2023-02-01,Курганская область,26.0,7242.14224036,1236.0,3440.79171147,,3817.0,9795.238394760003,,,,0.4751068947934612
2023-02-01,Ямало-Ненецкий автономный округ,7.0,2774.5707356,484.0,2886.7946426,,1211.0,5977.11476337,,,,1.040447304355977
2023-02-01,Ростовская область,132.0,127775.88153881,15930.0,54535.58793721,,32365.0,91814.35535008002,,,,0.4268065872873328
2023-02-01,Краснодарский край,342.0,654028.3491522702,31973.0,141553.69153479,,47868.0,162706.09043847994,,,,0.21643357160017174
2023-02-01,Республика Крым,66.0,86751.515491,5314.0,22773.110020080003,,5189.0,18100.10860445,,,,0.2625096505944336
2023-02-01,Волгоградская область,52.0,29935.457404,3917.0,11973.354505360001,,8152.0,21200.13581543,,,,0.3999723252519974
2023-02-01,г. Севастополь,8.0,9984.577376059999,428.0,2131.7389947,,1698.0,6800.06902208,,,,0.21350317739149044
2023-02-01,Республика Калмыкия,8.0,1350.487,353.0,682.7018328400001,,430.0,1044.60223237,,,,0.5055226987301618
2023-02-01,Астраханская область,30.0,13852.133344700002,1464.0,5863.29595557,,1255.0,5504.35367857,,,,0.42327746995110827
2023-02-01,Республика Адыгея (Адыгея),9.0,7087.979425,781.0,2447.55507717,,2359.0,6139.091822959999,,,,0.34531069158260147
2024-02-01,г. Москва,1201.0,6887533.45980133,196359.0,2258383.21080631,,204584.0,2125473.24216361,,,,0.32789433604747276
2024-02-01,Московская область,651.0,1955810.2823833202,79206.0,428188.9410246,,134778.0,729341.34996378,,,,0.2189317363148411
2024-02-01,Воронежская область,153.0,86705.49467715,12264.0,46275.25196189,,35737.0,116777.4769453,,,,0.533706106333826
2024-02-01,Калужская область,34.0,23745.10768711,2550.0,9905.106679569999,,7773.0,27061.283306459998,,,,0.4171430515325467
2024-02-01,Орловская область,26.0,13055.1614274,1534.0,5983.619666529999,,7125.0,21675.48285496,,,,0.4583336406681006
2024-02-01,Тверская область,54.0,23291.4753,3009.0,10870.757090090001,,9157.0,27044.28800826,,,,0.4667268582205268
2024-02-01,Владимирская область,54.0,20412.24124,3637.0,12638.70677094,,5339.0,16689.3869096,,,,0.619172908174977
2024-02-01,Белгородская область,27.0,11379.508113,2013.0,9337.267073770001,,5404.0,21034.13831717,,,,0.8205334519778642
2024-02-01,Тульская область,102.0,86298.66577769,8850.0,31667.73211863,,10059.0,41098.09991687,,,,0.3669550604664941
2024-02-01,Ярославская область,50.0,22775.9270084,4584.0,17245.74742975,,9234.0,30550.38488407,,,,0.7571918992974287
2024-02-01,Смоленская область,24.0,9381.60059408,2197.0,7160.46464861,,6110.0,15365.23014507,,,,0.7632455226380468
2024-02-01,Брянская область,19.0,8223.85314444,2548.0,8848.13441201,,6531.0,22126.0270968,,,,1.0759110427442478
2024-02-01,Тамбовская область,15.0,4890.41567,1472.0,4244.50973539,,4211.0,11606.15861533,,,,0.8679241237974358
2024-02-01,Ивановская область,48.0,13697.89312732,2223.0,7167.45683708,,3335.0,10030.06744739,,,,0.5232525009838733
2024-02-01,Липецкая область,61.0,46014.1453306,3068.0,11141.72768279,,2951.0,9636.20552118,,,,0.24213701249343011
2024-02-01,Курская область,17.0,6964.142,1502.0,5407.000445770001,,4442.0,15427.1544899,,,,0.7764058294288084
2024-02-01,Рязанская область,59.0,35871.921276,9150.0,28543.22328375,,6957.0,16840.85473773,,,,0.7956982026175096
2024-02-01,Костромская область,24.0,6384.594,1006.0,4203.99185109,,3792.0,13620.78744302,,,,0.6584587604301855
2024-02-01,Приморский край,346.0,377611.22733527,18659.0,93995.73148073,,18541.0,91748.24773078,,,,0.2489219723259815
2024-02-01,Сахалинская область,119.0,72190.48292303,1550.0,17343.678463689997,,3113.0,20894.70127791,,,,0.24024882174817905
2024-02-01,Хабаровский край,178.0,108218.98370330001,6535.0,42972.03740605,,8728.0,45896.803461510004,,,,0.3970840968518504
2024-02-01,Амурская область,46.0,29581.35197558,1537.0,10962.357069610001,,3433.0,18824.665502159998,,,,0.37058336882843107
2024-02-01,Республика Саха (Якутия),94.0,130391.38966741001,4347.0,22288.364474590002,,4341.0,23363.69551653,,,,0.17093432726992977
2024-02-01,Республика Бурятия,32.0,25478.412203,3450.0,14021.75153369,,3080.0,11280.61731302,,,,0.5503385148953271
2024-02-01,Еврейская автономная область,0.0,0.0,0.0,0.0,,11.0,192.87419580000002,,,,
2024-02-01,Забайкальский край,28.0,14059.80607872,1310.0,8384.2201919,,2001.0,10044.74016761,,,,0.5963254503623493
2024-02-01,Камчатский край,4.0,3680.94388116,173.0,2197.73049326,,0.0,0.0,,,,0.5970562345458564
2024-02-01,Магаданская область,3.0,7620.7817918,6.0,0.0,,11.0,69.0714355,,,,0.0
2024-02-01,Чукотский автономный округ,0.0,0.0,0.0,0.0,,1.0,396.5475,,,,
2024-02-01,Республика Татарстан (Татарстан),398.0,483833.02204285,24237.0,137621.09067674,,44348.0,204354.78933517,,,,0.2844392267722309
2024-02-01,Нижегородская область,345.0,166373.45715749,13005.0,68553.03452081,,27852.0,129191.71759963,,,,0.41204309684998214
2024-02-01,Пермский край,175.0,132918.04450826,14202.0,63696.05134815,,30706.0,113456.02942687,,,,0.4792129735567371
2024-02-01,Чувашская Республика - Чувашия,88.0,35553.11199173,8222.0,34537.88609048,,19487.0,56216.31430879,,,,0.971444809065205
2024-02-01,Самарская область,139.0,131167.92370261,12758.0,63114.49283301,,21257.0,76131.53838704,,,,0.48117322475963037
2024-02-01,Удмуртская Республика,106.0,73712.34611947999,12645.0,43278.56271073,,25446.0,79870.61403392999,,,,0.587127733535709
2024-02-01,Республика Башкортостан,179.0,212914.4444001,16955.0,78154.34868431,,30715.0,112293.48309547,,,,0.367069265331034
2024-02-01,Кировская область,53.0,15105.22500863,2694.0,11036.422382780001,,9682.0,31324.57608708,,,,0.7306360796661163
2024-02-01,Пензенская область,116.0,67915.44422201,9712.0,36135.01654383,,17335.0,55271.64680476,,,,0.5320588999713762
2024-02-01,Ульяновская область,65.0,21411.7377613,3558.0,11670.661666760001,,13014.0,40052.513190449994,,,,0.5450590604492545
2024-02-01,Оренбургская область,37.0,14195.639412,3328.0,9910.223957600001,,15851.0,39592.27098583,,,,0.698117476076674
2024-02-01,Саратовская область,32.0,10865.017472,3408.0,11037.0840404,,14624.0,37186.69858456,,,,1.0158367502715415
2024-02-01,Республика Марий Эл,28.0,5905.982533,2285.0,6699.51526326,,5855.0,16705.12374874,,,,1.1343608325669934
2024-02-01,Республика Мордовия,21.0,6310.2325541,1143.0,4789.8785991899995,,3548.0,11576.63109124,,,,0.7590653051412236
2024-02-01,г. Санкт-Петербург,456.0,1298561.46258527,68052.0,457188.88132061,,83251.0,561475.87338413,,,,0.3520733476953839
2024-02-01,Ленинградская область,312.0,479069.52502414,22629.0,98607.82838398,,47338.0,232310.90107810998,,,,0.20583197893669236
2024-02-01,Вологодская область,48.0,13433.37967582,3771.0,11142.679138290001,,8599.0,30839.74246886,,,,0.829476975056899
2024-02-01,Республика Карелия,25.0,13184.240639059999,2181.0,8740.43820071,,5403.0,17361.172928490003,,,,0.6629458942682928
2024-02-01,Калининградская область,122.0,73564.836209,7031.0,28687.98828925,,20422.0,69837.45282723,,,,0.38996876452965284
2024-02-01,Архангельская область,59.0,27734.54294591,5326.0,22841.37224947,,4845.0,18290.06826358,,,,0.8235712517064719
2024-02-01,Новгородская область,3.0,816.79183461,854.0,3278.3193620399998,,3010.0,9632.69028748,,,,4.013653446481042
2024-02-01,Псковская область,25.0,7818.9873738900005,1895.0,5679.9225867,,3242.0,8382.16249201,,,,0.7264268779441958
2024-02-01,Мурманская область,0.0,0.0,9.0,45.462054,,0.0,0.0,,,,inf
2024-02-01,Ненецкий автономный округ,0.0,0.0,0.0,0.0,,0.0,0.0,,,,
2024-02-01,Республика Коми,3.0,1562.42382,740.0,3059.54670181,,4103.0,12201.140496639999,,,,1.9582053618524582
2024-02-01,Ставропольский край,95.0,69934.57823219,13328.0,45364.09723082,,25845.0,76507.43843657001,,,,0.6486647718129724
2024-02-01,Республика Северная Осетия - Алания,17.0,9523.637849,1319.0,5412.98492204,,1924.0,6295.29960406,,,,0.5683736622354213
2024-02-01,Республика Ингушетия,0.0,0.0,6.0,8.3603,,26.0,54.368404,,,,inf
2024-02-01,Чеченская Республика,1.0,1119.662,55.0,36.945,,1.0,2.462689,,,,0.03299656503480514
2024-02-01,Кабардино-Балкарская Республика,4.0,1409.023,553.0,1623.1775243099999,,237.0,980.0111510199999,,,,1.151987954994347
2024-02-01,Карачаево-Черкесская Республика,4.0,2379.6591388899997,131.0,669.5327555900001,,0.0,0.0,,,,0.2813565794562939
2024-02-01,Республика Дагестан,6.0,8102.586259,1012.0,3103.63733668,,0.0,0.0,,,,0.3830428010849764
2024-02-01,Новосибирская область,513.0,363765.81368018,31108.0,128032.48217964999,,60402.0,229159.80221826,,,,0.3519640311560864
2024-02-01,Красноярский край,158.0,182028.44958905,10909.0,52161.515943980005,,27208.0,122358.01491774,,,,0.2865569423996116
2024-02-01,Иркутская область,83.0,74649.33449579,6544.0,26268.69401198,,13425.0,55311.19708613,,,,0.3518945505597438
2024-02-01,Алтайский край,53.0,36363.56009964,9148.0,32773.03133856,,19774.0,58997.168014589995,,,,0.9012602519873859
2024-02-01,Республика Хакасия,33.0,14759.65331,2779.0,9702.78255603,,4102.0,13639.002752280001,,,,0.6573855328604599
2024-02-01,Республика Алтай,17.0,3740.526128,606.0,2473.100196,,241.0,798.756005,,,,0.6611637270723537
2024-02-01,Кемеровская область,63.0,30956.052528,7331.0,26669.96965029,,7018.0,18643.70683034,,,,0.8615429769724934
2024-02-01,Томская область,40.0,18048.11106932,1961.0,10178.68008308,,3690.0,15793.145695629999,,,,0.5639748139838716
2024-02-01,Омская область,60.0,39553.074898599996,4123.0,18080.56882602,,2317.0,9020.564465559999,,,,0.4571216997002671
2024-02-01,Республика Тыва,15.0,8929.149,2002.0,9396.016702809999,,300.0,1324.2493044,,,,1.0522858004508604
2024-02-01,Тюменская область,445.0,426824.13623921,36480.0,151443.55222297,,59631.0,218347.43664062,,,,0.3548148742415418
2024-02-01,Свердловская область,366.0,468861.78012371005,44723.0,191980.86806849,,65540.0,273599.58201676,,,,0.40946154326726203
2024-02-01,Ханты-Мансийский автономный округ - Югра,66.0,51040.466961,5263.0,25564.76686976,,9753.0,44715.80414214,,,,0.5008725113995142
2024-02-01,Челябинская область,136.0,97681.72602598,7916.0,33207.98619914,,27249.0,81318.05645138,,,,0.3399610914973781
2024-02-01,Курганская область,45.0,15920.59131965,2521.0,8163.9118319399995,,5797.0,15534.05826734,,,,0.5127894855176445
2024-02-01,Ямало-Ненецкий автономный округ,13.0,7798.7850014,1409.0,8599.24924222,,1654.0,8776.55155384,,,,1.1026396086924186
2024-02-01,Ростовская область,167.0,197366.95407047,26110.0,102673.15473507001,,53193.0,178873.73543844,,,,0.5202145172611343
2024-02-01,Краснодарский край,365.0,1007827.58042472,65499.0,338236.56059596,,80801.0,345369.65988341,,,,0.3356095498531802
2024-02-01,Республика Крым,94.0,142348.48892462,9130.0,46355.19477917,,8455.0,31581.37796268,,,,0.3256458507523545
2024-02-01,Волгоградская область,78.0,47662.05131793,9055.0,29932.418063240002,,13405.0,39223.870028080004,,,,0.6280136342344065
2024-02-01,г. Севастополь,9.0,11641.87461,991.0,5337.08641721,,2265.0,9588.47843318,,,,0.45843874771040843
2024-02-01,Республика Калмыкия,7.0,1570.743817,544.0,1325.5285234,,780.0,1974.3073490699999,,,,0.84388587690363
2024-02-01,Астраханская область,65.0,33347.54896166,5340.0,19209.33126516,,2455.0,11098.8739559,,,,0.5760342772791234
2024-02-01,Республика Адыгея (Адыгея),22.0,18370.372377,3295.0,11835.041726520001,,3475.0,11101.027127959998,,,,0.6442461526440075
2025-02-01,г. Москва,1352.0,8275593.609849518,217598.0,2649839.91976777,,314717.0,3409311.42023705,3580979.68036577,,0.7399762512746536,0.320199377191983
2025-02-01,Московская область,708.0,2109849.09093113,77812.0,429956.34457889,,194706.0,1111833.31526333,652965.13384973,,0.6584675387550446,0.20378535433031342
2025-02-01,Воронежская область,172.0,129697.8467845,10568.0,42067.61016815,,48290.0,173432.55320272,55240.094676550005,,0.7615412394651115,0.3243508756012551
2025-02-01,Калужская область,43.0,30518.12298911,2293.0,9130.3342407,,10382.0,39139.81350687,13156.61322529,,0.693972991708035,0.29917745085299124
2025-02-01,Орловская область,29.0,18709.229748,1229.0,4331.54168113,,9084.0,30338.984190720003,7887.90650337,,0.5491370466015804,0.23151897429625812
2025-02-01,Тверская область,49.0,29426.192215,1833.0,6823.74678276,,12632.0,41167.116878160006,13773.7303899,,0.49541747875097925,0.23189363859594433
2025-02-01,Владимирская область,57.0,28951.141181,3826.0,14309.15551366,,7739.0,25988.98722864,15927.010586819999,,0.898420669444471,0.49425186469163385
2025-02-01,Белгородская область,27.0,10334.673248,1445.0,6541.20547148,,7371.0,30729.52369414,6063.68313646,,1.0787512019136902,0.6329378118215664
2025-02-01,Тульская область,105.0,107348.00574266001,10346.0,39448.10866197,,15752.0,67613.03340622,36754.21326559,,1.073294873077914,0.3674787285432854
2025-02-01,Ярославская область,81.0,47907.76984917001,4000.0,15541.7310165,,13954.0,49326.78201618,15659.464398200002,,0.9924816469640216,0.3244094030139718
2025-02-01,Смоленская область,32.0,11755.032536,2064.0,7101.20959873,,8514.0,24310.69167484,4887.19431353,,1.453023788939717,0.6040995273286073
2025-02-01,Брянская область,26.0,12137.540932450001,2355.0,8399.427312439999,,9438.0,33189.11536013,5444.8738481499995,,1.542630287989843,0.6920205138080261
2025-02-01,Тамбовская область,26.0,9688.397555,1734.0,6290.077169859999,,5558.0,16962.1899287,4163.02549428,,1.5109389021284085,0.6492381360438506
2025-02-01,Ивановская область,49.0,13584.463353,1515.0,5617.32507682,,5635.0,17636.408605869998,4330.31881374,,1.297208200697916,0.413511003773253
2025-02-01,Липецкая область,73.0,49043.09454426,2960.0,11668.76980425,,5754.0,20975.48962141,19738.3022646,,0.5911739342029206,0.2379289054388537
2025-02-01,Курская область,22.0,9405.904026040002,1212.0,4859.84148949,,6393.0,24014.57650719,5966.5104701499995,,0.8145198963118256,0.5166798933984075
2025-02-01,Рязанская область,71.0,52416.894852,10554.0,32895.451813650005,,13144.0,36498.850824550005,34064.19796277,,0.965689896753261,0.6275734552100211
2025-02-01,Костромская область,27.0,8046.008473,900.0,3986.18906656,,5179.0,20129.13694204,3690.9930111500003,,1.0799774083880007,0.495424418198969
2025-02-01,Приморский край,374.0,450738.8899782699,22548.0,118038.87519525,,29726.0,152390.12719717002,176688.53145441,,0.6680618952662865,0.26187861269512525
2025-02-01,Сахалинская область,52.0,53874.32216726001,1311.0,17083.71619846,,4541.0,33811.64237473,21312.509634560003,,0.8015816293524314,0.31710313023375636
2025-02-01,Хабаровский край,211.0,157217.44238125,10043.0,70734.18358416,,13335.0,74882.97502761999,71522.43395167,,0.9889789773088169,0.4499130790630128
2025-02-01,Амурская область,144.0,79960.81483567998,2535.0,29994.02143159,,4353.0,24591.764417330003,22618.38019502,,1.3260906029952548,0.3751090017432654
2025-02-01,Республика Саха (Якутия),129.0,152983.29113509,4987.0,28986.01873006,,7209.0,43228.03791657,21308.46173558,,1.3603055485539968,0.18947179469726702
2025-02-01,Республика Бурятия,50.0,37237.213435059995,4865.0,21183.70472001,,6024.0,25965.310290830002,13528.117640120001,,1.5659018707219114,0.5688853371628738
2025-02-01,Еврейская автономная область,2.0,1575.3452848,3.0,1810.842095,,11.0,192.87419580000002,,,,1.1494890120104038
2025-02-01,Забайкальский край,37.0,23478.41571466,1356.0,13830.69307517,,4203.0,26042.31617576,11791.70880799,,1.1729167757092505,0.589081190283809
2025-02-01,Камчатский край,11.0,17806.13973504,305.0,7680.90273614,,121.0,1843.0563983499999,4384.16628054,,1.7519642834335971,0.43136260022856354
2025-02-01,Магаданская область,6.0,7594.03792693,8.0,3686.1135,,11.0,69.0714355,,,,0.4853957190453702
2025-02-01,Чукотский автономный округ,0.0,0.0,0.0,0.0,,1.0,396.5475,,,,
2025-02-01,Республика Татарстан (Татарстан),480.0,625568.1729284301,31465.0,184958.08174139002,,57670.0,290285.14897854,202882.62667176002,,0.9116506660800987,0.2956641494012686
2025-02-01,Нижегородская область,353.0,239138.70307006998,11198.0,64527.581532699995,,38726.0,192488.58892598999,64644.90884695,,0.998185049428598,0.26983328379845223
2025-02-01,Пермский край,248.0,172409.44556378,13327.0,63722.20676381,,41930.0,166786.95950735998,76245.18751717999,,0.8357538205208264,0.3695981189165012
2025-02-01,Чувашская Республика - Чувашия,84.0,39619.947847,6057.0,28819.888155880002,,26481.0,86611.5856861,23247.10078355,,1.239719671894458,0.7274085333775174
2025-02-01,Самарская область,149.0,154257.57364321,11268.0,58378.80102564,,30495.0,124822.13570015,58443.09077357,,0.9988999598228115,0.3784501444361314
2025-02-01,Удмуртская Республика,109.0,78745.52700494,11869.0,43064.353358379994,,35397.0,120436.71412864,37856.498326199995,,1.1375683241303836,0.5468799942843535
2025-02-01,Республика Башкортостан,224.0,270013.07028629,19785.0,98400.01597282001,,44228.0,179241.67506458,107298.18902085001,,0.9170706129410915,0.36442686225703164
2025-02-01,Кировская область,55.0,19934.28971243,3104.0,12794.51506159,,13010.0,48871.46141569,10126.44804242,,1.2634751107193152,0.6418345095893734
2025-02-01,Пензенская область,159.0,106060.27006952,7473.0,26725.103648430002,,26729.0,93804.34104854,45869.56252123,,0.582632625634062,0.2519803469377584
2025-02-01,Ульяновская область,70.0,25977.365878,3030.0,11704.548241190001,,17311.0,57807.100690620005,14669.63041078,,0.7978761504849431,0.45056717051910483
2025-02-01,Оренбургская область,63.0,34022.300191,2726.0,9979.159950649999,,20972.0,56747.34417733,6611.77821907,,1.5093004665322316,0.29331232440567934
2025-02-01,Саратовская область,37.0,15793.92846075,1989.0,8079.35162357,,18058.0,50732.416173720005,7792.4625451,,1.0368162280934412,0.511547943480196
2025-02-01,Республика Марий Эл,44.0,18344.47305905,2194.0,6624.79676826,,7953.0,25174.042954020002,7207.05923281,,0.9192094242962149,0.36113311878379334
2025-02-01,Республика Мордовия,22.0,6820.731914,826.0,4023.0065311,,4839.0,17663.28241864,3569.0035969200003,,1.1272071943474078,0.5898203567922843
2025-02-01,г. Санкт-Петербург,406.0,1350893.39881227,67524.0,390354.31550913,,134020.0,984733.92856948,575814.37307828,,0.6779169360124025,0.2889601176912528
2025-02-01,Ленинградская область,366.0,512659.15417689004,24938.0,102707.64411264,,65091.0,331433.8641055,193823.25324109,,0.529903622992467,0.20034294379770567
2025-02-01,Вологодская область,65.0,21152.05289752,4155.0,11187.16043488,,11247.0,44315.99903633,8097.01423369,,1.3816402086009112,0.5288924195245206
2025-02-01,Республика Карелия,23.0,11743.424099,1916.0,7980.09704833,,7657.0,26252.86700264,7036.98661214,,1.134021917074984,0.6795374995449187
2025-02-01,Калининградская область,149.0,90090.59131395999,8192.0,34600.80335287,,28062.0,105360.79384291,41459.90417492,,0.8345606204705313,0.3840667804286954
2025-02-01,Архангельская область,73.0,41592.98612468001,5586.0,25703.848200959997,,8889.0,35821.98182557,15801.60863315,,1.6266602216078312,0.617985160380397
2025-02-01,Новгородская область,8.0,3797.70278,719.0,2800.08923305,,4230.0,15071.39882448,,,,0.7373113156185435
2025-02-01,Псковская область,30.0,9427.24945801,1468.0,4916.24124707,,5281.0,15314.779570030001,4457.63007728,,1.1028822853936413,0.5214926441659867
2025-02-01,Мурманская область,2.0,2600.127,101.0,489.62099475,,0.0,0.0,,,,0.18830656915989105
2025-02-01,Ненецкий автономный округ,0.0,0.0,0.0,0.0,,0.0,0.0,,,,
2025-02-01,Республика Коми,6.0,3549.825106,761.0,2478.50961543,,4697.0,14846.7178224,,,,0.6982061204200634
2025-02-01,Ставропольский край,155.0,126216.447232,13370.0,46548.5581456,,41225.0,139299.85700384,53748.12794945,,0.8660498499478684,0.36879946446312595
2025-02-01,Республика Северная Осетия - Алания,27.0,15917.46845025,1815.0,8320.54763814,,2448.0,8595.687783649999,5712.80658461,,1.4564728413097543,0.5227305877279321
2025-02-01,Республика Ингушетия,1.0,551.3850975700001,9.0,12.491,,30.0,62.728404,,,,0.022653858537433954
2025-02-01,Чеченская Республика,2.0,2347.769,88.0,423.21710502999997,,41.0,44.257189,,,,0.18026352040170904
2025-02-01,Кабардино-Балкарская Республика,10.0,5374.312844,800.0,2862.7020755999997,,360.0,1448.06477474,1290.7684578199999,,2.217827727549885,0.5326638323252773
2025-02-01,Карачаево-Черкесская Республика,26.0,39162.95943289,568.0,2897.15781546,,23.0,126.456,5990.83081945,,0.4835986698295679,0.07397698890515657
2025-02-01,Республика Дагестан,29.0,46311.68675607,1635.0,6270.17100334,,20.0,111.156351,7644.67503324,,0.8202011172582897,0.13539068521442224
2025-02-01,Новосибирская область,550.0,424035.91303944006,29889.0,127265.67758134,,84824.0,348224.40572493,155563.30414273002,,0.8180957474686522,0.3001294788196463
2025-02-01,Красноярский край,152.0,202513.53642446,10081.0,49690.35592337,,36006.0,171644.97385201,66100.27045685,,0.7517420969677827,0.24536807168890215
2025-02-01,Иркутская область,95.0,95153.432429,6769.0,29706.42495954,,18706.0,83297.07204578999,39809.5131761,,0.7462142234227199,0.31219499077666846
2025-02-01,Алтайский край,95.0,58301.05727018,8262.0,35016.73344298,,26595.0,85885.66492678999,27695.14527566,,1.2643635949349799,0.6006191839833146
2025-02-01,Республика Хакасия,37.0,20582.836025,2267.0,9254.041860219999,,6141.0,21652.06903757,11045.18451763,,0.8378349719236441,0.44959994089152727
2025-02-01,Республика Алтай,40.0,5422.176919,615.0,2746.6545969699996,,608.0,2262.869521,2637.70262241,,1.0413056322704237,0.5065593834360829
2025-02-01,Кемеровская область,111.0,61308.686589,5817.0,24908.87149776,,12074.0,39091.32919659,23044.571393529997,,1.0808997517199832,0.4062861705836828
2025-02-01,Томская область,52.0,23641.350156389995,1803.0,9084.61073983,,6049.0,27610.068348459998,9979.39395143,,0.9103369186590953,0.3842678476370576
2025-02-01,Омская область,71.0,56560.06213064,5240.0,26926.37587491,,3705.0,15967.425180479999,23166.274655139998,,1.1623092739658827,0.4760669430085953
2025-02-01,Республика Тыва,20.0,12279.590201,2595.0,14354.796366870001,,1005.0,4461.6094284,5667.250545180001,,2.5329383715139895,1.1689963697404986
2025-02-01,Тюменская область,502.0,570152.61787943,34518.0,138220.54983622,,87579.0,346034.45435374,194618.32522345003,,0.7102134379047953,0.24242728262882318
2025-02-01,Свердловская область,521.0,631043.31983739,45123.0,206758.97584381,,98041.0,437654.90849641996,243051.43801783,,0.8506799117503777,0.32764624764126904
2025-02-01,Ханты-Мансийский автономный округ - Югра,92.0,82652.90107563,5309.0,28094.224899470002,,12993.0,60187.29470588,39400.70673071,,0.7130386033804968,0.33990609565855295
2025-02-01,Челябинская область,173.0,132570.51339959,7612.0,34281.2095259,,36873.0,126500.70035687,57892.61302722,,0.5921517052578301,0.2585884948832522
2025-02-01,Курганская область,58.0,23047.69224414,2762.0,9689.27234149,,7723.0,22415.46472852,14028.06803819,,0.6907061125674564,0.4204009771934346
2025-02-01,Ямало-Ненецкий автономный округ,34.0,23716.155033,1917.0,13118.69881197,,2334.0,15141.43845293,9863.79167782,,1.3299853890334157,0.5531545393305071
2025-02-01,Ростовская область,195.0,310555.55625592,27334.0,118788.93462664,,74853.0,276068.15657203004,136834.43197461,,0.8681216628917027,0.3825046186864853
2025-02-01,Краснодарский край,350.0,1183333.0618062397,60615.0,309528.76745732,,129827.0,655966.44488525,633148.0510568101,,0.48887265299273125,0.2615736663225274
2025-02-01,Республика Крым,134.0,239528.67561063002,17232.0,93642.4291188,,13626.0,60451.86380507,101069.09022164,,0.9265189675047667,0.3909445450741024
2025-02-01,Волгоградская область,113.0,73434.73135995002,7259.0,26235.07220211,,22112.0,72677.04234895,25814.85623107,,1.0162780674538192,0.3572570051834919
2025-02-01,г. Севастополь,14.0,13706.199894,1067.0,5864.369363229999,,3834.0,18628.42548301,3917.1907724000002,,1.4970854635290058,0.42786252999251634
2025-02-01,Республика Калмыкия,10.0,1819.203687,519.0,1404.57287672,,1039.0,2780.8941716199997,797.23627233,,1.7618025238804051,0.7720811510866293
2025-02-01,Астраханская область,101.0,49772.32439493001,8151.0,31928.005676970002,,4209.0,19502.05380984,31331.074351509997,,1.0190523733327146,0.6414811055161873
2025-02-01,Республика Адыгея (Адыгея),53.0,62245.186138,3386.0,14409.10454332,,6529.0,22907.775634830003,19718.253240330003,,0.7307495429589508,0.2314894602672479
2026-02-01,Белгородская область,37.0,14544.71101,2361.0,12044.789677190003,,8898.0,38028.35585599,8350.43006293,2191.0,1.442415490749434,0.8281216222796579
2026-02-01,Брянская область,21.0,9931.726015,2287.0,9325.00349002,,12812.0,47545.08562347002,5017.275489080001,2071.0,1.8585791253272186,0.9389106662765707
2026-02-01,Владимирская область,48.0,25129.725431,3979.0,15744.244810260001,,10804.0,39305.34173213,16570.39825763,3620.0,0.9501428128325408,0.6265187756822014
2026-02-01,Воронежская область,175.0,134571.89432756,10350.0,44053.984570110006,,60120.0,230219.15524463996,53207.383102859996,8771.0,0.8279675112934096,0.3273639327902948
2026-02-01,Ивановская область,52.0,14111.0566,1376.0,5498.6566778800025,,7220.0,24283.88802541,5266.521218580001,1252.0,1.0440775703097978,0.3896700887642958
2026-02-01,Калужская область,46.0,29861.817493,2324.0,10146.69705604,,12864.0,51569.30116963,15208.621909350002,2123.0,0.6671674209878269,0.33978832863801806
2026-02-01,Костромская область,27.0,7455.42752729,1121.0,5148.78926342,,6433.0,26659.79750659,3868.2880137999996,1038.0,1.3310253127615759,0.6906095250169444
2026-02-01,Курская область,25.0,18449.55044345,2397.0,11736.025909700005,,8343.0,34160.48811038,8400.35813721,2228.0,1.3970863763194121,0.6361144649931866
2026-02-01,Липецкая область,75.0,54326.50135043,2709.0,11272.444948290002,,8700.0,35101.86232263,23992.520923460004,2529.0,0.4698316189553783,0.20749440269635142
2026-02-01,Московская область,836.0,2180645.9731271197,86290.0,544324.5477039502,,250629.0,1486492.9441229498,750133.59586939,80166.0,0.7256368074983881,0.24961619373885366
2026-02-01,Орловская область,29.0,18136.274504940004,984.0,4135.86485281,,10714.0,36324.46807762001,7546.6640729499995,915.0,0.5480388172615832,0.22804379431307478
2026-02-01,Рязанская область,70.0,62597.068167,14393.0,46093.987193979985,,17709.0,54914.65626412001,42562.79362160999,13753.0,1.0829643280411259,0.7363601610063883
2026-02-01,Смоленская область,39.0,10091.051761370001,1939.0,7428.827198160001,,10528.0,33009.78873333,5630.99778196,1773.0,1.3192736857328728,0.736179674213804
2026-02-01,Тамбовская область,21.0,8858.870643549999,1973.0,6582.08513192,,7334.0,25518.63766959,4464.79955187,1377.0,1.4742173876906106,0.742993706168665
2026-02-01,Тверская область,46.0,24562.634412,2191.0,8692.061395500004,,14580.0,50171.53310662,12698.81981376,1934.0,0.6844778903061204,0.3538733366178965
2026-02-01,Тульская область,115.0,128946.0456977,12104.0,51572.88523015,,21718.0,95358.23538111,50585.75249029998,11396.0,1.019514046767206,0.39995709020078857
2026-02-01,Ярославская область,98.0,73852.98028747001,5201.0,20987.810306299998,,17964.0,67404.70120501,19726.059604719998,4833.0,1.0639636464080282,0.28418366089771485
2026-02-01,г. Москва,1521.0,8602207.739680484,214782.0,3058934.221543587,,429681.0,4910794.108287002,4088960.37172688,204897.0,0.74809583450468,0.3555987386160481
2026-02-01,Республика Карелия,17.0,10193.5436,1582.0,8289.98125989,,10264.0,37746.72782861,3596.80785631,1403.0,2.304816267943424,0.8132580371648187
2026-02-01,Республика Коми,3.0,1329.2575,508.0,1245.3814951000006,,5558.0,19255.232605389996,,275.0,,0.9369001078421605
2026-02-01,Архангельская область,78.0,34523.65978845001,6214.0,27621.383056230003,,13238.0,56240.12179275,21604.098998359997,5870.0,1.278525110365713,0.8000711171841294
2026-02-01,Вологодская область,56.0,20221.206639,4794.0,14676.34544798,,13949.0,57345.02118127001,11972.477550310003,3893.0,1.2258402979924556,0.7257897963257147
2026-02-01,Калининградская область,215.0,138598.7376684,11784.0,51062.032631540016,,36047.0,147751.49315899,66702.34477814999,10832.0,0.7655208044240547,0.3684162892861756
2026-02-01,Ленинградская область,375.0,525561.9916200599,29173.0,122216.80471160007,,84486.0,444714.31147579,247698.91038348002,26761.0,0.4934087296645257,0.23254498358007827
2026-02-01,Мурманская область,24.0,21609.861990999998,806.0,4088.624833880001,,0.0,0.0,3120.98708731,772.0,1.310042214049663,0.18920180219488758
2026-02-01,Новгородская область,7.0,4702.324454,730.0,3264.9922171400003,,5668.0,22030.99709489,,643.0,,0.6943358011722601
2026-02-01,Псковская область,34.0,11579.132499,1546.0,5515.329858680002,,7121.0,22447.065899030003,5294.298272039999,1400.0,1.041748986415689,0.47631632673313984
2026-02-01,г. Санкт-Петербург,451.0,1353465.1927714397,67891.0,444356.02884497994,,179573.0,1339372.2911745901,615090.4979970802,63480.0,0.7224238226601402,0.3283099049891995
2026-02-01,Ненецкий автономный округ,0.0,0.0,12.0,0.0,,0.0,0.0,,0.0,,
2026-02-01,Республика Башкортостан,262.0,264291.49187381,22168.0,105135.94685536005,,60232.0,269512.82288353,137679.44641084003,20346.0,0.7636284833803798,0.3978029943754633
2026-02-01,Республика Марий Эл,43.0,19278.08918621,2930.0,12108.644331280002,,10261.0,35239.902265439996,10329.341573970001,2654.0,1.1722571322255286,0.6281039689318149
2026-02-01,Республика Мордовия,21.0,7145.66894818,997.0,5172.202702290001,,6209.0,24943.648789919996,3297.5400092099994,910.0,1.568503395817514,0.7238234432351305
2026-02-01,Республика Татарстан (Татарстан),561.0,716797.4931526703,32923.0,208867.71950009002,,78111.0,431782.78593155975,268932.65676335,31227.0,0.7766543565733085,0.29139013667784047
2026-02-01,Удмуртская Республика,109.0,74501.91761542,9300.0,37648.92222286999,,46914.0,168875.25998081997,35460.575792549986,8738.0,1.0617120952328065,0.5053416533144057
2026-02-01,Чувашская Республика - Чувашия,71.0,37686.04220515,5846.0,28151.448403950002,,33419.0,121922.99201009999,21674.322350770002,5524.0,1.2988386879347993,0.7469993333527328
2026-02-01,Пермский край,384.0,310600.63321336993,12886.0,63409.72637744001,,56089.0,243040.24639162997,80822.32458591998,11851.0,0.7845570725948483,0.20415195462232083
2026-02-01,Кировская область,47.0,16387.67618355,3157.0,14157.325668100002,,17377.0,71015.56319099,10307.758064369997,2903.0,1.373463131331778,0.863900745263149
2026-02-01,Нижегородская область,323.0,255445.18991476006,12909.0,79557.02429888998,,49211.0,262537.5131071399,81646.91849882001,12072.0,0.974403269120803,0.3114445972752022
2026-02-01,Оренбургская область,80.0,37866.09603439,4451.0,18068.84029954,,25090.0,73584.63678466002,11708.39116834,4017.0,1.543238523529939,0.477177269162627
2026-02-01,Пензенская область,159.0,111676.82068182,8722.0,30689.343064710003,,33106.0,119528.24028529997,59005.810320510005,7873.0,0.5201071368736478,0.27480494947243744
2026-02-01,Самарская область,128.0,150905.57756700998,10477.0,60595.23380251,,39483.0,170737.85137110998,72884.31739267,9886.0,0.8313891927676075,0.4015440302436969
2026-02-01,Саратовская область,30.0,13755.13931175,1556.0,7146.661772350005,,21616.0,66045.01287648003,5872.994285959999,1450.0,1.2168685042712948,0.5195630237089013
2026-02-01,Ульяновская область,63.0,27876.209811640005,3806.0,15825.123112730003,,20934.0,76224.90838047,16954.300691429995,3510.0,0.9333987523725609,0.5676927824715273
2026-02-01,Курганская область,53.0,24636.905781049998,1936.0,7225.601494620003,,10658.0,35020.7970454,14351.927994630001,1803.0,0.5034585943661071,0.2932836436050232
2026-02-01,Свердловская область,618.0,702282.0125833702,48316.0,234280.30825369008,,130096.0,615185.2120360502,300743.3685855301,45665.0,0.7790040703326823,0.33359861715933936
2026-02-01,Тюменская область,520.0,619581.72991357,31573.0,136130.05311411005,,116732.0,488921.55514025997,238190.66504392994,29543.0,0.5715171628955457,0.21971282647908263
2026-02-01,Челябинская область,177.0,144635.98088261002,10652.0,52722.85236190001,,43781.0,160546.19236364003,79989.59849045001,9995.0,0.6591213527368138,0.36452099982431846
2026-02-01,Ханты-Мансийский автономный округ - Югра,92.0,81199.52117556002,3843.0,19788.598732570008,,16639.0,81747.67560758998,41241.04812418001,3627.0,0.4798277355363277,0.24370339191761287
2026-02-01,Ямало-Ненецкий автономный округ,43.0,26090.6926195,1883.0,14963.71014659,,3551.0,23608.581703109998,16916.42410107,1812.0,0.8845669780555758,0.5735267501256838
2026-02-01,Республика Дагестан,42.0,52447.0691382,2678.0,11397.39572139,,267.0,429.88320632000006,16164.135207259998,2336.0,0.7051039585632113,0.21731234764248566
2026-02-01,Республика Ингушетия,1.0,551.3850975700001,14.0,5.721731810000007,,57.0,146.54145994,,6.0,,0.010377015692328562
2026-02-01,Кабардино-Балкарская Республика,14.0,8316.02148525,1903.0,6674.0018636,,759.0,3095.35963265,3538.7365315499997,1642.0,1.8859843913490573,0.8025474531826999
2026-02-01,Карачаево-Черкесская Республика,44.0,82571.65405685,1261.0,7698.225838939999,,162.0,858.55337591,15673.36850184,1079.0,0.49116600799861587,0.09323085418199113
2026-02-01,Республика Северная Осетия - Алания,28.0,17545.743779790002,2178.0,10166.881339170002,,3414.0,13958.120400790001,9106.19543169,1955.0,1.1164795896855855,0.5794500060396804
2026-02-01,Чеченская Республика,5.0,9660.136418200002,270.0,3272.24637202,,46.0,532.486188,,150.0,,0.33873707682377907
2026-02-01,Ставропольский край,194.0,204050.86391931996,15769.0,56702.68245494002,,54170.0,194294.13536457001,72544.29252593001,13973.0,0.7816284435425762,0.27788503986613744
2026-02-01,Республика Адыгея (Адыгея),57.0,89267.36058853,5885.0,29039.29449984001,,9242.0,36479.39637419,47420.50910484,5173.0,0.6123783790603821,0.32530696895693
2026-02-01,Республика Калмыкия,10.0,3020.858863,447.0,1643.1503381400003,,1357.0,3879.2448975999996,1108.54454,372.0,1.4822591955935303,0.5439348253788314
2026-02-01,Республика Крым,203.0,417669.13540358003,23097.0,133982.2744147301,,22062.0,116790.61032150002,162351.73644953,21952.0,0.8252592632809994,0.3207856723367108
2026-02-01,Краснодарский край,362.0,1467455.743447314,67498.0,352325.9444731099,,167755.0,881146.44392869,823543.1265989704,50577.0,0.42781723639432095,0.24009306314440101
2026-02-01,Астраханская область,127.0,66125.0603839,8606.0,38547.99217081001,,7241.0,33212.14835180999,49249.69900984,8166.0,0.7827051321289942,0.5829558709967636
2026-02-01,Волгоградская область,113.0,64322.7988472,6228.0,26209.769074839987,,29985.0,109702.12648081,26798.867253700006,5603.0,0.9780177955551952,0.4074724599142798
2026-02-01,Ростовская область,185.0,426006.18677319,30634.0,144821.90400770996,,98955.0,398185.5203726298,228297.66950392004,27994.0,0.6343555951420838,0.3399525840332798
2026-02-01,г. Севастополь,18.0,13080.5082045,1573.0,8869.48892573,,4475.0,23420.445054360003,7438.12237057,1497.0,1.1924365429672692,0.6780691382219147
2026-02-01,Республика Алтай,100.0,21556.56595064,1077.0,5250.708390899999,,1011.0,4044.794156,7354.211332340002,1030.0,0.7139730086093815,0.24357814704452538
2026-02-01,Республика Тыва,28.0,14690.137789389999,2115.0,12294.47302608,,2549.0,13405.718738509999,7714.8596421,2031.0,1.5936094234286575,0.8369201979139859
2026-02-01,Республика Хакасия,28.0,19897.305,1736.0,7345.819812250002,,8856.0,35709.07679496,10218.468568889999,1434.0,0.7188767830254192,0.3691866718759149
2026-02-01,Алтайский край,126.0,60805.292235550005,10090.0,47387.42349209001,,31824.0,114002.51449264001,35233.25757223,9784.0,1.344962877614803,0.779330577156322
2026-02-01,Красноярский край,173.0,206422.88672677006,9141.0,47106.41961033998,,44814.0,221719.39496342,71031.58585260996,8346.0,0.6631756710048043,0.2282034727704007
2026-02-01,Иркутская область,110.0,89133.85321892999,7429.0,38960.59888902,,24024.0,111991.63476493002,48353.844806650006,6735.0,0.8057394204082368,0.4371021501036787
2026-02-01,Кемеровская область,136.0,90077.74618226003,3545.0,16651.944262269997,,17737.0,64879.586868750004,20346.60471746,3273.0,0.8184139070623656,0.18486191060527934
2026-02-01,Новосибирская область,613.0,459553.43722535006,27696.0,131851.65307839005,,109702.0,475042.76330094,179399.04377654986,25612.0,0.7349629647001777,0.28691255988524855
2026-02-01,Омская область,88.0,89421.55016057,4593.0,23243.756607730003,,7664.0,39800.52311817,22071.07353471,4274.0,1.0531321265898455,0.25993461940653345
2026-02-01,Томская область,72.0,36274.59428451,1771.0,9341.55087415,,8147.0,39053.284719940006,13011.267386489999,1648.0,0.7179585659618078,0.25752323515687214
2026-02-01,Республика Бурятия,49.0,31856.324586049996,7907.0,35581.891682429996,,8807.0,43457.341434,20498.050263390003,5641.0,1.7358671300548074,1.1169490562640563
2026-02-01,Республика Саха (Якутия),136.0,172692.58765901998,6019.0,39232.75396268,,10059.0,62771.910787299996,35542.079051420005,4579.0,1.103839589854059,0.2271826167788089
2026-02-01,Забайкальский край,52.0,45414.00509669,3631.0,26870.00533518,,5183.0,35030.49322447999,27965.026879529996,3277.0,0.9608431792657587,0.5916678187262198
2026-02-01,Камчатский край,11.0,18698.73879673,469.0,9707.70784493,,206.0,3873.5457505900004,7904.05882333,449.0,1.228192762973406,0.519163776255737
2026-02-01,Приморский край,400.0,486019.5395542801,24497.0,130298.56499709003,,42421.0,227539.59546904004,215516.63748371994,23107.0,0.6045870356850419,0.268093264555957
2026-02-01,Хабаровский край,232.0,221965.6150048599,13421.0,89378.17800551004,,19172.0,113412.96930358,94639.05162746998,12792.0,0.944411175603614,0.4026667734259341
2026-02-01,Амурская область,130.0,70595.77253551,1131.0,22118.426911439994,,7568.0,47118.72898801,16422.88522478001,1047.0,1.3468051812276047,0.31331092666086097
2026-02-01,Магаданская область,3.0,6039.51911174,24.0,5543.8118,,12.0,1755.2442355,,18.0,,0.9179227182547676
2026-02-01,Сахалинская область,26.0,37873.64872147,1598.0,13372.137844050001,,5812.0,50711.76852831001,17581.838613370004,1490.0,0.7605653844348929,0.35307234173267116
2026-02-01,Еврейская автономная область,3.0,1591.6902848,4.0,1816.842095,,11.0,192.87419580000002,,4.0,,1.141454535690837
2026-02-01,Чукотский автономный округ,8.0,3291.2889058,1.0,471.57,,1.0,396.5475,,1.0,,0.14327821516032407
2022-03-01,г. Москва,650.0,3525914.0331501705,146836.0,1491042.89814036,,35949.0,320095.87679698004,,,,0.42288123990595766
2022-03-01,Московская область,413.0,1028661.65125587,75107.0,344643.5833659697,,21039.0,94516.11056156996,,,,0.3350407618921169
2022-03-01,Воронежская область,95.0,45258.05812071,11837.0,32805.32137073,,12515.0,31529.43351674,,,,0.7248503964362172
2022-03-01,Калужская область,19.0,10070.001549339999,2683.0,8090.26828355,,2691.0,7468.68675694,,,,0.8034028836947147
2022-03-01,Орловская область,29.0,10997.295509,2457.0,6852.37219348,,2729.0,7036.33506338,,,,0.6230961228487617
2022-03-01,Тверская область,36.0,14463.93654915,2980.0,7643.957702100001,,3800.0,9042.41315407,,,,0.5284839072769033
2022-03-01,Владимирская область,49.0,10121.88379634,3288.0,8248.9986912,,1107.0,2546.56362704,,,,0.8149667450423387
2022-03-01,Белгородская область,21.0,7113.4277376,2119.0,7030.520640490001,,1403.0,4426.04563386,,,,0.9883449863879589
2022-03-01,Тульская область,81.0,63141.05678334001,5609.0,15520.00241498,,1425.0,5101.421515379999,,,,0.24579890178643646
2022-03-01,Ярославская область,40.0,13543.99374103,3609.0,10397.52311403,,2881.0,7509.843354719999,,,,0.7676851682625839
2022-03-01,Смоленская область,16.0,4677.07701183,2454.0,4471.686276560001,,2335.0,5257.496094800001,,,,0.9560856631715723
2022-03-01,Брянская область,20.0,6271.78390667,2230.0,6560.33261304,,2421.0,7172.22558893,,,,1.0460074375431097
2022-03-01,Тамбовская область,10.0,2954.38294101,1325.0,2818.2492862999998,,1728.0,3451.1548247799997,,,,0.9539214592596242
2022-03-01,Ивановская область,19.0,2669.1909245,1267.0,3050.37342303,,834.0,2103.85449513,,,,1.1428082551274987
2022-03-01,Липецкая область,22.0,17267.17296187,1314.0,3378.80616587,,1428.0,3973.1351761799997,,,,0.1956780170865956
2022-03-01,Курская область,13.0,4006.1240657000003,953.0,2526.7858179900004,,1812.0,5001.5652879,,,,0.6307307952901575
2022-03-01,Рязанская область,28.0,11253.695176,5211.0,9913.13496859,,103.0,205.095351,,,,0.880878219425303
2022-03-01,Костромская область,19.0,3477.92595252,1057.0,2909.3360813099994,,1069.0,3061.10481392,,,,0.8365146702453462
2022-03-01,Приморский край,191.0,181698.54779178996,9846.0,42231.01403509,,4617.0,20969.04254228,,,,0.232423508874066
2022-03-01,Сахалинская область,30.0,38239.487358,1542.0,8899.20321888,,714.0,4781.78768801,,,,0.2327228693095494
2022-03-01,Хабаровский край,50.0,31682.15003152,3198.0,14900.408676200002,,1750.0,8429.00451046,,,,0.4703092644083768
2022-03-01,Амурская область,16.0,4249.431584,1323.0,5634.55059657,,277.0,1263.7536063400003,,,,1.3259539505907716
2022-03-01,Республика Саха (Якутия),17.0,10503.88662673,2028.0,9131.934606490002,,868.0,3761.4799423100003,,,,0.8693862501572805
2022-03-01,Республика Бурятия,11.0,4427.167459,1312.0,3377.89018369,,547.0,1471.44301108,,,,0.7629912839242343
2022-03-01,Еврейская автономная область,0.0,0.0,0.0,0.0,,0.0,0.0,,,,
2022-03-01,Забайкальский край,6.0,1811.70735452,393.0,1403.2668659700003,,370.0,1134.53728922,,,,0.7745549315506237
2022-03-01,Камчатский край,0.0,0.0,0.0,0.0,,0.0,0.0,,,,
2022-03-01,Магаданская область,1.0,129.659,6.0,22.366552170000002,,0.0,0.0,,,,0.17250288965671495
2022-03-01,Чукотский автономный округ,0.0,0.0,0.0,0.0,,0.0,0.0,,,,
2022-03-01,Республика Татарстан (Татарстан),224.0,192186.02771134,17353.0,70176.31691513001,,14449.0,53078.517603169974,,,,0.36514786090762846
2022-03-01,Нижегородская область,145.0,95914.998151,13813.0,57576.44642149001,,8402.0,31751.618947130002,,,,0.6002861651610188
2022-03-01,Пермский край,104.0,57709.146714810006,14960.0,46806.48896904,,8325.0,25147.93900097,,,,0.8110757416038517
2022-03-01,Чувашская Республика - Чувашия,56.0,17491.31150457,5145.0,15222.874071910002,,10530.0,24953.320387190008,,,,0.8703106149548983
2022-03-01,Самарская область,75.0,53659.14036466,10335.0,29806.858370339993,,5119.0,14828.29845335,,,,0.5554852009886249
2022-03-01,Удмуртская Республика,82.0,46933.8588331,9485.0,24041.315970050007,,8471.0,22413.90648334,,,,0.5122382128335657
2022-03-01,Республика Башкортостан,122.0,93768.88264581,11712.0,35420.69395312998,,6960.0,18387.037755549998,,,,0.37774465210301544
2022-03-01,Кировская область,22.0,5052.484012,1880.0,4719.610029699999,,4176.0,9355.08291807,,,,0.9341167668201618
2022-03-01,Пензенская область,78.0,39649.26974571,10118.0,28038.101125330002,,3863.0,9669.800395970002,,,,0.7071530271591872
2022-03-01,Ульяновская область,56.0,15771.614316579999,4857.0,11564.188467419997,,3652.0,8617.94930145,,,,0.7332279521483783
2022-03-01,Оренбургская область,18.0,4980.7398481400005,2269.0,4641.49807943,,7716.0,15665.88647384,,,,0.931889281702459
2022-03-01,Саратовская область,28.0,8440.8712,3695.0,8270.75956914,,6060.0,11520.315086560002,,,,0.9798466737817301
2022-03-01,Республика Марий Эл,20.0,3229.445,1298.0,2685.75086057,,2247.0,5107.6473718199995,,,,0.8316447131225334
2022-03-01,Республика Мордовия,14.0,4475.195499,1193.0,3135.09037023,,1032.0,2872.67849752,,,,0.7005482488822105
2022-03-01,г. Санкт-Петербург,247.0,532454.60504071,52635.0,285211.03938087996,,5301.0,33492.91978665999,,,,0.5356532494616579
2022-03-01,Ленинградская область,149.0,160464.81576765,23116.0,83373.77901014997,,8900.0,36035.01313743,,,,0.5195766973046204
2022-03-01,Вологодская область,53.0,7119.99051832,2786.0,7781.720769839999,,2771.0,8351.152000240001,,,,1.0929397658349884
2022-03-01,Республика Карелия,13.0,3916.6495121999997,1945.0,5545.41456588,,1830.0,4138.869792330001,,,,1.4158567287183979
2022-03-01,Калининградская область,99.0,45690.00823188,9422.0,29668.160929639987,,6526.0,17667.114252800002,,,,0.649335863085688
2022-03-01,Архангельская область,34.0,6185.62375383,2752.0,8433.47256335,,625.0,1896.37659065,,,,1.363398890552983
2022-03-01,Новгородская область,4.0,861.540636,575.0,1641.5475769299999,,1101.0,2923.40071164,,,,1.9053629142224233
2022-03-01,Псковская область,16.0,3725.061474,1728.0,3352.9322886699997,,501.0,984.55639717,,,,0.9001011962010911
2022-03-01,Мурманская область,0.0,0.0,0.0,0.0,,0.0,0.0,,,,
2022-03-01,Ненецкий автономный округ,0.0,0.0,0.0,0.0,,0.0,0.0,,,,
2022-03-01,Республика Коми,5.0,1449.05897638,944.0,2636.85121266,,1541.0,4012.63964981,,,,1.819699029260569
2022-03-01,Ставропольский край,49.0,21054.58407832,8599.0,19585.000057660007,,7580.0,17629.4293533,,,,0.9302012324160215
2022-03-01,Республика Северная Осетия - Алания,5.0,1888.0965763499999,669.0,1205.19969129,,419.0,1166.1407993200003,,,,0.6383146425803327
2022-03-01,Республика Ингушетия,0.0,0.0,0.0,0.0,,10.0,20.403304,,,,
2022-03-01,Чеченская Республика,0.0,0.0,0.0,0.0,,0.0,0.0,,,,
2022-03-01,Кабардино-Балкарская Республика,1.0,131.39,59.0,89.43636627000001,,38.0,99.79161983000002,,,,0.6806938600350104
2022-03-01,Карачаево-Черкесская Республика,0.0,0.0,0.0,0.0,,0.0,0.0,,,,
2022-03-01,Республика Дагестан,0.0,0.0,273.0,1.37,,0.0,0.0,,,,inf
2022-03-01,Новосибирская область,223.0,147228.71051235998,20457.0,63655.30245250996,,19105.0,59645.44701747998,,,,0.43235658473804295
2022-03-01,Красноярский край,145.0,147411.33014320998,8211.0,30220.34974688,,6212.0,21884.484311959997,,,,0.20500696735807863
2022-03-01,Иркутская область,58.0,25533.27148515,4161.0,13163.974064630003,,3011.0,10710.586115830001,,,,0.5155615907771981
2022-03-01,Алтайский край,54.0,23323.16751809,7916.0,20487.94160279,,7225.0,17024.676841459997,,,,0.8784373557707833
2022-03-01,Республика Хакасия,19.0,5738.27117,1209.0,2980.7887953899994,,1272.0,3879.57870356,,,,0.519457639257923
2022-03-01,Республика Алтай,3.0,599.449,73.0,148.728548,,36.0,72.06458,,,,0.24810875987782113
2022-03-01,Кемеровская область,33.0,8893.550372310001,3937.0,9191.93548373,,1387.0,3080.36024501,,,,1.033550730465194
2022-03-01,Томская область,9.0,7934.245574,1035.0,3498.9004717999997,,800.0,2688.406637,,,,0.4409871662235495
2022-03-01,Омская область,17.0,5991.418143,1656.0,4959.1545749,,0.0,0.0,,,,0.8277096434496009
2022-03-01,Республика Тыва,0.0,0.0,3.0,12.670875,,0.0,0.0,,,,inf
2022-03-01,Тюменская область,224.0,181041.86243891998,23451.0,72772.56867309999,,16753.0,52196.654775339994,,,,0.4019654222108549
2022-03-01,Свердловская область,207.0,186176.62654963002,25354.0,90177.53057356998,,18392.0,65380.82921432,,,,0.4843654772610831
2022-03-01,Ханты-Мансийский автономный округ - Югра,41.0,29379.9731212,3581.0,14635.161883040008,,3750.0,14910.19530622,,,,0.4981339439170408
2022-03-01,Челябинская область,83.0,31728.900865040006,6312.0,14614.385492020005,,10614.0,24165.91969969,,,,0.4606016941520542
2022-03-01,Курганская область,23.0,5512.796219520001,1679.0,4200.16327194,,1989.0,4571.194130180001,,,,0.7618934393163019
2022-03-01,Ямало-Ненецкий автономный округ,7.0,3247.3157488800002,832.0,2742.05933087,,564.0,2822.4711623199996,,,,0.8444079796723607
2022-03-01,Ростовская область,121.0,101225.91557797999,20070.0,53474.67528498998,,16766.0,42062.97848728,,,,0.5282706012552234
2022-03-01,Краснодарский край,258.0,344706.3380297098,32602.0,103871.31045793997,,19432.0,53597.395472129996,,,,0.3013327548650626
2022-03-01,Республика Крым,52.0,43286.49111336,6059.0,21357.622941899994,,2526.0,7608.72813827,,,,0.4934015761630572
2022-03-01,Волгоградская область,44.0,21689.36106902,3870.0,9997.552884720002,,4113.0,8931.99253352,,,,0.46094271070990683
2022-03-01,г. Севастополь,6.0,4437.106886060001,1270.0,5243.26330786,,601.0,2362.2709645100003,,,,1.1816851481159245
2022-03-01,Республика Калмыкия,5.0,632.46783196,307.0,531.44706123,,278.0,613.44746412,,,,0.8402752430634465
2022-03-01,Астраханская область,17.0,6760.48150135,1276.0,4707.406989350001,,445.0,1483.2386931600001,,,,0.6963123837273986
2022-03-01,Республика Адыгея (Адыгея),3.0,2290.634,336.0,690.68458094,,1909.0,4406.512569569999,,,,0.30152550819554763
2023-03-01,г. Москва,913.0,5617206.872125631,156546.0,1787868.07670611,,114919.0,1060014.58542903,,,,0.31828417884662225
2023-03-01,Московская область,523.0,1487855.55693751,81431.0,428813.12622701,,65866.0,328897.90896939,,,,0.2882088413942861
2023-03-01,Воронежская область,118.0,65716.85786039,9927.0,32036.6859118,,22867.0,65334.92714986,,,,0.4874957043725261
2023-03-01,Калужская область,33.0,20332.32082259,1895.0,7447.46748168,,5352.0,16258.95275288,,,,0.3662871320329341
2023-03-01,Орловская область,26.0,9982.67796135,1764.0,5479.36564542,,4967.0,14013.07496481,,,,0.548887349329959
2023-03-01,Тверская область,44.0,16851.6206649,2785.0,8537.88528676,,5899.0,15154.15508221,,,,0.5066506929237636
2023-03-01,Владимирская область,63.0,17521.324922,2753.0,8088.88173645,,3014.0,8299.13174567,,,,0.46165925079635367
2023-03-01,Белгородская область,29.0,10140.20066643,1621.0,6168.0720931,,2971.0,10511.48817618,,,,0.6082790958486579
2023-03-01,Тульская область,95.0,73993.29204009,5714.0,20092.90593353,,4794.0,18222.44255227,,,,0.2715503713856054
2023-03-01,Ярославская область,49.0,20569.02933564,3833.0,13201.38318399,,5381.0,15414.78066531,,,,0.6418087586231371
2023-03-01,Смоленская область,18.0,6265.471642,1906.0,4121.31805328,,4246.0,9943.3154351,,,,0.6577825722892322
2023-03-01,Брянская область,19.0,9254.83898681,1784.0,5728.80780144,,4249.0,12902.6704081,,,,0.6190067498315961
2023-03-01,Тамбовская область,19.0,4650.99467,1220.0,3522.42138801,,2742.0,5966.607559,,,,0.7573479734841322
2023-03-01,Ивановская область,18.0,4101.442751,1258.0,3874.02341048,,2144.0,5486.44386963,,,,0.9445513800077909
2023-03-01,Липецкая область,25.0,21496.42491152,1121.0,3748.35193551,,2575.0,8038.76184818,,,,0.17437094544503756
2023-03-01,Курская область,18.0,7222.847,679.0,2238.36708784,,3086.0,9517.35511501,,,,0.30990094180868016
2023-03-01,Рязанская область,42.0,23260.785565,5957.0,14605.72749873,,2840.0,6634.59578973,,,,0.6279120478504786
2023-03-01,Костромская область,17.0,3795.59783139,746.0,2776.86037571,,2277.0,7182.1556515,,,,0.7316002640598716
2023-03-01,Приморский край,296.0,315964.13256984,11635.0,55553.19676984,,11479.0,53373.94016791,,,,0.17582121210406895
2023-03-01,Сахалинская область,27.0,60261.216455,1696.0,10919.9978312,,1626.0,10741.67974757,,,,0.18121104208632258
2023-03-01,Хабаровский край,61.0,43133.89799052,3840.0,20161.24908479,,4328.0,21180.4911934,,,,0.4674107841869764
2023-03-01,Амурская область,22.0,9289.937957,946.0,4923.9286493,,1737.0,8115.79079659,,,,0.53002815218909
2023-03-01,Республика Саха (Якутия),47.0,82140.8158851,2337.0,11711.34958744,,2642.0,12766.42381021,,,,0.142576494538623
2023-03-01,Республика Бурятия,12.0,7895.928432,1531.0,5155.12074525,,2038.0,6250.23649945,,,,0.6528834182890679
2023-03-01,Еврейская автономная область,1.0,149.983,11.0,192.8741958,,0.0,0.0,,,,1.285973715687778
2023-03-01,Забайкальский край,19.0,8259.190727,539.0,2420.36519603,,971.0,4099.68054881,,,,0.29305113249384346
2023-03-01,Камчатский край,0.0,0.0,0.0,0.0,,0.0,0.0,,,,
2023-03-01,Магаданская область,2.0,203.887,11.0,65.4138255,,0.0,0.0,,,,0.3208337240726481
2023-03-01,Чукотский автономный округ,0.0,0.0,0.0,0.0,,0.0,0.0,,,,
2023-03-01,Республика Татарстан (Татарстан),307.0,340931.78619946,14780.0,74734.56558762,,30489.0,123734.29577777,,,,0.21920679916860852
2023-03-01,Нижегородская область,190.0,118262.5168128,11384.0,52025.24814254,,16609.0,70513.44602733,,,,0.4399132501542459
2023-03-01,Пермский край,138.0,87990.15435443,10450.0,40665.46245923,,20726.0,68102.25563434,,,,0.4621592354006666
2023-03-01,Чувашская Республика - Чувашия,66.0,26682.86531556,5262.0,17384.53465355,,15573.0,41261.48102917,,,,0.651524281517558
2023-03-01,Самарская область,98.0,98459.36220238,8486.0,34387.67016385,,12435.0,41331.03210741,,,,0.3492574946115055
2023-03-01,Удмуртская Республика,96.0,61303.36322413,9397.0,29503.51406744,,16493.0,47125.91891786,,,,0.4812707250591259
2023-03-01,Республика Башкортостан,150.0,136429.45484527,11717.0,43751.00244365,,15731.0,48867.83535405,,,,0.32068589948753906
2023-03-01,Кировская область,36.0,8709.099468,1865.0,7327.32491382,,6560.0,17498.44532677,,,,0.8413412822695298
2023-03-01,Пензенская область,100.0,61270.88346383,9160.0,30193.24736431,,10059.0,27786.13806074,,,,0.49278296080280864
2023-03-01,Ульяновская область,58.0,20661.51989268,3004.0,8544.86200091,,8648.0,23905.09194461,,,,0.41356405749885267
2023-03-01,Оренбургская область,24.0,7477.88885297,1678.0,4015.21640837,,11741.0,26489.34125285,,,,0.5369451843049623
2023-03-01,Саратовская область,30.0,9935.48129,3058.0,8292.03540886,,9582.0,20455.98460436,,,,0.8345881962664337
2023-03-01,Республика Марий Эл,32.0,4928.283345,1618.0,3728.13495368,,3782.0,9496.56232337,,,,0.7564773964269702
2023-03-01,Республика Мордовия,18.0,5587.032499,617.0,2031.06374153,,2222.0,6693.16947237,,,,0.3635317571346742
2023-03-01,г. Санкт-Петербург,410.0,1066094.38353291,51619.0,332554.80533554,,43624.0,280376.37159653,,,,0.3119374892807267
2023-03-01,Ленинградская область,243.0,312498.89398346,25311.0,118091.97707646,,23702.0,102234.21480867,,,,0.37789566411300773
2023-03-01,Вологодская область,46.0,8034.17285079,2153.0,6003.88150417,,5912.0,18733.1670301,,,,0.7472930463002969
2023-03-01,Республика Карелия,14.0,6367.370018,1591.0,5330.26463619,,3499.0,9670.46616164,,,,0.8371218605361094
2023-03-01,Калининградская область,104.0,62018.69483449,6812.0,24889.9889228,,12422.0,37925.36439763,,,,0.40133042124192064
2023-03-01,Архангельская область,42.0,14103.70480847,3922.0,14669.18503536,,2420.0,8430.96408403,,,,1.040094445719709
2023-03-01,Новгородская область,3.0,809.0,378.0,1295.0108789,,2065.0,5962.52194059,,,,1.600755103708282
2023-03-01,Псковская область,22.0,6163.36945315,1246.0,3057.39861638,,1765.0,3923.14122668,,,,0.49605960499697327
2023-03-01,Мурманская область,0.0,0.0,0.0,0.0,,0.0,0.0,,,,
2023-03-01,Ненецкий автономный округ,0.0,0.0,0.0,0.0,,0.0,0.0,,,,
2023-03-01,Республика Коми,4.0,1664.99272014,760.0,2059.67805996,,2644.0,7536.01144945,,,,1.2370492885919724
2023-03-01,Ставропольский край,68.0,40880.72071954,6673.0,17329.83255448,,16006.0,42766.33521576,,,,0.42391210941143603
2023-03-01,Республика Северная Осетия - Алания,9.0,5283.52564163,971.0,2978.64873072,,956.0,2698.89143139,,,,0.5637615737587428
2023-03-01,Республика Ингушетия,0.0,,4.0,0.0,,18.0,35.135304,,,,
2023-03-01,Чеченская Республика,0.0,,1.0,0.0,,0.0,0.0,,,,
2023-03-01,Кабардино-Балкарская Республика,3.0,1618.546,192.0,440.95145784,,50.0,124.03880063,,,,0.2724367783430313
2023-03-01,Карачаево-Черкесская Республика,0.0,,19.0,75.23816028,,0.0,0.0,,,,
2023-03-01,Республика Дагестан,1.0,1938.289268,422.0,313.80834435,,0.0,0.0,,,,0.1618996449760047
2023-03-01,Новосибирская область,302.0,237908.39389713,20935.0,77746.8274125,,37026.0,124748.47062423,,,,0.3267931246096227
2023-03-01,Красноярский край,141.0,151556.379828,7433.0,33986.39924556,,16227.0,65734.13231327,,,,0.22424921526979508
2023-03-01,Иркутская область,71.0,46101.02286721,4672.0,16062.41900452,,7125.0,27185.40523959,,,,0.34841784423713124
2023-03-01,Алтайский край,40.0,25247.71736743,5093.0,16911.85133788,,14771.0,38598.91114046,,,,0.6698368447238953
2023-03-01,Республика Хакасия,32.0,11193.79137301,1553.0,4361.35992774,,2351.0,7313.89494224,,,,0.3896231207467318
2023-03-01,Республика Алтай,4.0,863.5609,265.0,910.69213241,,94.0,217.71565,,,,1.0545777748969414
2023-03-01,Кемеровская область,50.0,20235.05701129,4469.0,12554.59350206,,3692.0,8430.73654044,,,,0.6204377627923291
2023-03-01,Томская область,22.0,14416.994735,1419.0,6428.01678202,,1854.0,6960.264474,,,,0.44586385028044473
2023-03-01,Омская область,39.0,23186.42358,1588.0,6278.34964471,,1411.0,4788.8429321,,,,0.2707769752867596
2023-03-01,Республика Тыва,1.0,1095.682,202.0,789.46619616,,146.0,651.2257545,,,,0.7205249298245293
2023-03-01,Тюменская область,285.0,281758.92578783,22041.0,82441.8547663,,38598.0,129511.92527702,,,,0.2925971361360894
2023-03-01,Свердловская область,219.0,273319.27529291,25511.0,106278.36591776,,40469.0,156389.01213909,,,,0.38884328887475617
2023-03-01,Ханты-Мансийский автономный округ - Югра,54.0,40375.11955334,2860.0,12323.99107201,,7104.0,31130.41496787,,,,0.3052372651362343
2023-03-01,Челябинская область,133.0,69887.82388383,4382.0,14211.68174763,,18194.0,48020.29068096,,,,0.2033498964176243
2023-03-01,Курганская область,25.0,6507.14224036,861.0,2367.3391726,,4346.0,11296.29299383,,,,0.36380627396106063
2023-03-01,Ямало-Ненецкий автономный округ,8.0,3282.0707356,512.0,2386.61427664,,1251.0,6723.72801494,,,,0.7271672273095295
2023-03-01,Ростовская область,136.0,135506.20053881,17003.0,59078.36414667,,32402.0,91912.19623274,,,,0.4359827366700427
2023-03-01,Краснодарский край,352.0,684657.13375327,32559.0,145865.76995119,,50519.0,175640.20090837,,,,0.2130493684503924
2023-03-01,Республика Крым,66.0,87550.31895512,5034.0,22194.76382907,,5665.0,19647.31502356,,,,0.2535086575806476
2023-03-01,Волгоградская область,54.0,30918.585956,3974.0,12811.26508864,,8409.0,21914.35715191,,,,0.414354819035761
2023-03-01,г. Севастополь,8.0,9984.57737606,468.0,2210.43624204,,1698.0,6800.06902208,,,,0.2213850580536296
2023-03-01,Республика Калмыкия,8.0,1350.487,371.0,709.6554356,,430.0,1048.44733237,,,,0.5254811305847447
2023-03-01,Астраханская область,31.0,14906.2043447,1615.0,6354.57950753,,1257.0,5506.1572324,,,,0.42630433345625063
2023-03-01,Республика Адыгея (Адыгея),10.0,8175.120405,892.0,2860.01096603,,2364.0,6150.23204776,,,,0.349843283565681
2024-03-01,г. Москва,1199.0,6939564.859308565,196509.0,2262715.03699439,,212653.0,2206363.78389089,,,,0.3260600747839742
2024-03-01,Московская область,649.0,1917593.4832233994,81047.0,436060.68019827,,137359.0,746485.6921520401,,,,0.22739995938308527
2024-03-01,Воронежская область,159.0,93937.47213424,12675.0,48416.93417371,,35941.0,117542.99451926,,,,0.5154166178170142
2024-03-01,Калужская область,33.0,23069.17768711,2738.0,10366.06849174,,7776.0,27068.01574143,,,,0.4493471172807379
2024-03-01,Орловская область,26.0,13671.181182,1644.0,6275.62072938,,7125.0,21676.13535496,,,,0.4590401257824541
2024-03-01,Тверская область,52.0,22645.7613,2731.0,9618.51755118,,9568.0,28909.09298195,,,,0.42473809662473133
2024-03-01,Владимирская область,55.0,20394.10856,3627.0,12681.125250950001,,5533.0,17345.9991507,,,,0.6218033611835397
2024-03-01,Белгородская область,28.0,11517.122113,2081.0,9607.44742343,,5405.0,21045.913438400003,,,,0.834188205105992
2024-03-01,Тульская область,102.0,85824.2478034,8778.0,30761.96437999,,10678.0,43700.52355723,,,,0.35842975810818983
2024-03-01,Ярославская область,52.0,22479.078800310002,3848.0,14114.57009861,,10202.0,34543.65272449,,,,0.6278980657523808
2024-03-01,Смоленская область,24.0,9487.41514072,2317.0,7484.77523645,,6110.0,15366.00577332,,,,0.7889161721537127
2024-03-01,Брянская область,18.0,7807.85814444,2386.0,8456.7803152,,6838.0,22980.708355759998,,,,1.0831114191312632
2024-03-01,Тамбовская область,18.0,5917.72567,1638.0,4593.58143072,,4211.0,11606.15861533,,,,0.7762410234741416
2024-03-01,Ивановская область,48.0,14615.2109675,2254.0,7048.38005341,,3444.0,10491.41159039,,,,0.48226331245464454
2024-03-01,Липецкая область,62.0,47194.1453306,3235.0,11661.48036423,,2951.0,9636.20552118,,,,0.24709591163353192
2024-03-01,Курская область,20.0,8072.292412,1626.0,5813.47216453,,4442.0,15429.690958309999,,,,0.7201761120407242
2024-03-01,Рязанская область,59.0,36979.322581,9598.0,29780.257737189997,,6987.0,16865.17631789,,,,0.8053218841951181
2024-03-01,Костромская область,23.0,5709.967,994.0,4085.28355296,,3869.0,13987.661900969999,,,,0.7154653525948574
2024-03-01,Приморский край,341.0,374637.7909501201,18195.0,91055.44814536,,19964.0,98964.44798621001,,,,0.24304928745825133
2024-03-01,Сахалинская область,120.0,72317.327098,1485.0,16795.19894212,,3235.0,21689.172467009997,,,,0.23224308220573722
2024-03-01,Хабаровский край,195.0,115973.860912,6859.0,44442.18754586,,8865.0,46635.119249339994,,,,0.38320865750586985
2024-03-01,Амурская область,133.0,69968.18556824997,1659.0,18774.745947509997,,3434.0,18832.28372264,,,,0.2683326113865895
2024-03-01,Республика Саха (Якутия),95.0,130561.38966741001,4380.0,22781.68828942,,4478.0,24382.375740310003,,,,0.17449024054855503
2024-03-01,Республика Бурятия,32.0,25515.412203,3648.0,14517.77655462,,3082.0,11290.758872979999,,,,0.5689806787802182
2024-03-01,Еврейская автономная область,0.0,0.0,0.0,0.0,,11.0,192.87419580000002,,,,
2024-03-01,Забайкальский край,27.0,13107.82283572,1422.0,9115.45065832,,2007.0,10094.09735608,,,,0.695420648612947
2024-03-01,Камчатский край,4.0,4680.94388116,185.0,2284.0124086799997,,0.0,0.0,,,,0.48793843008303506
2024-03-01,Магаданская область,3.0,7620.8197537,6.0,0.0,,11.0,69.0714355,,,,0.0
2024-03-01,Чукотский автономный округ,0.0,0.0,0.0,0.0,,1.0,396.5475,,,,
2024-03-01,Республика Татарстан (Татарстан),387.0,477620.47322585015,24579.0,138958.80047545,,45376.0,209678.11672810998,,,,0.2909397906185257
2024-03-01,Нижегородская область,331.0,166498.90909149,11993.0,62219.9507095,,29566.0,139384.02682685,,,,0.37369584611098305
2024-03-01,Пермский край,180.0,138478.13409372998,14795.0,66184.31093314,,30806.0,113963.71041831,,,,0.47794051650307945
2024-03-01,Чувашская Республика - Чувашия,82.0,31615.58392112,6735.0,28361.93760636,,21280.0,63417.634354099995,,,,0.8970872616846882
2024-03-01,Самарская область,138.0,127236.50237522,11754.0,56866.10718508,,22990.0,85464.73262928,,,,0.446932335638888
2024-03-01,Удмуртская Республика,109.0,76925.65162109,13231.0,45142.20783052,,25464.0,79980.19363055,,,,0.5868290599977677
2024-03-01,Республика Башкортостан,178.0,211042.194232,17527.0,80662.51761734,,31091.0,113660.66162744,,,,0.38221038172426874
2024-03-01,Кировская область,43.0,14977.26835,2896.0,11726.53181812,,9682.0,31346.8126568,,,,0.7829553122829638
2024-03-01,Пензенская область,117.0,67202.92776623,9893.0,36610.87971861,,17631.0,56330.359164919995,,,,0.5447810227251327
2024-03-01,Ульяновская область,70.0,23684.573115479998,3496.0,11189.227635700001,,13272.0,41300.09286642,,,,0.47242682319601675
2024-03-01,Оренбургская область,39.0,14864.089412,3552.0,10470.65854765,,15851.0,39597.13748866,,,,0.7044265045389786
2024-03-01,Саратовская область,30.0,10556.645578,3535.0,11591.85100758,,14632.0,37209.494020449994,,,,1.0980619669317462
2024-03-01,Республика Марий Эл,33.0,7947.332333,2157.0,6186.05640501,,6117.0,17610.205398740003,,,,0.7783814927838629
2024-03-01,Республика Мордовия,21.0,6305.857076,1189.0,4953.79163042,,3548.0,11580.68122771,,,,0.7855857769555321
2024-03-01,г. Санкт-Петербург,442.0,1277629.9018653603,67233.0,440014.83107949,,87973.0,600137.59342801,,,,0.344399289995531
2024-03-01,Ленинградская область,309.0,486011.2811008099,22247.0,91554.14727033,,49172.0,243924.58972587,,,,0.18837864640294133
2024-03-01,Вологодская область,46.0,12619.34795474,3840.0,11172.33074784,,8733.0,31542.10740186,,,,0.8853334409915783
2024-03-01,Республика Карелия,21.0,11334.39548306,2000.0,8003.4717249,,5684.0,18484.951689240002,,,,0.7061225044477859
2024-03-01,Калининградская область,121.0,73789.68432113998,7190.0,29528.63634702,,20703.0,70831.74997964999,,,,0.400172959386958
2024-03-01,Архангельская область,66.0,31546.497515910003,5307.0,22457.87037371,,5083.0,19436.521083919997,,,,0.7118974257723448
2024-03-01,Новгородская область,2.0,333.0,633.0,2312.8812005500004,,3299.0,10817.02144748,,,,6.945589190840842
2024-03-01,Псковская область,24.0,7494.018900690001,1777.0,5289.376030439999,,3494.0,9213.27045073,,,,0.7058130090855506
2024-03-01,Мурманская область,0.0,0.0,10.0,51.249,,0.0,0.0,,,,inf
2024-03-01,Ненецкий автономный округ,0.0,0.0,0.0,0.0,,0.0,0.0,,,,
2024-03-01,Республика Коми,4.0,1562.42382,788.0,3179.48266534,,4103.0,12201.140496639999,,,,2.034968121095338
2024-03-01,Ставропольский край,96.0,73054.11002619,12653.0,43208.53535998,,27624.0,82840.90284011001,,,,0.5914593353404713
2024-03-01,Республика Северная Осетия - Алания,21.0,10003.921849,1391.0,5633.14457262,,1928.0,6315.24813196,,,,0.5630936204467745
2024-03-01,Республика Ингушетия,0.0,0.0,2.0,0.0003,,30.0,62.728404,,,,inf
2024-03-01,Чеченская Республика,1.0,1119.662,56.0,43.11,,1.0,2.462689,,,,0.03850269099067397
2024-03-01,Кабардино-Балкарская Республика,4.0,1409.023,581.0,1746.0821254100001,,237.0,980.0111510199999,,,,1.2392147788999897
2024-03-01,Карачаево-Черкесская Республика,4.0,2379.6591388899997,145.0,750.8814184400001,,0.0,0.0,,,,0.3155415858383194
2024-03-01,Республика Дагестан,8.0,7328.626669,1048.0,3272.1857439699997,,0.0,0.0,,,,0.44649371454699754
2024-03-01,Новосибирская область,518.0,362605.08879090997,31511.0,128703.39749044001,,61763.0,235574.68829758,,,,0.3549409577223408
2024-03-01,Красноярский край,157.0,184328.34491413,11412.0,54589.54639717,,27213.0,122379.5451636,,,,0.29615383582270394
2024-03-01,Иркутская область,83.0,73363.46258051001,6540.0,26842.45549666,,13756.0,56584.07571359,,,,0.36588315971595187
2024-03-01,Алтайский край,52.0,34964.82175264,9347.0,32791.94541707,,20148.0,60525.39957557,,,,0.9378553578524697
2024-03-01,Республика Хакасия,33.0,14861.47331,2558.0,9268.60748368,,4386.0,14535.329992280002,,,,0.6236667987314106
2024-03-01,Республика Алтай,16.0,3279.654128,454.0,1758.55973,,405.0,1536.241821,,,,0.5362028010778093
2024-03-01,Кемеровская область,63.0,31023.170529,7555.0,27527.672899669997,,7086.0,18918.22482222,,,,0.8873262284374686
2024-03-01,Томская область,41.0,18798.50706932,2158.0,10949.08037944,,3690.0,15793.645695629999,,,,0.5824441451156186
2024-03-01,Омская область,60.0,39865.00628481,4347.0,18895.7160533,,2320.0,9022.66446556,,,,0.47399255172072924
2024-03-01,Республика Тыва,15.0,8929.149,2155.0,10389.727170540002,,365.0,1591.4582771199998,,,,1.1635741738143246
2024-03-01,Тюменская область,459.0,444446.1853787198,34995.0,143205.4021147,,62991.0,233880.30871266001,,,,0.32221089262510455
2024-03-01,Свердловская область,376.0,480370.69000732,45012.0,193319.8263627,,66963.0,281926.61134304997,,,,0.4024388464661617
2024-03-01,Ханты-Мансийский автономный округ - Югра,68.0,51476.603883,5449.0,26050.23924467,,9820.0,45189.99503206,,,,0.506059787935486
2024-03-01,Челябинская область,138.0,99055.41846581001,8468.0,35254.8913169,,27370.0,81710.1037352,,,,0.35591078068150894
2024-03-01,Курганская область,45.0,16433.60140064,2646.0,8536.8670298,,5800.0,15543.17050734,,,,0.5194763352035261
2024-03-01,Ямало-Ненецкий автономный округ,22.0,15632.22342359,1217.0,7617.7543947700005,,1926.0,10124.73708384,,,,0.48731099782480936
2024-03-01,Ростовская область,165.0,204467.86644147,27419.0,108230.72517632,,53363.0,180132.6786717,,,,0.5293287745402362
2024-03-01,Краснодарский край,349.0,1009055.3742383401,68156.0,348248.73253789,,82310.0,354970.24549982,,,,0.34512350999642294
2024-03-01,Республика Крым,97.0,148846.86599875,9786.0,50340.807406198,,8608.0,32116.4760685,,,,0.33820535668262414
2024-03-01,Волгоградская область,79.0,48465.97731793,9452.0,31582.481627560002,,13453.0,39376.82910496,,,,0.6516423143679402
2024-03-01,г. Севастополь,9.0,12135.57561,1078.0,5825.63672801,,2265.0,9588.47843318,,,,0.48004618118068815
2024-03-01,Республика Калмыкия,7.0,1570.743817,560.0,1378.29505822,,781.0,1974.4490990699999,,,,0.8774792192736036
2024-03-01,Астраханская область,69.0,35155.92043947,5605.0,20034.40965903,,2458.0,11116.483441620001,,,,0.5698729946076767
2024-03-01,Республика Адыгея (Адыгея),25.0,19363.672377,3288.0,11313.44874437,,3480.0,11131.40116371,,,,0.5842615245756799
2025-03-01,г. Москва,1371.0,8260476.869254308,221943.0,2701015.9310718398,,321100.0,3502641.016991,3618270.8636874496,,0.7464935691185879,0.3269806300317946
2025-03-01,Московская область,711.0,2091436.6492891298,81891.0,457367.10067290004,,196130.0,1118576.9203798,676386.92779491,,0.6761915138779562,0.21868561059612163
2025-03-01,Воронежская область,178.0,133471.5317845,11313.0,45987.08269075,,48345.0,173683.00246127,57172.15942911,,0.8043614785579543,0.34454600225162374
2025-03-01,Калужская область,42.0,29718.392284,2356.0,9136.54742189,,10517.0,39825.3114412,13439.660259040002,,0.6798198202774083,0.3074374728813644
2025-03-01,Орловская область,30.0,18909.229748,1337.0,4711.196803270001,,9084.0,30338.984190720003,8356.971657510001,,0.5637444993649439,0.24914800158733574
2025-03-01,Тверская область,47.0,28056.224215,1960.0,7287.20215683,,12635.0,41185.467828160006,13571.170484299999,,0.5369619492482467,0.2597356686696981
2025-03-01,Владимирская область,61.0,29269.641181,4037.0,15011.38057188,,7741.0,26023.51296552,16612.99648797,,0.9035925928684942,0.5128652066163503
2025-03-01,Белгородская область,27.0,10434.673248,1493.0,6666.96562935,,7445.0,31120.48763502,6233.34872935,,1.069564036736513,0.6389242356609345
2025-03-01,Тульская область,107.0,109242.04463266,10852.0,41998.31739379,,15754.0,67851.79168295,38386.55829087,,1.0940891620330295,0.38445195286315426
2025-03-01,Ярославская область,81.0,47962.88684917,4257.0,16139.58417779,,14100.0,49999.18500352,16171.87241526,,0.9980034323397499,0.33650151686124574
2025-03-01,Смоленская область,32.0,11701.867536,2185.0,7537.922560149999,,8613.0,24612.06624775,5265.17193985,,1.4316574361225416,0.6441640650058713
2025-03-01,Брянская область,29.0,13811.93893245,2505.0,8870.539066379999,,9478.0,33374.89425564,6145.9016566499995,,1.443325904309237,0.6422370609776884
2025-03-01,Тамбовская область,27.0,9520.776555,1822.0,6626.20459621,,5568.0,17016.3296837,4517.0832775,,1.4669210614769324,0.6959731234034827
2025-03-01,Ивановская область,49.0,13500.463353,1607.0,5920.92085534,,5639.0,17643.01288665,4606.0032687600005,,1.2854790823745972,0.43857167717316053
2025-03-01,Липецкая область,74.0,49285.09454426,3144.0,12451.79650359,,5755.0,20985.496702189997,20923.153018200002,,0.5951204626166432,0.25264832336697224
2025-03-01,Курская область,21.0,9485.45905815,1327.0,5500.13866384,,6517.0,24678.93968819,5871.50733947,,0.9367507091179891,0.5798494970166179
2025-03-01,Рязанская область,70.0,53653.176852,10282.0,32182.098856080003,,14050.0,38882.275453099996,32748.805694619998,,0.98269534334093,0.5998172101691751
2025-03-01,Костромская область,26.0,8018.119197,897.0,3959.4869753400003,,5283.0,20573.00329668,3601.55094078,,1.0993838600218384,0.4938174250167611
2025-03-01,Приморский край,380.0,448501.59231127,23562.0,123403.65628350999,,29794.0,152649.6653613,179758.92263637,,0.6864953042311022,0.27514652879507534
2025-03-01,Сахалинская область,54.0,54162.41016726001,1425.0,18578.784214799998,,4542.0,33812.65097473,22472.44652048,,0.8267361632329814,0.3430198943774195
2025-03-01,Хабаровский край,216.0,158528.13578825,10607.0,74170.74693181,,13341.0,74917.33372582,72619.0791382,,1.0213672193592134,0.46787118616522266
2025-03-01,Амурская область,144.0,79920.24004782998,2555.0,32029.11596518,,4448.0,25235.711418580002,22726.07837525,,1.4093551661804327,0.40076351054515713
2025-03-01,Республика Саха (Якутия),128.0,151753.99403109003,5062.0,31525.41561611,,7287.0,43742.80579048,21678.85786353,,1.4542009461275498,0.2077402694893905
2025-03-01,Республика Бурятия,43.0,28708.19028006,5290.0,22588.05428547,,6113.0,26568.20713741,13659.18738749,,1.6536894651696232,0.7868156809995476
2025-03-01,Еврейская автономная область,2.0,1575.3452848,3.0,1810.842095,,11.0,192.87419580000002,,,,1.1494890120104038
2025-03-01,Забайкальский край,33.0,23059.96381934,1437.0,15764.00139786,,4311.0,26885.21065894,12151.761489440001,,1.2972605997541238,0.6836091123715902
2025-03-01,Камчатский край,11.0,17806.13973504,357.0,9769.04339787,,121.0,1843.0563983499999,4656.27651797,,2.0980376401977554,0.5486334232593876
2025-03-01,Магаданская область,6.0,7594.03792693,8.0,3686.1135,,11.0,69.0714355,,,,0.4853957190453702
2025-03-01,Чукотский автономный округ,0.0,0.0,0.0,0.0,,1.0,396.5475,,,,
2025-03-01,Республика Татарстан (Татарстан),476.0,610568.2479146301,31911.0,184304.49832667,,58963.0,300454.50498961,204827.64453073,,0.8998028500934065,0.30185732546059213
2025-03-01,Нижегородская область,351.0,238885.20146006995,11884.0,68306.33548286,,38769.0,192998.92430083,67146.86720035,,1.0172676452506777,0.2859379110358057
2025-03-01,Пермский край,266.0,181259.65993032002,13881.0,66726.03502783,,42194.0,167661.59882718,79474.75172884,,0.839587838606815,0.3681240219334014
2025-03-01,Чувашская Республика - Чувашия,85.0,42969.947847,6569.0,31177.883497990002,,26490.0,86626.42356610001,25136.36755592,,1.2403496021702283,0.7255741526380913
2025-03-01,Самарская область,148.0,158222.59537390998,11792.0,61017.76958225,,30504.0,124862.60957366001,61463.95513287,,0.992740695751592,0.38564510611176267
2025-03-01,Удмуртская Республика,114.0,80827.88347326999,12202.0,44534.79927224,,35626.0,121382.7739192,39165.65866892,,1.1370879690472484,0.5509831181830684
2025-03-01,Республика Башкортостан,218.0,247564.01403845003,20831.0,102806.31212175,,44237.0,179311.15132985,113274.4091654,,0.9075863902466728,0.41527163194963707
2025-03-01,Кировская область,55.0,18910.07871243,3287.0,13641.5947832,,13171.0,49428.95967834,10524.48073717,,1.2961774669814428,0.721392808070814
2025-03-01,Пензенская область,159.0,104314.47106952,7744.0,27824.236456360002,,26952.0,94685.56285248,47055.40755418,,0.5913079474303339,0.26673419489244826
2025-03-01,Ульяновская область,71.0,26594.386878,3223.0,12504.282290059999,,17319.0,57938.66490414,15479.560284860001,,0.8077931194395739,0.4701850186440684
2025-03-01,Оренбургская область,62.0,33705.300191,2977.0,10930.56907664,,21074.0,57186.59142333,7030.1117595,,1.5548215235510583,0.3242982265311105
2025-03-01,Саратовская область,35.0,14921.84163075,1718.0,7418.7128601,,18457.0,51933.00059889,7285.5365946,,1.0182795410840033,0.49717139771889685
2025-03-01,Республика Марий Эл,44.0,18621.82241153,2347.0,7106.16158767,,7953.0,25182.0404668,7761.69732749,,0.9155422181307875,0.38160398217900016
2025-03-01,Республика Мордовия,25.0,6581.941566,887.0,4340.998461560001,,4839.0,17686.92071321,3705.37294315,,1.171541577099563,0.6595316014326342
2025-03-01,г. Санкт-Петербург,412.0,1356331.06072102,70513.0,398770.1556857,,134864.0,994362.28251702,592799.45107037,,0.672689819408019,0.29400650566368025
2025-03-01,Ленинградская область,370.0,515024.06757422007,26227.0,108422.83945068,,65419.0,332645.02040154,202182.46154944,,0.5362623375923593,0.210519947080056
2025-03-01,Вологодская область,65.0,20818.459897519995,4351.0,11645.72956666,,11337.0,44882.61578329,8303.904139260001,,1.4024402704265568,0.5593943847905531
2025-03-01,Республика Карелия,24.0,12763.424099,2009.0,7997.53095217,,7713.0,26561.53594114,7176.64993476,,1.1143822012878286,0.626597603443781
2025-03-01,Калининградская область,151.0,90617.27578824002,8317.0,33396.06230043,,28617.0,109223.18762174,41519.81542534,,0.8043403362541929,0.3685396852855294
2025-03-01,Архангельская область,74.0,40787.959899240006,5926.0,27144.952687970002,,8893.0,35856.126906569996,16980.68387714,,1.59857829545449,0.665513861321507
2025-03-01,Новгородская область,9.0,5957.20378,785.0,3122.54405063,,4234.0,15095.11533165,,,,0.5241627055151704
2025-03-01,Псковская область,30.0,9437.249458010001,1583.0,5398.36941756,,5291.0,15353.49890477,4814.95200997,,1.1211678551275188,0.5720278394228582
2025-03-01,Мурманская область,2.0,2600.127,132.0,650.58024576,,0.0,0.0,,,,0.2502109496036155
2025-03-01,Ненецкий автономный округ,0.0,0.0,0.0,0.0,,0.0,0.0,,,,
2025-03-01,Республика Коми,6.0,3549.825106,729.0,2278.88774813,,4766.0,15195.55449766,,,,0.6419718380711684
2025-03-01,Ставропольский край,158.0,129432.529252,14063.0,48788.08126323,,41605.0,141150.76264365,55391.073417,,0.8807932082474595,0.3769383287584649
2025-03-01,Республика Северная Осетия - Алания,28.0,15917.46845025,1924.0,8818.25364357,,2449.0,8600.24678365,6260.576727199999,,1.4085369492011488,0.5539984998953461
2025-03-01,Республика Ингушетия,1.0,551.3850975700001,17.0,24.48736305,,30.0,62.728404,,,,0.04441063633732185
2025-03-01,Чеченская Республика,2.0,2347.769,86.0,423.58408029000003,,42.0,45.112189,,,,0.18041982847971844
2025-03-01,Кабардино-Балкарская Республика,10.0,5374.312844,824.0,2921.59439462,,373.0,1504.85152948,1415.89106045,,2.0634316270712634,0.5436219437582112
2025-03-01,Карачаево-Черкесская Республика,26.0,39683.062523010005,683.0,3583.03953822,,23.0,126.456,6288.65624181,,0.5697623467471852,0.09029140672150478
2025-03-01,Республика Дагестан,30.0,46368.19883607,1692.0,6495.91734859,,20.0,112.896351,8437.7753318,,0.7698613785209958,0.1400942350932295
2025-03-01,Новосибирская область,551.0,423608.6270714399,29392.0,125735.35264063001,,86827.0,357013.67785061,153508.9620992,,0.8190749968029735,0.2968196221825889
2025-03-01,Красноярский край,159.0,206381.85683524003,10069.0,49778.73106765,,36229.0,172644.58002889002,67760.62870352,,0.7346261689136913,0.2411972245573391
2025-03-01,Иркутская область,94.0,93389.531429,6741.0,29546.30644596,,19100.0,85588.67816316,39480.86719666,,0.7483702497917664,0.3163770713254169
2025-03-01,Алтайский край,98.0,58630.993270180006,8721.0,37180.405457709996,,26600.0,85943.44493835,29708.35776991,,1.2515133197758925,0.634142513778973
2025-03-01,Республика Хакасия,36.0,20326.938613,2289.0,9460.98860814,,6272.0,22216.15013793,11623.180493799999,,0.8139758832091313,0.4654409002883134
2025-03-01,Республика Алтай,41.0,5472.481586,684.0,2919.75801298,,608.0,2262.869521,2859.00824975,,1.0212485442234427,0.5335345523042935
2025-03-01,Кемеровская область,108.0,60349.633179,5711.0,24650.01492361,,12416.0,40231.68216129,23708.49617748,,1.0397122929721845,0.4084534341823891
2025-03-01,Томская область,53.0,23754.350156389995,1884.0,9515.9202265,,6061.0,27622.1072882,10440.74627218,,0.9114214614960757,0.4005969501944126
2025-03-01,Омская область,72.0,57060.06213064,5424.0,28038.690100919997,,3706.0,15973.94036126,23979.39496914,,1.1692826335695317,0.4913890566176555
2025-03-01,Республика Тыва,20.0,12279.590201,2589.0,14425.64462328,,1014.0,4515.9404784,6101.01122947,,2.3644678038943994,1.1747659642668884
2025-03-01,Тюменская область,513.0,571346.2441360301,35970.0,144437.28326376,,87655.0,346377.83898531,204572.85977836,,0.7060432328132257,0.25280166754604827
2025-03-01,Свердловская область,524.0,629229.96960064,45825.0,210414.56031104998,,99370.0,444548.62483814004,247120.34062138002,,0.851465969098157,0.3344000929335836
2025-03-01,Ханты-Мансийский автономный округ - Югра,95.0,84142.60534737,5488.0,28785.29864623,,12994.0,60188.471818879996,40719.78555928,,0.706911842753304,0.34210134719972424
2025-03-01,Челябинская область,170.0,130605.91349170996,7772.0,36266.422511699995,,37324.0,127305.13078627,60640.572741129996,,0.5980554086538497,0.2776782577612916
2025-03-01,Курганская область,58.0,23169.69224414,2740.0,9398.01787107,,7931.0,23300.32382696,14040.42245804,,0.6693543516340843,0.40561686240985423
2025-03-01,Ямало-Ненецкий автономный округ,35.0,24110.472033,1984.0,13620.1974385,,2334.0,15141.43845293,10333.87615043,,1.318014386879724,0.5649079545127959
2025-03-01,Ростовская область,199.0,316694.90683592006,27920.0,120979.1995283,,75629.0,279653.17961795,142123.19955954998,,0.8512276665823965,0.3820055104043067
2025-03-01,Краснодарский край,349.0,1181229.9089503197,61218.0,312929.96378475,,133718.0,676892.2615974001,647241.1099019101,,0.48348283042802215,0.2649187608725807
2025-03-01,Республика Крым,136.0,245558.97077807,17153.0,91821.09406416,,14743.0,68451.84893844,100488.22130891,,0.9137498193135846,0.37392685664554925
2025-03-01,Волгоградская область,116.0,73261.07790401998,7707.0,28033.44589734,,22244.0,73172.98352225,27036.11718847,,1.0368887552127983,0.3826512890523789
2025-03-01,г. Севастополь,13.0,10712.699894,1163.0,6341.11049776,,3834.0,18628.42548301,4331.52245442,,1.4639449672688094,0.5919245904864326
2025-03-01,Республика Калмыкия,10.0,1946.546687,525.0,1431.45030458,,1039.0,2791.12357162,839.4314510199999,,1.7052617016441702,0.7353793844966227
2025-03-01,Астраханская область,105.0,51186.505205190006,8243.0,32493.44038464,,4384.0,20042.4020504,32748.4733017,,0.9922123723231164,0.6348048231537666
2025-03-01,Республика Адыгея (Адыгея),53.0,64557.25023,3608.0,15402.11871831,,6534.0,22934.887156099998,21574.07988702,,0.7139177568159767,0.2385807738625239
2026-03-01,Белгородская область,37.0,14986.75266,2465.0,13129.365026649997,,8899.0,38047.553327350004,9148.66533668,2360.0,1.4351126140782597,0.8760647035760178
2026-03-01,Брянская область,22.0,10418.208545,2527.0,10949.240378710003,,12833.0,47635.762176280004,5479.132212269999,2368.0,1.998353015499464,1.0509715112167592
2026-03-01,Владимирская область,47.0,24542.199418,3387.0,14076.985967480003,,11579.0,42041.82356399,15605.161900000001,3157.0,0.9020724076871001,0.5735829021564999
2026-03-01,Воронежская область,176.0,136965.3190153,10266.0,45406.50288275003,,60673.0,233110.24351250994,53464.57963355997,8997.0,0.84928195814801,0.3315182500883877
2026-03-01,Ивановская область,51.0,14015.16126,1427.0,5945.919457130001,,7239.0,24382.121959309996,5790.43915108,1343.0,1.0268512114527621,0.42424909330868454
2026-03-01,Калужская область,46.0,30975.793283,2390.0,10627.11706819,,12946.0,51907.73155596999,15724.76422293,2213.0,0.6758204395009902,0.34307812462134196
2026-03-01,Костромская область,27.0,7543.80162729,1241.0,5828.69032767,,6433.0,26659.797506790008,4330.8206347000005,1169.0,1.3458627865972008,0.7726462883891966
2026-03-01,Курская область,26.0,17926.09321345,2504.0,12807.733271470004,,8343.0,34163.23100148,8277.312168710001,2388.0,1.5473299798799371,0.7144743206991875
2026-03-01,Липецкая область,74.0,53712.50623343,2849.0,12123.649216880003,,8702.0,35122.23277166,26826.020827079996,2714.0,0.45193617402404956,0.22571371300738882
2026-03-01,Московская область,865.0,2216340.6736298697,87748.0,573805.8616421004,,252023.0,1495252.9334676904,779782.7142550002,83413.0,0.7358535283643869,0.25889786189879144
2026-03-01,Орловская область,28.0,17889.967256000004,1038.0,4499.1396359499995,,10714.0,36334.16420867001,7746.641153669999,992.0,0.5807858588904065,0.2514895400069031
2026-03-01,Рязанская область,70.0,64022.316045,14145.0,46701.68304352,,18426.0,57365.22162408002,43830.069122240006,13721.0,1.0655169836322,0.7294594436523404
2026-03-01,Смоленская область,41.0,10524.81827137,2039.0,8026.60589297,,10531.0,33016.92926707,5913.66121632,1893.0,1.3572989049184763,0.7626360556556373
2026-03-01,Тамбовская область,21.0,8743.48862355,1862.0,6475.41949577,,7551.0,26264.571103489994,4563.74370249,1309.0,1.4188832497839396,0.740599064580343
2026-03-01,Тверская область,45.0,23036.578612,2225.0,8901.447426030003,,14686.0,50755.04581109999,12587.245659060001,2003.0,0.7071799238003234,0.38640492479178934
2026-03-01,Тульская область,112.0,127862.12581455,11607.0,50539.82635034,,22770.0,99823.10554743999,49077.50100383999,11019.0,1.0297962470906086,0.39526815332041704
2026-03-01,Ярославская область,100.0,73799.89658747002,5446.0,22293.185065160003,,18085.0,68025.93874454997,20816.854112779998,5091.0,1.0709199836047103,0.3020761016749854
2026-03-01,г. Москва,1508.0,8631428.475195568,208508.0,3013556.0417996612,,440586.0,5075418.537765881,4077391.4394749305,199930.0,0.7390892158707565,0.3491375790762584
2026-03-01,Республика Карелия,17.0,10590.2916,1756.0,9082.740054869999,,10273.0,37781.41726291,3427.03895903,1593.0,2.650317129000718,0.8576477775994382
2026-03-01,Республика Коми,4.0,1329.2575,555.0,1655.4324937800002,,5558.0,19255.382605389994,,373.0,,1.2453813454353277
2026-03-01,Архангельская область,82.0,39105.89414507,5883.0,26661.061615950002,,13895.0,58977.26032881,21079.134747410004,5560.0,1.2648081591311926,0.6817658104695481
2026-03-01,Вологодская область,55.0,20442.74889,4842.0,15091.66355038,,14057.0,58133.858599130006,12041.460416250002,4004.0,1.2533084051842862,0.7382404211677426
2026-03-01,Калининградская область,226.0,154584.53459139002,12482.0,54969.72689217999,,36072.0,147866.84885131998,69213.60157613998,11644.0,0.7942041107586246,0.35559654811188124
2026-03-01,Ленинградская область,358.0,519364.45064997,29023.0,128366.21221442001,,85654.0,449611.06464640994,243953.8785468299,27365.0,0.5261904954291537,0.24716018212985758
2026-03-01,Мурманская область,24.0,21609.861990999998,848.0,5058.015368500001,,0.0,0.0,3468.48823035,822.0,1.45827664174879,0.23406051230713767
2026-03-01,Новгородская область,7.0,4202.05362,712.0,3509.80386414,,5737.0,22405.900734649997,,681.0,,0.8352591807574317
2026-03-01,Псковская область,34.0,11671.570259,1627.0,6059.570382530002,,7188.0,22693.414766120004,5748.9617519600015,1539.0,1.0540286479491892,0.5191735343286341
2026-03-01,г. Санкт-Петербург,460.0,1402634.4945244398,70580.0,477193.5740178398,,179609.0,1340099.2449008997,635606.44101539,67235.0,0.750768940062213,0.34021234746521134
2026-03-01,Ненецкий автономный округ,0.0,0.0,12.0,0.0,,,0.0,,0.0,,
2026-03-01,Республика Башкортостан,263.0,266815.62351435004,22483.0,111670.30866581999,,60823.0,272826.38584384,144548.71492204999,21544.0,0.772544458288957,0.4185298716580368
2026-03-01,Республика Марий Эл,46.0,20294.44030621,3137.0,13351.218549359999,,10262.0,35247.86594804,10869.144143290001,2894.0,1.2283596917428214,0.6578756717560026
2026-03-01,Республика Мордовия,21.0,6761.40578818,1089.0,5737.997617520002,,6209.0,24951.4708589,3497.02838694,1026.0,1.640821000752846,0.8486397351791729
2026-03-01,Республика Татарстан (Татарстан),554.0,713895.14738867,31920.0,206079.69065621012,,80261.0,446574.0805395999,272090.18743310997,30724.0,0.7573947910446873,0.2886694095204614
2026-03-01,Удмуртская Республика,111.0,77920.12737141999,9763.0,41015.04303649002,,46914.0,168898.8057923199,36031.10208458,9403.0,1.1383233002479534,0.5263728951697499
2026-03-01,Чувашская Республика - Чувашия,71.0,37862.061670150004,6067.0,29736.348655420003,,33500.0,122263.76152544998,22990.015269500003,5825.0,1.2934462333685401,0.7853864090782934
2026-03-01,Пермский край,381.0,310787.43529183994,13537.0,69361.06683888,,56180.0,243446.3444478201,86144.71717835999,12852.0,0.8051691283084723,0.22317847815741845
2026-03-01,Кировская область,45.0,16394.96116355,3305.0,15421.902963699999,,17436.0,71360.66660413999,11706.797383539997,3134.0,1.31734602201141,0.9406489475550971
2026-03-01,Нижегородская область,319.0,254328.19789476006,12727.0,81690.09187615,,50035.0,267379.1809561199,83683.00605992005,12216.0,0.9761849594367696,0.32119950737807307
2026-03-01,Оренбургская область,81.0,38614.84422439,4187.0,17895.382458880005,,25550.0,75642.54501031002,12614.25723695,3906.0,1.4186631937757224,0.4634327243401614
2026-03-01,Пензенская область,158.0,110324.27462181999,8920.0,32327.065967240003,,33284.0,120116.79188725998,61013.74664232001,8288.0,0.5298325008092108,0.2930186133383046
2026-03-01,Самарская область,128.0,152603.91305534003,9922.0,58436.61509037002,,40337.0,176164.44251299003,74566.40784788001,9522.0,0.7836855331637305,0.38292999124589067
2026-03-01,Саратовская область,29.0,13769.00837675,1633.0,7794.365721010004,,21618.0,66061.47676360002,6231.21811658,1568.0,1.2508574688263256,0.5660803964773071
2026-03-01,Ульяновская область,61.0,26413.637001640003,3632.0,15620.734417240006,,21295.0,77917.32238397999,16160.752188340002,3444.0,0.9665846140819102,0.5913890016838699
2026-03-01,Курганская область,50.0,23615.89336105,2000.0,7872.457665570003,,10665.0,35056.62763653001,14247.155301839999,1915.0,0.5525634766228236,0.33335421807731186
2026-03-01,Свердловская область,617.0,699336.9602063401,47668.0,236730.7189594899,,132674.0,628914.9700479202,301248.98486062017,45622.0,0.7858307607875221,0.33850737545695037
2026-03-01,Тюменская область,521.0,610289.4656585698,30264.0,132331.10154760996,,118911.0,502422.5295675902,235509.21557612994,28865.0,0.5618935175164431,0.21683333728333334
2026-03-01,Челябинская область,183.0,157305.64710961003,11103.0,56428.23300478999,,43931.0,160472.91612010007,84912.44231831,10605.0,0.6645461073096722,0.35871714742364585
2026-03-01,Ханты-Мансийский автономный округ - Югра,90.0,80153.04654156,3780.0,19745.195246200008,,16741.0,82389.48696053999,41551.77322336001,3602.0,0.4751950088883198,0.24634366500295113
2026-03-01,Ямало-Ненецкий автономный округ,43.0,26137.3668695,1943.0,15424.559287380001,,3551.0,23608.581714109998,17418.37417698,1877.0,0.8855338122064796,0.5901343989389803
2026-03-01,Республика Дагестан,43.0,52473.5696482,2736.0,12242.373539400001,,267.0,429.88320632000006,16969.512215350005,2515.0,0.7214334380410766,0.2333055216459807
2026-03-01,Республика Ингушетия,1.0,551.3850975700001,19.0,6.009331810000007,,57.0,147.45362203,,10.0,,0.01089861121833657
2026-03-01,Кабардино-Балкарская Республика,14.0,7850.585485250001,1967.0,7454.41438789,,763.0,3112.83210762,3265.3193020299996,1812.0,2.282905191922794,0.9495361080897288
2026-03-01,Карачаево-Черкесская Республика,43.0,82195.65405685,1335.0,8161.35335244,,164.0,869.86877591,16021.568305559998,1154.0,0.5093979064214175,0.09929178672628192
2026-03-01,Республика Северная Осетия - Алания,28.0,17580.26660979,2235.0,10612.835340270003,,3428.0,14056.50794079,9540.36959967,2022.0,1.1124134373826668,0.6036788619781219
2026-03-01,Чеченская Республика,5.0,9660.136418200002,281.0,3298.3799721799996,,46.0,532.486188,,161.0,,0.3414423802510436
2026-03-01,Ставропольский край,190.0,202359.27807405,16691.0,61916.713297140006,,54195.0,194455.65613357004,75757.25353119998,15201.0,0.8173040918337956,0.3059741756663246
2026-03-01,Республика Адыгея (Адыгея),59.0,98977.15346853,5549.0,29531.17264774,,9780.0,40143.331770469995,54971.70496649,5267.0,0.537206780574512,0.2983635274692912
2026-03-01,Республика Калмыкия,11.0,3020.858863,458.0,1719.4792686700005,,1360.0,3893.0517225999997,1191.56123,385.0,1.4430473444239205,0.5692021198773894
2026-03-01,Республика Крым,209.0,441530.14624109,23365.0,140383.7145217,,22741.0,119386.55592512003,168489.69407196,22516.0,0.8331887317793083,0.31794819836615607
2026-03-01,Краснодарский край,347.0,1528870.6181612336,68763.0,372149.48088330973,,168446.0,885731.7198936201,878072.22302926,53448.0,0.423825593297362,0.2434146333002935
2026-03-01,Астраханская область,128.0,67155.18995626,8744.0,40025.96881844001,,7247.0,33265.009655370006,50318.37459430001,8414.0,0.7954543273934387,0.596021973052418
2026-03-01,Волгоградская область,124.0,67076.0712332,6504.0,28445.16583086999,,30066.0,110284.36673157003,28483.483323539996,6065.0,0.9986547469551121,0.4240732247417431
2026-03-01,Ростовская область,188.0,432636.12323919,31480.0,157532.82395811004,,99258.0,399667.7985997296,241556.78389379,29932.0,0.6521564885024118,0.36412314066298024
2026-03-01,г. Севастополь,18.0,14269.69450367,1648.0,9613.248152600001,,4475.0,23420.445054360003,8213.282812890002,1603.0,1.1704513739028786,0.6736828283273748
2026-03-01,Республика Алтай,98.0,21469.92981064,1117.0,5412.535881989999,,1027.0,4194.759556,7644.259818149999,1087.0,0.708052317784758,0.25209844325190445
2026-03-01,Республика Тыва,28.0,14719.15604939,2156.0,12565.147717929998,,2559.0,13458.30305262,8009.54837222,2069.0,1.5687710634859837,0.8536595220383393
2026-03-01,Республика Хакасия,29.0,19297.039,1585.0,7329.606172250002,,9060.0,36774.80529629999,10292.858415720002,1390.0,0.7121059939050258,0.3798306140258099
2026-03-01,Алтайский край,127.0,57699.130885549996,9125.0,44008.54573583001,,33095.0,119811.23644059,33380.35278776,8925.0,1.318396663320083,0.7627245863221725
2026-03-01,Красноярский край,174.0,206795.83965813005,8719.0,46790.462844180016,,45585.0,226126.45681924006,70314.94545851,8146.0,0.6654412165019622,0.226264043423373
2026-03-01,Иркутская область,111.0,90190.14784893,7573.0,40173.14746030999,,24242.0,113517.88412551003,48900.382045610015,6923.0,0.8215303394325219,0.44542722701376075
2026-03-01,Кемеровская область,137.0,91299.47593226003,3601.0,17395.955424800002,,17807.0,65395.37627779,21083.750415459996,3421.0,0.825088282777439,0.19053729769168656
2026-03-01,Новосибирская область,649.0,478323.0110447401,28088.0,136319.79431711003,,110524.0,479262.2825776901,184086.3203055299,26324.0,0.7405210451860774,0.2849952671508821
2026-03-01,Омская область,90.0,89601.08542145,4643.0,24049.119654160004,,7779.0,40569.832012369996,22700.258375139994,4416.0,1.0594205253847333,0.2684021018388554
2026-03-01,Томская область,71.0,35253.77671451,1529.0,8015.312691580002,,8482.0,40846.769207310004,12388.678719090001,1434.0,0.6469868880552226,0.22736039762460408
2026-03-01,Республика Бурятия,45.0,31344.060406049994,8199.0,37572.95554850999,,8930.0,44103.2560386,20935.0229751,5932.0,1.7947415483230686,1.1987264911363464
2026-03-01,Республика Саха (Якутия),136.0,170936.78147902,5424.0,40874.92447410001,,10176.0,63426.96611137001,36632.46893105001,4772.0,1.1158113462413681,0.23912304958846328
2026-03-01,Забайкальский край,54.0,45940.79749669,3914.0,28918.074624799996,,5185.0,35043.80472448,29201.43827223,3596.0,0.9902962434662174,0.6294639231476885
2026-03-01,Камчатский край,12.0,18872.738796729995,486.0,9888.617246040001,,206.0,3873.5457505900004,8084.389512330001,468.0,1.2231742707298134,0.5239630216126004
2026-03-01,Приморский край,404.0,487365.32023884007,24837.0,133130.74514737006,,43100.0,232067.36744498005,219067.26152178008,23546.0,0.6077162978281625,0.2731641740165827
2026-03-01,Хабаровский край,231.0,221689.0394258599,13624.0,92816.00976382998,,19592.0,116104.16214626002,95892.93917904,13070.0,0.9679128678132898,0.4186765841207531
2026-03-01,Амурская область,129.0,66869.22721150999,1002.0,21069.908908240002,,7794.0,48878.99535511,15879.836729960009,922.0,1.3268341020464047,0.31509125777085856
2026-03-01,Магаданская область,3.0,6039.51911174,28.0,5553.92786476,,12.0,1755.2442355,,21.0,,0.9195976967709107
2026-03-01,Сахалинская область,25.0,38027.94662447,1716.0,14286.950935030001,,5814.0,50726.718528310004,18009.58205295,1621.0,0.7932971955165263,0.3756960920376573
2026-03-01,Еврейская автономная область,3.0,1593.5322847999998,4.0,1816.842095,,11.0,192.87419580000002,,4.0,,1.140135102583144
2026-03-01,Чукотский автономный округ,8.0,3291.2889058,3.0,1559.8627,,2.0,868.1175,,3.0,,0.47393672954421195
2022-04-01,г. Москва,649.0,3601602.46267612,156176.0,1602387.7972584,,38514.0,341642.04408474,,,,0.444909679473
2022-04-01,Московская область,409.0,1051892.08777521,80663.0,381365.75608854,,22199.0,99909.46398823,,,,0.36255216720485317
2022-04-01,Воронежская область,92.0,43801.25651449,13341.0,37948.04273982,,12989.0,32807.20003149,,,,0.8663688158641365
2022-04-01,Калужская область,20.0,10679.44701987,3007.0,9201.2474845,,2695.0,7472.06774042,,,,0.8615846370491199
2022-04-01,Орловская область,30.0,10435.536509,2644.0,7632.44433928,,2893.0,7421.27533885,,,,0.7313897404984874
2022-04-01,Тверская область,38.0,14727.67961802,3323.0,8809.54198178,,3825.0,9122.13170407,,,,0.5981622502842278
2022-04-01,Владимирская область,49.0,10856.38479634,3501.0,8958.94461563,,1240.0,2889.41266093,,,,0.825223569696085
2022-04-01,Белгородская область,20.0,6628.93493584,1984.0,6234.64037636,,1815.0,6178.26524429,,,,0.9405191688715774
2022-04-01,Тульская область,82.0,62875.78543635,6399.0,17161.6988874,,1698.0,6157.3959225,,,,0.2729460756362721
2022-04-01,Ярославская область,39.0,12738.6559334,4096.0,11877.21978642,,2973.0,7814.42238914,,,,0.9323762136693429
2022-04-01,Смоленская область,16.0,4677.02445122,2906.0,5445.08616515,,2339.0,5265.6394948,,,,1.164220162186591
2022-04-01,Брянская область,19.0,6110.82549254,2394.0,7379.39858515,,2498.0,7337.50752383,,,,1.2075943903419686
2022-04-01,Тамбовская область,9.0,2725.527,1475.0,3122.09827621,,1763.0,3515.30597478,,,,1.14550260416059
2022-04-01,Ивановская область,18.0,2517.65562105,1399.0,3546.68222288,,835.0,2105.75249513,,,,1.4087241293949646
2022-04-01,Липецкая область,21.0,17104.57296187,1519.0,4270.58305965,,1431.0,3979.18517618,,,,0.24967493015874206
2022-04-01,Курская область,13.0,4106.1240657,1229.0,3359.57800235,,1812.0,5001.5652879,,,,0.8181871635135967
2022-04-01,Рязанская область,29.0,11866.62466848,5834.0,11463.67831393,,107.0,212.7567,,,,0.9660437263495574
2022-04-01,Костромская область,19.0,3474.28559499,1171.0,3531.78423293,,1137.0,3156.90647661,,,,1.0165497730016537
2022-04-01,Приморский край,191.0,181703.80721774,11282.0,49085.9658335,,4756.0,21671.39357471,,,,0.2701427481631088
2022-04-01,Сахалинская область,24.0,31746.139358,1621.0,9949.15418146,,765.0,5234.1628475,,,,0.3133972943690497
2022-04-01,Хабаровский край,50.0,31488.82703152,3619.0,17006.12742554,,1775.0,8511.91835946,,,,0.5400686220708392
2022-04-01,Амурская область,17.0,4764.431584,1189.0,5087.65217737,,592.0,2564.10932067,,,,1.0678403263162484
2022-04-01,Республика Саха (Якутия),17.0,10503.88662673,2248.0,11130.87736599,,873.0,3767.84707593,,,,1.0596913087070505
2022-04-01,Республика Бурятия,11.0,4427.167459,1518.0,4287.39229498,,560.0,1480.50061657,,,,0.9684278570181819
2022-04-01,Еврейская автономная область,0.0,0.0,0.0,0.0,,0.0,0.0,,,,
2022-04-01,Забайкальский край,8.0,2457.36995252,508.0,1946.94478921,,370.0,1134.53728922,,,,0.7922880261530968
2022-04-01,Камчатский край,0.0,0.0,0.0,0.0,,0.0,0.0,,,,
2022-04-01,Магаданская область,1.0,129.659,8.0,33.21601717,,0.0,0.0,,,,0.256179803715901
2022-04-01,Чукотский автономный округ,0.0,0.0,0.0,0.0,,0.0,0.0,,,,
2022-04-01,Республика Татарстан (Татарстан),223.0,189190.15169434,19225.0,79075.95005842,,15449.0,56943.10079965,,,,0.4179707524426374
2022-04-01,Нижегородская область,143.0,93887.93973953,13305.0,57555.03941804,,9712.0,36911.71007589,,,,0.6130184513337167
2022-04-01,Пермский край,108.0,57886.57950262,15542.0,50098.1374208,,9032.0,27063.86751581,,,,0.8654534064935122
2022-04-01,Чувашская Республика - Чувашия,58.0,17010.86850457,5800.0,17801.48648138,,10659.0,25272.23308719,,,,1.046477225815813
2022-04-01,Самарская область,78.0,54258.41952454,11396.0,33131.66878653,,5378.0,15659.67479447,,,,0.6106272367838729
2022-04-01,Удмуртская Республика,82.0,47059.72238743,10682.0,27862.7299043,,9081.0,24294.73470678,,,,0.5920717014629551
2022-04-01,Республика Башкортостан,123.0,91768.03866199,13349.0,41049.68497277,,7505.0,19802.34228901,,,,0.4473200644940082
2022-04-01,Кировская область,22.0,5052.484012,2254.0,5890.16917348,,4179.0,9358.21135507,,,,1.165796697127678
2022-04-01,Пензенская область,80.0,39343.73374571,10897.0,31116.02649197,,3975.0,10029.18629897,,,,0.7908762979406564
2022-04-01,Ульяновская область,64.0,16951.10944349,5234.0,12730.69003192,,3934.0,9357.07025293,,,,0.7510240007806194
2022-04-01,Оренбургская область,18.0,5411.55,3143.0,6581.04097328,,7718.0,15671.69359384,,,,1.216110166824662
2022-04-01,Саратовская область,28.0,8079.847424,3757.0,8491.96926941,,6400.0,12372.98238511,,,,1.0510061420449417
2022-04-01,Республика Марий Эл,25.0,4018.445,1711.0,3507.43177479,,2343.0,5369.60771599,,,,0.8728330921015467
2022-04-01,Республика Мордовия,13.0,3994.672499,1096.0,3067.57348171,,1138.0,3192.22923648,,,,0.7679161389270125
2022-04-01,г. Санкт-Петербург,256.0,545248.94786876,56456.0,306095.58893675,,7744.0,46361.86089488,,,,0.5613868493157119
2022-04-01,Ленинградская область,151.0,166881.75043854,25006.0,93660.32113368,,9286.0,37806.62990203,,,,0.5612376481404039
2022-04-01,Вологодская область,52.0,7517.41018609,3135.0,8617.35986026,,2997.0,9220.74872524,,,,1.1463202947479592
2022-04-01,Республика Карелия,13.0,4038.6495122,2124.0,6322.02830779,,1870.0,4284.56447233,,,,1.5653817665267418
2022-04-01,Калининградская область,100.0,46241.35123188,10066.0,32938.76827044,,6580.0,17814.61310097,,,,0.7123227888663243
2022-04-01,Архангельская область,34.0,6373.09155783,3165.0,9966.50154153,,625.0,1896.37659065,,,,1.5638409476928234
2022-04-01,Новгородская область,4.0,861.540636,681.0,2033.93212896,,1102.0,2923.80071166,,,,2.360808119746078
2022-04-01,Псковская область,16.0,3791.621474,1708.0,3432.32185781,,666.0,1317.64644671,,,,0.9052385322074479
2022-04-01,Мурманская область,0.0,0.0,0.0,0.0,,0.0,0.0,,,,
2022-04-01,Ненецкий автономный округ,0.0,0.0,0.0,0.0,,0.0,0.0,,,,
2022-04-01,Республика Коми,6.0,1469.05897638,821.0,2322.25617462,,1781.0,4817.39143582,,,,1.5807780436034067
2022-04-01,Ставропольский край,50.0,22736.3605641,9061.0,21446.82863312,,8154.0,19122.71735358,,,,0.9432832740603115
2022-04-01,Республика Северная Осетия - Алания,5.0,1888.09657635,741.0,1549.28905951,,426.0,1170.19282213,,,,0.8205560451282792
2022-04-01,Республика Ингушетия,0.0,0.0,0.0,0.0,,10.0,20.403304,,,,
2022-04-01,Чеченская Республика,0.0,0.0,0.0,0.0,,0.0,0.0,,,,
2022-04-01,Кабардино-Балкарская Республика,1.0,131.39,103.0,218.51747124,,38.0,99.79161983,,,,1.6631210232133344
2022-04-01,Карачаево-Черкесская Республика,0.0,0.0,0.0,0.0,,0.0,0.0,,,,
2022-04-01,Республика Дагестан,0.0,0.0,273.0,1.37,,0.0,0.0,,,,inf
2022-04-01,Новосибирская область,224.0,146865.64669213,22686.0,72720.5079626299,,20074.0,62979.30195043,,,,0.49514988426852263
2022-04-01,Красноярский край,149.0,148720.57127048,8971.0,35624.66148585,,6800.0,24276.42045585,,,,0.23954091341579759
2022-04-01,Иркутская область,55.0,25704.65809332,4702.0,14853.10810106,,3469.0,12469.2698701,,,,0.5778372171742658
2022-04-01,Алтайский край,54.0,22058.29195409,7733.0,20304.4581481,,8312.0,20112.09354643,,,,0.9204909514462741
2022-04-01,Республика Хакасия,20.0,5788.27117,1176.0,3223.5025581,,1406.0,4227.00207139,,,,0.5569024780330049
2022-04-01,Республика Алтай,3.0,599.449,115.0,264.361459,,36.0,72.06458,,,,0.44100742348389943
2022-04-01,Кемеровская область,33.0,8746.66737231,4437.0,10469.77099364,,1414.0,3152.14369491,,,,1.1970011603259274
2022-04-01,Томская область,9.0,7934.245574,1376.0,4665.0416156,,801.0,2697.717237,,,,0.5879628468883084
2022-04-01,Омская область,16.0,5686.266143,1249.0,3943.20193633,,530.0,1485.73751717,,,,0.6934606712322505
2022-04-01,Республика Тыва,0.0,0.0,38.0,46.94972654,,0.0,0.0,,,,inf
2022-04-01,Тюменская область,224.0,179148.67915028,25270.0,79922.56445579,,18019.0,55835.45601202,,,,0.44612421835801785
2022-04-01,Свердловская область,212.0,189730.581955459,28554.0,101833.05778007,,19247.0,68330.93452892,,,,0.5367245318626401
2022-04-01,Ханты-Мансийский автономный округ - Югра,39.0,28120.99367569,3689.0,15352.76573317,,4009.0,16174.51054222,,,,0.545953884497408
2022-04-01,Челябинская область,81.0,30263.28519757,7384.0,17957.09289092,,10897.0,24801.822288,,,,0.5933623125741111
2022-04-01,Курганская область,25.0,5401.29621952,1997.0,5077.9941117,,2043.0,4540.14943118,,,,0.9401436072601234
2022-04-01,Ямало-Ненецкий автономный округ,6.0,2798.23375971,803.0,2659.16884606,,636.0,3091.00294382,,,,0.9503026102921392
2022-04-01,Ростовская область,123.0,102139.7664851,21574.0,59206.94560041,,17518.0,44065.11241854,,,,0.5796659581069927
2022-04-01,Краснодарский край,289.0,348105.51659947,33912.0,111702.83661866,,21558.0,59583.86005858,,,,0.3208878667303202
2022-04-01,Республика Крым,51.0,43580.78628,6326.0,22854.79832643,,2538.0,7639.76669927,,,,0.5244237260794552
2022-04-01,Волгоградская область,45.0,21924.24517759,3881.0,10092.88592158,,4762.0,10763.83677222,,,,0.46035272091814156
2022-04-01,г. Севастополь,5.0,3895.52088606,1062.0,4443.44330764,,842.0,3398.8121968,,,,1.1406544689673526
2022-04-01,Республика Калмыкия,5.0,632.46783196,239.0,352.08895716,,354.0,835.93936037,,,,0.5566906953494951
2022-04-01,Астраханская область,16.0,6703.68550135,1296.0,4739.62043671,,622.0,2313.46495608,,,,0.7070171230072662
2022-04-01,Республика Адыгея (Адыгея),3.0,2290.634,430.0,980.4642782,,1926.0,4422.18556213,,,,0.42803183668800865
2023-04-01,г. Москва,944.0,5668701.221894938,160180.0,1841005.00754503,,121560.0,1115953.34998714,,,,0.3247666326872697
2023-04-01,Московская область,527.0,1504137.54462547,82523.0,431048.94227089,,69861.0,353904.03185772,,,,0.28657548228291924
2023-04-01,Воронежская область,122.0,69875.26981351,10941.0,36373.92611685,,22884.0,65369.08028213,,,,0.5205550721153323
2023-04-01,Калужская область,28.0,19520.445482,1823.0,7572.36311975,,5679.0,17469.65442778,,,,0.3879195854793659
2023-04-01,Орловская область,26.0,9917.17796135,1639.0,5094.10373434,,5301.0,15252.23080791,,,,0.5136646487733848
2023-04-01,Тверская область,53.0,20553.84471451,2318.0,7167.42506391,,6629.0,17537.20772261,,,,0.34871456719969046
2023-04-01,Владимирская область,65.0,17965.914122,2868.0,8509.01442793,,3089.0,8546.30652958,,,,0.47361989877878596
2023-04-01,Белгородская область,25.0,9540.411623,1460.0,5618.1021399,,3231.0,11472.8512505,,,,0.5888741871845334
2023-04-01,Тульская область,94.0,76114.84073253,5706.0,20484.58663083,,5283.0,19639.49371525,,,,0.2691273664069468
2023-04-01,Ярославская область,46.0,18511.36949137,3519.0,11975.00031151,,6064.0,18003.78711533,,,,0.6468997508311174
2023-04-01,Смоленская область,17.0,6045.471642,1869.0,3912.64866813,,4443.0,10720.92541367,,,,0.6472032125578863
2023-04-01,Брянская область,22.0,9402.56598681,1894.0,6036.95322025,,4250.0,12907.0435522,,,,0.6420537998583249
2023-04-01,Тамбовская область,19.0,4639.43567,1363.0,4157.43000201,,2742.0,5969.1510769,,,,0.8961068323229925
2023-04-01,Ивановская область,17.0,4479.311437,1401.0,4351.77941806,,2183.0,5720.71575319,,,,0.9715286555235789
2023-04-01,Липецкая область,26.0,21826.42491152,1123.0,3681.79151308,,2679.0,8529.80817918,,,,0.16868504704756979
2023-04-01,Курская область,19.0,6760.61,817.0,2757.09578404,,3086.0,9527.78404383,,,,0.4078176058136766
2023-04-01,Рязанская область,42.0,24439.685565,6470.0,16182.10018313,,2847.0,6664.24229312,,,,0.6621239107226624
2023-04-01,Костромская область,14.0,3325.07983139,684.0,2404.59437909,,2476.0,8105.23966947,,,,0.7231689165444173
2023-04-01,Приморский край,300.0,327583.05069128,12216.0,58562.49755173,,11932.0,55354.31605328,,,,0.17877145178344506
2023-04-01,Сахалинская область,28.0,60446.851455,1846.0,11749.14845532,,1629.0,10751.74796967,,,,0.19437155405963072
2023-04-01,Хабаровский край,63.0,51378.45240122,3913.0,20860.42398414,,4650.0,22952.55390718,,,,0.40601503177321596
2023-04-01,Амурская область,50.0,29028.288047,1102.0,5953.63700255,,1737.0,8115.79079659,,,,0.20509776508040728
2023-04-01,Республика Саха (Якутия),48.0,82458.5448101,2341.0,12090.83102572,,2798.0,13562.53620021,,,,0.14662920687679956
2023-04-01,Республика Бурятия,16.0,8306.879062,1727.0,5645.083141,,2085.0,6524.73682395,,,,0.6795672717595657
2023-04-01,Еврейская автономная область,1.0,149.983,11.0,192.8741958,,0.0,0.0,,,,1.285973715687778
2023-04-01,Забайкальский край,19.0,7802.747235,708.0,3162.38896475,,975.0,4129.64514881,,,,0.4052917350141485
2023-04-01,Камчатский край,0.0,0.0,0.0,0.0,,0.0,0.0,,,,
2023-04-01,Магаданская область,2.0,203.887,11.0,69.0714355,,0.0,0.0,,,,0.3387731218763335
2023-04-01,Чукотский автономный округ,0.0,0.0,0.0,0.0,,0.0,0.0,,,,
2023-04-01,Республика Татарстан (Татарстан),299.0,342748.55801535,14475.0,72753.49502809,,32360.0,134367.99535817,,,,0.21226491936059938
2023-04-01,Нижегородская область,201.0,124119.3463967,10558.0,47588.94569196,,18274.0,79221.85945094,,,,0.38341279642143894
2023-04-01,Пермский край,137.0,93164.40689478,11348.0,45010.98950197,,20776.0,68349.09050804,,,,0.48313504053973605
2023-04-01,Чувашская Республика - Чувашия,72.0,27570.50895906,5625.0,19364.96218389,,15781.0,41914.29805324,,,,0.7023795684238335
2023-04-01,Самарская область,98.0,98658.70146705,9227.0,37933.01076769,,12551.0,41398.16683647,,,,0.38448722924210443
2023-04-01,Удмуртская Республика,98.0,62283.705966,10023.0,31734.80231914,,16744.0,48020.64477786,,,,0.5095201357553079
2023-04-01,Республика Башкортостан,146.0,134462.36794681,12596.0,47558.70307748,,16335.0,51061.2203025,,,,0.35369526659156447
2023-04-01,Кировская область,40.0,10635.069,2110.0,8103.31774444,,6675.0,18020.11757249,,,,0.7619431283840283
2023-04-01,Пензенская область,109.0,65621.32950383,9714.0,32382.15267562,,10060.0,27798.78810646,,,,0.4934699269348088
2023-04-01,Ульяновская область,59.0,21766.78216188,2814.0,8194.18610107,,9195.0,25692.60975152,,,,0.37645371925577564
2023-04-01,Оренбургская область,25.0,7970.48885297,1993.0,4991.21186205,,11758.0,26507.49257785,,,,0.6262115102501086
2023-04-01,Саратовская область,38.0,12799.705499,3412.0,9399.68909468,,9601.0,20488.43323502,,,,0.7343676067714501
2023-04-01,Республика Марий Эл,23.0,3953.321345,1560.0,3816.63328677,,4035.0,10195.8679882,,,,0.9654245009951247
2023-04-01,Республика Мордовия,17.0,4674.487499,656.0,2288.37197759,,2293.0,6904.27408303,,,,0.4895449989072695
2023-04-01,г. Санкт-Петербург,408.0,1068798.92811669,54783.0,354950.96876215,,44316.0,285027.94952822,,,,0.3321026616181233
2023-04-01,Ленинградская область,249.0,318605.39196731,25601.0,120418.7724918,,24986.0,108651.4860638,,,,0.37795585237350715
2023-04-01,Вологодская область,48.0,8543.46431505,2473.0,7227.95401297,,5922.0,18759.6168601,,,,0.8460214435773293
2023-04-01,Республика Карелия,15.0,6400.763018,1777.0,6020.51410747,,3499.0,9685.43979137,,,,0.9405931903023629
2023-04-01,Калининградская область,105.0,63060.88555169,7305.0,26562.20498642,,12449.0,37930.86493763,,,,0.4212152232566951
2023-04-01,Архангельская область,46.0,14784.0006259,4247.0,16180.59799008,,2447.0,8589.85069383,,,,1.0944668090539247
2023-04-01,Новгородская область,3.0,809.0,468.0,1654.91565586,,2066.0,5968.48546849,,,,2.0456312186155747
2023-04-01,Псковская область,24.0,6320.95945315,1437.0,3615.272992,,1765.0,3923.14122668,,,,0.5719500368252414
2023-04-01,Мурманская область,0.0,0.0,0.0,0.0,,0.0,0.0,,,,
2023-04-01,Ненецкий автономный округ,0.0,0.0,0.0,0.0,,0.0,0.0,,,,
2023-04-01,Республика Коми,3.0,1298.53972014,658.0,1768.02793631,,2941.0,8738.90535535,,,,1.3615509089851967
2023-04-01,Ставропольский край,71.0,42865.59366454,7780.0,21026.89841956,,16018.0,42821.27856331,,,,0.49053090420521167
2023-04-01,Республика Северная Осетия - Алания,9.0,5376.72664432,1057.0,3316.82819167,,1020.0,2966.19942502,,,,0.6168861485963608
2023-04-01,Республика Ингушетия,0.0,,4.0,0.0,,18.0,35.135304,,,,
2023-04-01,Чеченская Республика,0.0,,1.0,0.0,,0.0,0.0,,,,
2023-04-01,Кабардино-Балкарская Республика,3.0,1618.546,193.0,413.57093799,,74.0,196.82964477,,,,0.2555200395849114
2023-04-01,Карачаево-Черкесская Республика,0.0,,24.0,84.85626756,,0.0,0.0,,,,
2023-04-01,Республика Дагестан,1.0,1938.289268,449.0,391.60804093,,0.0,0.0,,,,0.20203797616548533
2023-04-01,Новосибирская область,332.0,249032.83753359,22318.0,84224.34909978,,37881.0,128475.30520225,,,,0.33820579620717556
2023-04-01,Красноярский край,143.0,157774.914828,8229.0,37403.75239747,,16561.0,67391.16177577,,,,0.23707033807146147
2023-04-01,Иркутская область,74.0,49841.68298942,5341.0,18359.70602599,,7332.0,27914.77513017,,,,0.36836047510448744
2023-04-01,Алтайский край,39.0,26953.08232643,5613.0,18883.33570118,,15113.0,39752.85189573,,,,0.7006002308931893
2023-04-01,Республика Хакасия,26.0,9940.006463,1473.0,4281.03365214,,2680.0,8217.33008202,,,,0.4306872101215857
2023-04-01,Республика Алтай,5.0,1057.442256,264.0,946.13118744,,132.0,345.82392,,,,0.8947355584397981
2023-04-01,Кемеровская область,52.0,21564.88650674,4555.0,13003.71783901,,3914.0,8992.10046144,,,,0.6030042325956945
2023-04-01,Томская область,20.0,12724.113915,1044.0,4479.70222651,,2390.0,9682.62601355,,,,0.3520639831139079
2023-04-01,Омская область,36.0,23471.898035,1567.0,6493.25025777,,1596.0,5419.79066,,,,0.2766393347520351
2023-04-01,Республика Тыва,1.0,1095.682,208.0,865.58178814,,159.0,704.67405861,,,,0.7899936187141889
2023-04-01,Тюменская область,285.0,283216.69909729,23171.0,88339.88694562,,39973.0,133990.35244854,,,,0.3119162366738611
2023-04-01,Свердловская область,229.0,296420.24521472,28131.0,117822.6151806,,40852.0,158047.32965676,,,,0.3974850472687923
2023-04-01,Ханты-Мансийский автономный округ - Югра,53.0,39611.84199289,3176.0,14422.03120492,,7125.0,31236.66972474,,,,0.3640838314842475
2023-04-01,Челябинская область,125.0,64440.14688028,3960.0,12338.54136106,,19412.0,52250.91504708,,,,0.19147289319472122
2023-04-01,Курганская область,25.0,7196.65043494,1045.0,2919.50116143,,4351.0,11310.24366815,,,,0.40567499947693936
2023-04-01,Ямало-Ненецкий автономный округ,9.0,3340.17797256,590.0,2684.81404648,,1252.0,6724.61201494,,,,0.803793710555575
2023-04-01,Ростовская область,136.0,140707.62866135,17065.0,57491.69560485,,34169.0,99741.31245587,,,,0.40858975559327293
2023-04-01,Краснодарский край,359.0,701235.60882959,36812.0,169646.11271164,,50894.0,177321.37945405,,,,0.24192455513602754
2023-04-01,Республика Крым,66.0,88720.88202312,5300.0,23525.41710633,,5665.0,19647.31502356,,,,0.26516211933284717
2023-04-01,Волгоградская область,56.0,30996.56952683,4385.0,14314.83386151,,8479.0,22395.96744788,,,,0.4618199394329547
2023-04-01,г. Севастополь,8.0,9984.57737606,514.0,2414.93541439,,1698.0,6800.06902208,,,,0.24186656314370256
2023-04-01,Республика Калмыкия,8.0,1350.487,408.0,797.99341935,,433.0,1053.41422507,,,,0.590893077349134
2023-04-01,Астраханская область,41.0,17826.4389447,1879.0,7382.88484281,,1257.0,5507.19238854,,,,0.41415365490060563
2023-04-01,Республика Адыгея (Адыгея),12.0,9831.320405,1031.0,3366.95897987,,2384.0,6199.53802556,,,,0.3424727138541468
2024-04-01,г. Москва,1257.0,7069491.89658232,200180.0,2289243.53070006,,220744.0,2314227.61062803,,,,0.3238200940306295
2024-04-01,Московская область,666.0,1994219.19983161,82157.0,444071.73932744,,140255.0,764609.0363016899,,,,0.22267950251654228
2024-04-01,Воронежская область,164.0,123765.25107524001,12802.0,49616.29647843,,36612.0,120270.25366963001,,,,0.4008903633885654
2024-04-01,Калужская область,33.0,22886.83931511,2838.0,10768.59288756,,7864.0,27489.31926015,,,,0.4705146367873752
2024-04-01,Орловская область,30.0,16532.194741,1786.0,6778.74707138,,7125.0,21676.13535496,,,,0.4100331007212638
2024-04-01,Тверская область,50.0,23599.2973,2858.0,9955.23118768,,9661.0,29330.52676867,,,,0.42184439058191786
2024-04-01,Владимирская область,58.0,22226.681445,3841.0,13460.78026,,5538.0,17381.7931562,,,,0.605613586234578
2024-04-01,Белгородская область,30.0,12324.201113,2167.0,10037.37914789,,5405.0,21050.301621799998,,,,0.8144446082839577
2024-04-01,Тульская область,107.0,88979.16099939999,9318.0,32975.96023056,,10691.0,43771.6529631,,,,0.3706031823651649
2024-04-01,Ярославская область,56.0,24480.566980310003,3800.0,14042.126477459999,,10576.0,35889.02996793,,,,0.5736029924778393
2024-04-01,Смоленская область,25.0,9544.951140719999,2495.0,7989.71612564,,6110.0,15367.41834829,,,,0.8370620245037018
2024-04-01,Брянская область,19.0,9479.76714444,2548.0,9043.4174062,,6935.0,23305.02995651,,,,0.953970415982641
2024-04-01,Тамбовская область,19.0,6940.99367,1711.0,4558.70494079,,4306.0,12045.20757933,,,,0.6567798729587374
2024-04-01,Ивановская область,50.0,15264.5128015,2421.0,7570.4905952,,3446.0,10498.13909039,,,,0.49595363400370496
2024-04-01,Липецкая область,65.0,47745.035630599996,3445.0,12503.74568804,,2951.0,9636.20552118,,,,0.26188577561823617
2024-04-01,Курская область,20.0,8355.588412,1491.0,5773.4101417,,4680.0,16213.954497,,,,0.6909639222305917
2024-04-01,Рязанская область,63.0,40119.651498,10161.0,31526.869297380003,,6991.0,16868.33599136,,,,0.7858211155934803
2024-04-01,Костромская область,25.0,6812.597,1031.0,4243.71421276,,3924.0,14221.83869357,,,,0.6229216571536523
2024-04-01,Приморский край,345.0,379043.82292875,18024.0,89948.03206521,,21496.0,106283.85618311,,,,0.23730246115135295
2024-04-01,Сахалинская область,118.0,69693.677098,1586.0,17540.96960615,,3235.0,21690.37968745,,,,0.25168667139609674
2024-04-01,Хабаровский край,199.0,124410.056477,7300.0,46354.070331669995,,9009.0,48003.14581925,,,,0.37259102394378857
2024-04-01,Амурская область,135.0,71926.33995225,1757.0,19335.017502,,3434.0,18832.283822639998,,,,0.2688169245763931
2024-04-01,Республика Саха (Якутия),95.0,132878.50348241001,4383.0,22671.48375831,,4646.0,25561.12322812,,,,0.17061814487782195
2024-04-01,Республика Бурятия,34.0,27291.178475,3863.0,15215.434640459998,,3184.0,11586.18868836,,,,0.5575220818843734
2024-04-01,Еврейская автономная область,0.0,0.0,0.0,0.0,,11.0,192.87419580000002,,,,
2024-04-01,Забайкальский край,29.0,14312.01524972,1562.0,9957.525472020001,,2008.0,10111.68935608,,,,0.6957458679492959
2024-04-01,Камчатский край,4.0,4739.16688116,203.0,2419.75913761,,0.0,0.0,,,,0.5105874509778221
2024-04-01,Магаданская область,3.0,7620.8197537,6.0,0.0,,11.0,69.0714355,,,,0.0
2024-04-01,Чукотский автономный округ,0.0,0.0,0.0,0.0,,1.0,396.5475,,,,
2024-04-01,Республика Татарстан (Татарстан),393.0,491147.39537432,25271.0,142941.17153368,,46533.0,216076.01796168,,,,0.29103518186172955
2024-04-01,Нижегородская область,332.0,169995.99043548998,12027.0,62257.80128905,,30412.0,144337.21280526,,,,0.36623099832860806
2024-04-01,Пермский край,221.0,154604.02748347,14642.0,65217.53969695,,31843.0,119622.81985285,,,,0.42183596869055007
2024-04-01,Чувашская Республика - Чувашия,81.0,32781.08392112,6599.0,28196.77524545,,21859.0,65787.42939479,,,,0.8601538409559286
2024-04-01,Самарская область,137.0,130111.71841503,11426.0,54792.851262489996,,24019.0,91424.65535188,,,,0.42112157098495856
2024-04-01,Удмуртская Республика,111.0,76425.19455974,13121.0,44923.40573726,,26240.0,83213.59036011,,,,0.5878088501579711
2024-04-01,Республика Башкортостан,180.0,218028.805372,17971.0,81873.17697583,,31837.0,118102.22757474001,,,,0.37551541336998234
2024-04-01,Кировская область,47.0,16264.33535,2809.0,11511.31212925,,10008.0,32748.23132354,,,,0.7077640666853319
2024-04-01,Пензенская область,120.0,74771.10946523,10432.0,38801.998531,,17760.0,56938.20072389,,,,0.5189437311886307
2024-04-01,Ульяновская область,68.0,23690.33619048,3789.0,12107.7503265,,13333.0,41615.94339198001,,,,0.511083938579374
2024-04-01,Оренбургская область,48.0,26335.024934,3848.0,11470.3502914,,15988.0,40097.45548866,,,,0.43555494327978145
2024-04-01,Саратовская область,29.0,13224.600358,3709.0,12503.50723198,,14632.0,37210.83332748,,,,0.9454733521997293
2024-04-01,Республика Марий Эл,37.0,10261.446112,2255.0,6534.35196803,,6211.0,18039.80855199,,,,0.6367866572323135
2024-04-01,Республика Мордовия,22.0,7128.72117113,1282.0,5292.618890649999,,3548.0,11580.68122771,,,,0.7424359521991301
2024-04-01,г. Санкт-Петербург,439.0,1290852.3770471201,67279.0,425593.850519,,92424.0,643395.75733931,,,,0.329699861956767
2024-04-01,Ленинградская область,309.0,494534.25825502,23253.0,95839.21570028,,49997.0,247944.26545494,,,,0.1937969192234563
2024-04-01,Вологодская область,48.0,13678.67690704,3812.0,10633.84903703,,9012.0,33068.235574779996,,,,0.7774033343500555
2024-04-01,Республика Карелия,22.0,11951.52848306,2118.0,8526.04955028,,5684.0,18495.07684072,,,,0.713385703122806
2024-04-01,Калининградская область,128.0,74353.84595419001,7106.0,29665.740841360002,,21365.0,73360.9406121,,,,0.39898058346083803
2024-04-01,Архангельская область,66.0,33044.06555021,5497.0,23316.50757062,,5281.0,20260.427383759998,,,,0.7056186090416414
2024-04-01,Новгородская область,3.0,1330.71139,713.0,2674.18930959,,3299.0,10818.8721667,,,,2.0095937629195464
2024-04-01,Псковская область,25.0,8088.33090069,1936.0,5774.69699332,,3494.0,9213.34545073,,,,0.7139540980979613
2024-04-01,Мурманская область,0.0,0.0,11.0,54.213,,0.0,0.0,,,,inf
2024-04-01,Ненецкий автономный округ,0.0,0.0,0.0,0.0,,0.0,0.0,,,,
2024-04-01,Республика Коми,4.0,1562.42382,833.0,3346.68665902,,4103.0,12201.140496639999,,,,2.1419838946259793
2024-04-01,Ставропольский край,104.0,80046.30976619,13694.0,47474.36024753,,27862.0,83546.73820661,,,,0.5930861820638513
2024-04-01,Республика Северная Осетия - Алания,23.0,10210.631459,1433.0,6023.89132871,,1928.0,6315.24813196,,,,0.5899626632200436
2024-04-01,Республика Ингушетия,1.0,0.0,2.0,0.0003,,30.0,62.728404,,,,inf
2024-04-01,Чеченская Республика,1.0,1119.662,65.0,47.892,,1.0,2.462689,,,,0.04277362275400969
2024-04-01,Кабардино-Балкарская Республика,5.0,2181.858,606.0,1850.08938806,,242.0,1007.5791510199999,,,,0.8479421612497238
2024-04-01,Карачаево-Черкесская Республика,8.0,12806.14913889,155.0,803.22531566,,23.0,126.456,,,,0.06272184611849844
2024-04-01,Республика Дагестан,10.0,9807.68885,1080.0,3464.6016251399997,,0.0,0.0,,,,0.35325362357310097
2024-04-01,Новосибирская область,483.0,355160.26069449,32305.0,133242.16821558,,63154.0,242873.37559832,,,,0.37516068930413177
2024-04-01,Красноярский край,158.0,191099.43691413,11613.0,56052.00181608,,27810.0,125264.00514197,,,,0.2933132756496128
2024-04-01,Иркутская область,89.0,75599.81474351,6973.0,29376.77499495,,13799.0,56791.89644355,,,,0.3885826320423874
2024-04-01,Алтайский край,63.0,43705.93939,9424.0,33953.98558326,,20586.0,61612.94249637,,,,0.7768734880694209
2024-04-01,Республика Хакасия,32.0,14476.96731,2570.0,9594.32351003,,4469.0,14660.08499228,,,,0.6627302047855491
2024-04-01,Республика Алтай,16.0,3279.654128,468.0,1845.27944172,,405.0,1536.241821,,,,0.5626445258254379
2024-04-01,Кемеровская область,65.0,31057.279732,7383.0,27494.967835479998,,7586.0,20735.25443822,,,,0.8852986505173678
2024-04-01,Томская область,43.0,18610.96525932,2057.0,10712.020179610001,,3970.0,17096.96559885,,,,0.5755757442105608
2024-04-01,Омская область,60.0,39923.359284809994,4557.0,20188.701950209997,,2320.0,9022.66446556,,,,0.5056864530408236
2024-04-01,Республика Тыва,15.0,8929.149,2319.0,11332.58233048,,365.0,1592.2339053699998,,,,1.2691671211310283
2024-04-01,Тюменская область,477.0,482589.42212823,33660.0,137589.13572517002,,66418.0,249348.33927049,,,,0.28510599158680044
2024-04-01,Свердловская область,428.0,516133.35754215997,46193.0,201837.65886469,,68509.0,288066.29102999,,,,0.39105718689806446
2024-04-01,Ханты-Мансийский автономный округ - Югра,69.0,55996.196947,5150.0,25327.26493689,,10428.0,47639.270176059996,,,,0.4523033048273274
2024-04-01,Челябинская область,149.0,100676.21948767999,8403.0,34733.10323516,,28189.0,85867.93364316999,,,,0.3449980880480954
2024-04-01,Курганская область,43.0,16186.58240064,2614.0,8388.9053485,,6013.0,16397.81540498,,,,0.518262913125399
2024-04-01,Ямало-Ненецкий автономный округ,19.0,14321.60071,1255.0,7894.31788825,,1979.0,10462.04852244,,,,0.551217566255553
2024-04-01,Ростовская область,177.0,222191.98254947,28955.0,115136.85633407,,53762.0,182213.94640470002,,,,0.518186367541121
2024-04-01,Краснодарский край,348.0,1085284.6882586998,71822.0,362442.98631421995,,83710.0,365281.14118502004,,,,0.33396120873661883
2024-04-01,Республика Крым,97.0,153629.99894988,10369.0,54229.06124616,,8940.0,33090.45446306,,,,0.35298484421555976
2024-04-01,Волгоградская область,80.0,48994.12838078,8891.0,30527.69316814,,14626.0,43311.41966814,,,,0.6230888103749952
2024-04-01,г. Севастополь,10.0,14977.496977,1259.0,6804.53794692,,2265.0,9588.47843318,,,,0.4543174308343577
2024-04-01,Республика Калмыкия,6.0,1349.614817,508.0,1212.4246991500002,,841.0,2191.3795661199997,,,,0.8983486872536316
2024-04-01,Астраханская область,73.0,38342.64543947,6003.0,21479.333830900003,,2524.0,11334.80168242,,,,0.5601943628226844
2024-04-01,Республика Адыгея (Адыгея),27.0,21636.456377,3297.0,11452.931938450001,,3849.0,12059.50121314,,,,0.5293349215273858
2025-04-01,г. Москва,1390.0,8352027.20513082,222776.0,2722652.86457242,,329544.0,3636869.1444492303,3654561.8616031203,,0.7450011705036765,0.3259870684927653
2025-04-01,Московская область,718.0,2059954.7179985498,85566.0,483569.27314426,,197730.0,1129785.64304797,711005.2579450799,,0.6801205303908066,0.23474752571944663
2025-04-01,Воронежская область,179.0,133540.04007983,11090.0,45875.09647236,,49218.0,177621.45098734,57871.95796821,,0.7926999203579724,0.3435306477737759
2025-04-01,Калужская область,41.0,30170.135284,2527.0,10022.502102100001,,10520.0,39855.32820794,14885.821295299998,,0.6732918461989379,0.3321994418571664
2025-04-01,Орловская область,30.0,17497.02631694,1182.0,4293.19919273,,9347.0,31272.765807419997,7922.691694319999,,0.5418864394039106,0.2453673621427589
2025-04-01,Тверская область,45.0,27831.319724,2075.0,7686.60957839,,12688.0,41479.572882989996,13722.330432159999,,0.5601533658142693,0.27618559430947665
2025-04-01,Владимирская область,61.0,29399.641181,4275.0,16134.189027350001,,7775.0,26137.81660052,17495.557737919997,,0.9221877501155991,0.5487886375217731
2025-04-01,Белгородская область,28.0,10144.4929,1668.0,7447.77904478,,7450.0,31139.61832709,6578.0476413199995,,1.1322172551619698,0.7341696739498926
2025-04-01,Тульская область,108.0,110359.09463266001,11311.0,44048.05337054,,15803.0,68028.08321138,40890.19428028,,1.0772277839673394,0.3991338776125143
2025-04-01,Ярославская область,80.0,47983.71047317001,4414.0,16852.54935791,,14267.0,50938.5945774,16484.534869299998,,1.0223248330345902,0.35121396806803984
2025-04-01,Смоленская область,33.0,10710.371536,2257.0,8087.067800399999,,8679.0,24882.46746223,5767.7645393699995,,1.4021147613080842,0.7550688389490057
2025-04-01,Брянская область,29.0,14020.93893245,2711.0,9772.9016834,,9479.0,33375.17425564,6818.38311985,,1.4333165959754688,0.6970219134741139
2025-04-01,Тамбовская область,27.0,9757.015555,1891.0,6985.58355657,,5637.0,17351.4809837,4818.64095115,,1.4496999522039187,0.71595494720619
2025-04-01,Ивановская область,48.0,13578.463353,1635.0,6129.27783342,,5684.0,17847.110896650003,4784.03617301,,1.2811938730729968,0.4513970155588931
2025-04-01,Липецкая область,75.0,50360.09454425999,3322.0,13490.62581817,,5755.0,20991.44288297,21984.57256312,,0.6136405781571148,0.26788325042387456
2025-04-01,Курская область,20.0,9156.201513119999,1338.0,5763.92040398,,6698.0,25567.87547475,5663.9311700200005,,1.0176536809785501,0.6295099988484121
2025-04-01,Рязанская область,71.0,55261.223302,10815.0,34199.6963783,,14060.0,38955.66991465,34462.53235725,,0.9923732830708623,0.6188733135964122
2025-04-01,Костромская область,25.0,7501.638197,961.0,4261.6688122,,5318.0,20749.975533779998,3860.49247094,,1.103918436385997,0.5680984206762058
2025-04-01,Приморский край,389.0,456956.59111824987,24210.0,128156.4282371,,30154.0,154510.86109215,188052.12887072001,,0.681494163382769,0.28045646069680186
2025-04-01,Сахалинская область,54.0,54263.48816726001,1558.0,20018.80600166,,4543.0,33819.60097473,23599.65881839,,0.8482667548592006,0.3689185247353558
2025-04-01,Хабаровский край,224.0,161459.80178825,10863.0,76305.02682196001,,13748.0,76425.79137399001,75670.67995744,,1.0083829941118116,0.4725945775780891
2025-04-01,Амурская область,144.0,80156.23245782997,2670.0,32857.53553938,,4448.0,25235.711418580002,23659.88698221,,1.3887443995013908,0.40991866174182123
2025-04-01,Республика Саха (Якутия),134.0,159488.59944408995,5244.0,32459.699404529998,,7367.0,44064.494875129996,22985.62176739,,1.4121740857400253,0.20352363440189977
2025-04-01,Республика Бурятия,44.0,30301.811280060003,5145.0,21923.97137145,,6585.0,29523.726276259997,12883.8587555,,1.701661884650114,0.7235201608518033
2025-04-01,Еврейская автономная область,2.0,1575.3452848,3.0,1810.842095,,11.0,192.87419580000002,,,,1.1494890120104038
2025-04-01,Забайкальский край,34.0,23389.96381934,1624.0,16958.947966030002,,4316.0,26934.97105194,13182.206490569999,,1.2865029824985466,0.7250523385593051
2025-04-01,Камчатский край,11.0,17806.13973504,380.0,10093.85442157,,134.0,1918.1683683499998,5145.72633865,,1.9615995405263156,0.5668749415521379
2025-04-01,Магаданская область,6.0,7594.03792693,8.0,3686.1135,,11.0,69.0714355,,,,0.4853957190453702
2025-04-01,Чукотский автономный округ,0.0,0.0,0.0,0.0,,1.0,396.5475,,,,
2025-04-01,Республика Татарстан (Татарстан),481.0,617553.4584486302,32732.0,190713.17697975,,59829.0,305298.65495507,213517.14579227,,0.893198418666078,0.30882051484068246
2025-04-01,Нижегородская область,351.0,237204.48366442,11972.0,71565.67917503,,39316.0,195542.01944338,71417.54944974,,1.0020741362092553,0.30170458024004315
2025-04-01,Пермский край,290.0,199139.22450926004,14466.0,70398.3203973,,42450.0,168867.20406843,82779.00915765,,0.8504368572862311,0.3535130789566094
2025-04-01,Чувашская Республика - Чувашия,88.0,39961.847847,6358.0,30167.50679077,,27147.0,89692.53707877001,24683.56341227,,1.2221698418054978,0.754907703624489
2025-04-01,Самарская область,152.0,159546.92948391,12086.0,63706.312096739995,,30684.0,125141.66512156,65250.64825136,,0.9763322480924499,0.3992951309236237
2025-04-01,Удмуртская Республика,113.0,79986.64316226999,11536.0,42580.43050997,,36870.0,126288.45506524,37259.63897257,,1.142803088921959,0.532344261823646
2025-04-01,Республика Башкортостан,237.0,250526.74670578,21507.0,106362.26335263,,44506.0,180948.51579806,119483.85932557001,,0.8901810165238617,0.42455452262565174
2025-04-01,Кировская область,56.0,18970.93171243,3156.0,13460.165059969999,,13602.0,51114.21645843,10542.91855092,,1.2767019867373852,0.7095152343598773
2025-04-01,Пензенская область,162.0,104323.17106952,8305.0,29661.29964387,,27012.0,94982.35839087,49560.60723932,,0.5984853958838816,0.28432130024214836
2025-04-01,Ульяновская область,72.0,26636.893346,2997.0,11312.21575841,,17767.0,60312.46168502,14646.41326468,,0.7723539923381476,0.42468224846906666
2025-04-01,Оренбургская область,66.0,33712.300191,3336.0,12173.63090376,,21074.0,57191.98823933,7806.76929853,,1.5593685989993673,0.36110353890981106
2025-04-01,Саратовская область,36.0,15975.78963075,1668.0,7129.91144497,,18635.0,52878.463272889996,7759.256810989999,,0.9188910250877879,0.44629477539228707
2025-04-01,Республика Марий Эл,44.0,18699.07591953,2237.0,7004.64505871,,8243.0,26114.62876096,7442.55426847,,0.941161435447615,0.3745984608466182
2025-04-01,Республика Мордовия,27.0,6924.941566,949.0,4702.26976875,,4841.0,17701.86710321,3950.20000501,,1.1903877684132849,0.679033855222281
2025-04-01,г. Санкт-Петербург,403.0,1360189.96405548,68342.0,387355.90397636,,139891.0,1026885.05347492,598419.08357537,,0.6472987152448875,0.28478073961186817
2025-04-01,Ленинградская область,370.0,517431.5361844899,27601.0,114737.96760136,,65558.0,333368.70977452,213893.81002257002,,0.5364249091137928,0.22174521570028588
2025-04-01,Вологодская область,60.0,19289.74400052,4017.0,10575.72053665,,11864.0,47132.29570151999,8326.6766258,,1.2701010273272044,0.5482561373735653
2025-04-01,Республика Карелия,24.0,12969.874099,2187.0,8637.97087783,,7715.0,26582.69392913,7712.77182335,,1.119956751693212,0.6660026775815813
2025-04-01,Калининградская область,151.0,91427.51158324,8730.0,34774.889456239995,,29059.0,111424.39506713001,43733.338128120005,,0.7951574461195808,0.3803547625222115
2025-04-01,Архангельская область,77.0,39715.463328239995,5782.0,26993.36998212,,9325.0,37760.16205585,17013.144644559998,,1.586618496819235,0.6796690185640148
2025-04-01,Новгородская область,8.0,5349.49239,669.0,2634.85081025,,4442.0,16040.038469559999,,,,0.49254221114052277
2025-04-01,Псковская область,30.0,9499.575846010002,1581.0,5435.48975943,,5403.0,15781.328601090001,5148.5588889499995,,1.0557303270038962,0.5721823634592071
2025-04-01,Мурманская область,3.0,3708.127,157.0,736.99754724,,0.0,0.0,,,,0.19875197026423314
2025-04-01,Ненецкий автономный округ,0.0,0.0,0.0,0.0,,0.0,0.0,,,,
2025-04-01,Республика Коми,7.0,3549.825106,724.0,2228.51308016,,4838.0,15574.422960959999,,,,0.6277810916355607
2025-04-01,Ставропольский край,168.0,139663.797109,14760.0,51890.91560943,,41897.0,142420.99455267002,58339.4910313,,0.8894646609376443,0.3715416355817103
2025-04-01,Республика Северная Осетия - Алания,28.0,15917.46845025,1974.0,9039.61106917,,2502.0,8953.643682760001,6545.8109693999995,,1.380976491901138,0.5679050721804964
2025-04-01,Республика Ингушетия,1.0,551.3850975700001,18.0,28.67933681,,30.0,62.728404,,,,0.052013260670976086
2025-04-01,Чеченская Республика,2.0,2347.769,85.0,1559.86713429,,42.0,45.112189,,,,0.6644040083543143
2025-04-01,Кабардино-Балкарская Республика,10.0,5374.312844,927.0,3253.63498384,,384.0,1541.80728254,1571.45187799,,2.070464281732657,0.6054048356102733
2025-04-01,Карачаево-Черкесская Республика,26.0,39683.06252301,746.0,4222.75451776,,23.0,126.456,6717.6935108,,0.62860184242867,0.10641201180759323
2025-04-01,Республика Дагестан,32.0,46715.45637215,1732.0,6787.29984632,,20.0,112.896351,9119.35358763,,0.7442742274547478,0.1452902395355027
2025-04-01,Новосибирская область,549.0,425592.39688998,27570.0,117449.19705092999,,90324.0,374204.02857897,153558.15165282,,0.7648515939190982,0.2759663892240345
2025-04-01,Красноярский край,166.0,203611.20497875,10014.0,50131.13879948,,37034.0,176300.17687074,65706.23612215,,0.7629586133389927,0.24621011797809442
2025-04-01,Иркутская область,96.0,93164.167158,6938.0,30885.48870396,,19320.0,86595.53952430999,40600.855625879994,,0.7607102911464955,0.3315168228958709
2025-04-01,Алтайский край,108.0,60980.25997234,8489.0,36646.54891589,,27084.0,88293.76389635,30358.95239362,,1.2071084812396673,0.6009575710650051
2025-04-01,Республика Хакасия,36.0,20675.606613,2205.0,8639.21996714,,6531.0,23586.399486119997,11094.67500544,,0.7786816615091449,0.41784602158700396
2025-04-01,Республика Алтай,42.0,5577.727324,743.0,3182.02768767,,608.0,2262.869521,3181.27356103,,1.0002370518050498,0.5704882119242872
2025-04-01,Кемеровская область,133.0,77737.092811,5421.0,23457.3000606,,12955.0,42708.58405788,23298.24280811,,1.006827006388423,0.30175170195303125
2025-04-01,Томская область,53.0,25392.18278339,1904.0,9361.069438819999,,6140.0,28257.34938138,10296.01594238,,0.9091933706404226,0.3686595011809475
2025-04-01,Омская область,84.0,70026.83755407999,4566.0,24513.997309830003,,4732.0,20663.77250831,21402.81484115,,1.1453632380493386,0.35006574859100914
2025-04-01,Республика Тыва,22.0,12279.590201,2686.0,14825.61671407,,1018.0,4522.891178399999,6416.106710380001,,2.3106873659200624,1.2073380684041606
2025-04-01,Тюменская область,544.0,608026.0579974202,36403.0,146340.73391257,,88734.0,352313.20317168,211120.79146105,,0.6931611656996305,0.24068168129924278
2025-04-01,Свердловская область,527.0,624784.64589022,45539.0,207625.87629545,,101736.0,460305.81857639004,247875.07429267,,0.8376230522085607,0.3323159070268376
2025-04-01,Ханты-Мансийский автономный округ - Югра,96.0,82137.31326786,5666.0,29936.41639152,,12994.0,60188.653726879995,42773.699358900005,,0.6998790574631716,0.36446792816187723
2025-04-01,Челябинская область,171.0,130381.67649171,8505.0,39678.27455393,,37341.0,127427.70221695,63911.693372220005,,0.6208296551124812,0.30432400948957616
2025-04-01,Курганская область,62.0,27448.09914205,2774.0,9618.919436299999,,8017.0,23735.43089186,14463.684760639999,,0.6650393447785828,0.3504402759010727
2025-04-01,Ямало-Ненецкий автономный округ,37.0,24471.155033,1992.0,13726.171661280001,,2379.0,15627.14203256,11169.105347879999,,1.2289410148580395,0.5609122921566185
2025-04-01,Ростовская область,208.0,377192.25527321,29370.0,127384.23125247999,,75851.0,281329.08647752,157221.68858398002,,0.8102204753031745,0.3377169850961344
2025-04-01,Краснодарский край,366.0,1202945.2504356198,60257.0,312380.66418293,,136425.0,695413.56468273,647172.39871387,,0.48268539388225795,0.2596798682814603
2025-04-01,Республика Крым,136.0,254963.03299086,17836.0,96631.48693094001,,14906.0,69373.97629644,105856.19393027,,0.9128562377237318,0.379001950978533
2025-04-01,Волгоградская область,117.0,71096.71058402001,7878.0,29308.70056313,,22482.0,74235.67814166,28473.01733989,,1.029350005770875,0.4122370827338606
2025-04-01,г. Севастополь,14.0,12566.831145,1200.0,6655.58634086,,3834.0,18628.42548301,4821.76388291,,1.380321911748873,0.5296153233910584
2025-04-01,Республика Калмыкия,10.0,2142.353687,540.0,1493.7520266400002,,1039.0,2803.19357162,927.25571128,,1.6109386099957246,0.69724809479603
2025-04-01,Астраханская область,104.0,51321.23199293001,8459.0,33734.64153758,,4385.0,20055.13263912,34570.82446882,,0.975812467764714,0.6573232992970097
2025-04-01,Республика Адыгея (Адыгея),53.0,64557.25023,3794.0,16656.64176673,,6556.0,22948.08015891,23111.59147132,,0.7207050967216958,0.2580134951130492
2026-04-01,Белгородская область,43.0,17136.04474,2587.0,13761.05711806,,8900.0,38069.14583698001,9820.166994029998,2458.0,1.4013058155147258,0.8030474550488363
2026-04-01,Брянская область,22.0,10043.602575,2556.0,11133.294812250002,,13040.0,48366.32054652,5550.67319273,2375.0,2.005755775143067,1.1084961525620702
2026-04-01,Владимирская область,47.0,25157.049838,3509.0,14797.762488890008,,11619.0,42250.05548245999,15537.3329,3284.0,0.9524004270314635,0.5882153346350583
2026-04-01,Воронежская область,170.0,141429.42700794002,10466.0,47329.527854780026,,60995.0,234534.39797798,58031.185657990005,9273.0,0.8155878140026159,0.3346512027664716
2026-04-01,Ивановская область,51.0,16150.84403,1545.0,6438.762004870001,,7239.0,24388.7016414,6323.785876359999,1447.0,1.018181534093337,0.3986641189098277
2026-04-01,Калужская область,43.0,31981.263733,2505.0,10520.124868240002,,13166.0,53182.2952907,15589.448379309999,2249.0,0.6748234198075987,0.328946503054686
2026-04-01,Костромская область,32.0,8196.53057778,1330.0,6265.2068538,,6465.0,26790.497338490004,4690.181850679999,1258.0,1.3358132058124033,0.7643730227499387
2026-04-01,Курская область,29.0,19593.923846910002,2683.0,13787.379931830003,,8343.0,34163.23100148,8964.3176828,2552.0,1.5380289297738856,0.703655890446073
2026-04-01,Липецкая область,73.0,54371.92970143,2537.0,10767.1067688,,9139.0,37139.307856880005,23530.58444713,2394.0,0.4575792323812532,0.1980269383103543
2026-04-01,Московская область,859.0,2258627.01161654,86983.0,571734.0882387002,,256413.0,1525379.3666819797,786046.2935529605,82465.0,0.7273542193735681,0.25313346794232294
2026-04-01,Орловская область,28.0,17987.838866000006,1116.0,4832.579391370001,,10714.0,36342.82270351,8013.360535700001,1063.0,0.6030652645466993,0.26865814328059034
2026-04-01,Рязанская область,71.0,67590.640388,13896.0,46166.54277259999,,19308.0,60110.46931133001,43706.90675094999,13396.0,1.0562756828266402,0.6830315929481321
2026-04-01,Смоленская область,46.0,12703.6701092,2080.0,7959.072013970001,,10658.0,33592.23792464,6328.26279243,1863.0,1.2577025125269463,0.6265175296236667
2026-04-01,Тамбовская область,19.0,8324.95837355,1822.0,6396.66658128,,7691.0,26901.95363006999,4190.480243149999,1229.0,1.5264757760727687,0.7683722001065428
2026-04-01,Тверская область,46.0,24984.923782,2290.0,9342.453700830001,,14729.0,50948.586256029994,12947.709174070002,2066.0,0.7215526372448849,0.3739236422070107
2026-04-01,Тульская область,114.0,142824.58406554998,12133.0,52849.72865661001,,22780.0,99904.58739131998,51417.11457930999,11569.0,1.027862591843621,0.3700324352588655
2026-04-01,Ярославская область,102.0,77240.62157747001,5638.0,22886.969088920003,,18300.0,69152.84575880998,21456.94204775,5247.0,1.0666463579939602,0.2963074172825637
2026-04-01,г. Москва,1511.0,8593167.168979738,206143.0,3031283.1742680105,,449061.0,5175556.289962314,4179736.56621009,197177.0,0.7252330682209904,0.35275505697254034
2026-04-01,Республика Карелия,19.0,12157.740243,1998.0,9901.883476280002,,10273.0,37790.52328817,3911.4410385600004,1788.0,2.53151802076643,0.8144509817094635
2026-04-01,Республика Коми,5.0,1429.2575,604.0,1845.2278434300003,,5558.0,19257.93287234,,418.0,,1.291039468696159
2026-04-01,Архангельская область,86.0,45192.34068642999,5944.0,26500.578769610005,,14444.0,60940.29115682,21429.64251246,5586.0,1.2366318642133938,0.586395357423197
2026-04-01,Вологодская область,65.0,22000.90084771,4961.0,15734.976714800005,,14141.0,58527.235971170005,12713.523339230002,4112.0,1.2376566507135542,0.7151969286947542
2026-04-01,Калининградская область,232.0,170323.25497882,13072.0,57947.02192792998,,36309.0,149115.29983601003,72438.43687024,12206.0,0.7999485415695994,0.34021791055564193
2026-04-01,Ленинградская область,353.0,541926.6177196299,29619.0,131109.67504967997,,86966.0,456373.78247747,244793.33800610987,27919.0,0.5355933135991126,0.2419325251108271
2026-04-01,Мурманская область,24.0,20127.861990999998,896.0,5321.8378988,,0.0,0.0,3831.7131074299996,865.0,1.3888925787477484,0.26440154951279055
2026-04-01,Новгородская область,8.0,4393.682,767.0,3796.48023631,,5737.0,22410.341334650002,,732.0,,0.8640771535832589
2026-04-01,Псковская область,33.0,11416.881178,1620.0,5980.7837316000005,,7347.0,23337.145038870003,5700.73634858,1525.0,1.0491247736952014,0.52385442559609
2026-04-01,г. Санкт-Петербург,459.0,1439497.71040924,70311.0,481184.0640974097,,182241.0,1360912.3310302198,650609.3220816501,66860.0,0.7395898702432396,0.33427219829381466
2026-04-01,Ненецкий автономный округ,,,12.0,82.719,,,0.0,,11.0,,
2026-04-01,Республика Башкортостан,265.0,289257.75429419,22436.0,111139.42753613002,,61905.0,278801.2057739,146220.10539381995,21538.0,0.7600830763785469,0.3842228112685115
2026-04-01,Республика Марий Эл,48.0,20831.398296209998,3236.0,13952.48973604,,10348.0,35749.66291843999,11321.32815956,3006.0,1.2324075001975967,0.6697817178493713
2026-04-01,Республика Мордовия,20.0,7349.95309818,1122.0,6052.40173147,,6295.0,25424.260011,3448.8177140900007,1055.0,1.7549207389950376,0.8234612725581474
2026-04-01,Республика Татарстан (Татарстан),552.0,724487.6106588698,32141.0,212943.66908089007,,81315.0,454417.79115825996,274557.17727438,30970.0,0.7755895190752338,0.29392313401637465
2026-04-01,Удмуртская Республика,107.0,76924.59266579001,8139.0,33204.20315469999,,48997.0,178890.1842534099,30888.27181275001,7785.0,1.0749776923742953,0.43164613557279974
2026-04-01,Чувашская Республика - Чувашия,75.0,39824.339420150005,5751.0,27613.528150700004,,34244.0,126241.32690320999,21401.578421600007,5487.0,1.2902566159713926,0.6933832061688467
2026-04-01,Пермский край,404.0,339655.49285626,13589.0,71712.15981889998,,56742.0,246228.90297527006,90592.29907195001,13196.0,0.7915922275241619,0.21113204799325327
2026-04-01,Кировская область,47.0,21181.583577549998,3550.0,16997.711571770004,,17437.0,71375.22733151999,13353.828974740003,3359.0,1.272871743671627,0.8024759579253361
2026-04-01,Нижегородская область,323.0,264006.2230647601,13305.0,86667.77463207998,,50202.0,268174.9773184699,90145.33492736006,12765.0,0.9614227369826477,0.32827928685158525
2026-04-01,Оренбургская область,79.0,39864.43146666,4180.0,18025.230426260005,,25810.0,76804.03296025001,12394.68506148,3929.0,1.4542709505607787,0.45216323833277616
2026-04-01,Пензенская область,157.0,116837.87090181999,9315.0,33933.04475131,,33308.0,120406.80808246997,63090.96340017002,8680.0,0.5378431858153961,0.29042847571079305
2026-04-01,Самарская область,131.0,156432.13461773001,10142.0,60112.17741420001,,40491.0,177057.73053067,74080.67558528001,9729.0,0.8114420790479997,0.3842700066779431
2026-04-01,Саратовская область,33.0,15295.65789375,1577.0,7506.311192630006,,21791.0,66898.51658819,6059.264720390001,1498.0,1.2388155228423272,0.49074784783838427
2026-04-01,Ульяновская область,66.0,30367.898331640004,3348.0,14346.058159500006,,21838.0,80179.37498528,15360.48811723,3080.0,0.9339584816583987,0.47240866005379745
2026-04-01,Курганская область,51.0,25726.71487435,1977.0,7783.05300368,,10785.0,35554.809479480005,14313.2955765,1881.0,0.5437638705972404,0.30252805465807237
2026-04-01,Свердловская область,608.0,731056.9574269603,42060.0,210931.47318054998,,140430.0,669629.8989320799,282226.63177147,40242.0,0.7473833063045215,0.28852946550559855
2026-04-01,Тюменская область,544.0,651386.18004257,28609.0,123257.72798695006,,121755.0,518690.9843076501,228572.93241881998,27184.0,0.5392490120444436,0.18922373818077443
2026-04-01,Челябинская область,183.0,164939.08834061,10948.0,55974.29076025002,,44902.0,164810.6936412101,83502.68955635,10289.0,0.6703291960731034,0.3393634057480629
2026-04-01,Ханты-Мансийский автономный округ - Югра,86.0,81301.47668056001,3749.0,19549.179988950007,,16813.0,82943.83633542,40987.3848896,3573.0,0.47695602053182834,0.24045295100555547
2026-04-01,Ямало-Ненецкий автономный округ,45.0,27233.6926195,1732.0,14178.881238750002,,3842.0,25881.86461596,16309.66525363,1654.0,0.8693545218896657,0.5206374852229025
2026-04-01,Республика Дагестан,44.0,53956.8971712,2836.0,12690.691078000002,,268.0,433.91996315,17666.735752590004,2576.0,0.7183381953363683,0.23520053493316473
2026-04-01,Республика Ингушетия,1.0,551.3850975700001,19.0,9.462331810000006,,57.0,147.45362203,,11.0,,0.017161022036506404
2026-04-01,Кабардино-Балкарская Республика,15.0,7980.900255250001,2058.0,7766.01102418,,765.0,3114.19768259,3467.84990197,1888.0,2.2394311298676226,0.9730745624932925
2026-04-01,Карачаево-Черкесская Республика,44.0,82195.65405685,1381.0,8614.77993948,,164.0,871.6931,16467.200397939996,1207.0,0.5231478169511854,0.10480821691036916
2026-04-01,Республика Северная Осетия - Алания,27.0,17540.97814779,2195.0,10412.461411780001,,3556.0,14689.97492667,9474.79098725,1964.0,1.098964760889375,0.5936077979261307
2026-04-01,Чеченская Республика,5.0,9660.136418200002,322.0,3528.5670948899997,,46.0,532.486188,,215.0,,0.3652709384354105
2026-04-01,Ставропольский край,189.0,222110.07650696,16912.0,63030.36994013001,,55119.0,197500.16292384,82817.11526638996,15277.0,0.7610790322433497,0.283779875867788
2026-04-01,Республика Адыгея (Адыгея),58.0,111903.82565703,5311.0,28124.045188170006,,10319.0,43315.88983203,54799.67215138999,5005.0,0.5132155738171992,0.2513233575621121
2026-04-01,Республика Калмыкия,10.0,2776.558863,473.0,1810.2232770599999,,1362.0,3908.4668461000006,1268.8005,397.0,1.426720179460837,0.6519664687043949
2026-04-01,Республика Крым,212.0,445819.88867294,23662.0,142338.40588701004,,23481.0,124887.97578573003,174798.35395284006,22701.0,0.814300607918839,0.3192733422250517
2026-04-01,Краснодарский край,354.0,1569132.5862625039,68718.0,373333.7519489799,,170588.0,898987.5645934204,892807.7843406502,53525.0,0.4181569185406371,0.23792364980337236
2026-04-01,Астраханская область,122.0,73775.14492021,8354.0,38357.45779879001,,7855.0,35991.26570511,50662.22763361999,7999.0,0.757121421430265,0.5199238556599887
2026-04-01,Волгоградская область,127.0,69407.1139372,6317.0,27776.270502020005,,30624.0,113052.29774942997,28764.72107914999,5973.0,0.9656367056572484,0.4001934229271102
2026-04-01,Ростовская область,195.0,455513.49423352996,32743.0,163586.93249457,,99734.0,402945.1130697497,249634.44358921,31196.0,0.6553059351207285,0.359126424497763
2026-04-01,г. Севастополь,17.0,13911.3843452,1565.0,8906.95947547,,4631.0,24808.12511794,8012.10370548,1521.0,1.1116879914295106,0.6402640639098773
2026-04-01,Республика Алтай,97.0,23625.62542885,1109.0,5193.196584530001,,1089.0,4653.396802,7636.5979935199975,1078.0,0.6800405873055863,0.21981202572476344
2026-04-01,Республика Тыва,27.0,15099.75396939,2186.0,12621.765516009998,,2659.0,14079.533180669998,8043.977687710001,2075.0,1.5690950430275528,0.8358921305338257
2026-04-01,Республика Хакасия,30.0,20437.691,1478.0,6983.3115743200015,,9235.0,37705.64545379,10031.69895,1310.0,0.6961245158099567,0.34168789293859086
2026-04-01,Алтайский край,132.0,65600.24182555001,8191.0,40546.24947921001,,34468.0,125551.78255459,31783.857112240003,7948.0,1.2756868789092184,0.6180807928579624
2026-04-01,Красноярский край,176.0,202915.55885813004,8739.0,47129.07543937002,,46263.0,229627.45190102002,71502.19916168,8140.0,0.6591276351207361,0.23225954532309015
2026-04-01,Иркутская область,113.0,94591.91602393001,7627.0,39338.46107727001,,24597.0,116695.05635883003,48327.82053926,6987.0,0.8139920368499275,0.41587550745158924
2026-04-01,Кемеровская область,136.0,93532.60727226002,3944.0,18156.65652862,,17815.0,65443.34297011,22124.455568750003,3593.0,0.8206600371340039,0.19412114190047725
2026-04-01,Новосибирская область,726.0,584082.73808681,27537.0,135437.58073070002,,112312.0,487607.21487622004,186004.82074945996,25814.0,0.728140164244067,0.23188081396538457
2026-04-01,Омская область,93.0,95476.68098992,4783.0,25041.66387301,,7801.0,40652.40522187,23817.52094168,4577.0,1.051396740001928,0.26228041877213754
2026-04-01,Томская область,70.0,35005.88476551001,1203.0,6774.44040844,,8882.0,43016.963612490006,11880.01785702,1130.0,0.5702382344852224,0.1935229020440187
2026-04-01,Республика Бурятия,45.0,32256.622177459998,8224.0,38935.04814287,,9125.0,45210.13248145,21213.08548131,6115.0,1.8354259769128876,1.2070404622241164
2026-04-01,Республика Саха (Якутия),144.0,172008.05221619,5427.0,40579.25741084,,10554.0,66084.63308558,37576.91229,4734.0,1.0798986648415758,0.23591487077498885
2026-04-01,Забайкальский край,56.0,50225.06050669,4137.0,30487.4679316,,5272.0,35580.10399561,30171.969236219997,3823.0,1.010456682257294,0.6070170473470919
2026-04-01,Камчатский край,13.0,19092.738796729995,517.0,10068.54848325,,206.0,3875.04574302,8339.956133180001,489.0,1.207266359974353,0.5273496165450311
2026-04-01,Приморский край,410.0,492837.52440851013,25393.0,139060.63327263005,,43686.0,233480.58295729008,224585.45000567005,24528.0,0.6191880786093632,0.28216324120109715
2026-04-01,Хабаровский край,240.0,231678.5862458599,14261.0,99834.45200932003,,19623.0,116218.82014828997,100057.69928751,13765.0,0.9977688145961813,0.43091790927701273
2026-04-01,Амурская область,129.0,68313.44952319999,1148.0,22424.447978580003,,7808.0,49087.12056261,16818.585036560013,1070.0,1.333313589094091,0.32825817075690805
2026-04-01,Магаданская область,3.0,6039.51911174,27.0,2085.36772876,,15.0,5233.4800855,,20.0,,0.34528704855098974
2026-04-01,Сахалинская область,25.0,38748.78462446999,1631.0,13954.31058237,,5997.0,51832.27884356999,17931.42355191,1553.0,0.7782042815492822,0.36012253590936644
2026-04-01,Еврейская автономная область,3.0,1595.9552847999998,6.0,1825.009505,,11.0,192.87419580000002,,6.0,,1.1435217028832387
2026-04-01,Чукотский автономный округ,8.0,3234.9864398,3.0,1559.8627,,2.0,868.1175,,3.0,,0.4821852360210935
2022-05-01,г. Москва,648.0,3604457.88456588,156898.0,1627606.4531119014,,45005.0,397905.16603599006,,,,0.45155374406820953
2022-05-01,Московская область,402.0,1050427.86323847,80690.0,392557.0042565502,,25104.0,114694.78170138996,,,,0.3737115303151772
2022-05-01,Воронежская область,90.0,43675.915571699996,13108.0,38517.67689497002,,13830.0,35386.76051885999,,,,0.881897411669321
2022-05-01,Калужская область,18.0,10409.18330709,3033.0,9769.61045168,,2946.0,8080.00623142,,,,0.9385568649776427
2022-05-01,Орловская область,30.0,10713.693386,2727.0,8120.25536864,,2895.0,7421.404387380001,,,,0.7579324025877997
2022-05-01,Тверская область,38.0,14384.12299401,3129.0,8811.75076777,,4092.0,9677.537734240002,,,,0.6126025737849634
2022-05-01,Владимирская область,53.0,11194.91979634,3393.0,9006.102571110001,,1430.0,3325.22940952,,,,0.8044812053101446
2022-05-01,Белгородская область,20.0,6714.60124458,1865.0,6386.7348011,,1980.0,6549.458465399999,,,,0.9511711222249196
2022-05-01,Тульская область,81.0,63699.97564541001,6620.0,19912.493283990007,,1703.0,6162.8794515,,,,0.3125981302541491
2022-05-01,Ярославская область,37.0,13104.36372887,4069.0,12342.49780675,,3190.0,8394.40142621,,,,0.9418616624291688
2022-05-01,Смоленская область,16.0,4572.337451219999,2613.0,5154.28615425,,2734.0,6133.778348630001,,,,1.1272759741026386
2022-05-01,Брянская область,19.0,6586.06690667,2380.0,7431.700598950002,,2559.0,7592.40012236,,,,1.1283973734648203
2022-05-01,Тамбовская область,9.0,2725.527,1541.0,3389.3545586799996,,1768.0,3522.9180747799996,,,,1.243559340516531
2022-05-01,Ивановская область,18.0,2867.4706210500003,1451.0,3799.3247250699997,,835.0,2105.75249513,,,,1.3249742463547112
2022-05-01,Липецкая область,21.0,17814.613961870004,1585.0,4799.49768762,,1446.0,4017.53517618,,,,0.26941351060947694
2022-05-01,Курская область,11.0,4024.0020038800003,1272.0,3938.9525238999995,,1818.0,5029.93988973,,,,0.978864453870054
2022-05-01,Рязанская область,29.0,12391.059918,5990.0,12327.34119513,,109.0,218.24446,,,,0.9948576858403018
2022-05-01,Костромская область,19.0,3699.9080134700002,1191.0,3841.64835599,,1158.0,3229.42036621,,,,1.0383091530935298
2022-05-01,Приморский край,185.0,182313.87017746994,11901.0,54096.415203979996,,4789.0,21882.40734588,,,,0.2967213364036476
2022-05-01,Сахалинская область,24.0,31746.139358,1759.0,10561.343323120002,,766.0,5241.8628475,,,,0.33268118696324417
2022-05-01,Хабаровский край,49.0,31641.85003152,3474.0,17163.77874231,,2131.0,9985.803061659999,,,,0.5424391660162828
2022-05-01,Амурская область,17.0,4868.756584,1294.0,5804.06572215,,605.0,2620.02541719,,,,1.1921043128801445
2022-05-01,Республика Саха (Якутия),18.0,10903.08762673,2399.0,12114.77053522,,874.0,3768.33095776,,,,1.1111320893651666
2022-05-01,Республика Бурятия,9.0,5005.010397,1520.0,4730.40659305,,675.0,1560.67026091,,,,0.945134219078826
2022-05-01,Еврейская автономная область,0.0,0.0,0.0,0.0,,0.0,0.0,,,,
2022-05-01,Забайкальский край,8.0,2457.36995252,532.0,2321.2566387600004,,370.0,1134.53728922,,,,0.9446101659945759
2022-05-01,Камчатский край,0.0,0.0,0.0,0.0,,0.0,0.0,,,,
2022-05-01,Магаданская область,1.0,129.659,8.0,33.855449,,0.0,0.0,,,,0.26111144617805165
2022-05-01,Чукотский автономный округ,0.0,0.0,0.0,0.0,,0.0,0.0,,,,
2022-05-01,Республика Татарстан (Татарстан),221.0,190097.73369221002,19587.0,84512.27820500002,,15942.0,58754.24469567,,,,0.44457278139798906
2022-05-01,Нижегородская область,141.0,94008.06721083,13040.0,58162.66138357998,,10177.0,38506.804306260005,,,,0.6186986192699797
2022-05-01,Пермский край,112.0,59571.24256413001,14797.0,49401.82457949,,10184.0,30595.404482969996,,,,0.8292898125518808
2022-05-01,Чувашская Республика - Чувашия,58.0,17837.37333777,5685.0,17411.449857220003,,11051.0,27107.61651097,,,,0.9761218497541833
2022-05-01,Самарская область,80.0,55642.35032053,11525.0,35068.03755067001,,5570.0,16223.684383560001,,,,0.6302400482484863
2022-05-01,Удмуртская Республика,78.0,46743.9395761,10882.0,29851.880008089996,,9385.0,25242.87191778,,,,0.6386256759443775
2022-05-01,Республика Башкортостан,122.0,92198.40088486002,13551.0,44221.99255529999,,7750.0,20442.107900209998,,,,0.47963947455580785
2022-05-01,Кировская область,25.0,5825.417012,2058.0,5658.03447051,,4447.0,10140.89465491,,,,0.9712668567511643
2022-05-01,Пензенская область,81.0,39859.37651571,11167.0,32476.87556624,,4184.0,10426.783997970002,,,,0.8147863415133879
2022-05-01,Ульяновская область,62.0,17320.96479553,4778.0,12061.73206339,,4545.0,10945.602186929998,,,,0.6963660630788163
2022-05-01,Оренбургская область,18.0,5533.524,3405.0,7899.260694930001,,7841.0,16090.34333784,,,,1.4275280445029244
2022-05-01,Саратовская область,27.0,7567.59150829,3879.0,8935.25432787,,6401.0,12373.46626796,,,,1.1807263008424513
2022-05-01,Республика Марий Эл,23.0,3922.445,1818.0,4036.820802749999,,2343.0,5372.60147582,,,,1.0291593133237047
2022-05-01,Республика Мордовия,13.0,3964.672499,1132.0,3117.4044201799998,,1138.0,3192.22923752,,,,0.7862955694237785
2022-05-01,г. Санкт-Петербург,262.0,591323.64004688,58105.0,332034.63350177015,,8388.0,49289.15594469,,,,0.5615108394371761
2022-05-01,Ленинградская область,149.0,163517.90603536,22103.0,89165.95861290001,,13113.0,48954.10038699,,,,0.5452978256315139
2022-05-01,Вологодская область,47.0,7261.702518700001,3202.0,8994.76485886,,3068.0,9428.051370240002,,,,1.238657854090979
2022-05-01,Республика Карелия,12.0,4142.9209452,2115.0,6546.335131610002,,1923.0,4489.4710723299995,,,,1.5801255245274726
2022-05-01,Калининградская область,96.0,46561.32330194,9871.0,33608.223809339994,,6980.0,19347.1461128,,,,0.7218055979938116
2022-05-01,Архангельская область,33.0,7377.161377,3252.0,10851.12387444,,625.0,1896.3765906499998,,,,1.4709077543390712
2022-05-01,Новгородская область,4.0,964.239322,729.0,2182.92038056,,1103.0,2923.80157766,,,,2.2638781998977637
2022-05-01,Псковская область,16.0,3911.608474,1687.0,3639.7072183799996,,670.0,1327.6381907100001,,,,0.9304886321247906
2022-05-01,Мурманская область,0.0,0.0,0.0,0.0,,0.0,0.0,,,,
2022-05-01,Ненецкий автономный округ,0.0,0.0,0.0,0.0,,0.0,0.0,,,,
2022-05-01,Республика Коми,5.0,1190.8023473899998,734.0,2227.9955109899997,,1891.0,5174.615035819999,,,,1.8710036269858885
2022-05-01,Ставропольский край,55.0,25553.302222600003,8343.0,20972.9109333,,9283.0,21585.58551761,,,,0.8207514923355391
2022-05-01,Республика Северная Осетия - Алания,6.0,2163.69457635,769.0,1682.29762667,,428.0,1175.0955667900002,,,,0.777511597550851
2022-05-01,Республика Ингушетия,0.0,0.0,3.0,0.0,,12.0,20.403304,,,,
2022-05-01,Чеченская Республика,0.0,0.0,0.0,0.0,,0.0,0.0,,,,
2022-05-01,Кабардино-Балкарская Республика,1.0,131.39,112.0,261.64919776,,38.0,99.79161983000002,,,,1.9913935441053354
2022-05-01,Карачаево-Черкесская Республика,0.0,0.0,0.0,0.0,,0.0,0.0,,,,
2022-05-01,Республика Дагестан,0.0,0.0,295.0,1.48,,0.0,0.0,,,,inf
2022-05-01,Новосибирская область,223.0,147688.01812346,22757.0,76947.20806589002,,20999.0,66007.83395270999,,,,0.5210118535246773
2022-05-01,Красноярский край,140.0,144808.28635004998,8752.0,36271.70825423,,7716.0,28045.508579000005,,,,0.2504808886871927
2022-05-01,Иркутская область,55.0,27136.877163809997,4725.0,16393.341494140004,,3788.0,13149.54807292,,,,0.6040983048706254
2022-05-01,Алтайский край,47.0,21410.15246809,7475.0,20866.979947640004,,8896.0,21105.564353079997,,,,0.9746301423467418
2022-05-01,Республика Хакасия,21.0,5808.27117,1212.0,3474.76005625,,1414.0,4237.28955139,,,,0.5982434281300955
2022-05-01,Республика Алтай,3.0,640.1149,130.0,339.21201120000006,,36.0,72.06458,,,,0.5299236296483648
2022-05-01,Кемеровская область,35.0,9578.909125049999,4613.0,11361.602089540002,,1421.0,3172.69005098,,,,1.1861060524969431
2022-05-01,Томская область,9.0,7934.245574,1466.0,5510.069005560001,,801.0,2697.717237,,,,0.6944666577520784
2022-05-01,Омская область,16.0,5686.26004283,1270.0,4135.34569638,,530.0,1490.00283717,,,,0.7272523003224939
2022-05-01,Республика Тыва,0.0,0.0,51.0,194.36246234,,0.0,0.0,,,,inf
2022-05-01,Тюменская область,219.0,178423.32146813,26214.0,86189.04908930999,,18326.0,56526.97203002,,,,0.4830593241966135
2022-05-01,Свердловская область,204.0,187283.51357346002,28645.0,108948.14436167,,20355.0,71585.51095001999,,,,0.5817284302440012
2022-05-01,Ханты-Мансийский автономный округ - Югра,39.0,27849.14897012,3850.0,16464.48373969,,4016.0,16190.72782722,,,,0.591202401098688
2022-05-01,Челябинская область,76.0,27769.649204160003,7547.0,19451.317240500004,,11144.0,25571.176826559997,,,,0.7004523930963492
2022-05-01,Курганская область,25.0,5392.27617874,1990.0,5010.72446764,,2261.0,5326.667384779999,,,,0.9292410665825435
2022-05-01,Ямало-Ненецкий автономный округ,6.0,2798.23375971,812.0,2766.44946719,,644.0,3153.33562382,,,,0.9886413018891982
2022-05-01,Ростовская область,126.0,102908.01197264,20734.0,60466.479778199995,,19112.0,47819.72359011,,,,0.587577960346529
2022-05-01,Краснодарский край,296.0,364680.25618212996,33056.0,115011.38564042,,23879.0,68149.64097334,,,,0.3153759593252578
2022-05-01,Республика Крым,51.0,45664.88628,6535.0,24011.245989919997,,2612.0,7869.45505027,,,,0.5258142075005294
2022-05-01,Волгоградская область,41.0,20752.35249525,3979.0,11028.53227951,,4834.0,10934.96795695,,,,0.5314352809896765
2022-05-01,г. Севастополь,5.0,3211.13632206,607.0,2914.32494923,,1314.0,5058.3243003,,,,0.9075681182418346
2022-05-01,Республика Калмыкия,5.0,632.46783196,258.0,396.1170095,,354.0,835.93936037,,,,0.6263038046890773
2022-05-01,Астраханская область,16.0,6703.685501350001,1331.0,5073.777973250001,,625.0,2325.3609797199997,,,,0.7568639627005525
2022-05-01,Республика Адыгея (Адыгея),3.0,2290.634,499.0,1304.39856784,,1946.0,4425.60142479,,,,0.5694487062708403
2023-05-01,г. Москва,947.0,5791801.784422156,164293.0,1868576.06513754,,126800.0,1183948.74512669,,,,0.3226243118615231
2023-05-01,Московская область,525.0,1545775.77094009,77403.0,411146.20668305,,79487.0,400666.68738371,,,,0.2659804962740517
2023-05-01,Воронежская область,121.0,69991.25264282,11780.0,39993.74013524,,22939.0,65515.75411038,,,,0.5714105495344741
2023-05-01,Калужская область,30.0,20167.174482,2048.0,8454.18164869,,5728.0,17492.8765186,,,,0.4192050629717957
2023-05-01,Орловская область,24.0,10457.60894135,1453.0,4617.64938751,,5613.0,16260.92779391,,,,0.4415588126700305
2023-05-01,Тверская область,52.0,20484.75210455,2548.0,8022.96056866,,6674.0,17641.82132851,,,,0.39165524326154616
2023-05-01,Владимирская область,67.0,18799.081472,3073.0,9416.92652476,,3103.0,8551.49463258,,,,0.5009248211826676
2023-05-01,Белгородская область,30.0,11448.2147824,1549.0,5744.01125956,,3336.0,11888.75903693,,,,0.5017386001868692
2023-05-01,Тульская область,95.0,75271.1367725,5378.0,18920.97823717,,6207.0,23126.88575011,,,,0.2513709643359963
2023-05-01,Ярославская область,52.0,19420.76949137,3803.0,13232.44644188,,6109.0,18179.55386933,,,,0.6813554142517421
2023-05-01,Смоленская область,17.0,5809.929642,1867.0,4064.83180799,,4655.0,11180.88121348,,,,0.6996352896608795
2023-05-01,Брянская область,23.0,10028.10998681,2069.0,6640.05465492,,4260.0,12908.0680801,,,,0.6621441790779801
2023-05-01,Тамбовская область,20.0,5269.13067,1506.0,4621.1946555,,2743.0,5969.6756048,,,,0.8770317050231743
2023-05-01,Ивановская область,18.0,4731.705437,1505.0,4687.49808441,,2228.0,5962.80142191,,,,0.9906572052764916
2023-05-01,Липецкая область,27.0,23307.66191152,1203.0,4007.22911509,,2683.0,8542.19522918,,,,0.17192754598475596
2023-05-01,Курская область,19.0,6760.61,873.0,2966.91308182,,3135.0,9695.17169353,,,,0.4388528670963123
2023-05-01,Рязанская область,44.0,25897.873779,6309.0,16411.43290209,,3438.0,7699.92450624,,,,0.6336980804732186
2023-05-01,Костромская область,18.0,3913.26683139,820.0,2973.89562378,,2507.0,8110.03570571,,,,0.7599521708882976
2023-05-01,Приморский край,315.0,339860.84876106,13033.0,62683.08491995,,12106.0,56010.94049955,,,,0.1844374989012621
2023-05-01,Сахалинская область,27.0,59043.93894719,1716.0,10961.16084858,,1850.0,12138.11257174,,,,0.1856441328953996
2023-05-01,Хабаровский край,60.0,50033.17988022,3698.0,20036.1184771,,5230.0,25891.77159398,,,,0.400456627483336
2023-05-01,Амурская область,53.0,30329.726047,1247.0,6749.10569196,,1739.0,8116.61329659,,,,0.22252445279266125
2023-05-01,Республика Саха (Якутия),49.0,82760.3885151,2515.0,12471.13573443,,2832.0,14313.06829373,,,,0.15068967120852247
2023-05-01,Республика Бурятия,14.0,8263.37677,1889.0,6511.67011029,,2087.0,6531.5766971,,,,0.7880156371340187
2023-05-01,Еврейская автономная область,1.0,149.983,11.0,192.8741958,,0.0,0.0,,,,1.285973715687778
2023-05-01,Забайкальский край,20.0,7716.303235,682.0,3229.44294983,,1088.0,4687.56096384,,,,0.4185220372343234
2023-05-01,Камчатский край,0.0,0.0,0.0,0.0,,0.0,0.0,,,,
2023-05-01,Магаданская область,2.0,203.887,11.0,69.0714355,,0.0,0.0,,,,0.3387731218763335
2023-05-01,Чукотский автономный округ,0.0,0.0,0.0,0.0,,0.0,0.0,,,,
2023-05-01,Республика Татарстан (Татарстан),327.0,372618.84267323,15214.0,78679.46194086,,32882.0,136321.30213542,,,,0.21115266575463645
2023-05-01,Нижегородская область,190.0,118514.23161966,10275.0,46037.86552855,,19431.0,85109.91534833,,,,0.3884585412180397
2023-05-01,Пермский край,137.0,99083.00484052,11542.0,46591.66964062,,21545.0,70810.31489181,,,,0.47022867055366424
2023-05-01,Чувашская Республика - Чувашия,72.0,28511.11766793,5700.0,20049.86685483,,16205.0,43533.86881652,,,,0.7032297747268806
2023-05-01,Самарская область,107.0,107340.54440821,9016.0,36785.35784242,,13424.0,45246.98543278,,,,0.34269770146243506
2023-05-01,Удмуртская Республика,99.0,64130.331705,10118.0,32201.45043128,,17403.0,50068.57421714,,,,0.5021251188814508
2023-05-01,Республика Башкортостан,147.0,135344.36394681,13624.0,52520.20966583,,16546.0,51614.31256118,,,,0.38804873830187947
2023-05-01,Кировская область,40.0,11023.819,2058.0,8339.82982804,,6998.0,19006.48756674,,,,0.7565281893724851
2023-05-01,Пензенская область,112.0,67288.17401551,9911.0,33550.95304967,,10387.0,29121.76878012,,,,0.49861589410847246
2023-05-01,Ульяновская область,54.0,21261.64481837,2914.0,8451.84278798,,9441.0,26849.19871002,,,,0.3975159429188485
2023-05-01,Оренбургская область,25.0,8878.48885297,2325.0,6083.01559515,,11768.0,26510.54757785,,,,0.6851408720432342
2023-05-01,Саратовская область,35.0,12660.56010925,3629.0,10301.94973153,,9638.0,20626.74167002,,,,0.8137041049237022
2023-05-01,Республика Марий Эл,23.0,4193.521345,1740.0,4467.66740148,,4072.0,10261.23108993,,,,1.065373711953766
2023-05-01,Республика Мордовия,16.0,4574.487499,704.0,2516.88756633,,2334.0,7045.1201736,,,,0.5502009934184323
2023-05-01,г. Санкт-Петербург,417.0,1089369.66349835,57236.0,365593.1103041,,45830.0,296589.83680428,,,,0.3356005978081413
2023-05-01,Ленинградская область,257.0,341689.31550643,26862.0,127649.58338265,,25002.0,108689.32198855,,,,0.37358377212777627
2023-05-01,Вологодская область,50.0,8851.31330505,2654.0,7832.4341451,,6040.0,19297.15983751,,,,0.8848894932496976
2023-05-01,Республика Карелия,18.0,6850.931569,1629.0,5580.84895996,,3782.0,10669.26460923,,,,0.8146116924029664
2023-05-01,Калининградская область,103.0,62098.41683369,7561.0,27512.7431175,,12696.0,39272.1202638,,,,0.44305063672047795
2023-05-01,Архангельская область,52.0,15438.2263929,4485.0,17274.3468207,,2540.0,8968.16548773,,,,1.1189333788138012
2023-05-01,Новгородская область,2.0,458.0,400.0,1400.22164645,,2194.0,6548.69583549,,,,3.0572525031659388
2023-05-01,Псковская область,24.0,6357.95945315,1560.0,4006.27956885,,1787.0,3994.98821368,,,,0.6301203394534265
2023-05-01,Мурманская область,0.0,,1.0,0.0,,0.0,0.0,,,,
2023-05-01,Ненецкий автономный округ,0.0,0.0,0.0,0.0,,0.0,0.0,,,,
2023-05-01,Республика Коми,3.0,1298.53972014,670.0,1841.9946079,,3115.0,9284.83409628,,,,1.4185123329931009
2023-05-01,Ставропольский край,75.0,47100.070237,8277.0,23334.96758762,,16368.0,43753.66551222,,,,0.4954338171939487
2023-05-01,Республика Северная Осетия - Алания,9.0,5656.3915326,1077.0,3621.45603097,,1175.0,3245.03026706,,,,0.6402413995032222
2023-05-01,Республика Ингушетия,0.0,,5.0,0.0,,18.0,35.135304,,,,
2023-05-01,Чеченская Республика,0.0,0.0,0.0,0.0,,0.0,0.0,,,,
2023-05-01,Кабардино-Балкарская Республика,3.0,1618.546,181.0,488.49832683,,76.0,197.41659149,,,,0.3018130635953504
2023-05-01,Карачаево-Черкесская Республика,0.0,,33.0,123.89081366,,0.0,0.0,,,,
2023-05-01,Республика Дагестан,1.0,1938.289268,509.0,574.55940263,,0.0,0.0,,,,0.2964260351205742
2023-05-01,Новосибирская область,342.0,250992.31183459,22077.0,84802.66660354,,40419.0,137834.9741928,,,,0.3378695784890296
2023-05-01,Красноярский край,136.0,148839.654361,8617.0,39191.75827982,,17298.0,70348.63083678,,,,0.2633153002677847
2023-05-01,Иркутская область,74.0,50106.20232542,5453.0,20310.79577431,,7774.0,29019.28585902,,,,0.40535492277781104
2023-05-01,Алтайский край,38.0,27599.06332643,6046.0,20148.91651813,,15421.0,41031.15360773,,,,0.7300579834836122
2023-05-01,Республика Хакасия,29.0,10941.759077,1425.0,3823.84227021,,2929.0,9323.05550664,,,,0.3494723511366526
2023-05-01,Республика Алтай,5.0,1057.442256,288.0,1050.09530569,,132.0,345.82392,,,,0.9930521498755011
2023-05-01,Кемеровская область,55.0,25305.35559574,5032.0,14341.94847914,,3931.0,8992.10046144,,,,0.566755461106991
2023-05-01,Томская область,20.0,12529.553914,660.0,3077.87097286,,2879.0,11685.72496027,,,,0.2456488869424885
2023-05-01,Омская область,37.0,24192.904035,1732.0,7079.50437162,,1597.0,5419.79066,,,,0.29262730763442224
2023-05-01,Республика Тыва,2.0,2483.346,407.0,1578.15629357,,163.0,720.85640358,,,,0.635495937163005
2023-05-01,Тюменская область,306.0,316996.21729324,24597.0,93799.74961952,,40915.0,137854.22862539,,,,0.2959017947294612
2023-05-01,Свердловская область,244.0,320765.08684534,29191.0,121729.6025418,,42976.0,166757.1657671,,,,0.3794976683372437
2023-05-01,Ханты-Мансийский автономный округ - Югра,50.0,38150.01999329,3159.0,13969.62179359,,7457.0,33015.89843786,,,,0.366176001901101
2023-05-01,Челябинская область,125.0,65316.35184275,4023.0,12412.56573039,,20133.0,54847.25181836,,,,0.19003764570736315
2023-05-01,Курганская область,25.0,7484.85325665,1114.0,2993.06117574,,4495.0,11782.17143815,,,,0.39988241226784
2023-05-01,Ямало-Ненецкий автономный округ,10.0,4426.09574356,792.0,3715.46012775,,1320.0,7060.07458744,,,,0.8394441383596413
2023-05-01,Ростовская область,141.0,146816.86023231,18738.0,63760.07507788,,34539.0,100491.45694191,,,,0.43428305834215297
2023-05-01,Краснодарский край,357.0,709045.90279367,38779.0,176199.91386339,,53179.0,192336.85223502,,,,0.24850283059129893
2023-05-01,Республика Крым,70.0,112761.00524012,5592.0,24887.77085201,,5665.0,19647.31502356,,,,0.22071256636115028
2023-05-01,Волгоградская область,57.0,31686.314782,4315.0,14805.51969057,,9154.0,24046.98661945,,,,0.46725281221344644
2023-05-01,г. Севастополь,8.0,9984.57737606,564.0,2623.1529435,,1698.0,6800.06902208,,,,0.2627204782637599
2023-05-01,Республика Калмыкия,8.0,1350.487,432.0,886.27554506,,446.0,1053.41422507,,,,0.6562636627083415
2023-05-01,Астраханская область,41.0,17605.4389447,1971.0,7847.59408027,,1405.0,6081.84989498,,,,0.44574827727498756
2023-05-01,Республика Адыгея (Адыгея),13.0,10519.430405,1114.0,3628.27670294,,2403.0,6214.95077166,,,,0.34491189762664726
2024-05-01,г. Москва,1308.0,7513593.35912244,204476.0,2337964.09876077,,228734.0,2399001.57900245,,,,0.3111645769227303
2024-05-01,Московская область,676.0,2002077.3318716101,86546.0,469605.52838917,,141199.0,768871.93781635,,,,0.2345591356104945
2024-05-01,Воронежская область,160.0,124285.99141024,12872.0,51130.245629389996,,37352.0,123075.05883652999,,,,0.41139186363023483
2024-05-01,Калужская область,33.0,20853.09351211,2371.0,8738.10940909,,8524.0,30518.83236033,,,,0.4190318047543174
2024-05-01,Орловская область,27.0,15490.971182,1394.0,5194.24190514,,7660.0,23768.710735009998,,,,0.3353076991825754
2024-05-01,Тверская область,54.0,26069.871724,3022.0,10554.951365280001,,9720.0,29590.21171367,,,,0.40487162641322405
2024-05-01,Владимирская область,59.0,22226.681445,4031.0,14203.9999056,,5564.0,17487.038506200002,,,,0.6390517604145202
2024-05-01,Белгородская область,29.0,11808.801113,1943.0,9073.666879549999,,5699.0,22403.4434218,,,,0.7683817173922116
2024-05-01,Тульская область,106.0,89645.9879994,9717.0,34888.130587139996,,11053.0,45098.370255580005,,,,0.3891767090276645
2024-05-01,Ярославская область,57.0,24191.9565471,4104.0,15283.34108465,,10620.0,36078.002187779995,,,,0.6317529983527556
2024-05-01,Смоленская область,26.0,9552.28617,2490.0,8073.971660439999,,6310.0,16026.47536601,,,,0.8452397171472094
2024-05-01,Брянская область,17.0,8899.11714444,2139.0,7603.80590574,,7600.0,25660.08716379,,,,0.8544449727230204
2024-05-01,Тамбовская область,23.0,7445.60767,1877.0,5276.141092399999,,4306.0,12045.20757933,,,,0.7086246450586885
2024-05-01,Ивановская область,50.0,15358.3128015,2540.0,7994.9650919,,3469.0,10634.52006039,,,,0.5205627203477166
2024-05-01,Липецкая область,64.0,47901.3244306,3520.0,13070.16708492,,3111.0,10212.11402718,,,,0.27285606901863874
2024-05-01,Курская область,19.0,8160.094412,1535.0,6032.091620560001,,4776.0,16545.35165792,,,,0.7392183614553993
2024-05-01,Рязанская область,65.0,42389.191399,10176.0,32054.92683531,,7545.0,18118.90583793,,,,0.7562051970650755
2024-05-01,Костромская область,26.0,6935.803,1134.0,4671.74387316,,3952.0,14368.92599815,,,,0.6735692858000724
2024-05-01,Приморский край,342.0,394781.92428208,18708.0,93615.18770227,,21975.0,108790.34188189,,,,0.23713139316728182
2024-05-01,Сахалинская область,119.0,69827.331098,1688.0,18352.70905479,,3237.0,21690.75468745,,,,0.2628298800226615
2024-05-01,Хабаровский край,203.0,133469.957492,7797.0,51054.32442705,,9194.0,48921.23212271,,,,0.38251547678892556
2024-05-01,Амурская область,138.0,73677.36995225,1804.0,21634.76601949,,3512.0,19385.48782264,,,,0.2936419423428307
2024-05-01,Республика Саха (Якутия),98.0,135279.01205907,4673.0,24534.140047150002,,4676.0,25738.53891414,,,,0.18135954479351973
2024-05-01,Республика Бурятия,31.0,23983.317203,3377.0,12096.848444719999,,4091.0,16170.765949370001,,,,0.5043859588867399
2024-05-01,Еврейская автономная область,,,0.0,0.0,,11.0,192.87419580000002,,,,
2024-05-01,Забайкальский край,32.0,16233.601098719999,1728.0,10941.07211276,,2035.0,10263.64723102,,,,0.6739768980539192
2024-05-01,Камчатский край,6.0,8568.51088116,225.0,2584.04576782,,0.0,0.0,,,,0.30157466141540024
2024-05-01,Магаданская область,3.0,7620.8197537,6.0,0.0,,11.0,69.0714355,,,,0.0
2024-05-01,Чукотский автономный округ,,,0.0,0.0,,1.0,396.5475,,,,
2024-05-01,Республика Татарстан (Татарстан),415.0,535800.25011623,26555.0,149398.61926923002,,47081.0,219877.26764928,,,,0.2788326792248068
2024-05-01,Нижегородская область,313.0,182237.03469495,12649.0,66586.88197763,,30534.0,144909.02897394,,,,0.36538611423902406
2024-05-01,Пермский край,225.0,154641.89639923998,14479.0,64524.26623532,,32849.0,124958.29011314,,,,0.41724957943310065
2024-05-01,Чувашская Республика - Чувашия,84.0,34479.41592112,6848.0,29577.457091700002,,22047.0,66431.07322133999,,,,0.8578294121735004
2024-05-01,Самарская область,141.0,132865.32602339,11806.0,57594.652241769996,,24244.0,92492.000449,,,,0.4334814354170242
2024-05-01,Удмуртская Республика,114.0,78283.32389674001,12910.0,44111.807580550005,,27310.0,87228.2021181,,,,0.5634892003146915
2024-05-01,Республика Башкортостан,184.0,229160.261509,18934.0,85476.52686848,,32300.0,120999.32699864,,,,0.3729989061175993
2024-05-01,Кировская область,46.0,15815.40935,2826.0,11781.29488092,,10288.0,33842.445437279996,,,,0.7449250677106249
2024-05-01,Пензенская область,133.0,80940.51546523,10426.0,39333.788668529996,,18281.0,58686.12825689,,,,0.48595920649191815
2024-05-01,Ульяновская область,71.0,25090.07872648,4089.0,13408.10031708,,13385.0,41899.478778699995,,,,0.53439849524781
2024-05-01,Оренбургская область,50.0,26314.256624,3543.0,11320.72645742,,16593.0,41353.39067508,,,,0.43021266453314494
2024-05-01,Саратовская область,31.0,13734.600358,3859.0,13423.080888049999,,14635.0,37219.73025095,,,,0.9773186360119644
2024-05-01,Республика Марий Эл,36.0,9967.333212,2253.0,6279.89554692,,6305.0,18523.76814075,,,,0.6300477182160849
2024-05-01,Республика Мордовия,28.0,7765.78223513,1299.0,5407.39360656,,3626.0,11944.45755571,,,,0.6963102290067601
2024-05-01,г. Санкт-Петербург,444.0,1281713.2789775,68217.0,430689.41638108,,96170.0,670355.6729668101,,,,0.33602633556599093
2024-05-01,Ленинградская область,307.0,495092.15889824,23976.0,100239.21132212,,50771.0,251905.08886963,,,,0.20246576222331752
2024-05-01,Вологодская область,49.0,14009.32382804,4080.0,11778.614801299998,,9019.0,33099.48843082,,,,0.8407696863802103
2024-05-01,Республика Карелия,23.0,12151.87648306,2275.0,9080.34868733,,5684.0,18495.85247072,,,,0.7472383956492826
2024-05-01,Калининградская область,128.0,73209.91538361,6952.0,28446.963554,,22159.0,77469.42538357001,,,,0.3885670869163252
2024-05-01,Архангельская область,65.0,33385.62849781,5426.0,23168.294235150002,,5689.0,22183.4635088,,,,0.6939601043206293
2024-05-01,Новгородская область,3.0,1330.71139,842.0,3091.43958634,,3300.0,10828.481500760001,,,,2.32314806168451
2024-05-01,Псковская область,30.0,10322.613900690001,2093.0,6372.04860834,,3495.0,9214.36233268,,,,0.6172902202526502
2024-05-01,Мурманская область,0.0,0.0,13.0,73.24397526,,0.0,0.0,,,,inf
2024-05-01,Ненецкий автономный округ,,,0.0,0.0,,0.0,0.0,,,,
2024-05-01,Республика Коми,6.0,1897.211815,540.0,2210.83133157,,4448.0,13520.36422986,,,,1.1653054835998902
2024-05-01,Ставропольский край,121.0,89865.75805753999,14235.0,48643.71903034,,28655.0,87278.31433183,,,,0.5412931474877672
2024-05-01,Республика Северная Осетия - Алания,23.0,12012.533459,1467.0,6079.97236246,,1953.0,6454.85275118,,,,0.5061357275891522
2024-05-01,Республика Ингушетия,1.0,551.3850975700001,2.0,0.0003,,30.0,62.728404,,,,5.440843456272665e-07
2024-05-01,Чеченская Республика,1.0,1119.662,75.0,76.7244,,1.0,2.462689,,,,0.06852460831929635
2024-05-01,Кабардино-Балкарская Республика,5.0,2181.858,632.0,1990.71687852,,242.0,1007.5791510199999,,,,0.9123952514416611
2024-05-01,Карачаево-Черкесская Республика,9.0,12816.11938489,189.0,971.98554179,,23.0,126.456,,,,0.07584086201131642
2024-05-01,Республика Дагестан,12.0,10744.827857,1159.0,3784.65709362,,0.0,0.0,,,,0.3522305935459344
2024-05-01,Новосибирская область,462.0,345346.47484005,31755.0,133284.12215611,,64813.0,251415.75885436,,,,0.3859431957944312
2024-05-01,Красноярский край,166.0,197938.47128263,12390.0,60402.684420699996,,27782.0,125210.97808280001,,,,0.30515889119125783
2024-05-01,Иркутская область,91.0,78431.11271650999,7340.0,31388.37513493,,13733.0,56756.73505071,,,,0.40020310878902843
2024-05-01,Алтайский край,61.0,40511.58639,8276.0,29627.7854305,,22252.0,68153.72934543,,,,0.7313410327918783
2024-05-01,Республика Хакасия,29.0,13148.160025,2286.0,8508.85546681,,4856.0,16195.58017367,,,,0.6471518030379312
2024-05-01,Республика Алтай,16.0,3279.654128,486.0,1926.08365,,405.0,1536.241821,,,,0.5872825532290398
2024-05-01,Кемеровская область,82.0,36843.345302,6747.0,25472.61167928,,8597.0,24455.320013599998,,,,0.6913761893900889
2024-05-01,Томская область,47.0,20771.99440612,2217.0,11595.3946467,,3970.0,17097.595979629998,,,,0.5582224999677295
2024-05-01,Омская область,60.0,39247.664284809995,4426.0,19865.743187189997,,2667.0,10418.633890559999,,,,0.5061637055145375
2024-05-01,Республика Тыва,13.0,8260.888,2327.0,11414.8969334,,540.0,2577.04264615,,,,1.3818002293942246
2024-05-01,Тюменская область,475.0,492602.77498923,34483.0,139749.40656467,,67872.0,256284.60171087,,,,0.28369593851298425
2024-05-01,Свердловская область,443.0,533208.64793251,46345.0,199997.23086570998,,71478.0,305125.82262277004,,,,0.375082496582134
2024-05-01,Ханты-Мансийский автономный округ - Югра,73.0,56886.353908050005,5468.0,27015.68218047,,10439.0,47695.65883906,,,,0.4749062002486154
2024-05-01,Челябинская область,158.0,114041.61147047,8701.0,36408.27796108,,28592.0,87286.99119153999,,,,0.31925432736021603
2024-05-01,Курганская область,43.0,16477.69440064,2620.0,8402.28773304,,6195.0,16979.25927734,,,,0.5099188957354163
2024-05-01,Ямало-Ненецкий автономный округ,20.0,14433.60071,1310.0,8414.07619009,,1982.0,10483.866205139999,,,,0.5829505997252988
2024-05-01,Ростовская область,180.0,241844.73696425,30162.0,121743.80237661999,,54583.0,185548.31713313,,,,0.5033965340937578
2024-05-01,Краснодарский край,358.0,1150788.37514024,70185.0,355564.26612656,,89380.0,400065.61096139,,,,0.30897450287784617
2024-05-01,Республика Крым,105.0,169011.11258676002,10922.0,57284.06715181,,9476.0,35866.671715849996,,,,0.33893669046408914
2024-05-01,Волгоградская область,110.0,66118.09477393,9009.0,30557.77350955,,15067.0,45274.44853762,,,,0.4621696014386482
2024-05-01,г. Севастополь,11.0,15641.110977,1379.0,7453.8754021899995,,2265.0,9588.47843318,,,,0.47655664697672706
2024-05-01,Республика Калмыкия,8.0,1361.644817,510.0,1224.6326646700002,,844.0,2205.48815612,,,,0.8993774656801709
2024-05-01,Астраханская область,79.0,40132.26038221,6669.0,22997.01319832,,2526.0,11339.75185742,,,,0.5730305988075921
2024-05-01,Республика Адыгея (Адыгея),31.0,32694.823377,3577.0,12725.36518174,,3856.0,12081.4199754,,,,0.3892165140335941
2025-05-01,г. Москва,1378.0,8530647.493301583,224407.0,2770075.9523537,,336171.0,3723380.7735895505,3756002.33668192,,0.7375064507549816,0.3247204804241194
2025-05-01,Московская область,736.0,2062414.0702172497,86542.0,496572.41844490997,,201120.0,1149576.9994853998,735688.72868619,,0.6749762488976833,0.24077241598366433
2025-05-01,Воронежская область,181.0,136890.27053983,10610.0,43663.2871894,,50331.0,181918.6691683,57739.08294525,,0.7562171922751681,0.3189655993608077
2025-05-01,Калужская область,40.0,27277.136284,2695.0,10762.541441709998,,10549.0,40003.474176660005,15225.91296818,,0.7068568869533265,0.3945627330396484
2025-05-01,Орловская область,29.0,16920.13028494,1087.0,4043.51243217,,9529.0,31953.64573134,7784.44268284,,0.5194350574490716,0.23897643600114502
2025-05-01,Тверская область,46.0,27343.079484,2251.0,8430.48846323,,12688.0,41480.26314994,14450.133445559999,,0.5834194192732789,0.3083225672573991
2025-05-01,Владимирская область,60.0,29767.608581,4325.0,16317.25752352,,7897.0,26944.52867002,17897.89440575,,0.9116858750869491,0.5481547998429052
2025-05-01,Белгородская область,30.0,10629.7059,1775.0,7766.690252390001,,7533.0,31551.54666709,7042.29632468,,1.1028633125208511,0.7306589971026386
2025-05-01,Тульская область,111.0,113924.20589266001,11746.0,46228.20963194,,15805.0,68028.36141138,43655.460343830004,,1.0589330468135498,0.4057803982017348
2025-05-01,Ярославская область,83.0,48205.62233117,4085.0,16155.63252215,,14857.0,52902.029003489995,16719.59425024,,0.9662694130222744,0.3351400052707894
2025-05-01,Смоленская область,33.0,11017.122536,2183.0,7984.345384220001,,8910.0,25642.37482675,5981.82339567,,1.334767821798207,0.7247214831395428
2025-05-01,Брянская область,30.0,14655.940932450001,2927.0,10637.6111174,,9480.0,33377.22175564,7618.45447503,,1.3962951609497032,0.7258224611049748
2025-05-01,Тамбовская область,27.0,9850.015555,1972.0,7280.2458874799995,,5680.0,17556.0018337,5288.54499479,,1.3766065892702284,0.7391100904185323
2025-05-01,Ивановская область,52.0,14887.748753,1616.0,6213.11448484,,5783.0,18173.26601365,5112.31347251,,1.2153234574227973,0.4173306916929269
2025-05-01,Липецкая область,75.0,53271.82282126,3469.0,14393.154196200001,,5758.0,21033.93381297,23423.44177373,,0.6144764862157148,0.2701832494918102
2025-05-01,Курская область,21.0,12370.97750298,1540.0,6864.04652464,,6724.0,25588.97750379,6318.592190609999,,1.0863252948719486,0.554850780626393
2025-05-01,Рязанская область,73.0,58476.457012,11221.0,35246.04718572,,14203.0,39721.65983184,35953.713446370006,,0.9803172970796025,0.6027391019686288
2025-05-01,Костромская область,23.0,7254.324197,1015.0,4480.24369182,,5364.0,21028.347533779997,4162.24814054,,1.076399950349607,0.6175962874216167
2025-05-01,Приморский край,396.0,464031.0612081201,24727.0,132398.77816944,,30657.0,157968.81075283999,196496.70697355,,0.673796422386162,0.2853230941582562
2025-05-01,Сахалинская область,55.0,57333.488167259995,1689.0,20920.87319341,,4543.0,33819.60097473,24451.95644741,,0.8555909723790621,0.3648979656074155
2025-05-01,Хабаровский край,224.0,165881.92118184004,10575.0,73806.71124834,,14697.0,83180.07833846,75301.27255453,,0.980152243707333,0.44493523298077164
2025-05-01,Амурская область,146.0,80938.65661483002,2794.0,33580.42865617,,4448.0,25235.711418580002,24517.03453953,,1.3696774217137335,0.4148873981930806
2025-05-01,Республика Саха (Якутия),143.0,163660.16659470004,5418.0,33724.00869135,,7383.0,44083.24527513,26742.669093200002,,1.2610562010029573,0.20606119004428602
2025-05-01,Республика Бурятия,45.0,29104.92436584,5312.0,22790.85605529,,6799.0,30823.69211409,13100.346011450001,,1.7397140530006057,0.7830584188715253
2025-05-01,Еврейская автономная область,2.0,1575.3452848,3.0,1810.842095,,11.0,192.87419580000002,,,,1.1494890120104038
2025-05-01,Забайкальский край,36.0,25377.64711168,1768.0,18157.71922751,,4320.0,26960.79545936,15046.45755875,,1.2067770208776285,0.7155005011931526
2025-05-01,Камчатский край,10.0,17347.12173504,398.0,10337.72150626,,134.0,1918.1683683499998,5922.1098466,,1.7456146160806338,0.5959329544208195
2025-05-01,Магаданская область,4.0,7390.15092693,8.0,3686.1135,,11.0,69.0714355,,,,0.49878730981902647
2025-05-01,Чукотский автономный округ,0.0,0.0,0.0,0.0,,1.0,396.5475,,,,
2025-05-01,Республика Татарстан (Татарстан),482.0,614400.61961834,32172.0,186269.0347547,,61769.0,320179.36746376,219767.34459548,,0.8475737607767001,0.3031719513408183
2025-05-01,Нижегородская область,350.0,240744.65616251,11841.0,72235.92599471,,40145.0,199870.10588972,74337.65660469,,0.9717272415357873,0.3000520432983092
2025-05-01,Пермский край,302.0,210032.49048247005,12645.0,58543.65993889,,45031.0,185052.72515702,75723.24081019999,,0.773126708689469,0.2787362079286311
2025-05-01,Чувашская Республика - Чувашия,84.0,38640.887847,6251.0,29231.92915847,,27677.0,92790.19795099001,24452.48620661,,1.1954583640892933,0.7565025232912579
2025-05-01,Самарская область,156.0,162613.16973790998,12424.0,65804.17986322001,,30803.0,125759.83221434,69550.23106459,,0.9461389107695256,0.4046669772766817
2025-05-01,Удмуртская Республика,110.0,77545.79354594,10354.0,38842.53187208,,38526.0,132385.2830772,35756.860013089994,,1.086295940355512,0.5008979868014213
2025-05-01,Республика Башкортостан,242.0,250515.15442678,20709.0,101407.31876246001,,46161.0,190844.34733134,120301.66294997,,0.8429419533845712,0.4047951470021711
2025-05-01,Кировская область,55.0,20414.95863243,3285.0,14287.46439167,,13758.0,51678.574458769996,11571.21587831,,1.234741840609123,0.6998527231386977
2025-05-01,Пензенская область,166.0,105955.79073852,8352.0,29444.4029255,,27496.0,97226.49896723,50992.48482325,,0.5774263213012683,0.27789328662709467
2025-05-01,Ульяновская область,71.0,26376.053346,2782.0,10026.00729192,,18200.0,62635.504918160004,14174.89162942,,0.707307509223634,0.38011779701834997
2025-05-01,Оренбургская область,72.0,34340.300191,3287.0,12226.60638876,,21523.0,58895.03334498,8489.72895538,,1.4401645156188307,0.3560425016891489
2025-05-01,Саратовская область,33.0,15401.87636175,1534.0,6587.914606779999,,18917.0,54061.24872973,7110.6032383,,0.9264916612553163,0.427734546885524
2025-05-01,Республика Марий Эл,44.0,19481.360991,2360.0,7714.153491810001,,8305.0,26301.51959796,7941.01003003,,0.9714322816163043,0.3959761073866341
2025-05-01,Республика Мордовия,29.0,8069.435314,1003.0,4977.4163532,,4845.0,17738.97893821,4492.641352479999,,1.1079042288680352,0.6168233785286652
2025-05-01,г. Санкт-Петербург,402.0,1362838.62591526,67561.0,381279.91571803996,,143944.0,1061379.56952879,590752.97279638,,0.6454134524507235,0.2797689384992142
2025-05-01,Ленинградская область,372.0,539198.90073126,28574.0,117746.72182599001,,66020.0,337435.98097077,221692.89088770002,,0.5311253841046052,0.21837344561775304
2025-05-01,Вологодская область,57.0,18721.393976379997,4163.0,11234.49852475,,11939.0,47552.26138042,8682.84870739,,1.2938724263602894,0.6000887828611534
2025-05-01,Республика Карелия,24.0,12261.882099,1848.0,7395.6511967,,8184.0,28322.97589968,6809.83751899,,1.0860246189540341,0.6031416006930242
2025-05-01,Калининградская область,155.0,95668.38113585999,9634.0,38353.52142552,,29129.0,111703.98163506,48165.41749435,,0.7962875320247982,0.40090070481127543
2025-05-01,Архангельская область,79.0,39718.20234824,5971.0,27708.33528016,,9469.0,38566.18414967,17777.544782369998,,1.5586142866948858,0.6976230957589604
2025-05-01,Новгородская область,8.0,5559.49239,726.0,2919.39493205,,4449.0,16061.83703165,,,,0.5251189726064182
2025-05-01,Псковская область,31.0,8948.70484601,1461.0,5138.82455217,,5612.0,16516.23858609,5082.9683378400005,,1.0109888967661238,0.5742534412073353
2025-05-01,Мурманская область,3.0,3708.127,187.0,843.24671348,,0.0,0.0,,,,0.22740502509218266
2025-05-01,Ненецкий автономный округ,0.0,0.0,0.0,0.0,,0.0,0.0,,,,
2025-05-01,Республика Коми,7.0,3569.825106,765.0,2523.42252441,,4838.0,15577.33402876,,,,0.7068756730319213
2025-05-01,Ставропольский край,167.0,138922.058857,15556.0,54221.59978204,,42233.0,144209.358971,62218.39914141,,0.8714721132378402,0.390302304962621
2025-05-01,Республика Северная Осетия - Алания,28.0,15845.84745025,1869.0,8781.38771219,,2684.0,9892.42321187,6532.242202609999,,1.3443144696443345,0.5541759593332105
2025-05-01,Республика Ингушетия,1.0,551.3850975700001,20.0,29.23907681,,30.0,62.728404,,,,0.05302841324304745
2025-05-01,Чеченская Республика,2.0,2347.769,88.0,1609.85981829,,42.0,45.112189,,,,0.6856977063288595
2025-05-01,Кабардино-Балкарская Республика,10.0,5504.123614,1043.0,3669.04757711,,384.0,1541.80728254,1928.53170494,,1.9025083008547947,0.6665997776244711
2025-05-01,Карачаево-Черкесская Республика,27.0,41819.80352301,777.0,4458.1285465,,23.0,126.456,7324.54391467,,0.60865612909645,0.10660328769950003
2025-05-01,Республика Дагестан,34.0,47031.92864515,1791.0,7099.69673249,,20.0,112.896351,9723.62154541,,0.730149430367473,0.15095482870915886
2025-05-01,Новосибирская область,555.0,433179.06800433004,28787.0,124410.98250169,,90623.0,375523.58676653996,161556.64839675,,0.7700765257036165,0.2872045112310145
2025-05-01,Красноярский край,161.0,200579.53897875003,9062.0,45023.530548580005,,38606.0,184778.96219859,65291.534971040004,,0.6895768428257989,0.22446721523948626
2025-05-01,Иркутская область,109.0,98788.526256,7126.0,32153.53497024,,19553.0,87587.24621131,42031.032519379994,,0.7649951248619553,0.32547843549075245
2025-05-01,Алтайский край,114.0,60341.598972340005,8450.0,37900.21629446,,27429.0,89859.4193523,32383.944321439998,,1.1703397189133604,0.6280943319356367
2025-05-01,Республика Хакасия,35.0,22016.830933,2287.0,9051.556224110001,,6643.0,24317.32210428,11778.39151175,,0.7684883131181591,0.41111984970294
2025-05-01,Республика Алтай,42.0,5911.727324,802.0,3448.62146464,,608.0,2262.869521,3504.21585602,,0.9841349980525621,0.5833525931819517
2025-05-01,Кемеровская область,136.0,81964.615013,5578.0,24251.85346902,,13015.0,42981.81373127,24724.766102330002,,0.9808729178123373,0.29588199084658096
2025-05-01,Томская область,58.0,26208.78278339,1924.0,9607.56486902,,6224.0,28685.40021386,11582.88535441,,0.8294621396180937,0.3665780646291159
2025-05-01,Омская область,83.0,70123.91755408,4493.0,24262.168883349997,,4974.0,22031.449939259997,22937.57366438,,1.057747834986879,0.34598992368957227
2025-05-01,Республика Тыва,23.0,12973.084353130002,2863.0,16131.16094086,,1018.0,4522.891178399999,6997.59145075,,2.3052447480527127,1.2434329802972455
2025-05-01,Тюменская область,532.0,591512.50607473,36807.0,148549.64060472,,89920.0,357805.02695117,221326.04514241,,0.6711801157841014,0.2511352491775595
2025-05-01,Свердловская область,536.0,631767.2186191702,45898.0,210243.93083801,,103526.0,469822.63892437,258958.66113001,,0.8118822128619873,0.3327870212980221
2025-05-01,Ханты-Мансийский автономный округ - Югра,96.0,83616.72911602001,5384.0,27794.04445051,,13484.0,63403.866075339996,42103.815693519995,,0.6601312492156775,0.3323981306652783
2025-05-01,Челябинская область,168.0,128202.37549170996,7563.0,35798.62790232,,38894.0,134443.79791376,62188.35371856,,0.5756484254966853,0.27923529314505463
2025-05-01,Курганская область,62.0,26890.24497205,2076.0,7287.377065600001,,8838.0,26622.21089377,13573.68871547,,0.5368752163363332,0.27100448780494846
2025-05-01,Ямало-Ненецкий автономный округ,36.0,24384.472033,2069.0,14323.26774386,,2379.0,15627.14203256,12061.63619078,,1.1875061987700148,0.5873929820779401
2025-05-01,Ростовская область,204.0,370537.09427321,29535.0,129792.81640708,,77494.0,288605.70271888,163735.47456172,,0.7926982027230431,0.35028292285192697
2025-05-01,Краснодарский край,376.0,1286590.4243097398,60167.0,311314.62870555,,138511.0,711306.73223846,669065.69676838,,0.4652975488195178,0.24196871267137818
2025-05-01,Республика Крым,140.0,255992.70491240002,18301.0,99332.17538336,,15749.0,74146.54677038001,112602.61858868,,0.8821480053337402,0.38802736748826955
2025-05-01,Волгоградская область,122.0,71457.98118953,8013.0,29783.075794869997,,22822.0,76229.21833183001,29889.66848191,,0.9964337949380564,0.41679145281022584
2025-05-01,г. Севастополь,14.0,12604.062145,1267.0,7012.73209908,,3834.0,18628.42548301,5259.18695675,,1.3334251390472782,0.5563866647437893
2025-05-01,Республика Калмыкия,11.0,2142.353687,560.0,1570.44496443,,1041.0,2827.34803162,1037.85706768,,1.5131611214447225,0.7330465431359935
2025-05-01,Астраханская область,106.0,53571.30103914,8315.0,33315.84303318,,4631.0,21551.690335119998,35342.90281124,,0.9426459170915825,0.6218972171095666
2025-05-01,Республика Адыгея (Адыгея),53.0,64557.25023,4005.0,17973.718263209998,,6568.0,22954.59298641,25177.216282650003,,0.713888225824074,0.27841517721362835
2026-05-01,Белгородская область,44.0,18684.404337,2605.0,13984.58749863,,9057.0,38919.159529070006,10615.688632739997,2480.0,1.3173509493769378,0.7484631164257597
2026-05-01,Брянская область,23.0,13069.062105,2817.0,12534.428910050001,,13040.0,48398.419813709996,6438.17521931,2659.0,1.9468915466071077,0.9590916937531838
2026-05-01,Владимирская область,46.0,26439.958868,3594.0,15284.056579240001,,11752.0,42828.25314936999,15923.907249999998,3379.0,0.9598182367735156,0.578066579284211
2026-05-01,Воронежская область,169.0,151648.18727793993,10640.0,49036.17629804,,61555.0,236616.05013588007,60755.59889855999,9375.0,0.8071054715453104,0.32335484636006084
2026-05-01,Ивановская область,52.0,18529.37843,1446.0,5620.072602990001,,7476.0,25755.5070284,6000.52421459,1355.0,0.9365969375350659,0.303306051210591
2026-05-01,Калужская область,41.0,30890.47835,2379.0,9930.042524100008,,13511.0,54637.76089572001,15361.365725459998,2065.0,0.6464296665785328,0.32145965535363774
2026-05-01,Костромская область,34.0,9979.088027779999,1458.0,6913.222247740001,,6468.0,26801.319008490005,5261.89543192,1392.0,1.3138273721295621,0.6927709454506088
2026-05-01,Курская область,31.0,23519.45301564,2735.0,14354.966687619999,,8441.0,34683.29452503,9437.735184719999,2622.0,1.5210181687298407,0.6103444105640643
2026-05-01,Липецкая область,71.0,56007.50394143,2679.0,11478.623414050002,,9159.0,37167.96823088,24799.352652700007,2541.0,0.4628598002053202,0.20494795529637966
2026-05-01,Московская область,894.0,2363602.406834411,86627.0,571809.0215389698,,260059.0,1551870.5111078497,802379.4721222401,81995.0,0.7126416382844057,0.24192267696359201
2026-05-01,Орловская область,29.0,19109.706726000004,1208.0,5269.08374668,,10714.0,36343.512970460004,8388.8080859,1164.0,0.6281087483138795,0.2757281324213661
2026-05-01,Рязанская область,68.0,91100.858083,13045.0,44473.28585269,,20785.0,64732.59166748001,42566.00956194,12650.0,1.044807495707922,0.48817636615641274
2026-05-01,Смоленская область,47.0,13081.5031092,2118.0,8127.81842988,,10764.0,34140.46015834,6615.107814700001,1912.0,1.2286751263249973,0.6213214461695798
2026-05-01,Тамбовская область,19.0,8394.44837355,1871.0,6724.01124856,,7746.0,27155.363440069992,4306.26446829,1288.0,1.5614487447469936,0.8010069214013673
2026-05-01,Тверская область,42.0,23081.393242,2282.0,9984.232157700002,,14729.0,50954.59227403,13251.13317636,2172.0,0.7534625171160347,0.43256626898640677
2026-05-01,Тульская область,112.0,144975.3925352,10893.0,46472.302219450015,,24566.0,108812.60848622996,46940.06686712,10284.0,0.9900348534015908,0.3205530359793063
2026-05-01,Ярославская область,103.0,84148.18458747001,5574.0,22862.37832857,,18736.0,71090.84391726999,22966.105704809994,5166.0,0.9954834582069233,0.27169187832929553
2026-05-01,г. Москва,1514.0,8847294.222200157,201378.0,3031758.1131970007,,460583.0,5298605.711233122,4234872.938464421,191899.0,0.7159029697585984,0.34267630724764786
2026-05-01,Республика Карелия,21.0,14476.171243,2233.0,10868.440526000002,,10275.0,37791.75278417001,4491.069979699999,2042.0,2.4200113948627466,0.7507814285669957
2026-05-01,Республика Коми,6.0,1559.2575,399.0,899.7168730699999,,5798.0,20358.10844944,,215.0,,0.5770162228304176
2026-05-01,Архангельская область,95.0,47936.286381310005,5980.0,26869.498272249995,,14950.0,62902.31373465,22002.989866630007,5564.0,1.2211748691935995,0.5605252367385348
2026-05-01,Вологодская область,65.0,22768.979034400003,4992.0,16113.45957404,,14297.0,59266.00531225999,13222.36846052,4159.0,1.2186515314674797,0.7076935487399475
2026-05-01,Калининградская область,233.0,169467.90584082005,13587.0,61435.72825065999,,36644.0,150946.67011597997,77842.08670798002,12710.0,0.7892353718770732,0.3625213160323472
2026-05-01,Ленинградская область,359.0,548567.6037328598,29924.0,134696.26782072,,88289.0,462479.98376928,244901.48392143,28227.0,0.5500018442678513,0.24554178355438228
2026-05-01,Мурманская область,24.0,20127.861991,939.0,5580.715801980001,,0.0,0.0,4657.0574717,908.0,1.198335179647854,0.2772632187400415
2026-05-01,Новгородская область,8.0,7270.091,864.0,4213.75886048,,5738.0,22432.47333465,,814.0,,0.5796019417748691
2026-05-01,Псковская область,35.0,13275.960698,1611.0,6018.57531321,,7470.0,23846.641621889998,6074.183100639999,1521.0,0.9908452237101414,0.45334386340241933
2026-05-01,г. Санкт-Петербург,444.0,1445241.3514467997,69929.0,482013.2238727699,,185012.0,1389158.9203781695,662034.5528508102,66826.0,0.7280786505736836,0.33351745948193146
2026-05-01,Ненецкий автономный округ,0.0,0.0,12.0,82.719,,0.0,0.0,,11.0,,inf
2026-05-01,Республика Башкортостан,271.0,295006.98604719,23339.0,115237.23405106002,,62140.0,279940.86306291,154521.0821541599,22384.0,0.7457703016607931,0.39062544109591496
2026-05-01,Республика Марий Эл,48.0,21463.03315621,3331.0,14374.141527540001,,10458.0,36384.57960889999,12062.73166713,3091.0,1.1916157902035087,0.6697162243063983
2026-05-01,Республика Мордовия,20.0,8093.57389971,1213.0,6601.062854220001,,6296.0,25439.791234989996,3802.5881510600007,1155.0,1.7359394685905978,0.8155930786591722
2026-05-01,Республика Татарстан (Татарстан),553.0,747628.9783459196,32545.0,214973.4051461301,,82232.0,461936.3166534497,289438.57646235987,31428.0,0.742725478316075,0.2875402256634631
2026-05-01,Удмуртская Республика,111.0,80194.26490079,8216.0,33205.70279363,,49470.0,181446.49950032996,32899.24992855,7859.0,1.0093148891158779,0.41406580426554773
2026-05-01,Чувашская Республика - Чувашия,79.0,40302.02985528,6316.0,30223.27796029999,,34248.0,126258.30957530001,23317.037929160004,6018.0,1.2961885661515833,0.7499194970781456
2026-05-01,Пермский край,405.0,346419.60010269,13834.0,73414.38021448,,57658.0,250567.81033532004,95977.78851133003,13401.0,0.7649101042353518,0.211923286652134
2026-05-01,Кировская область,52.0,23272.12510755,3815.0,18631.274917550003,,17440.0,71395.33577759999,15233.068885220002,3640.0,1.2230808550749177,0.8005833086341393
2026-05-01,Нижегородская область,317.0,258352.64200450006,12941.0,85035.11707677002,,51368.0,275317.63729743985,88390.92756405,12334.0,0.9620344465233914,0.3291435938761906
2026-05-01,Оренбургская область,78.0,41724.74470266,4342.0,18202.056558320008,,26046.0,77813.21862803001,12884.620297170004,3941.0,1.4126963882915458,0.436241292499978
2026-05-01,Пензенская область,160.0,120515.41659403,9711.0,35662.98961183999,,33327.0,120531.51012964998,65447.909938580015,9080.0,0.5449064705856633,0.295920560370918
2026-05-01,Самарская область,134.0,161276.15349773,10352.0,61475.29192322999,,40697.0,178580.41970235007,78820.36770106001,9958.0,0.7799417043623262,0.38118029597038516
2026-05-01,Саратовская область,33.0,15611.81153875,1776.0,8726.564187990003,,21792.0,66903.75658819001,6712.009253100001,1667.0,1.300141859005865,0.5589719147153321
2026-05-01,Ульяновская область,65.0,31694.766011640004,3186.0,13520.512531920003,,22209.0,82060.80116047002,14129.496065960002,2917.0,0.9568998405040695,0.4265850243839804
2026-05-01,Курганская область,52.0,26584.68670435,1925.0,7545.111693990003,,10915.0,36199.828819480004,14547.647926199996,1836.0,0.5186482194418124,0.28381420394002277
2026-05-01,Свердловская область,605.0,755650.2393227903,40907.0,204930.29692854002,,143630.0,688358.91345968,285063.43421702005,39059.0,0.718893664813305,0.2711972897834287
2026-05-01,Тюменская область,532.0,645903.59694457,26736.0,116245.05887506998,,124878.0,533080.29476514,231695.4714043998,25226.0,0.5017148508361503,0.17997276904009235
2026-05-01,Челябинская область,181.0,166515.67601561002,10535.0,54460.311369929994,,45901.0,170119.80227577008,83691.83056245997,9966.0,0.650724341956958,0.32705816457079157
2026-05-01,Ханты-Мансийский автономный округ - Югра,87.0,81449.82851576,3264.0,17462.93002194001,,17301.0,85214.16550768,40854.27057168001,3108.0,0.42744442080542816,0.2144010655413602
2026-05-01,Ямало-Ненецкий автономный округ,44.0,25899.3903295,1830.0,14909.955725459997,,3844.0,25898.21760896,17010.14421575,1754.0,0.8765331755185591,0.575687517573617
2026-05-01,Республика Дагестан,44.0,54126.565896899985,2549.0,11551.82318564,,614.0,1996.5640635600002,17085.185431210004,2308.0,0.6761309809689247,0.2134224293416999
2026-05-01,Республика Ингушетия,1.0,551.3850975700001,25.0,10.422574980000007,,57.0,147.45662203,,12.0,,0.01890253295914808
2026-05-01,Кабардино-Балкарская Республика,16.0,10617.16817106,2164.0,8217.02020534,,766.0,3114.93160449,4060.81640069,1985.0,2.0234897110698706,0.7739370868908095
2026-05-01,Карачаево-Черкесская Республика,43.0,81422.65405685,1363.0,9017.07296121,,164.0,871.6931,17160.12888611,1248.0,0.5254665055871888,0.11074403144503496
2026-05-01,Республика Северная Осетия - Алания,28.0,17540.97814779,2107.0,9957.018965800002,,3746.0,15740.81989173,9829.974634129998,1879.0,1.0129241769585957,0.567643313953646
2026-05-01,Чеченская Республика,5.0,9660.136418200002,190.0,3027.89353033,,187.0,1055.72907267,,81.0,,0.31344210881177137
2026-05-01,Ставропольский край,187.0,225062.34833796,16356.0,61363.05185316001,,56608.0,203785.9431692301,87017.80724330005,14905.0,0.7051780985653907,0.2726491228155831
2026-05-01,Республика Адыгея (Адыгея),58.0,115892.01365703,5611.0,30081.68866419001,,10321.0,43339.58508294,57868.575946729994,5313.0,0.519827698747611,0.2595665371145724
2026-05-01,Республика Калмыкия,9.0,2804.231863,463.0,1799.7410133500005,,1393.0,4049.6090481000006,,389.0,,0.6417946522526908
2026-05-01,Республика Крым,208.0,463505.68308277,23064.0,139890.91122991004,,25003.0,134500.07044662006,180752.31732104003,22159.0,0.773937027769582,0.30181056314023486
2026-05-01,Краснодарский край,361.0,1596342.670944524,67063.0,366912.06748861994,,173924.0,919779.3936525101,907005.2408276702,52478.0,0.40453136428826075,0.22984542991106377
2026-05-01,Астраханская область,120.0,75636.30520621,7729.0,35615.6100242,,8750.0,40062.58825481,50320.20898432999,7372.0,0.7077794536841234,0.47087982321584687
2026-05-01,Волгоградская область,134.0,75333.75227319999,6425.0,28257.036089940004,,30950.0,114828.18416066999,29739.60773612,6056.0,0.9501482447470432,0.3750913134854223
2026-05-01,Ростовская область,192.0,455628.7444295301,32462.0,163160.41759039002,,101638.0,413473.05224631965,252635.29514986995,31011.0,0.645833819433658,0.3580994824957214
2026-05-01,г. Севастополь,17.0,14351.19951444,1634.0,9329.72804087,,4632.0,24814.06907794,8908.55156273,1596.0,1.047277772954926,0.6501009223293526
2026-05-01,Республика Алтай,96.0,24465.312818849998,1134.0,5149.804670629999,,1167.0,5058.541591,8050.675260880001,1093.0,0.6396736303169538,0.21049412728792846
2026-05-01,Республика Тыва,24.0,15361.525969389999,1940.0,11546.853889090004,,2998.0,15993.948155670001,7211.44060943,1861.0,1.6011854654936524,0.751673623577419
2026-05-01,Республика Хакасия,29.0,20204.927,1214.0,6015.356542530003,,9567.0,39111.93988692,9713.37636,1048.0,0.619285850726575,0.29771731135331514
2026-05-01,Алтайский край,133.0,74266.84216023001,7568.0,38691.209013310014,,35542.0,129696.78912958999,32408.993154710002,7287.0,1.1938417472153717,0.5209755509711063
2026-05-01,Красноярский край,178.0,206958.23206438005,9234.0,49871.092128840006,,46353.0,230133.88045846007,74727.06826093004,8543.0,0.6673765382404863,0.240971773054798
2026-05-01,Иркутская область,114.0,99813.09816400001,7641.0,39384.5152347,,24946.0,118963.53473937002,49645.46128171999,6992.0,0.7933155260902333,0.3945826345354839
2026-05-01,Кемеровская область,134.0,93589.12734226002,4151.0,19222.86506099001,,17875.0,65712.36175201,23585.278478220003,3941.0,0.8150365949141327,0.20539634898711098
2026-05-01,Новосибирская область,746.0,602979.8781166498,27983.0,137979.17733262997,,113164.0,492940.0115714399,193513.50699661,26354.0,0.7130209124629585,0.22882882553824976
2026-05-01,Омская область,94.0,99225.60636728,4982.0,26085.976807810006,,7801.0,40652.40522187,26123.3316168,4767.0,0.9985700595338318,0.26289561498121466
2026-05-01,Томская область,77.0,41091.63997551,1351.0,7382.296325010001,,8884.0,43039.14776944,12377.736384130001,1252.0,0.596417317020513,0.17965445841075553
2026-05-01,Республика Бурятия,45.0,34379.513648680004,8262.0,41063.54655424,,9332.0,46626.20350948,21913.35835979,6476.0,1.8739047607412704,1.1944190651986326
2026-05-01,Республика Саха (Якутия),143.0,172593.57273619,5368.0,39622.53996656002,,11193.0,71059.07818882001,38477.9390886,4606.0,1.0297469382475097,0.22957135273584747
2026-05-01,Забайкальский край,57.0,51538.835506690004,4181.0,30461.254803950003,,5538.0,37734.01663761,29219.635182169997,3860.0,1.0424926462647162,0.591034983706529
2026-05-01,Камчатский край,14.0,19092.738796729995,543.0,10369.98944463,,206.0,3875.04574302,8629.75747726,521.0,1.2016547941185636,0.5431378680153559
2026-05-01,Приморский край,411.0,496986.8064814101,25817.0,141378.43436067004,,44343.0,238149.3379664801,228483.3242927101,24957.0,0.6187691587485398,0.2844712022872549
2026-05-01,Хабаровский край,245.0,236070.0566038599,14703.0,99297.85188436994,,19945.0,120883.39648692,101982.7876114,14088.0,0.9736726580051835,0.4206287460293952
2026-05-01,Амурская область,133.0,73859.4707642,1340.0,23807.439964120007,,7811.0,49102.046769559995,18160.847225509988,1250.0,1.3109212179637977,0.32233428858604246
2026-05-01,Магаданская область,3.0,6039.51911174,29.0,2096.30462162,,15.0,5233.4800855,,22.0,,0.34709793657992905
2026-05-01,Сахалинская область,25.0,37320.78462447,1723.0,14857.12351107,,6002.0,51865.069619559996,18875.291708230005,1658.0,0.7871202067087523,0.3980924747581185
2026-05-01,Еврейская автономная область,3.0,1600.2202848,14.0,1849.3579399300002,,11.0,192.87419580000002,,10.0,,1.1556895994235807
2026-05-01,Чукотский автономный округ,8.0,3277.6856099,6.0,3075.93154,,2.0,868.1175,,6.0,,0.9384461800452681
2022-06-01,г. Москва,673.0,3747673.01840128,159876.0,1661867.041228079,,47525.0,420308.85852772,,,,0.4434397112736946
2022-06-01,Московская область,405.0,1057895.74286898,79646.0,388672.85137846996,,29356.0,135352.67603392,,,,0.36740184843205953
2022-06-01,Воронежская область,91.0,43455.4243277,11763.0,35336.88765931,,15423.0,40056.576581379995,,,,0.813175528855325
2022-06-01,Калужская область,22.0,12489.990161149999,2970.0,9484.47451035,,3083.0,8747.97075993,,,,0.7593660513721918
2022-06-01,Орловская область,32.0,10858.523391,2786.0,8353.438277600002,,2895.0,7421.404387380001,,,,0.7692978112036561
2022-06-01,Тверская область,39.0,15103.45921984,3092.0,8694.67753659,,4149.0,9831.98735062,,,,0.5756745795803265
2022-06-01,Владимирская область,57.0,11742.25579634,3384.0,9001.99776505,,1473.0,3482.9558295199995,,,,0.7666327425651788
2022-06-01,Белгородская область,22.0,6867.0637283099995,1855.0,6426.43277224,,2031.0,6796.71424143,,,,0.9358341536494755
2022-06-01,Тульская область,84.0,64179.75649745,6488.0,19494.42476433,,1940.0,7097.227113410001,,,,0.30374725346775905
2022-06-01,Ярославская область,40.0,13590.40781185,4135.0,12665.58880478,,3193.0,8417.58542621,,,,0.9319506066430461
2022-06-01,Смоленская область,17.0,4777.337451219999,2637.0,5351.67641949,,2740.0,6141.087676530001,,,,1.1202215615150508
2022-06-01,Брянская область,19.0,6594.1085733400005,2355.0,7242.5473794,,2569.0,7577.1298878,,,,1.0983360827089865
2022-06-01,Тамбовская область,9.0,2722.1501848499997,1326.0,2964.25026811,,2014.0,4136.88032595,,,,1.0889370779787968
2022-06-01,Ивановская область,19.0,3200.53299758,1497.0,3889.0608205699996,,835.0,2105.75249513,,,,1.2151291124042813
2022-06-01,Липецкая область,22.0,17953.10177481,1619.0,4943.433653769999,,1446.0,4017.92517618,,,,0.27535262239231173
2022-06-01,Курская область,13.0,4392.19100388,1286.0,4089.3189048199997,,1818.0,5038.453949729999,,,,0.931043049176949
2022-06-01,Рязанская область,32.0,13402.901543,6061.0,12576.118969460003,,110.0,218.3233,,,,0.9383131651838624
2022-06-01,Костромская область,20.0,4109.929263,1226.0,3962.4168796900003,,1158.0,3237.82036621,,,,0.9641082914399542
2022-06-01,Приморский край,189.0,183664.13339141003,12154.0,55518.67033311999,,4938.0,22637.735110539998,,,,0.302283681130072
2022-06-01,Сахалинская область,25.0,32023.186888,1751.0,10317.983185800002,,829.0,5661.464435350001,,,,0.32220350903508743
2022-06-01,Хабаровский край,46.0,31473.50293952,3630.0,17988.259462789996,,2132.0,9989.01011166,,,,0.5715366191477489
2022-06-01,Амурская область,20.0,5875.149181,1296.0,6004.53919566,,640.0,2715.42066719,,,,1.0220232730563579
2022-06-01,Республика Саха (Якутия),19.0,10903.08762673,2477.0,12467.439740459999,,874.0,3768.3309577600003,,,,1.1434778997735315
2022-06-01,Республика Бурятия,9.0,5005.010397,1584.0,5110.40121853,,675.0,1560.67026091,,,,1.0210570634564857
2022-06-01,Еврейская автономная область,0.0,0.0,0.0,0.0,,0.0,0.0,,,,
2022-06-01,Забайкальский край,9.0,2763.36995252,562.0,2412.96498809,,370.0,1134.53728922,,,,0.8731965062765285
2022-06-01,Камчатский край,0.0,0.0,0.0,0.0,,0.0,0.0,,,,
2022-06-01,Магаданская область,1.0,129.659,8.0,33.855449,,0.0,0.0,,,,0.26111144617805165
2022-06-01,Чукотский автономный округ,0.0,0.0,0.0,0.0,,0.0,0.0,,,,
2022-06-01,Республика Татарстан (Татарстан),228.0,194714.65674339002,19055.0,82819.66493568997,,17313.0,64770.36247695997,,,,0.4253386279227871
2022-06-01,Нижегородская область,142.0,96229.49974645999,12454.0,56590.574361479994,,10905.0,40963.941252259996,,,,0.5880792741371578
2022-06-01,Пермский край,116.0,60248.77816469,13124.0,45016.685401779985,,11911.0,35559.75956781,,,,0.7471800553154274
2022-06-01,Чувашская Республика - Чувашия,63.0,21543.38740894,5748.0,17538.728072490005,,11183.0,27580.30421197,,,,0.8141119007687642
2022-06-01,Самарская область,82.0,55608.663710529996,11598.0,35472.270627909995,,5653.0,16698.12009788,,,,0.6378910813710671
2022-06-01,Удмуртская Республика,88.0,48686.92372510001,10353.0,28470.541667350004,,10094.0,27555.814996780002,,,,0.5847677258908911
2022-06-01,Республика Башкортостан,122.0,91240.03100789,13554.0,44594.170212449986,,7998.0,21239.76008984,,,,0.4887566314898961
2022-06-01,Кировская область,29.0,5565.417012,1838.0,5018.2534827,,4713.0,10955.85756691,,,,0.9016850798205739
2022-06-01,Пензенская область,82.0,40374.37651571,11285.0,33133.974192409994,,4192.0,10444.31081297,,,,0.8206683805882995
2022-06-01,Ульяновская область,69.0,18254.986876529998,4909.0,12556.157511210002,,4549.0,10948.428921929999,,,,0.6878206813368436
2022-06-01,Оренбургская область,20.0,6249.9143148699995,3493.0,8306.55739234,,7842.0,16092.983337840002,,,,1.3290674037845238
2022-06-01,Саратовская область,27.0,7567.59150829,3836.0,8898.137463809999,,6486.0,12554.677137959998,,,,1.1758215878939076
2022-06-01,Республика Марий Эл,28.0,4937.845,1990.0,4159.82350994,,2343.0,5372.60147582,,,,0.8424370367923658
2022-06-01,Республика Мордовия,17.0,4472.672499,1084.0,3205.6251458999996,,1216.0,3397.41056392,,,,0.7167135860308826
2022-06-01,г. Санкт-Петербург,276.0,633761.0959328802,57972.0,339796.9175782899,,10044.0,58161.217513240015,,,,0.5361593189593273
2022-06-01,Ленинградская область,146.0,161042.6381061,22123.0,89278.75179433002,,13797.0,52317.64982501,,,,0.5543795906740571
2022-06-01,Вологодская область,46.0,7133.2187933800005,3260.0,9180.69115214,,3070.0,9432.26412024,,,,1.2870334442370057
2022-06-01,Республика Карелия,14.0,4486.9209452,2164.0,6726.546469320001,,1923.0,4489.4710723299995,,,,1.4991453050929946
2022-06-01,Калининградская область,95.0,47219.817061940004,9620.0,32939.60250457,,7336.0,20753.7282498,,,,0.6975800533356978
2022-06-01,Архангельская область,38.0,8514.086129199999,3338.0,11170.35806201,,625.0,1896.37659065,,,,1.311985560458453
2022-06-01,Новгородская область,4.0,964.239322,686.0,2025.41678476,,1173.0,3152.2417256599997,,,,2.1005332789778097
2022-06-01,Псковская область,16.0,3911.608474,1705.0,3701.2501196800004,,670.0,1327.63819071,,,,0.9462220322616062
2022-06-01,Мурманская область,0.0,0.0,0.0,0.0,,0.0,0.0,,,,
2022-06-01,Ненецкий автономный округ,0.0,0.0,0.0,0.0,,0.0,0.0,,,,
2022-06-01,Республика Коми,5.0,1190.8023473899998,750.0,2282.58194542,,1892.0,5174.935035820001,,,,1.9168436730268146
2022-06-01,Ставропольский край,54.0,25503.5802226,8419.0,21224.513151020004,,9484.0,22401.34438051,,,,0.8322170050545256
2022-06-01,Республика Северная Осетия - Алания,6.0,2163.69457635,793.0,1759.00509011,,428.0,1175.1155667900002,,,,0.8129636730325024
2022-06-01,Республика Ингушетия,0.0,0.0,4.0,0.0,,12.0,20.403304,,,,
2022-06-01,Чеченская Республика,0.0,0.0,0.0,0.0,,0.0,0.0,,,,
2022-06-01,Кабардино-Балкарская Республика,1.0,131.39,115.0,269.47227766,,38.0,99.79161983000002,,,,2.0509344520892
2022-06-01,Карачаево-Черкесская Республика,0.0,0.0,0.0,0.0,,0.0,0.0,,,,
2022-06-01,Республика Дагестан,0.0,0.0,296.0,1.485,,0.0,0.0,,,,inf
2022-06-01,Новосибирская область,230.0,151587.49510885,23191.0,78945.34373467998,,21211.0,66764.94649565998,,,,0.5207906079455427
2022-06-01,Красноярский край,135.0,143849.78226305,8961.0,36982.81756029,,7914.0,28951.246451489995,,,,0.2570933162252662
2022-06-01,Иркутская область,59.0,29924.318754559998,4883.0,16961.10057079,,3820.0,13351.18546792,,,,0.5667998897453729
2022-06-01,Алтайский край,45.0,21312.60246809,6872.0,19420.859220199996,,9607.0,23120.96693298,,,,0.9112382802277483
2022-06-01,Республика Хакасия,26.0,8516.39617,1244.0,3557.8844270300006,,1418.0,4239.00555139,,,,0.4177687787192268
2022-06-01,Республика Алтай,3.0,640.1149,138.0,370.1577842,,36.0,72.06458,,,,0.5782677206857706
2022-06-01,Кемеровская область,43.0,11962.908125049998,4698.0,11659.39226923,,1422.0,3175.1932509799994,,,,0.9746285892487593
2022-06-01,Томская область,9.0,7934.245574,1517.0,5792.641657450001,,801.0,2697.717237,,,,0.730080964021596
2022-06-01,Омская область,35.0,17052.82604283,1359.0,4411.59885071,,530.0,1490.00283717,,,,0.25870192070392306
2022-06-01,Республика Тыва,1.0,116.36792,68.0,218.50328424,,0.0,0.0,,,,1.877693476346402
2022-06-01,Тюменская область,222.0,184520.20586113,26697.0,88769.76238769999,,18551.0,57158.923126069996,,,,0.4810842366743735
2022-06-01,Свердловская область,205.0,196525.87348545002,29299.0,112694.00797511001,,20367.0,71742.80555081999,,,,0.5734308972983826
2022-06-01,Ханты-Мансийский автономный округ - Югра,43.0,28999.31707103,3903.0,16807.205288600002,,4048.0,16381.17486172,,,,0.5795724515661169
2022-06-01,Челябинская область,80.0,29900.855360289996,7290.0,19179.84863194,,11555.0,26589.752562059995,,,,0.641448159286169
2022-06-01,Курганская область,26.0,5671.27617874,1854.0,4731.7586403000005,,2261.0,5332.381913080001,,,,0.8343375443498972
2022-06-01,Ямало-Ненецкий автономный округ,6.0,2798.23375971,846.0,2887.94716489,,644.0,3153.33562382,,,,1.0320607257591294
2022-06-01,Ростовская область,123.0,104097.87367945,18875.0,56187.27747125,,21411.0,54573.026579829995,,,,0.5397543243223992
2022-06-01,Краснодарский край,290.0,368431.83414322004,32179.0,115482.39333343996,,25744.0,73415.05759935001,,,,0.3134430378471276
2022-06-01,Республика Крым,51.0,48645.096934,6650.0,24799.33677092,,2612.0,7869.455050270001,,,,0.5098013640422361
2022-06-01,Волгоградская область,41.0,20752.35249525,4086.0,11458.961209269999,,4843.0,10951.832331950001,,,,0.5521764923708209
2022-06-01,г. Севастополь,6.0,3490.5363220599997,621.0,2987.40519664,,1314.0,5058.3243003,,,,0.8558585045397642
2022-06-01,Республика Калмыкия,5.0,632.46783196,269.0,444.46928319000006,,354.0,835.93936037,,,,0.7027539753485995
2022-06-01,Астраханская область,17.0,6785.350501350001,1359.0,5203.820232050001,,626.0,2325.8448607200003,,,,0.7669198858650941
2022-06-01,Республика Адыгея (Адыгея),3.0,2290.634,519.0,1451.1676456,,1950.0,4426.97805479,,,,0.6335222674595767
2023-06-01,г. Москва,949.0,5869725.34936762,170752.0,1932641.7910956298,,130469.0,1238356.16960855,,,,0.32925591506659585
2023-06-01,Московская область,528.0,1538499.17187145,76791.0,409136.09287069,,84447.0,428259.68947140983,,,,0.26593195521386703
2023-06-01,Воронежская область,127.0,71725.29691198,11455.0,40585.13887849,,24230.0,68528.55824323,,,,0.5658413506227148
2023-06-01,Калужская область,30.0,20167.128978440003,2316.0,9391.62673307,,5728.0,17497.0453216,,,,0.46568982343050763
2023-06-01,Орловская область,20.0,9637.92195136,1486.0,4868.49931408,,5683.0,16466.752568180003,,,,0.5051399397764379
2023-06-01,Тверская область,51.0,19606.432436940002,2326.0,7602.8931339,,7184.0,19119.390295,,,,0.38777544861122076
2023-06-01,Владимирская область,69.0,19078.295269,3327.0,10318.80938922,,3103.0,8551.91985077,,,,0.540866426676332
2023-06-01,Белгородская область,30.0,11426.9027824,1617.0,6132.03020365,,3489.0,12656.605085180001,,,,0.536630994454132
2023-06-01,Тульская область,98.0,81136.62384529001,5843.0,20846.77773942,,6210.0,23135.276566830005,,,,0.2569342517772282
2023-06-01,Ярославская область,49.0,19383.428086220003,3535.0,12417.11562353,,6738.0,20639.61133694,,,,0.6406047252476218
2023-06-01,Смоленская область,18.0,6723.576642,2001.0,4482.6151007,,4695.0,11300.83507401,,,,0.6667009747012563
2023-06-01,Брянская область,24.0,10546.90813125,2314.0,7461.42356601,,4261.0,12927.3188682,,,,0.707451271325873
2023-06-01,Тамбовская область,20.0,5269.13067,1621.0,5012.89270803,,2747.0,6087.1580848,,,,0.9513699739069102
2023-06-01,Ивановская область,22.0,6101.040964,1441.0,4549.40213381,,2406.0,6582.988183389999,,,,0.7456763789416183
2023-06-01,Липецкая область,27.0,24155.42032979,1300.0,4400.98370943,,2683.0,8542.19992918,,,,0.1821944577798312
2023-06-01,Курская область,17.0,6025.403,907.0,3165.76853356,,3197.0,9920.959300250002,,,,0.5254036175771147
2023-06-01,Рязанская область,44.0,26114.252659,6704.0,17508.1959555,,3438.0,7706.551556389999,,,,0.6704459891738845
2023-06-01,Костромская область,18.0,3985.76683139,944.0,3558.75380578,,2507.0,8110.28030571,,,,0.8928655278459722
2023-06-01,Приморский край,321.0,339192.29895784,13324.0,64361.43946628,,12823.0,59395.06622521998,,,,0.18974911772475064
2023-06-01,Сахалинская область,26.0,58801.646715480005,1787.0,11643.14146585,,1856.0,12158.591407110001,,,,0.19800706470325516
2023-06-01,Хабаровский край,141.0,81063.6959803,4036.0,21461.00059295,,5467.0,27142.892845960003,,,,0.2647424390588535
2023-06-01,Амурская область,53.0,30329.726047,1403.0,7763.9865927,,1739.0,8119.613296589999,,,,0.25598604420853177
2023-06-01,Республика Саха (Якутия),50.0,83859.48613403,2784.0,14037.29230218,,2832.0,14313.068293729999,,,,0.16739063103421162
2023-06-01,Республика Бурятия,17.0,8752.47177,2066.0,7455.81638211,,2087.0,6531.576697099999,,,,0.8518526626576025
2023-06-01,Еврейская автономная область,1.0,149.983,11.0,192.87419580000002,,0.0,0.0,,,,1.285973715687778
2023-06-01,Забайкальский край,22.0,8967.337235,822.0,3939.67002979,,1088.0,4688.147910559999,,,,0.4393355492880602
2023-06-01,Камчатский край,0.0,0.0,0.0,0.0,,0.0,0.0,,,,
2023-06-01,Магаданская область,2.0,203.887,11.0,69.0714355,,0.0,0.0,,,,0.3387731218763335
2023-06-01,Чукотский автономный округ,0.0,0.0,0.0,0.0,,0.0,0.0,,,,
2023-06-01,Республика Татарстан (Татарстан),338.0,377608.55428819,15865.0,83572.70965083,,33661.0,140057.41132505,,,,0.22132101802716975
2023-06-01,Нижегородская область,205.0,132797.62664687,10402.0,46973.81007768,,20174.0,88692.57630032998,,,,0.35372477102012395
2023-06-01,Пермский край,135.0,99100.64695289999,12518.0,50730.4806835,,21643.0,71314.21115634002,,,,0.511908673084757
2023-06-01,Чувашская Республика - Чувашия,75.0,29782.42066793,6221.0,22290.000887680002,,16220.0,43591.01078651999,,,,0.7484281125503708
2023-06-01,Самарская область,116.0,110771.12277558004,8476.0,35452.04011299,,14796.0,50428.75986232,,,,0.32004767329852823
2023-06-01,Удмуртская Республика,105.0,66208.583346,10901.0,35452.307074699995,,17409.0,50069.848946139995,,,,0.535463912427026
2023-06-01,Республика Башкортостан,156.0,139800.40990081,14667.0,57545.209522900004,,16718.0,52087.27397228,,,,0.41162404004200703
2023-06-01,Кировская область,41.0,11076.902,2289.0,9129.63640396,,7105.0,19522.286380740003,,,,0.824204854747293
2023-06-01,Пензенская область,115.0,67386.62101551,10204.0,34727.15779842,,10724.0,30372.073033769997,,,,0.5153420259850549
2023-06-01,Ульяновская область,59.0,19588.94419537,2997.0,8698.90700605,,9721.0,27994.05578998,,,,0.4440722746101882
2023-06-01,Оренбургская область,27.0,8489.01285297,2442.0,6019.29494874,,12208.0,27820.306856690004,,,,0.7090688932852853
2023-06-01,Саратовская область,36.0,13306.11596825,3776.0,10855.13995606,,9780.0,20965.838774999997,,,,0.8158007928054795
2023-06-01,Республика Марий Эл,27.0,4403.241345,1924.0,5125.8256300699995,,4085.0,10318.72163993,,,,1.1641028116459056
2023-06-01,Республика Мордовия,16.0,5515.750499,821.0,2972.03453743,,2334.0,7049.3662425600005,,,,0.5388268628120193
2023-06-01,г. Санкт-Петербург,405.0,1068304.64536228,57520.0,373476.58786551,,49205.0,313615.2309321,,,,0.3495974575106877
2023-06-01,Ленинградская область,262.0,341018.22750465997,26850.0,126810.19796533001,,26515.0,117093.30372591998,,,,0.37185753645264363
2023-06-01,Вологодская область,50.0,8851.31243703,2763.0,8057.22658195,,6200.0,20034.697831789996,,,,0.9102860891275407
2023-06-01,Республика Карелия,18.0,6850.931569,1771.0,6265.5529645,,3782.0,10670.22205043,,,,0.9145548895643917
2023-06-01,Калининградская область,102.0,61807.96515868999,8062.0,29324.56712593,,12770.0,39578.933560100006,,,,0.4744464091422538
2023-06-01,Архангельская область,54.0,16235.3866679,4654.0,17850.563560259998,,2737.0,9792.385487730002,,,,1.0994849661051476
2023-06-01,Новгородская область,3.0,779.15493755,489.0,1667.26345299,,2195.0,6552.02583549,,,,2.1398355739522064
2023-06-01,Псковская область,24.0,6357.95945315,1698.0,4450.099846239999,,1787.0,3994.98821368,,,,0.699925798368411
2023-06-01,Мурманская область,0.0,0.0,2.0,0.8,,0.0,0.0,,,,inf
2023-06-01,Ненецкий автономный округ,0.0,0.0,0.0,0.0,,0.0,0.0,,,,
2023-06-01,Республика Коми,2.0,806.042131,524.0,1484.1299173,,3337.0,9944.43002728,,,,1.8412560091105212
2023-06-01,Ставропольский край,83.0,52584.87779,9302.0,27112.603494080002,,16418.0,43960.93865933,,,,0.5155969669142404
2023-06-01,Республика Северная Осетия - Алания,8.0,5503.030319,1219.0,4209.01241418,,1176.0,3245.5552670600005,,,,0.7648535752470382
2023-06-01,Республика Ингушетия,0.0,0.0,5.0,2.1001,,18.0,35.135304,,,,inf
2023-06-01,Чеченская Республика,0.0,0.0,0.0,0.0,,0.0,0.0,,,,
2023-06-01,Кабардино-Балкарская Республика,3.0,1618.546,220.0,539.10960975,,77.0,197.61659149000002,,,,0.3330826616914193
2023-06-01,Карачаево-Черкесская Республика,0.0,0.0,39.0,141.72472237,,0.0,0.0,,,,inf
2023-06-01,Республика Дагестан,2.0,3158.811268,601.0,962.82868792,,0.0,0.0,,,,0.30480728547280844
2023-06-01,Новосибирская область,350.0,262414.77921659,23657.0,91470.65051211999,,41207.0,141508.92325468,,,,0.3485727853636727
2023-06-01,Красноярский край,135.0,149939.906361,9742.0,44601.86955583,,17321.0,70445.32628359999,,,,0.2974649687218368
2023-06-01,Иркутская область,71.0,50918.47584943,5566.0,20559.54591813,,8344.0,31594.653843489996,,,,0.40377378888806925
2023-06-01,Алтайский край,32.0,24874.883361,5853.0,18949.77542043,,16363.0,45022.06083200999,,,,0.7618035890025655
2023-06-01,Республика Хакасия,30.0,10941.759077,1685.0,4564.16152496,,2930.0,9332.18333314,,,,0.41713233611166267
2023-06-01,Республика Алтай,5.0,1057.442256,313.0,1171.60615991,,132.0,345.82392,,,,1.1079623055180803
2023-06-01,Кемеровская область,55.0,25625.43362474,5141.0,14677.135825309999,,4269.0,9913.109261439999,,,,0.5727565839564955
2023-06-01,Томская область,20.0,12679.553914,771.0,3604.7753299899996,,2881.0,11713.6098101,,,,0.2842982769299024
2023-06-01,Омская область,37.0,23924.3308665,1965.0,7980.684254979999,,1597.0,5419.79066,,,,0.3335802493082445
2023-06-01,Республика Тыва,4.0,3151.607,528.0,2212.32334489,,163.0,721.4433502999999,,,,0.7019667569243246
2023-06-01,Тюменская область,360.0,343141.95265928,26475.0,101387.51760811999,,41619.0,140723.70251603998,,,,0.29546814903391283
2023-06-01,Свердловская область,245.0,317804.52080322,31359.0,131945.31344326,,43562.0,169947.93996557,,,,0.41517758498142526
2023-06-01,Ханты-Мансийский автономный округ - Югра,54.0,41022.34847797,3268.0,14487.13303943,,7624.0,33834.33067286,,,,0.35315221036674543
2023-06-01,Челябинская область,124.0,67271.51028182001,4108.0,12924.62507003,,20782.0,57184.82454452999,,,,0.1921262807373429
2023-06-01,Курганская область,25.0,7451.35325665,1346.0,3594.9928849000003,,4495.0,11791.401438150004,,,,0.4824617436693972
2023-06-01,Ямало-Ненецкий автономный округ,10.0,4426.095743559999,970.0,4744.29929609,,1320.0,7074.37719864,,,,1.0718926048974402
2023-06-01,Ростовская область,143.0,155680.82827055998,20476.0,70552.8588938,,34737.0,101319.32410186999,,,,0.4531891285366568
2023-06-01,Краснодарский край,370.0,726025.7402125199,42201.0,194876.02169162,,54357.0,199061.86025003993,,,,0.26841475570077794
2023-06-01,Республика Крым,72.0,120711.33027759001,5670.0,26034.70713981,,5967.0,20837.88526073,,,,0.21567741056237313
2023-06-01,Волгоградская область,60.0,33195.858654,4672.0,15925.512549340001,,9462.0,25064.670411739997,,,,0.47974395587508095
2023-06-01,г. Севастополь,8.0,11652.39588606,636.0,2895.26333118,,1698.0,6800.06902208,,,,0.24846935853283728
2023-06-01,Республика Калмыкия,8.0,1343.02028385,464.0,996.10671701,,446.0,1053.41422507,,,,0.74169149117725
2023-06-01,Астраханская область,45.0,19547.2479447,2203.0,8707.36357585,,1474.0,6387.762942659999,,,,0.44545214755977436
2023-06-01,Республика Адыгея (Адыгея),13.0,10549.530405,1280.0,4190.8600006100005,,2404.0,6215.890799559998,,,,0.397255597142383
2024-06-01,г. Москва,1324.0,7449157.376165431,216025.0,2486620.88395864,,230546.0,2423137.28959498,,,,0.33381237076758696
2024-06-01,Московская область,687.0,2061274.96570561,91724.0,501808.71986445,,142669.0,776936.5057307,,,,0.24344579360506238
2024-06-01,Воронежская область,165.0,123570.43025424001,13434.0,53965.94020035,,37983.0,125686.78886702,,,,0.43672211943680833
2024-06-01,Калужская область,36.0,22017.05561611,2642.0,9981.394299270001,,8529.0,30535.6476338,,,,0.453348280229013
2024-06-01,Орловская область,27.0,16028.502782,1593.0,6147.13679195,,7660.0,23770.073309979998,,,,0.3835128505485385
2024-06-01,Тверская область,56.0,27230.823724,3183.0,10653.0597626,,9938.0,30862.12155587,,,,0.3912132761966683
2024-06-01,Владимирская область,61.0,22745.425445,4240.0,15000.55598337,,5609.0,17659.6962262,,,,0.6594977095347095
2024-06-01,Белгородская область,29.0,11818.808113,1871.0,8552.931266970001,,5921.0,23438.45767686,,,,0.7236712183830344
2024-06-01,Тульская область,106.0,91426.9930294,10451.0,39378.51875144,,11256.0,46202.38649988,,,,0.43070998450946685
2024-06-01,Ярославская область,61.0,25386.4605231,4313.0,16333.36693334,,10850.0,36862.69318699,,,,0.6433889008858764
2024-06-01,Смоленская область,28.0,10311.28617,2764.0,9146.77533723,,6315.0,16043.94944601,,,,0.88706444437959
2024-06-01,Брянская область,16.0,8048.517144439999,2413.0,8761.064613120001,,7601.0,25665.94241235,,,,1.0885315215079385
2024-06-01,Тамбовская область,23.0,7445.60767,2103.0,5992.06639242,,4309.0,12053.61048523,,,,0.8047786907391535
2024-06-01,Ивановская область,48.0,15070.8770985,2533.0,8073.06722524,,3644.0,11241.084300389999,,,,0.5356733501624474
2024-06-01,Липецкая область,64.0,49552.7591026,3614.0,13268.32908361,,3326.0,11251.55308018,,,,0.26776166098314835
2024-06-01,Курская область,22.0,9001.48441039,1722.0,6844.49567138,,4776.0,16547.73949764,,,,0.7603741071283436
2024-06-01,Рязанская область,69.0,43653.491399,10907.0,34335.82469412,,7707.0,18831.41299091,,,,0.7865539179967299
2024-06-01,Костромская область,27.0,7166.21,1269.0,5342.708220060001,,3952.0,14368.92599815,,,,0.7455416768501063
2024-06-01,Приморский край,348.0,397452.87269965,19881.0,100288.68673724,,22288.0,110387.3622951,,,,0.2523284988633781
2024-06-01,Сахалинская область,121.0,73285.434094,1734.0,19062.67621432,,3278.0,21718.56043745,,,,0.26011548474788515
2024-06-01,Хабаровский край,207.0,136952.093029,8444.0,55597.12025955,,9407.0,50541.68665394001,,,,0.405960354675099
2024-06-01,Амурская область,140.0,74621.16895225,2028.0,22736.34600648,,3513.0,19385.012022640003,,,,0.3046902953373588
2024-06-01,Республика Саха (Якутия),102.0,137043.62936517998,5016.0,25858.2912993,,4820.0,27045.46978576,,,,0.18868656222169544
2024-06-01,Республика Бурятия,30.0,23860.195203,3689.0,13328.09363688,,4145.0,16349.07952712,,,,0.5585911399083703
2024-06-01,Еврейская автономная область,,,0.0,0.0,,11.0,192.87419580000002,,,,
2024-06-01,Забайкальский край,36.0,17285.583098720002,1877.0,12129.025378229999,,2056.0,10376.25094602,,,,0.7016844794277234
2024-06-01,Камчатский край,6.0,8568.51088116,246.0,2787.78542525,,0.0,0.0,,,,0.32535238198502364
2024-06-01,Магаданская область,3.0,7620.8197537,6.0,0.0,,11.0,69.0714355,,,,0.0
2024-06-01,Чукотский автономный округ,,,0.0,0.0,,1.0,396.5475,,,,
2024-06-01,Республика Татарстан (Татарстан),427.0,554122.94834128,28079.0,160388.4001206,,48085.0,224437.67956876,,,,0.28944551132687985
2024-06-01,Нижегородская область,322.0,185363.88170695002,13218.0,69767.04774741,,30873.0,147185.25830076,,,,0.37637886682642857
2024-06-01,Пермский край,233.0,155320.90979051002,15205.0,68007.54586356,,33284.0,127032.13772822,,,,0.4378518382057224
2024-06-01,Чувашская Республика - Чувашия,95.0,39145.032936120006,7422.0,31982.13344865,,22047.0,66432.36297134,,,,0.8170163887929537
2024-06-01,Самарская область,140.0,131382.34359839,12085.0,58449.54559756,,24827.0,95888.33628019999,,,,0.44488128310626557
2024-06-01,Удмуртская Республика,113.0,77450.84434314,13728.0,47419.148083830005,,27627.0,88471.21675512,,,,0.6122483038886333
2024-06-01,Республика Башкортостан,198.0,244062.671696,20647.0,93501.20924486,,32664.0,122706.25263568,,,,0.3831032766916663
2024-06-01,Кировская область,50.0,16087.75035,3184.0,13269.86397086,,10301.0,33909.32514428,,,,0.8248427332700373
2024-06-01,Пензенская область,134.0,83154.042626,10094.0,38712.92651652,,19388.0,62512.821874379995,,,,0.4655567582040266
2024-06-01,Ульяновская область,85.0,27819.468729,4431.0,14972.78109335,,13556.0,42507.26676176,,,,0.5382123303361952
2024-06-01,Оренбургская область,54.0,31239.520769,3952.0,12551.83284128,,16671.0,41676.25852886,,,,0.4017933864637128
2024-06-01,Саратовская область,33.0,14467.600358,3876.0,13569.974675459998,,14825.0,37921.66655608999,,,,0.937956146124561
2024-06-01,Республика Марий Эл,37.0,10510.882663,2490.0,7214.5099854499995,,6309.0,18565.69077449,,,,0.6863847896282047
2024-06-01,Республика Мордовия,27.0,7475.589354899999,1396.0,5930.72198974,,3627.0,11945.95755571,,,,0.7933450739710053
2024-06-01,г. Санкт-Петербург,447.0,1275661.57133053,73438.0,463792.5777588,,96565.0,673854.08457862,,,,0.36357023538387134
2024-06-01,Ленинградская область,307.0,494164.07027277,24986.0,102469.03356055,,51957.0,258789.53463094,,,,0.20735832433950302
2024-06-01,Вологодская область,53.0,15083.48310134,4280.0,12589.860588700001,,9111.0,33632.71033982,,,,0.8346786020253858
2024-06-01,Республика Карелия,24.0,12969.70848306,2452.0,9958.863250139999,,5684.0,18496.41809035,,,,0.7678555969972242
2024-06-01,Калининградская область,133.0,76243.44093575,7694.0,31910.04978036,,22326.0,77998.4180469,,,,0.41852845816927986
2024-06-01,Архангельская область,60.0,31108.41912127,5027.0,21941.942490150002,,6398.0,25074.164632019998,,,,0.7053377545356353
2024-06-01,Новгородская область,4.0,1375.337539,902.0,3237.41645946,,3361.0,11182.05336348,,,,2.3539068538868695
2024-06-01,Псковская область,30.0,10382.863900690001,2276.0,6977.54352935,,3498.0,9222.55353924,,,,0.6720249438005541
2024-06-01,Мурманская область,,,15.0,84.21961922,,0.0,0.0,,,,
2024-06-01,Ненецкий автономный округ,,,0.0,0.0,,0.0,0.0,,,,
2024-06-01,Республика Коми,6.0,1897.211815,585.0,2408.4259513899997,,4448.0,13520.36422986,,,,1.2694554884953633
2024-06-01,Ставропольский край,138.0,114785.77878154,15246.0,53105.551801940004,,29367.0,89876.4270926,,,,0.4626492268089269
2024-06-01,Республика Северная Осетия - Алания,23.0,12012.533459,1615.0,6666.4155357399995,,1953.0,6455.48313196,,,,0.5549550024974461
2024-06-01,Республика Ингушетия,1.0,551.3850975700001,2.0,0.0003,,30.0,62.728404,,,,5.440843456272665e-07
2024-06-01,Чеченская Республика,1.0,1119.662,87.0,99.39514925,,1.0,2.462689,,,,0.08877245923323289
2024-06-01,Кабардино-Балкарская Республика,5.0,2181.858,676.0,2156.37230242,,242.0,1007.5791510199999,,,,0.988319268449184
2024-06-01,Карачаево-Черкесская Республика,10.0,14311.049138889999,207.0,1109.32025379,,23.0,126.456,,,,0.0775149496744752
2024-06-01,Республика Дагестан,13.0,11625.926245,1205.0,4094.45898415,,0.0,0.0,,,,0.35218346460015754
2024-06-01,Новосибирская область,477.0,355889.33647277,34551.0,146417.78449375,,64912.0,251746.71490696,,,,0.4114138005507585
2024-06-01,Красноярский край,167.0,197878.83374164,13550.0,66199.44268274,,27783.0,125215.1638928,,,,0.33454534490117893
2024-06-01,Иркутская область,95.0,79717.80172751,7972.0,34719.7843411,,13744.0,56813.24294093,,,,0.43553363977319093
2024-06-01,Алтайский край,59.0,40836.08539,8386.0,30519.7179012,,22749.0,70230.14851717999,,,,0.7473712920747716
2024-06-01,Республика Хакасия,32.0,14177.254025,2307.0,8055.67547315,,5043.0,17083.39740891,,,,0.5682112670722214
2024-06-01,Республика Алтай,16.0,3279.654128,519.0,2082.142825,,405.0,1536.241821,,,,0.6348665876757354
2024-06-01,Кемеровская область,80.0,35766.648302,7125.0,27554.8407435,,8632.0,24620.652271040002,,,,0.7704060081570234
2024-06-01,Томская область,48.0,20534.215974119998,2212.0,11344.575711790001,,4215.0,18453.21543189,,,,0.5524718219623274
2024-06-01,Омская область,59.0,39090.609284809994,4754.0,21776.209828990002,,2668.0,10423.858890559999,,,,0.5570701052605977
2024-06-01,Республика Тыва,13.0,8260.888,2555.0,12609.91155654,,540.0,2577.05108615,,,,1.5264595714819036
2024-06-01,Тюменская область,480.0,490699.66774522996,35703.0,145757.78560655,,69527.0,263051.72114241,,,,0.2970407261050502
2024-06-01,Свердловская область,464.0,553560.7783438499,49496.0,214617.11119199,,72309.0,310334.02207973,,,,0.3877028857320494
2024-06-01,Ханты-Мансийский автономный округ - Югра,78.0,60399.86853884,5830.0,28973.741303130002,,10524.0,48197.45320806,,,,0.4796987477629774
2024-06-01,Челябинская область,165.0,117870.20627349001,9370.0,39354.216833230006,,29063.0,89369.18511484,,,,0.33387755971104205
2024-06-01,Курганская область,46.0,17827.69440064,2873.0,9598.066548190001,,6195.0,16980.25927734,,,,0.5383795757596921
2024-06-01,Ямало-Ненецкий автономный округ,21.0,15559.38071,1337.0,8403.95133107,,2063.0,11008.836836139999,,,,0.5401211968332897
2024-06-01,Ростовская область,187.0,253152.13042325,32229.0,131586.83988995,,55202.0,188869.27649512,,,,0.5197935315414782
2024-06-01,Краснодарский край,356.0,1148161.29256923,72854.0,371133.95496856,,92039.0,417458.37626652,,,,0.3232420021215634
2024-06-01,Республика Крым,108.0,169242.37483176,11327.0,59199.51273035,,10145.0,39757.52600496,,,,0.3497913143159264
2024-06-01,Волгоградская область,109.0,66929.90073844,8992.0,31307.845998869998,,16028.0,48799.35781078,,,,0.4677706922234966
2024-06-01,г. Севастополь,11.0,15587.045977,1551.0,8325.54646553,,2282.0,9691.22282318,,,,0.534132412120619
2024-06-01,Республика Калмыкия,8.0,1361.644817,522.0,1274.89131096,,844.0,2206.07510284,,,,0.9362877125099798
2024-06-01,Астраханская область,86.0,42917.92271526,7141.0,25738.72433279,,2526.0,11339.75185742,,,,0.599719713918919
2024-06-01,Республика Адыгея (Адыгея),33.0,37852.906377,3920.0,14099.10421524,,3856.0,12083.03422212,,,,0.3724708500535861
2025-06-01,г. Москва,1409.0,8672253.34371179,230708.0,2886569.64707324,,337261.0,3734369.49974963,3862131.594142,,0.7474032349005217,0.3328511671267397
2025-06-01,Московская область,742.0,2054628.0734332497,88776.0,515414.91700818,,202736.0,1163498.59104208,750476.9791966899,,0.6867831143333402,0.25085557998189434
2025-06-01,Воронежская область,194.0,141397.85899431,11116.0,46313.663149730004,,50428.0,182175.93538767,59761.93114467,,0.7749693201448794,0.3275414739596143
2025-06-01,Калужская область,40.0,27277.136286,2824.0,11655.316872809999,,10563.0,40057.90191844,17452.63416186,,0.6678256568444475,0.42729254092527647
2025-06-01,Орловская область,29.0,16920.13028494,1121.0,4239.28573589,,9560.0,32086.00472134,8045.89238665,,0.5268881973768326,0.2505468731327226
2025-06-01,Тверская область,47.0,27361.208734,2430.0,9139.62395841,,12688.0,41481.26314994,15047.71810836,,0.6073760747373608,0.33403582594846337
2025-06-01,Владимирская область,60.0,29838.608581,4479.0,17006.20513046,,7943.0,27052.40667294,18629.9030472,,0.9128445321145116,0.569939616463512
2025-06-01,Белгородская область,31.0,10583.275862,1861.0,8123.62035536,,7576.0,31750.15945781,7250.2631757,,1.120458686601494,0.7675903436031969
2025-06-01,Тульская область,112.0,116013.52263862001,12124.0,48168.81493537,,15806.0,68040.45728038,46246.642801940005,,1.0415634955744153,0.4152000028946192
2025-06-01,Ярославская область,86.0,48701.350335480005,4345.0,16934.462652,,14925.0,53338.26377815,17631.74160255,,0.9604532004683441,0.34772059779342235
2025-06-01,Смоленская область,34.0,11017.122536,2239.0,8366.72471025,,8967.0,25988.9831848,6389.7133495,,1.3094053289424483,0.7594292141991295
2025-06-01,Брянская область,29.0,14649.65293245,3085.0,11266.16895694,,9525.0,33685.271715639996,8072.408795060001,,1.3956390518570438,0.7690399908372336
2025-06-01,Тамбовская область,27.0,9102.656555,2089.0,7577.733330520001,,5684.0,17826.55629361,5508.05277562,,1.3757553965461111,0.8324749247358593
2025-06-01,Ивановская область,52.0,15614.376753,1688.0,6645.12201472,,5783.0,18173.26601365,5535.27582531,,1.2005042249810276,0.4255771536602169
2025-06-01,Липецкая область,78.0,53360.38883143,3596.0,15039.865232799999,,5805.0,21074.865637709998,24912.75028304,,0.6037015207846713,0.28185449098416826
2025-06-01,Курская область,22.0,14642.25704007,1784.0,7953.82358915,,6724.0,25592.626303790003,6833.3580281,,1.1639699773438539,0.5432102146126493
2025-06-01,Рязанская область,72.0,56705.190902,11347.0,35605.85354025,,14574.0,41040.285791580005,36557.94521166,,0.9739566415481596,0.627911712735177
2025-06-01,Костромская область,23.0,7140.589527,914.0,3988.5030898600003,,5545.0,21935.45114788,3928.97725617,,1.0151504653269554,0.5585677589754559
2025-06-01,Приморский край,395.0,463808.11766423006,25039.0,133883.73711709,,31234.0,161620.02395182,202556.13831843,,0.6609710188422777,0.2886619099970432
2025-06-01,Сахалинская область,50.0,55682.250592970006,1728.0,21483.43591642,,4635.0,34357.61553414,24275.691317779998,,0.8849773065241238,0.3858219753626899
2025-06-01,Хабаровский край,223.0,165062.69720184,10781.0,75268.02322291001,,15141.0,85474.39885823,77723.48874951,,0.9684076774459578,0.45599656675227873
2025-06-01,Амурская область,146.0,80938.65661182998,2900.0,34390.87527435,,4448.0,25235.711418580002,25367.78384562,,1.355690961561387,0.42490049518963025
2025-06-01,Республика Саха (Якутия),145.0,165330.78337925,5604.0,34952.66620857,,7384.0,44083.25627513,30060.38281028,,1.1627485394702608,0.21141051590127993
2025-06-01,Республика Бурятия,45.0,28460.75133331,5761.0,24606.734413270002,,6854.0,31107.05282863,14258.143498739999,,1.725802129530013,0.8645848496793084
2025-06-01,Еврейская автономная область,2.0,1575.3452848,3.0,1810.842095,,11.0,192.87419580000002,,,,1.1494890120104038
2025-06-01,Забайкальский край,37.0,28447.18112655,1952.0,19247.58306336,,4321.0,26973.075966779998,16824.23598631,,1.144039056455336,0.6766077446385739
2025-06-01,Камчатский край,10.0,17347.12173504,412.0,10502.90152942,,134.0,1918.1683683499998,6123.09841956,,1.7152919665424433,0.605454996502668
2025-06-01,Магаданская область,4.0,7390.15092693,8.0,3686.1135,,11.0,69.0714355,,,,0.49878730981902647
2025-06-01,Чукотский автономный округ,0.0,0.0,0.0,0.0,,1.0,396.5475,,,,
2025-06-01,Республика Татарстан (Татарстан),513.0,636830.85518593,32714.0,192367.35151623,,62526.0,324466.30224999,230388.52979672,,0.834969308958057,0.30206977245169153
2025-06-01,Нижегородская область,369.0,252281.09777183,12154.0,74361.25873964,,40454.0,201955.89891794,76760.60731244,,0.9687424493264639,0.2947555698639554
2025-06-01,Пермский край,301.0,209682.03746421004,13151.0,61284.92335748,,45275.0,186537.56216726,79922.5222154,,0.7668041705729756,0.2922755048483375
2025-06-01,Чувашская Республика - Чувашия,81.0,37374.7458445,5915.0,27151.59295273,,28349.0,96654.78895757001,22973.577210599997,,1.1818617842502241,0.7264689655869747
2025-06-01,Самарская область,158.0,163705.43907944002,12789.0,68171.80509093001,,30844.0,126176.90921433999,72902.33760910001,,0.9351113740202,0.4164296890456329
2025-06-01,Удмуртская Республика,109.0,77250.94235967999,10301.0,39032.19323291,,39054.0,134391.71953703,35932.56907932,,1.0862622471203682,0.5052649461695407
2025-06-01,Республика Башкортостан,245.0,247555.11324578,21044.0,102782.46597802,,46685.0,193849.47228815,126156.21953821,,0.8147237318481108,0.41519023634940855
2025-06-01,Кировская область,57.0,20875.34712243,3588.0,15627.5086973,,13759.0,51697.37701877,12705.79930953,,1.229950852881689,0.7486107227653551
2025-06-01,Пензенская область,163.0,105073.74174152,8570.0,30332.51750315,,27726.0,98443.84810399,53305.01501665,,0.5690368437880664,0.2886783795876194
2025-06-01,Ульяновская область,69.0,25067.775346,2807.0,10268.03147921,,18351.0,63358.89750064,14413.81442241,,0.7123743360567826,0.40961079862431604
2025-06-01,Оренбургская область,70.0,35323.850191,3665.0,13611.10575892,,21532.0,58945.43520493,9360.65179152,,1.4540767098345193,0.3853233915703762
2025-06-01,Саратовская область,34.0,14806.44967175,1650.0,7305.97906002,,18917.0,54062.47190473,7699.86219138,,0.9488454310518762,0.49343220164111723
2025-06-01,Республика Марий Эл,46.0,19866.200581,2515.0,8512.83964633,,8305.0,26301.54459796,8710.257443190001,,0.9773350215940689,0.4285086930246574
2025-06-01,Республика Мордовия,30.0,8234.435314,1071.0,5395.52419456,,4848.0,17758.38383821,4908.42504924,,1.0992373603413625,0.6552391255520159
2025-06-01,г. Санкт-Петербург,410.0,1368507.96180436,70124.0,402253.1013463,,144549.0,1065371.1571311702,617584.98371643,,0.6513323865578284,0.293935521438936
2025-06-01,Ленинградская область,371.0,540182.71836031,27745.0,115506.63651154,,68197.0,346785.5426001,224187.61178898998,,0.5152231008208306,0.21382882603529596
2025-06-01,Вологодская область,55.0,18975.077688380003,4282.0,11865.05776398,,12008.0,47908.38795677,9377.74121627,,1.265236210975262,0.6252969267812774
2025-06-01,Республика Карелия,25.0,12311.882099,1790.0,7192.12242416,,8411.0,29120.332139669998,6588.24762084,,1.0916593968644739,0.5841610865282865
2025-06-01,Калининградская область,163.0,97325.16486589,10248.0,41530.868182050006,,29388.0,112693.94193806,51491.3998246,,0.8065593152161431,0.42672281356294445
2025-06-01,Архангельская область,76.0,39280.65438038,6079.0,28286.09256186,,9653.0,39562.248691,18708.82489692,,1.5119117698576938,0.7201023762982016
2025-06-01,Новгородская область,8.0,5559.49239,605.0,2501.32126017,,4637.0,16823.42236956,,,,0.44991900063919327
2025-06-01,Псковская область,37.0,10263.87584601,1553.0,5574.51580328,,5613.0,16522.18318609,5538.55901553,,1.006492083527354,0.5431199565266613
2025-06-01,Мурманская область,4.0,3908.127,246.0,1055.77690274,,0.0,0.0,,,,0.270149077228043
2025-06-01,Ненецкий автономный округ,0.0,0.0,0.0,0.0,,0.0,0.0,,,,
2025-06-01,Республика Коми,8.0,3595.625106,591.0,1852.65215013,,5045.0,16506.46200467,,,,0.5152517560961763
2025-06-01,Ставропольский край,165.0,139156.923943,15195.0,53233.71614866,,43330.0,149159.21834777,62786.87039643,,0.8478478989723115,0.38254450184932975
2025-06-01,Республика Северная Осетия - Алания,28.0,15565.847446,1849.0,8827.002737840001,,2746.0,10188.34090566,6587.62935904,,1.3399361525594906,0.5670749869842969
2025-06-01,Республика Ингушетия,1.0,551.3850975700001,23.0,37.86365172,,30.0,62.728404,,,,0.06867006723044974
2025-06-01,Чеченская Республика,3.0,5341.719,91.0,1616.22864134,,42.0,45.112189,,,,0.3025671401546955
2025-06-01,Кабардино-Балкарская Республика,10.0,5504.12361,1142.0,4076.29124388,,384.0,1541.80728254,2102.3148283299997,,1.938953761325107,0.7405886082343998
2025-06-01,Карачаево-Черкесская Республика,28.0,41819.80352301,806.0,4770.19482525,,23.0,126.456,7777.58826105,,0.6133257078082979,0.11406545280934555
2025-06-01,Республика Дагестан,35.0,47245.90970415,1844.0,7446.33729904,,20.0,112.896351,10339.68542598,,0.7201705847191413,0.15760808386733058
2025-06-01,Новосибирская область,568.0,444898.02399616,29884.0,129825.07541914,,90921.0,377425.91202256,170467.96461127,,0.7615804864872364,0.2918086132481014
2025-06-01,Красноярский край,166.0,201585.97985275002,9469.0,47253.10806469,,38672.0,185109.59843569002,68507.66552464,,0.6897492083961696,0.23440671865774784
2025-06-01,Иркутская область,110.0,97838.748571,6689.0,29368.35962696,,20360.0,92659.96471607001,40778.285185400004,,0.7201960429045913,0.3001710473192311
2025-06-01,Алтайский край,121.0,65032.598972340005,8883.0,39889.78628718,,27506.0,90177.0606413,34827.59347552,,1.145350060296821,0.613381395139169
2025-06-01,Республика Хакасия,36.0,22016.830933,2359.0,9887.76539873,,6647.0,24338.87256372,12648.992109190001,,0.7817038158752697,0.44910030098426607
2025-06-01,Республика Алтай,75.0,11659.1492748,855.0,3605.09244606,,608.0,2262.869521,3877.4503292199997,,0.9297585113837452,0.30920716092485584
2025-06-01,Кемеровская область,135.0,81414.403696,5389.0,23430.7768799,,13389.0,44677.78198229,24817.89246311,,0.9441082442728831,0.2877964563542113
2025-06-01,Томская область,64.0,30543.78278339,2023.0,10219.67768981,,6224.0,28685.40021386,12086.246789379999,,0.8455625528671047,0.33459109378447904
2025-06-01,Омская область,85.0,71059.61556008,4595.0,24966.01014366,,4974.0,22031.449939259997,23809.629887990002,,1.0485677543544387,0.3513389419135199
2025-06-01,Республика Тыва,24.0,13153.084353130002,2847.0,16047.939378629999,,1107.0,5129.372504399999,7614.40502905,,2.1075762738395065,1.220089444253516
2025-06-01,Тюменская область,543.0,609764.1479635298,37628.0,152720.96779947,,90674.0,361189.17515197996,235671.335633,,0.6480252143913473,0.2504590804650002
2025-06-01,Свердловская область,553.0,636831.40487803,45924.0,210396.71712682,,105551.0,480692.86035251,266316.71172163,,0.7900244628536083,0.3303805615037414
2025-06-01,Ханты-Мансийский автономный округ - Югра,97.0,83474.49695669,5267.0,26567.164313169997,,13851.0,65559.92060035,43683.333253330005,,0.6081762158373014,0.3182668393551881
2025-06-01,Челябинская область,174.0,138812.82591460997,8005.0,37887.98278183999,,38973.0,134846.81474038,66679.02974115,,0.5682143685791812,0.2729429541701471
2025-06-01,Курганская область,58.0,26048.33349405,2176.0,7755.43147906,,8854.0,26696.81596986,14063.64335174,,0.551452513768452,0.29773234747748867
2025-06-01,Ямало-Ненецкий автономный округ,37.0,24384.472033,2114.0,14522.345776290002,,2431.0,16031.47608259,13070.78293464,,1.1110540086931664,0.5955571134218784
2025-06-01,Ростовская область,205.0,370335.07325223996,29817.0,132583.62905486,,78756.0,295233.65091262,172192.49021426,,0.7699733530183895,0.358009917587675
2025-06-01,Краснодарский край,368.0,1267791.7855541,60054.0,310310.63859204,,140665.0,727389.03968639,678125.5790110601,,0.4576005509843464,0.2447646704513201
2025-06-01,Республика Крым,142.0,263458.13799404004,18392.0,97022.0465406,,16618.0,82439.08165644,115762.15333417,,0.8381154267278268,0.36826361591758777
2025-06-01,Волгоградская область,120.0,70558.54566259,8225.0,30701.18647411,,23005.0,77430.10353405001,31518.111443830003,,0.9740807766615114,0.43511648639872275
2025-06-01,г. Севастополь,14.0,10521.659145,1323.0,7410.08869247,,3834.0,18628.42548301,5640.05869997,,1.3138318387554042,0.7042699816018417
2025-06-01,Республика Калмыкия,11.0,2142.353687,570.0,1633.15168387,,1041.0,2839.06717162,1131.02952,,1.4439514221255692,0.7623165557489948
2025-06-01,Астраханская область,108.0,57137.66403914,8275.0,33749.618459209996,,4943.0,22556.6008148,36345.06040853,,0.9285888668185879,0.590672002903218
2025-06-01,Республика Адыгея (Адыгея),54.0,63161.124179,3458.0,15265.17833974,,7453.0,26872.03024399,23555.31037464,,0.6480567692359817,0.24168629894043925
2026-06-01,Белгородская область,44.0,18487.550047,2580.0,13870.036946080001,,9224.0,39927.23506017001,10939.011218699998,2461.0,1.2679424738471317,0.7502366138736003
2026-06-01,Брянская область,23.0,13261.005105,3022.0,13494.782549210002,,13069.0,48501.242864709995,7027.0599034100005,2849.0,1.9204023780502324,1.017628938557746
2026-06-01,Владимирская область,48.0,27677.668868,3809.0,16154.956039180006,,11754.0,42840.520351460014,16810.2274765,3556.0,0.961019478276779,0.5836819609420875
2026-06-01,Воронежская область,170.0,150606.37855705997,11278.0,52657.66632427998,,61607.0,237006.1505333701,63337.893626529985,10023.0,0.8313769737082567,0.34963769017478674
2026-06-01,Ивановская область,53.0,18520.932162590005,1492.0,5710.8650309899995,,7480.0,25756.777275399996,6495.958302060003,1382.0,0.8791412699153204,0.30834652278059965
2026-06-01,Калужская область,42.0,32456.59138,2600.0,10800.14145958,,13513.0,54647.93437850001,16516.78397267,2237.0,0.6538888852364227,0.33275649106625316
2026-06-01,Костромская область,38.0,10601.17517288,1534.0,7361.10474902,,6492.0,26935.61236894,5632.17764896,1461.0,1.3069731119683792,0.6943668630107376
2026-06-01,Курская область,32.0,26960.879738179996,2832.0,15119.366386740001,,8441.0,34683.294525029996,10451.92788133,2734.0,1.4465624484213406,0.5607890593172699
2026-06-01,Липецкая область,73.0,55282.15212343,2773.0,12093.37994439,,9160.0,37170.08355883,25753.04384631,2646.0,0.4695903139279899,0.21875740143742547
2026-06-01,Московская область,874.0,2394939.9128616108,87270.0,575421.3962172001,,263486.0,1576200.3926299303,817298.00449495,82239.0,0.7040533478027788,0.24026548354177862
2026-06-01,Орловская область,28.0,18248.701676000004,1287.0,5608.03483434,,10714.0,36343.78660246001,8786.123046530001,1243.0,0.6382832114506798,0.30731144241978997
2026-06-01,Рязанская область,70.0,87411.673867,13503.0,46489.201508280006,,20788.0,64734.185548189984,44986.08638216001,13102.0,1.0334128893398489,0.5318420235152457
2026-06-01,Смоленская область,48.0,14218.021013739999,2121.0,8405.0500001,,10841.0,34426.625534340004,6861.506457520003,1928.0,1.224956946719524,0.5911547037367251
2026-06-01,Тамбовская область,22.0,7874.9203735500005,1989.0,7204.873719169999,,7747.0,27155.373440070005,4626.2638392,1384.0,1.5573849589209567,0.9149138502237394
2026-06-01,Тверская область,44.0,24870.480512000006,2401.0,10641.14098858,,14746.0,51074.14418502998,13665.801395200002,2291.0,0.7786693718758134,0.4278622997832973
2026-06-01,Тульская область,116.0,148511.44653520003,11348.0,48781.20428823999,,24569.0,108861.79305678997,49887.17194135999,10771.0,0.9778306203763161,0.328467639541023
2026-06-01,Ярославская область,105.0,90234.66436695002,5473.0,22592.582631169997,,19173.0,72958.10466185998,23893.93643595999,5048.0,0.9455362322454547,0.25037587040047676
2026-06-01,г. Москва,1510.0,8917832.712055182,198765.0,3065079.88450339,,467182.0,5384483.398764603,4285514.542213583,190350.0,0.7152186404482935,0.34370233031619846
2026-06-01,Республика Карелия,23.0,15000.817923,2464.0,11718.125810570002,,10277.0,37797.27778417,5052.141150930001,2265.0,2.3194375336114517,0.7811657918068046
2026-06-01,Республика Коми,6.0,1652.3695,433.0,1017.2031622699999,,5799.0,20364.99344944,,249.0,,0.615602722193795
2026-06-01,Архангельская область,98.0,51340.78838131,6301.0,29035.456006120006,,14954.0,62919.93057955001,23535.146803350002,5993.0,1.2337061777743867,0.5655436334649279
2026-06-01,Вологодская область,64.0,22661.2112224,5138.0,17111.775679800005,,14354.0,59578.99299225999,13753.623360139998,4325.0,1.2441649179802625,0.7551130216237282
2026-06-01,Калининградская область,240.0,172913.19245082003,14132.0,65397.34766942998,,36824.0,151586.43489112993,82800.16690754001,13356.0,0.7898214473704729,0.37820912761199693
2026-06-01,Ленинградская область,357.0,557623.8188250598,30501.0,137187.68248585006,,89421.0,469874.6595854399,251260.36753755985,28736.0,0.5459980968361134,0.24602191989379346
2026-06-01,Мурманская область,24.0,20127.861990999998,979.0,5732.33962731,,0.0,0.0,5151.573634639999,944.0,1.1127356481454207,0.28479625058404945
2026-06-01,Новгородская область,8.0,7270.091,948.0,4637.900017989999,,5739.0,22437.773334650003,,896.0,,0.637942498655106
2026-06-01,Псковская область,35.0,13275.960698,1727.0,6627.351439319999,,7472.0,23868.067552779998,6507.68142868,1638.0,1.0183890394684352,0.49919938677721437
2026-06-01,г. Санкт-Петербург,454.0,1481671.1434014498,66326.0,465660.04666224,,190540.0,1427684.2484773092,663996.1346940598,63011.0,0.7012993334318063,0.31428029676897895
2026-06-01,Ненецкий автономный округ,1.0,0.0,12.0,82.719,,0.0,0.0,,11.0,,inf
2026-06-01,Республика Башкортостан,271.0,293717.23532919,24163.0,118648.68315279005,,62454.0,281898.4320486001,161393.16198447984,23233.0,0.7351530987675906,0.403955467644968
2026-06-01,Республика Марий Эл,48.0,22604.17115621,3441.0,15002.27438692,,10493.0,36620.348088899984,12956.87175959,3209.0,1.1578623810809967,0.663694956264674
2026-06-01,Республика Мордовия,22.0,8318.08596971,1299.0,7070.10141986,,6296.0,25439.791234990003,4304.88274025,1238.0,1.6423447156308404,0.8499673417184567
2026-06-01,Республика Татарстан (Татарстан),560.0,759476.10564996,33113.0,215966.35992350004,,82674.0,469075.9018952098,297694.1030347499,31984.0,0.7254640173315433,0.28436228383864154
2026-06-01,Удмуртская Республика,112.0,83835.32506079003,8728.0,35708.84373878001,,49473.0,181471.80625652,35651.41270057999,8358.0,1.0016109049782222,0.42594030276482003
2026-06-01,Чувашская Республика - Чувашия,81.0,41741.838855279995,6464.0,31261.907116379993,,34440.0,126961.36539473999,25332.13055367,6199.0,1.2340812412184146,0.748934593532542
2026-06-01,Пермский край,406.0,352761.21957969,14026.0,74546.13233801996,,57927.0,252772.51310226,99926.15162448002,13583.0,0.7460122413015811,0.21132178992588987
2026-06-01,Кировская область,56.0,24987.49995155,4072.0,20200.503821500006,,17440.0,71400.81739549998,16712.69814239,3892.0,1.208691956821954,0.8084243666100317
2026-06-01,Нижегородская область,318.0,261418.40983121004,13181.0,88109.24857253002,,51716.0,277384.4448413399,91667.86942786003,12655.0,0.9611791909472649,0.3370430132652842
2026-06-01,Оренбургская область,85.0,43649.92812682,4483.0,19167.12354367,,26160.0,78192.77565503003,13765.554063070002,4097.0,1.3923975348795614,0.4391100825637573
2026-06-01,Пензенская область,166.0,121302.74419930001,10134.0,37403.56299089,,33333.0,120606.99158766995,67780.13727124,9494.0,0.5518366367599674,0.30834886084222524
2026-06-01,Самарская область,136.0,163851.84655644,10143.0,60994.03806013999,,41266.0,181939.02201711005,80696.01107185001,9726.0,0.7558494806618409,0.37225114847350915
2026-06-01,Саратовская область,34.0,16593.87296684,1909.0,9506.786219729998,,21792.0,66903.75658819,7534.56538766,1827.0,1.2617564160104142,0.5729094249864196
2026-06-01,Ульяновская область,63.0,32499.120641380003,3352.0,14466.743623830002,,22213.0,82076.43295835999,15229.31264265,3106.0,0.9499275484906384,0.4451426173485445
2026-06-01,Курганская область,54.0,26496.839704349997,2029.0,8057.50390395,,10916.0,36223.723400480005,15021.737019589998,1934.0,0.5363896261425778,0.30409301614287215
2026-06-01,Свердловская область,622.0,777244.1182562105,40639.0,204181.86726966006,,145559.0,700380.2693625705,295239.5464160201,38900.0,0.6915803446667973,0.26269979080414685
2026-06-01,Тюменская область,534.0,645698.1140657403,27602.0,121666.06089068999,,125222.0,535388.25819363,239121.68206697982,26028.0,0.5088039689207706,0.18842560980177006
2026-06-01,Челябинская область,183.0,169038.83244548002,10171.0,52659.58540427999,,46679.0,174678.62769500003,85163.96659586002,9628.0,0.6183317605927466,0.31152359870483753
2026-06-01,Ханты-Мансийский автономный округ - Югра,86.0,80912.64592575999,3232.0,17221.06538002,,17334.0,85364.53290397,40623.86264262,3050.0,0.4239150159481079,0.21283527664910246
2026-06-01,Ямало-Ненецкий автономный округ,47.0,26164.3903295,1908.0,15524.144271700003,,3844.0,25898.21760896,18005.660179709997,1830.0,0.86218134279762,0.5933310150245212
2026-06-01,Республика Дагестан,43.0,52651.46489689998,2606.0,11895.391665090001,,632.0,2057.23502851,17854.318469430003,2362.0,0.6662473107252556,0.22592707892141436
2026-06-01,Республика Ингушетия,1.0,551.3850975700001,25.0,11.15149598,,57.0,147.45662203,,13.0,,0.020224514643477978
2026-06-01,Кабардино-Балкарская Республика,16.0,10761.88417106,2228.0,8533.904898960001,,767.0,3116.1216044900007,4279.92297992,2062.0,1.9939388953956168,0.7929749812684935
2026-06-01,Карачаево-Черкесская Республика,43.0,81422.65405685,1367.0,9262.109430350001,,164.0,871.6931,17645.74157644,1235.0,0.5248920477627564,0.11375346993581315
2026-06-01,Республика Северная Осетия - Алания,29.0,17540.97814779,2152.0,10340.37611425,,3748.0,15753.831553820002,9990.74881016,1934.0,1.0349951050450243,0.5894982609936603
2026-06-01,Чеченская Республика,5.0,9827.029418200002,188.0,3046.2038323399997,,187.0,1057.84767267,,83.0,,0.309982162737635
2026-06-01,Ставропольский край,179.0,217390.55164296,16391.0,62130.86422294001,,57554.0,207095.2895132199,87236.73776429001,14939.0,0.712209853500196,0.2858029650018235
2026-06-01,Республика Адыгея (Адыгея),56.0,112932.68134003,5220.0,28876.74720664,,11035.0,46529.73567715999,58210.39922035,4928.0,0.49607540222031093,0.255698765530013
2026-06-01,Республика Калмыкия,9.0,2804.231863,469.0,1850.2131403699998,,1394.0,4071.2494881000002,,396.0,,0.659793209250044
2026-06-01,Республика Крым,209.0,460356.60839358997,23733.0,148740.77598785,,25003.0,134522.32060459006,192253.91324092992,22811.0,0.7736683923902768,0.32309903513035154
2026-06-01,Краснодарский край,363.0,1614919.1839231339,66340.0,356837.70369917,,176636.0,947903.1491487299,919196.5405326603,52053.0,0.388206099527298,0.22096319571379527
2026-06-01,Астраханская область,124.0,74533.08625929,7776.0,35027.95398089001,,9002.0,41944.15420047999,51000.585895479984,7380.0,0.6868147368478451,0.4699651623043321
2026-06-01,Волгоградская область,137.0,76153.4042392,6502.0,27473.377515930002,,31378.0,117649.36574328,31611.424590309998,6057.0,0.8690964697728791,0.3607636164187138
2026-06-01,Ростовская область,197.0,453097.83112994005,31109.0,156114.95176762002,,104406.0,428973.28045177995,249011.91290810006,29643.0,0.6269376831992595,0.34455020757503724
2026-06-01,г. Севастополь,18.0,16148.326261709999,985.0,5960.9513671,,5324.0,28306.54015956,6476.52027418,949.0,0.9203941491335366,0.3691374121684841
2026-06-01,Республика Алтай,98.0,24662.994492539998,1242.0,5640.93304987,,1167.0,5058.541591,8533.854403929998,1175.0,0.6610064787691065,0.228720525059366
2026-06-01,Республика Тыва,32.0,18787.528208159994,1945.0,11661.241383909997,,3087.0,16595.97709662,7172.1489616300005,1877.0,1.6259061888279256,0.6206905589020042
2026-06-01,Республика Хакасия,31.0,21709.465,1001.0,4428.50417087,,9855.0,41057.38819192999,8445.883249999999,826.0,0.524338786102685,0.20398955805083174
2026-06-01,Алтайский край,133.0,74482.35123723,7473.0,38734.784800760004,,35966.0,131944.11570759,33381.74615952,7225.0,1.1603582573439883,0.5200531959227198
2026-06-01,Красноярский край,179.0,208128.23206438005,9833.0,53724.00601669,,46353.0,230136.63345846007,78886.21782854004,9160.0,0.6810315856878782,0.25812935363844164
2026-06-01,Иркутская область,117.0,99179.85492755,7603.0,38755.35812761,,25386.0,121655.23035672001,49495.04422090999,6801.0,0.7830149207390175,0.3907583667663201
2026-06-01,Кемеровская область,131.0,94002.08548926002,3993.0,18367.74619036,,18166.0,67379.02795173001,23385.63392674,3774.0,0.7854286203188036,0.19539722012293614
2026-06-01,Новосибирская область,783.0,628886.6872945,28194.0,139226.63487319002,,113817.0,497555.5725618701,200636.3632769999,26541.0,0.6939252316937822,0.22138588347632154
2026-06-01,Омская область,96.0,103475.50082218999,5171.0,27214.964134459995,,7853.0,40797.31539157,28649.64445778,4944.0,0.9499232765197403,0.26300876940161505
2026-06-01,Томская область,79.0,43114.59671550999,1462.0,8134.68331616,,8884.0,43039.14776944,12903.481349869999,1383.0,0.6304254716686948,0.18867585309533091
2026-06-01,Республика Бурятия,48.0,36403.00864868,7778.0,39762.68399150999,,9925.0,50535.71175922001,21049.78161114,6300.0,1.8889832078099433,1.0922911448131587
2026-06-01,Республика Саха (Якутия),141.0,169316.28692119,4928.0,38522.56315988,,11803.0,75243.54343472,37211.34816889001,4412.0,1.0352369654826485,0.22751835550120894
2026-06-01,Забайкальский край,55.0,49994.02436668999,4260.0,30723.10305273,,5707.0,39389.72047261001,29582.60230331,3966.0,1.0385530906891307,0.6145355058313765
2026-06-01,Камчатский край,14.0,19092.738796729995,569.0,10553.55406548,,206.0,3877.34571767,8779.271013680001,542.0,1.2020991320390135,0.5527522362212122
2026-06-01,Приморский край,412.0,493934.14353159,25911.0,144342.54193119006,,45144.0,241497.94794628004,231930.48163344993,25098.0,0.6223526158123254,0.29223033843976104
2026-06-01,Хабаровский край,243.0,240665.98304385992,15368.0,104103.54186895001,,19951.0,120883.56748692003,106997.12345480999,14848.0,0.9729564544127013,0.43256442207695706
2026-06-01,Амурская область,132.0,73553.10370362001,1469.0,24069.37598629,,7813.0,49789.34945491,18282.072462480006,1396.0,1.3165562074916386,0.3272380739129217
2026-06-01,Магаданская область,3.0,6039.51911174,30.0,2099.27783862,,15.0,5233.4800855,,23.0,,0.34759023024520125
2026-06-01,Сахалинская область,26.0,35448.247712469994,1668.0,13733.291330729999,,6204.0,53741.29261056001,17831.08543425,1565.0,0.7701881851988132,0.387418059197857
2026-06-01,Еврейская автономная область,3.0,1600.2202848,30.0,1956.85176203,,11.0,192.87419580000002,,27.0,,1.2228639898003622
2026-06-01,Чукотский автономный округ,8.0,3277.6856099,6.0,3075.93154,,2.0,868.1175,,6.0,,0.9384461800452681
2022-07-01,г. Москва,717.0,3985879.2089883722,162583.0,1706415.213878819,,51443.0,451251.7329616202,,,,0.4281151345556987
2022-07-01,Московская область,415.0,1085155.6059125902,81763.0,402069.38726739027,,30815.0,142585.95858938998,,,,0.37051772582353243
2022-07-01,Воронежская область,101.0,47719.84440546,11741.0,35385.30288696,,15878.0,41704.45983848,,,,0.7415217574119185
2022-07-01,Калужская область,24.0,15822.780823809999,2593.0,8646.67214597,,3555.0,9886.90808093,,,,0.5464698173002911
2022-07-01,Орловская область,38.0,11766.27194607,2755.0,8385.67986018,,2986.0,7626.458669379999,,,,0.7126879183666042
2022-07-01,Тверская область,42.0,17850.502832510003,3111.0,8805.02405293,,4204.0,9981.10385062,,,,0.49326476321406265
2022-07-01,Владимирская область,56.0,11575.04686588,3445.0,9289.239975579998,,1475.0,3484.9253295200006,,,,0.8025228824742022
2022-07-01,Белгородская область,22.0,6892.67406933,1779.0,6290.467481500001,,2179.0,7263.62436943,,,,0.9126309206307014
2022-07-01,Тульская область,93.0,68808.73732820002,6620.0,20245.74715791,,1941.0,7097.843730409998,,,,0.294232214454728
2022-07-01,Ярославская область,41.0,14963.08574409,4146.0,12494.244618710001,,3298.0,9093.328092209998,,,,0.835004546013838
2022-07-01,Смоленская область,16.0,4317.19001183,2553.0,5174.01481807,,2875.0,6512.11433183,,,,1.198468171169701
2022-07-01,Брянская область,21.0,7659.266836530001,2412.0,7496.96294522,,2570.0,7579.475507799999,,,,0.9788094742259258
2022-07-01,Тамбовская область,9.0,2722.1501848499997,1302.0,2972.60140114,,2092.0,4309.0889538500005,,,,1.0920049223161437
2022-07-01,Ивановская область,19.0,3211.95456557,1418.0,3827.11628657,,970.0,2373.97923963,,,,1.1915225475460087
2022-07-01,Липецкая область,23.0,19076.395974810002,1631.0,5107.96770457,,1490.0,4143.24306918,,,,0.26776377001793045
2022-07-01,Курская область,14.0,4742.19100388,1329.0,4273.10721507,,1818.0,5038.453949729999,,,,0.9010828985112154
2022-07-01,Рязанская область,35.0,14273.579426729999,6183.0,12872.909083040004,,110.0,218.4283,,,,0.9018697201441306
2022-07-01,Костромская область,20.0,4109.929263,1299.0,4211.042319169999,,1159.0,3242.44421621,,,,1.0246021402558625
2022-07-01,Приморский край,199.0,195444.73690036993,12213.0,56143.91269087,,5296.0,24337.825935069995,,,,0.2872623411675187
2022-07-01,Сахалинская область,26.0,33233.986888,1811.0,10672.405905070002,,831.0,5662.432199010001,,,,0.321129268692212
2022-07-01,Хабаровский край,46.0,31047.106237670003,3683.0,18384.55962757,,2252.0,10553.41751166,,,,0.592150504682581
2022-07-01,Амурская область,21.0,6254.768872,1315.0,6186.57180448,,641.0,2721.42066719,,,,0.9890967885599594
2022-07-01,Республика Саха (Якутия),21.0,11137.77062673,2589.0,12895.40502642,,874.0,3768.3309577600003,,,,1.157808457239349
2022-07-01,Республика Бурятия,10.0,5195.448864,1635.0,5353.8929255,,675.0,1560.6702609099998,,,,1.0304967031044963
2022-07-01,Еврейская автономная область,0.0,0.0,0.0,0.0,,0.0,0.0,,,,
2022-07-01,Забайкальский край,8.0,2506.84195252,479.0,2146.03309329,,501.0,1642.5149880500003,,,,0.8560703602126583
2022-07-01,Камчатский край,0.0,0.0,0.0,0.0,,0.0,0.0,,,,
2022-07-01,Магаданская область,1.0,129.659,8.0,33.855449,,0.0,0.0,,,,0.26111144617805165
2022-07-01,Чукотский автономный округ,0.0,0.0,0.0,0.0,,0.0,0.0,,,,
2022-07-01,Республика Татарстан (Татарстан),244.0,230208.23054736003,18346.0,79033.2684545,,18783.0,72092.49431433,,,,0.34331208865375784
2022-07-01,Нижегородская область,148.0,94606.80247881,12281.0,56168.41316282,,11379.0,43056.559081260006,,,,0.5937037474171117
2022-07-01,Пермский край,124.0,65840.75511871,13281.0,45358.57842318002,,12207.0,36492.113808810005,,,,0.6889133993284116
2022-07-01,Чувашская Республика - Чувашия,65.0,21412.27997217,5716.0,17275.60027306,,11467.0,28536.169526510002,,,,0.8068080697391156
2022-07-01,Самарская область,88.0,58989.30786302,11602.0,36418.28889039999,,5871.0,17570.063741669997,,,,0.6173710153536209
2022-07-01,Удмуртская Республика,87.0,53718.169049100004,10457.0,28500.881862849987,,10403.0,28474.56042088,,,,0.5305631663804351
2022-07-01,Республика Башкортостан,127.0,98805.7416475,13470.0,44611.12287258001,,8462.0,22640.31595905,,,,0.4515033451369146
2022-07-01,Кировская область,32.0,6487.63972672,1787.0,4880.20490145,,4829.0,11312.22754891,,,,0.7522311822203046
2022-07-01,Пензенская область,85.0,43492.693713689994,11371.0,33355.059607760006,,4378.0,11075.37436533,,,,0.7669117904569104
2022-07-01,Ульяновская область,67.0,18980.82525089,4731.0,12255.627978289998,,4835.0,11696.91996103,,,,0.6456846747332726
2022-07-01,Оренбургская область,23.0,6569.9143148699995,3165.0,7417.927904980001,,8336.0,17326.224940739998,,,,1.1290752891846172
2022-07-01,Саратовская область,33.0,8631.88184702,3748.0,8636.39085,,6656.0,13039.57305613,,,,1.0005223661606948
2022-07-01,Республика Марий Эл,29.0,5246.845,2072.0,4431.03311751,,2343.0,5372.601475820001,,,,0.8445138206884327
2022-07-01,Республика Мордовия,18.0,5083.798499,1115.0,3337.9201738,,1216.0,3397.41056392,,,,0.656579951871928
2022-07-01,г. Санкт-Петербург,295.0,703160.93936325,55758.0,327430.9887664501,,14637.0,86974.66099758,,,,0.4656558270471571
2022-07-01,Ленинградская область,167.0,203962.61075286006,22567.0,92128.43544869998,,14397.0,55195.98602821998,,,,0.451692764221043
2022-07-01,Вологодская область,46.0,7362.854737790001,3383.0,9490.915323680003,,3072.0,9435.906170240001,,,,1.289026561255879
2022-07-01,Республика Карелия,15.0,5103.2509451999995,2191.0,6907.90075283,,1943.0,4548.13756033,,,,1.3536274870682996
2022-07-01,Калининградская область,92.0,45453.70931494,8956.0,29712.03804582999,,8331.0,24996.363924809997,,,,0.6536768614407462
2022-07-01,Архангельская область,40.0,9069.672377,3505.0,11540.624559119999,,625.0,1896.37659065,,,,1.2724411731107448
2022-07-01,Новгородская область,4.0,1064.239322,712.0,2112.6442569299998,,1173.0,3152.2417256599997,,,,1.9851214038584453
2022-07-01,Псковская область,17.0,3930.0289881999997,1681.0,3644.8599416499997,,725.0,1470.83240071,,,,0.927438436864912
2022-07-01,Мурманская область,0.0,0.0,0.0,0.0,,0.0,0.0,,,,
2022-07-01,Ненецкий автономный округ,0.0,0.0,0.0,0.0,,0.0,0.0,,,,
2022-07-01,Республика Коми,5.0,1190.8023473899998,799.0,2413.3246618199996,,1892.0,5174.93503582,,,,2.0266374743965896
2022-07-01,Ставропольский край,57.0,25840.209975470003,8246.0,21112.82104314999,,9950.0,23763.990512429995,,,,0.8170529985318346
2022-07-01,Республика Северная Осетия - Алания,6.0,2163.69457635,855.0,1819.77712846,,439.0,1231.05553496,,,,0.841050834230881
2022-07-01,Республика Ингушетия,0.0,0.0,5.0,9.58,,12.0,20.403304,,,,inf
2022-07-01,Чеченская Республика,0.0,0.0,1.0,0.0,,0.0,0.0,,,,
2022-07-01,Кабардино-Балкарская Республика,1.0,131.39,125.0,287.53706449000003,,38.0,99.79161983000002,,,,2.1884242673719467
2022-07-01,Карачаево-Черкесская Республика,0.0,0.0,0.0,0.0,,0.0,0.0,,,,
2022-07-01,Республика Дагестан,0.0,0.0,296.0,1.485,,0.0,0.0,,,,inf
2022-07-01,Новосибирская область,240.0,164941.74895571003,23720.0,81068.05492888998,,21801.0,68533.11131572998,,,,0.49149506078450933
2022-07-01,Красноярский край,139.0,143009.04964105002,9188.0,38002.82048099,,8265.0,30509.135121189996,,,,0.2657371724123498
2022-07-01,Иркутская область,59.0,29668.75025023,5027.0,17795.551350319998,,3828.0,13353.226713919996,,,,0.5998079191145587
2022-07-01,Алтайский край,46.0,24430.12246809,6359.0,18215.597922750003,,10240.0,24850.94810338,,,,0.7456204096619962
2022-07-01,Республика Хакасия,25.0,8066.77193,1218.0,3520.2231308,,1479.0,4375.29074729,,,,0.43638560273514515
2022-07-01,Республика Алтай,3.0,640.1149,146.0,400.71952769,,36.0,72.06458,,,,0.6260118733214928
2022-07-01,Кемеровская область,44.0,13791.343128049999,4844.0,12102.4783021,,1422.0,3175.1932509799994,,,,0.8775416715928819
2022-07-01,Томская область,10.0,8202.935685,1393.0,5582.822732030001,,984.0,3229.336677,,,,0.6805883827955431
2022-07-01,Омская область,34.0,17286.132143,1394.0,4599.19985571,,530.0,1490.00283717,,,,0.26606298145027435
2022-07-01,Республика Тыва,1.0,116.36792,81.0,303.03364053999996,,0.0,0.0,,,,2.604099484978334
2022-07-01,Тюменская область,241.0,189144.92640081997,27024.0,89771.06821827004,,19489.0,60722.11349544999,,,,0.4746152589260299
2022-07-01,Свердловская область,210.0,200076.36219323002,28789.0,111745.22245756998,,21576.0,77023.47494756001,,,,0.5585128659508939
2022-07-01,Ханты-Мансийский автономный округ - Югра,40.0,30701.24992241,3726.0,16079.82001156,,4308.0,17637.823610220003,,,,0.5237513147574728
2022-07-01,Челябинская область,76.0,30603.030324440002,6378.0,17647.630045439997,,12604.0,29064.247090429995,,,,0.5766628290841628
2022-07-01,Курганская область,29.0,6484.545246820001,1983.0,4974.02531961,,2261.0,5332.38191308,,,,0.7670584644388511
2022-07-01,Ямало-Ненецкий автономный округ,6.0,2798.23375971,861.0,3056.5756082199996,,646.0,3164.13391182,,,,1.0923231833700604
2022-07-01,Ростовская область,127.0,106385.27855600999,19271.0,57841.08940775999,,21796.0,55792.14122130999,,,,0.5436944866136499
2022-07-01,Краснодарский край,303.0,453394.4354365,31748.0,116098.21582251004,,27723.0,80279.04497244002,,,,0.25606449208124465
2022-07-01,Республика Крым,58.0,54965.374934,6667.0,25148.628471789998,,2810.0,8729.79820977,,,,0.45753583054763775
2022-07-01,Волгоградская область,39.0,20445.33240023,3818.0,10562.9202206,,5327.0,12453.11491205,,,,0.5166421368860294
2022-07-01,г. Севастополь,7.0,6797.41332206,637.0,3054.46459734,,1314.0,5058.3243003,,,,0.4493569027834731
2022-07-01,Республика Калмыкия,4.0,479.767,329.0,520.4252312799999,,354.0,835.93936037,,,,1.0847457855167195
2022-07-01,Астраханская область,18.0,6985.429891940001,1389.0,5387.16567252,,626.0,2325.84486072,,,,0.7712003063313074
2022-07-01,Республика Адыгея (Адыгея),3.0,2290.634,545.0,1570.09126421,,1954.0,4427.11755479,,,,0.6854396050220157
2023-07-01,г. Москва,1020.0,6133190.74996427,170905.0,1964801.2627220901,,138957.0,1318806.74542479,,,,0.3203554793617884
2023-07-01,Московская область,586.0,1645603.44505289,76097.0,404764.23136617,,89845.0,460618.44469126983,,,,0.24596705396005097
2023-07-01,Воронежская область,133.0,78621.50638428,11342.0,39338.526663699995,,25405.0,74587.32311623,,,,0.5003532553983925
2023-07-01,Калужская область,29.0,20247.226104819998,2620.0,10729.61586216,,5771.0,17716.45561832,,,,0.5299301645871253
2023-07-01,Орловская область,21.0,9864.04505,1610.0,5346.38584483,,5685.0,16477.093983550003,,,,0.5420074439775596
2023-07-01,Тверская область,54.0,21180.515481800005,2150.0,7045.929116560001,,7589.0,20760.37631732,,,,0.33266088932606136
2023-07-01,Владимирская область,74.0,20279.767493,3451.0,10831.229492629998,,3199.0,8896.398066970001,,,,0.5340904177707477
2023-07-01,Белгородская область,30.0,11978.94037322,1776.0,6941.61588889,,3489.0,12656.605085180001,,,,0.579484968838196
2023-07-01,Тульская область,99.0,82067.87139719,6292.0,22594.27246434,,6256.0,23698.95047854,,,,0.2753120323419723
2023-07-01,Ярославская область,46.0,20456.41061861,3207.0,10992.94389817,,7363.0,23262.448425860002,,,,0.5373838110273993
2023-07-01,Смоленская область,23.0,7764.671699359999,2005.0,4605.44794626,,4810.0,11645.542438260001,,,,0.5931284830290511
2023-07-01,Брянская область,24.0,9751.29713125,2567.0,8394.265404920001,,4253.0,12927.318869099998,,,,0.8608357731218018
2023-07-01,Тамбовская область,22.0,5847.95567,1526.0,4683.46082334,,2949.0,6913.358203899999,,,,0.8008714647694996
2023-07-01,Ивановская область,22.0,5956.040964,1411.0,4293.02325587,,2577.0,7291.23425839,,,,0.720784709477025
2023-07-01,Липецкая область,31.0,26662.27446179,1437.0,4866.17824733,,2687.0,8554.35993918,,,,0.182511745361551
2023-07-01,Курская область,20.0,7479.537,1010.0,3560.28311021,,3224.0,10042.09104528,,,,0.47600314166638924
2023-07-01,Рязанская область,51.0,28674.65819634,7263.0,19046.34747994,,3437.0,7709.314381390001,,,,0.664222302129169
2023-07-01,Костромская область,21.0,4767.136084389999,1056.0,4095.0994983600003,,2513.0,8132.253253100001,,,,0.8590271865259763
2023-07-01,Приморский край,330.0,343112.4114967201,13898.0,68294.05394391001,,13253.0,61677.47394309998,,,,0.199042796633321
2023-07-01,Сахалинская область,27.0,58977.588925,1889.0,12306.15473925,,1859.0,12171.55750707,,,,0.20865815241954638
2023-07-01,Хабаровский край,142.0,82914.6649443,4368.0,23598.3887704,,5655.0,28047.519727460003,,,,0.2846105545533207
2023-07-01,Амурская область,53.0,30329.726047,1577.0,8703.18703085,,1742.0,8129.50664659,,,,0.28695237857945827
2023-07-01,Республика Саха (Якутия),55.0,85153.26113402999,2983.0,15540.0827263,,2832.0,14313.068293729999,,,,0.18249545019585492
2023-07-01,Республика Бурятия,20.0,10834.68777,2193.0,8042.832485350001,,2235.0,7059.0085438999995,,,,0.7423224975268484
2023-07-01,Еврейская автономная область,1.0,149.983,11.0,192.87419580000002,,0.0,0.0,,,,1.285973715687778
2023-07-01,Забайкальский край,23.0,9329.902206,955.0,4538.21341818,,1100.0,4771.74819056,,,,0.48641596856840624
2023-07-01,Камчатский край,0.0,0.0,0.0,0.0,,0.0,0.0,,,,
2023-07-01,Магаданская область,2.0,203.8490381,11.0,69.0714355,,0.0,0.0,,,,0.3388362100885479
2023-07-01,Чукотский автономный округ,0.0,0.0,0.0,0.0,,0.0,0.0,,,,
2023-07-01,Республика Татарстан (Татарстан),346.0,380894.81646863994,15462.0,82575.6171556,,35461.0,150276.30740080003,,,,0.21679375403733978
2023-07-01,Нижегородская область,201.0,134214.46256223,11034.0,50008.77551542,,20525.0,91052.5160685,,,,0.3726034777528754
2023-07-01,Пермский край,139.0,101321.04758726999,12383.0,51471.53424106,,22704.0,75335.90099153003,,,,0.5080043630295715
2023-07-01,Чувашская Республика - Чувашия,74.0,29380.077549530004,6375.0,22916.18639871,,16563.0,45436.222870399986,,,,0.7799906708917653
2023-07-01,Самарская область,113.0,108649.79420783001,9345.0,39811.6299633,,14870.0,50434.12865930999,,,,0.3664215864702569
2023-07-01,Удмуртская Республика,108.0,68138.35789977,11261.0,36923.368379089996,,17908.0,51587.27597887,,,,0.5418881451972096
2023-07-01,Республика Башкортостан,156.0,144758.69318139,13638.0,53979.829689,,19026.0,61848.073691200014,,,,0.3728952541824934
2023-07-01,Кировская область,43.0,10921.84,2298.0,9474.72766204,,7360.0,20337.322184869998,,,,0.8675028806538093
2023-07-01,Пензенская область,108.0,64669.191151729996,9972.0,34304.5595133,,11541.0,33182.12897382,,,,0.5304621706619614
2023-07-01,Ульяновская область,56.0,20059.767195369997,3280.0,9822.957533719999,,9723.0,27998.72095814,,,,0.4896845231577383
2023-07-01,Оренбургская область,29.0,8295.97285297,2774.0,7102.32118142,,12314.0,28129.79939341,,,,0.8561167336603969
2023-07-01,Саратовская область,37.0,14064.55628525,4026.0,11702.40163123,,9800.0,21009.715576019993,,,,0.8320491165087606
2023-07-01,Республика Марий Эл,30.0,4656.561345,2062.0,5609.29792284,,4183.0,10623.96742204,,,,1.20460088620179
2023-07-01,Республика Мордовия,20.0,6200.30234098,995.0,3546.0362596100003,,2333.0,7049.36624326,,,,0.5719134430224455
2023-07-01,г. Санкт-Петербург,409.0,1121610.4704258,58837.0,380655.27891861,,51403.0,332518.1503779598,,,,0.3393827794547075
2023-07-01,Ленинградская область,277.0,360628.80764384,26255.0,122426.92273549,,28952.0,130062.43627030998,,,,0.33948181659519516
2023-07-01,Вологодская область,53.0,9980.77659648,2997.0,8852.90761764,,6282.0,20283.190031789996,,,,0.8869958697164131
2023-07-01,Республика Карелия,22.0,9685.736007,1919.0,6940.82335325,,3782.0,10676.364430149999,,,,0.7166025739534695
2023-07-01,Калининградская область,105.0,63352.57659077,8195.0,30708.88708354,,13192.0,40768.38644183,,,,0.48472988370948217
2023-07-01,Архангельская область,53.0,15880.42099381,4551.0,17628.432050919997,,3196.0,11488.10805873,,,,1.1100733448937752
2023-07-01,Новгородская область,3.0,798.6219726100001,526.0,1755.88085494,,2286.0,6913.221937769999,,,,2.198638298419907
2023-07-01,Псковская область,26.0,9851.11552315,1708.0,4581.1558919300005,,1925.0,4296.231401440001,,,,0.46503930252003856
2023-07-01,Мурманская область,0.0,0.0,2.0,0.8,,0.0,0.0,,,,inf
2023-07-01,Ненецкий автономный округ,0.0,0.0,0.0,0.0,,0.0,0.0,,,,
2023-07-01,Республика Коми,2.0,806.042131,604.0,1697.80931168,,3337.0,9951.25107728,,,,2.106353063175056
2023-07-01,Ставропольский край,85.0,53448.21079,10217.0,30276.806725180002,,16711.0,44637.82241879,,,,0.5664699767806765
2023-07-01,Республика Северная Осетия - Алания,8.0,5503.030319,1329.0,4708.82173692,,1177.0,3250.3992670600005,,,,0.8556779563183795
2023-07-01,Республика Ингушетия,0.0,0.0,8.0,7.5004,,18.0,35.135304,,,,inf
2023-07-01,Чеченская Республика,0.0,0.0,2.0,2.462689,,0.0,0.0,,,,inf
2023-07-01,Кабардино-Балкарская Республика,3.0,1618.546,249.0,607.36331183,,81.0,210.07809149000002,,,,0.37525242521991964
2023-07-01,Карачаево-Черкесская Республика,0.0,0.0,42.0,179.45311109,,0.0,0.0,,,,inf
2023-07-01,Республика Дагестан,2.0,3158.811268,653.0,1262.47377151,,0.0,0.0,,,,0.3996673635741887
2023-07-01,Новосибирская область,356.0,272029.91309359,24243.0,94335.36957322,,42750.0,149932.05441677003,,,,0.34678307433331634
2023-07-01,Красноярский край,163.0,163582.822428,10489.0,46365.15458581,,17653.0,74498.46293211999,,,,0.2834353503480926
2023-07-01,Иркутская область,74.0,50077.158253429996,5428.0,19659.291832580002,,9154.0,35113.502752809996,,,,0.3925800208767528
2023-07-01,Алтайский край,32.0,24874.883361,6008.0,20400.841975419997,,16780.0,46021.62019745999,,,,0.8201381964027774
2023-07-01,Республика Хакасия,31.0,11193.67744,1780.0,5179.68645586,,2997.0,9396.79412314,,,,0.4627332245032067
2023-07-01,Республика Алтай,17.0,3594.673384,335.0,1278.65533894,,132.0,345.82392,,,,0.3557083502026453
2023-07-01,Кемеровская область,51.0,25206.78786474,5419.0,16013.7798819,,4401.0,10244.314951440001,,,,0.6352963323938846
2023-07-01,Томская область,24.0,14338.393416,925.0,4361.88763674,,2884.0,11727.210960100001,,,,0.304210347016468
2023-07-01,Омская область,34.0,23146.788857099997,1994.0,8115.16802167,,1786.0,6122.23086,,,,0.3505958460056878
2023-07-01,Республика Тыва,4.0,3151.607,610.0,2764.96475281,,164.0,727.2501123999999,,,,0.8773190162383825
2023-07-01,Тюменская область,368.0,351943.30410494,28471.0,110922.73370560001,,42291.0,143533.37869432,,,,0.3151721666866145
2023-07-01,Свердловская область,257.0,324670.42775023996,31818.0,133541.82089526,,45919.0,181961.63320777,,,,0.41131501202810516
2023-07-01,Ханты-Мансийский автономный округ - Югра,56.0,39092.289133959996,3043.0,12776.556084110001,,8268.0,37363.779956059996,,,,0.32683059414422566
2023-07-01,Челябинская область,128.0,70698.4830677,4889.0,15765.93706474,,20985.0,57750.04925749999,,,,0.22300248011888363
2023-07-01,Курганская область,25.0,7451.35325665,1617.0,4256.14033946,,4496.0,11797.694238150003,,,,0.5711902513361026
2023-07-01,Ямало-Ненецкий автономный округ,11.0,6631.37135526,1093.0,5605.628159569999,,1321.0,7082.978718639999,,,,0.8453195966960315
2023-07-01,Ростовская область,152.0,164924.60942656,22058.0,78315.72186317999,,35139.0,102972.70735598999,,,,0.47485770701826974
2023-07-01,Краснодарский край,371.0,762746.99953364,43317.0,207080.75824208,,57261.0,210419.47502633,,,,0.2714933763996366
2023-07-01,Республика Крым,73.0,122761.80298659,6030.0,28142.68611813,,5967.0,20837.88526073,,,,0.22924627557974359
2023-07-01,Волгоградская область,63.0,34247.48689445,4482.0,15425.39270059,,10173.0,27523.982454049998,,,,0.45040947816494453
2023-07-01,г. Севастополь,9.0,12488.530496059999,465.0,2123.83474618,,1942.0,7950.249927819999,,,,0.17006282259150088
2023-07-01,Республика Калмыкия,6.0,1139.148,459.0,1012.63538492,,515.0,1234.3045691900002,,,,0.8889410198850369
2023-07-01,Астраханская область,46.0,20687.68329143,2558.0,9904.84056009,,1472.0,6389.625290219999,,,,0.478779591729014
2023-07-01,Республика Адыгея (Адыгея),13.0,9907.475405,1453.0,4692.35471002,,2404.0,6215.95857456,,,,0.4736175986520151
2024-07-01,г. Москва,1323.0,7579029.271549391,228965.0,2639914.95436379,,232093.0,2443003.8118655602,,,,0.34831834787519017
2024-07-01,Московская область,691.0,2067944.40248929,95675.0,526555.66490043,,147139.0,802107.8088156801,,,,0.25462757328803814
2024-07-01,Воронежская область,168.0,126533.02281524001,14345.0,57896.25645826,,38921.0,129209.83376805,,,,0.4575584710625186
2024-07-01,Калужская область,37.0,22435.27216211,2590.0,9577.710374260001,,8908.0,32539.67839584,,,,0.42690413136308636
2024-07-01,Орловская область,28.0,16436.283782,1938.0,7418.11820556,,7660.0,23770.073309979998,,,,0.4513257561106279
2024-07-01,Тверская область,55.0,27072.479024,3245.0,11312.23088968,,10301.0,32058.60719232,,,,0.4178498348692635
2024-07-01,Владимирская область,61.0,22855.425445,4470.0,15992.62468908,,5794.0,18291.67965961,,,,0.6997299056001011
2024-07-01,Белгородская область,27.0,10336.368304,2108.0,9692.4835329,,5921.0,23438.45767686,,,,0.9377068664580356
2024-07-01,Тульская область,111.0,95443.17758239999,10675.0,40349.050425919995,,11985.0,49524.036514199994,,,,0.42275468449366127
2024-07-01,Ярославская область,67.0,27499.6496231,4850.0,18324.22979114,,10944.0,37507.5073631,,,,0.6663441186446045
2024-07-01,Смоленская область,31.0,10718.507984,2919.0,10037.038543370001,,6520.0,16534.37920912,,,,0.9364212405637745
2024-07-01,Брянская область,20.0,9406.664144440001,2804.0,10206.67573536,,7601.0,25665.94241236,,,,1.0850473216260053
2024-07-01,Тамбовская область,25.0,8537.09367,2284.0,6824.56225739,,4381.0,12364.14818433,,,,0.79940112187969
2024-07-01,Ивановская область,49.0,15344.0970985,2594.0,8517.97964301,,3827.0,11717.93250039,,,,0.5551307182383964
2024-07-01,Липецкая область,67.0,49901.4042326,4057.0,15034.566594799999,,3326.0,11251.55308018,,,,0.3012854412817925
2024-07-01,Курская область,22.0,9200.53437643,1920.0,7855.5664471,,4851.0,16804.57310071,,,,0.85381632475875
2024-07-01,Рязанская область,71.0,45835.091399,11433.0,36120.87254235,,8257.0,20646.64326889,,,,0.7880615362564339
2024-07-01,Костромская область,29.0,7817.757,1257.0,5305.93370003,,4149.0,15272.13794335,,,,0.6787028171929622
2024-07-01,Приморский край,351.0,412794.6469327,20538.0,101483.58016,,23549.0,119397.10190380001,,,,0.24584519424871654
2024-07-01,Сахалинская область,119.0,70814.645977,1845.0,21103.92894623,,3317.0,21926.419760700002,,,,0.29801644356288076
2024-07-01,Хабаровский край,217.0,143679.86772725,9449.0,61575.850157169996,,9424.0,50624.25229194,,,,0.42856282603252743
2024-07-01,Амурская область,146.0,76305.05319136,2269.0,24491.37652998,,3513.0,19393.72282264,,,,0.3209666398968339
2024-07-01,Республика Саха (Якутия),120.0,147501.10054217998,5390.0,28218.14732977,,4820.0,27045.469785759997,,,,0.19130804601488807
2024-07-01,Республика Бурятия,33.0,25290.195203,3918.0,14891.357856030001,,4212.0,16827.65423712,,,,0.5888194114952321
2024-07-01,Еврейская автономная область,,,0.0,0.0,,11.0,192.87419580000002,,,,
2024-07-01,Забайкальский край,38.0,18213.583098720002,2091.0,13418.297081,,2057.0,10378.22222523,,,,0.7367192390575251
2024-07-01,Камчатский край,6.0,9068.51088116,280.0,3095.2911831700003,,0.0,0.0,,,,0.34132298276231055
2024-07-01,Магаданская область,3.0,7620.8197537,6.0,0.0,,11.0,69.0714355,,,,0.0
2024-07-01,Чукотский автономный округ,,,0.0,0.0,,1.0,396.5475,,,,
2024-07-01,Республика Татарстан (Татарстан),442.0,578540.02373639,30455.0,178804.53692262,,48595.0,226983.53448139998,,,,0.3090616544864867
2024-07-01,Нижегородская область,318.0,188162.91587095,13229.0,72257.79629527,,31911.0,152154.71126307998,,,,0.3840172010558522
2024-07-01,Пермский край,239.0,157545.62640821,16449.0,74131.23179211,,33615.0,129046.9874994,,,,0.4705381766678284
2024-07-01,Чувашская Республика - Чувашия,96.0,39380.032936120006,8184.0,35850.037107330005,,22047.0,66432.97937134,,,,0.9103607700248459
2024-07-01,Самарская область,144.0,132542.47833506,13264.0,64711.11762337,,24837.0,95965.59761639,,,,0.4882292713720344
2024-07-01,Удмуртская Республика,115.0,79643.81034314,15323.0,54102.00090286,,27668.0,88675.19842334,,,,0.6792995045034281
2024-07-01,Республика Башкортостан,218.0,259604.14183378,23113.0,105279.62570303,,33343.0,126160.69293406,,,,0.4055390833110772
2024-07-01,Кировская область,53.0,16544.76435,3393.0,14338.15939983,,10577.0,35428.09681258,,,,0.8666282031288042
2024-07-01,Пензенская область,142.0,85409.05892,10455.0,38897.2337093,,20433.0,66590.45307243,,,,0.4554228111298338
2024-07-01,Ульяновская область,83.0,27783.159729,4979.0,17088.31179655,,13747.0,43305.52674957,,,,0.6150600566397514
2024-07-01,Оренбургская область,57.0,31899.391719,4565.0,14760.76805704,,16746.0,41936.71428886,,,,0.46272882527249426
2024-07-01,Саратовская область,38.0,19400.767358,3940.0,14434.71334497,,15019.0,38431.24061889,,,,0.7440279592352194
2024-07-01,Республика Марий Эл,37.0,10702.293663,2861.0,8669.615863,,6330.0,18619.899022049998,,,,0.8100708255626194
2024-07-01,Республика Мордовия,26.0,6700.112355,1554.0,6831.79258267,,3627.0,11949.237555709999,,,,1.0196534357474965
2024-07-01,г. Санкт-Петербург,455.0,1303766.01198344,77842.0,488060.57808494,,98850.0,695521.09290461,,,,0.3743467567024896
2024-07-01,Ленинградская область,325.0,521998.3468157,26735.0,107123.78748212,,53247.0,267145.68260348,,,,0.2052186336136842
2024-07-01,Вологодская область,62.0,20056.41586534,4798.0,14331.594394360001,,9178.0,33965.07726982,,,,0.7145640821661856
2024-07-01,Республика Карелия,28.0,15756.05048306,2721.0,11225.76962479,,5684.0,18496.442440349998,,,,0.7124735755866803
2024-07-01,Калининградская область,141.0,78722.45772375,7975.0,33946.52210863,,23215.0,81130.08077808999,,,,0.4312177628873568
2024-07-01,Архангельская область,63.0,32771.20162123,5383.0,23890.47992992,,6402.0,25082.53064102,,,,0.7290083594140518
2024-07-01,Новгородская область,3.0,1354.21139,980.0,3615.54726658,,3492.0,11634.92965348,,,,2.669854421014728
2024-07-01,Псковская область,29.0,10334.662956690001,2308.0,7004.89286816,,3762.0,10165.58405871,,,,0.6778056427689768
2024-07-01,Мурманская область,,,16.0,91.738,,0.0,0.0,,,,
2024-07-01,Ненецкий автономный округ,,,0.0,0.0,,0.0,0.0,,,,
2024-07-01,Республика Коми,7.0,2097.211815,648.0,2693.26097585,,4448.0,13520.36422986,,,,1.2842102817592602
2024-07-01,Ставропольский край,143.0,118951.93709354,17069.0,60833.96480825,,29884.0,92553.55441996001,,,,0.511416344236682
2024-07-01,Республика Северная Осетия - Алания,25.0,13010.53522,1694.0,7011.88577039,,2058.0,6919.66012196,,,,0.5389390714389074
2024-07-01,Республика Ингушетия,1.0,551.3850975700001,3.0,0.0003,,30.0,62.728404,,,,5.440843456272665e-07
2024-07-01,Чеченская Республика,1.0,1119.662,100.0,111.19952451,,1.0,2.462689,,,,0.09931526166825345
2024-07-01,Кабардино-Балкарская Республика,6.0,2181.858,713.0,2266.6711406599998,,263.0,1090.68760574,,,,1.0388719800555304
2024-07-01,Карачаево-Черкесская Республика,18.0,27319.18113889,246.0,1304.48222208,,23.0,126.456,,,,0.04774968237327636
2024-07-01,Республика Дагестан,13.0,13015.524653,1275.0,4465.571954970001,,0.0,0.0,,,,0.3430958085843058
2024-07-01,Новосибирская область,506.0,394986.17392077,37795.0,162278.55428446,,65136.0,252932.34113737,,,,0.41084616373688904
2024-07-01,Красноярский край,169.0,199780.47484164,15058.0,75004.42294182001,,27872.0,125583.09934157,,,,0.3754342009712099
2024-07-01,Иркутская область,100.0,83939.00618251,8577.0,38209.85739071,,14034.0,58392.79981871,,,,0.4552097901615569
2024-07-01,Алтайский край,72.0,50455.22539,8848.0,32922.35115257,,23086.0,71978.91993430001,,,,0.652506274584893
2024-07-01,Республика Хакасия,33.0,15561.337025,2467.0,8734.29707676,,5200.0,17350.22685658,,,,0.5612819170183097
2024-07-01,Республика Алтай,16.0,3279.654128,568.0,2284.4968136999996,,405.0,1536.241821,,,,0.6965663830817221
2024-07-01,Кемеровская область,83.0,36225.291902,7535.0,29412.638070200002,,8778.0,25202.885373330002,,,,0.8119365373167947
2024-07-01,Томская область,55.0,23762.83284212,2559.0,13197.404940370001,,4215.0,18453.21543189,,,,0.5553801193676451
2024-07-01,Омская область,59.0,39521.016222809994,5045.0,23938.98859519,,2668.0,10423.858890559999,,,,0.6057280627660921
2024-07-01,Республика Тыва,16.0,8958.712201,2957.0,14477.33754909,,540.0,2577.05108615,,,,1.616006544721237
2024-07-01,Тюменская область,492.0,503994.80627158,38141.0,157666.47802016,,70810.0,268457.80149804003,,,,0.3128335372868915
2024-07-01,Свердловская область,482.0,577272.65561505,53347.0,236368.9730552,,73232.0,314444.43771653005,,,,0.40945811438680185
2024-07-01,Ханты-Мансийский автономный округ - Югра,81.0,63378.47803248,5968.0,29287.418558240002,,10860.0,50333.74522556,,,,0.4621035321048713
2024-07-01,Челябинская область,183.0,130912.10080509,10524.0,44111.36833586,,29602.0,91835.60878005999,,,,0.33695409411797406
2024-07-01,Курганская область,56.0,21627.98728543,3125.0,10536.472112270001,,6305.0,17316.629543580002,,,,0.4871684069912527
2024-07-01,Ямало-Ненецкий автономный округ,23.0,16418.48071,1457.0,9301.38310668,,2063.0,11018.485364139999,,,,0.5665191116626771
2024-07-01,Ростовская область,196.0,271978.13061421,34050.0,141647.75992364998,,56696.0,196031.49551501,,,,0.5208056971483918
2024-07-01,Краснодарский край,366.0,1176011.9545060701,78256.0,405330.28906703,,93263.0,425615.52179041,,,,0.34466510949480134
2024-07-01,Республика Крым,113.0,178230.68722070998,11938.0,65021.64097954,,10969.0,43257.30027646,,,,0.3648173162179484
2024-07-01,Волгоградская область,108.0,63362.10484493,9056.0,31428.20451789,,17047.0,52606.926921449995,,,,0.4960094775071976
2024-07-01,г. Севастополь,11.0,16354.4113019,1693.0,9301.33720254,,2282.0,9691.22282318,,,,0.5687356781506041
2024-07-01,Республика Калмыкия,8.0,1361.644817,570.0,1454.67908604,,844.0,2206.07510284,,,,1.0683249169522597
2024-07-01,Астраханская область,93.0,44653.80171526,7591.0,26237.91342031,,3076.0,14034.89135061,,,,0.5875852091523811
2024-07-01,Республика Адыгея (Адыгея),49.0,56048.199377,4381.0,16263.24383923,,3856.0,12085.62863023,,,,0.2901653223476043
2025-07-01,г. Москва,1410.0,8640379.551601699,227202.0,2871811.44320007,,348605.0,3877505.96144422,3882474.72537998,,0.7396858051455838,0.3323709827848606
2025-07-01,Московская область,752.0,2065472.18567022,87266.0,509760.26158225,,207907.0,1197461.2862855801,755454.92496261,,0.6747725704580981,0.24680083572117392
2025-07-01,Воронежская область,191.0,143065.43722285,10878.0,45430.96281538,,51358.0,186785.79906664003,58883.669959449995,,0.7715375561113268,0.31755372714244845
2025-07-01,Калужская область,41.0,24635.244607,2923.0,12614.35393242,,10633.0,40289.171765440005,16838.13117123,,0.7491540364035861,0.5120450043688904
2025-07-01,Орловская область,29.0,16819.52128494,1201.0,4541.6348926499995,,9560.0,32086.03432134,8316.54319484,,0.546096471364191,0.27002165018314317
2025-07-01,Тверская область,50.0,27438.513484,2590.0,9818.60485197,,12736.0,41688.94814994,15547.25147945,,0.631533159732317,0.3578402619258308
2025-07-01,Владимирская область,58.0,28662.332585,4193.0,16011.76970394,,8432.0,28989.090732959998,18430.36042546,,0.868771382344812,0.5586345652942258
2025-07-01,Белгородская область,32.0,11618.449351,1785.0,7999.83575118,,7817.0,32881.07819531,6728.54732929,,1.188939507990969,0.6885459074184848
2025-07-01,Тульская область,112.0,119431.68410115,12004.0,48481.5340437,,16254.0,69183.83615128999,48405.6142892,,1.0015684080372664,0.40593527930695217
2025-07-01,Ярославская область,87.0,49004.09213063,4689.0,18488.48836587,,14927.0,53343.202357099995,18853.58664939,,0.9806350754204207,0.37728458098122325
2025-07-01,Смоленская область,35.0,11232.012536,2263.0,8628.47442384,,9018.0,26206.355379369998,6609.829914,,1.3054003712810212,0.7682037743623117
2025-07-01,Брянская область,29.0,14714.299,3086.0,11564.21174958,,9733.0,34453.76184852,8867.92868475,,1.304048798843719,0.7859165937555026
2025-07-01,Тамбовская область,27.0,9997.488555,2209.0,8013.07923147,,5684.0,17826.676293610002,6035.67824171,,1.3276186885004944,0.8015092177787445
2025-07-01,Ивановская область,52.0,15734.376753,1722.0,6945.69546784,,5809.0,18273.06099465,5815.69689464,,1.194301490203428,0.4414344194799897
2025-07-01,Липецкая область,77.0,53338.52883126,3750.0,15565.608009950001,,5853.0,21383.398079709998,26469.68681678,,0.5880541057283101,0.2918267217154197
2025-07-01,Курская область,25.0,15199.593303610001,2079.0,9543.868478,,6724.0,25592.626303790003,7417.115592810001,,1.286735842063946,0.6279028844629199
2025-07-01,Рязанская область,72.0,60941.514652,11545.0,36270.62680233,,14869.0,42332.55275967,37908.92825707,,0.9567832294379238,0.5951710752423784
2025-07-01,Костромская область,24.0,7665.866522,825.0,3596.3016426500003,,5723.0,22882.79358618,3558.6665586999998,,1.0105756140198054,0.4691317846885412
2025-07-01,Приморский край,401.0,471795.05359877,24919.0,133069.7879072,,32414.0,169487.97625423002,202235.14582666,,0.6579953616037486,0.28204998524712577
2025-07-01,Сахалинская область,50.0,55788.45059297,1853.0,22450.211503360002,,4637.0,34369.01372414,25651.14079002,,0.8752129851509227,0.4024168311673634
2025-07-01,Хабаровский край,220.0,170105.00221184,10549.0,72554.57323536,,16104.0,91900.91473805,78462.07900911,,0.92470877845253,0.4265281578551363
2025-07-01,Амурская область,143.0,79812.56015881,2668.0,32104.82921964,,4911.0,28380.17271698,24056.13832697,,1.3345795066220745,0.40225284285779367
2025-07-01,Республика Саха (Якутия),142.0,167438.78019482002,5893.0,36839.17498848,,7384.0,44083.25627513,32578.847669349998,,1.1307697363138505,0.2200157869378678
2025-07-01,Республика Бурятия,50.0,31933.593523310003,6082.0,26655.55298504,,6858.0,31116.05285472,15954.652530649999,,1.6707072080593939,0.8347182400747576
2025-07-01,Еврейская автономная область,2.0,1575.3452848,3.0,1810.842095,,11.0,192.87419580000002,,,,1.1494890120104038
2025-07-01,Забайкальский край,41.0,31569.75112255,2175.0,20386.69722588,,4321.0,26973.12684678,18706.24103292,,1.0898339858875263,0.6457668021119736
2025-07-01,Камчатский край,10.0,17347.12173504,430.0,10632.71425776,,134.0,1918.1683683499998,6541.15437545,,1.6255103682717351,0.6129382395629729
2025-07-01,Магаданская область,4.0,7390.15092693,8.0,3686.1135,,11.0,69.0714355,,,,0.49878730981902647
2025-07-01,Чукотский автономный округ,0.0,0.0,0.0,0.0,,1.0,396.5475,0.0,,,
2025-07-01,Республика Татарстан (Татарстан),520.0,657110.91230192,32877.0,195856.41146591,,63539.0,330906.93161369,238947.28342804,,0.8196636875551381,0.2980568543289092
2025-07-01,Нижегородская область,360.0,253422.43781741,11899.0,73991.62863095,,41542.0,208274.37251191,79085.71368363,,0.9355877968926462,0.29196952435703705
2025-07-01,Пермский край,301.0,215447.51436395,13098.0,62275.13197336,,46057.0,189801.50192433,81674.12245027,,0.7624830252847624,0.2890501297135422
2025-07-01,Чувашская Республика - Чувашия,80.0,38434.95851567,5805.0,27220.206721630002,,28807.0,98510.65213785,23474.87998414,,1.1595461506095197,0.7082148068543453
2025-07-01,Самарская область,153.0,164514.86452991,12612.0,68028.94367965001,,31610.0,129570.91115431,74347.41843177,,0.9150142010926906,0.41351244383927294
2025-07-01,Удмуртская Республика,112.0,77568.76999994,10440.0,40002.64642746,,39394.0,134718.80147560002,39269.60966527,,1.0186667697600849,0.5157055658803271
2025-07-01,Республика Башкортостан,241.0,247847.31095378,21030.0,103573.6432085,,47616.0,198518.03370482,130107.87546141,,0.7960597530410058,0.41789294711297076
2025-07-01,Кировская область,56.0,19514.37177243,3305.0,14121.47349676,,14350.0,54805.03577684,10866.51829966,,1.2995398440733168,0.7236447917176041
2025-07-01,Пензенская область,161.0,106624.29173852,8474.0,30571.936481009998,,28409.0,100401.21739503,54423.76445797,,0.5617387328033855,0.2867258106246845
2025-07-01,Ульяновская область,70.0,28034.62461138,2891.0,10522.65185742,,18464.0,64025.43220096,14756.030276450001,,0.7131085841029824,0.3753448459997776
2025-07-01,Оренбургская область,72.0,36566.050191,4029.0,15246.09175466,,21535.0,58952.40347393,10276.04766599,,1.4836532731469365,0.4169466397115136
2025-07-01,Саратовская область,34.0,15165.65217175,1775.0,7907.5460805,,18927.0,54093.27759053,8362.93703958,,0.9455465278615957,0.5214115417489185
2025-07-01,Республика Марий Эл,48.0,20906.47070624,2548.0,8812.42750107,,8438.0,26890.88367896,9180.21066935,,0.9599373934295518,0.4215167459345367
2025-07-01,Республика Мордовия,30.0,8279.435314,1147.0,5732.43412376,,4848.0,17758.38384028,5253.33017649,,1.0912000447666728,0.6923701806168855
2025-07-01,г. Санкт-Петербург,417.0,1393247.32112342,70619.0,410895.58617997996,,146805.0,1090615.41523359,615972.2835277,,0.6670683035067148,0.29491934414678195
2025-07-01,Ленинградская область,388.0,551114.04966893,28666.0,122820.75158991001,,68583.0,348111.94920697,235759.33283610002,,0.5209581742212303,0.22285904644182444
2025-07-01,Вологодская область,57.0,20006.80598438,4394.0,12444.41726364,,12092.0,48402.23431258999,9969.22541345,,1.2482832665064019,0.6220091939390917
2025-07-01,Республика Карелия,27.0,12892.289099,1745.0,6661.7125928000005,,8579.0,30155.06176738,6169.62757773,,1.0797592737763038,0.5167206957309638
2025-07-01,Калининградская область,171.0,101691.54199960001,10703.0,42261.55145515,,29849.0,116314.44431297001,52965.62509553,,0.7979052711815656,0.41558570776039794
2025-07-01,Архангельская область,80.0,41533.28949024,6266.0,29113.52927028,,9767.0,40282.83546915,19955.793485619997,,1.4589011101592628,0.7009685393958851
2025-07-01,Новгородская область,8.0,5679.49239,600.0,2455.87539358,,4708.0,17195.43530085,,,,0.43241107214160734
2025-07-01,Псковская область,35.0,10756.03904606,1446.0,5160.59218666,,5812.0,17364.77593109,5262.61496952,,0.9806136714445394,0.4797855571703559
2025-07-01,Мурманская область,4.0,4778.127,284.0,1321.98507922,,0.0,0.0,,,,0.2766743285015237
2025-07-01,Ненецкий автономный округ,0.0,0.0,0.0,0.0,,0.0,0.0,,,,
2025-07-01,Республика Коми,7.0,2853.201286,616.0,2026.69172789,,5045.0,16507.52416676,,,,0.7103220294461903
2025-07-01,Ставропольский край,158.0,135025.19007,13434.0,46305.72786765,,46175.0,160461.23249455,59292.6574321,,0.7809690081892146,0.3429414011092604
2025-07-01,Республика Северная Осетия - Алания,27.0,15973.20363025,1908.0,9070.42676059,,2746.0,10188.90591166,7139.4122445699995,,1.270472477267112,0.5678526969638361
2025-07-01,Республика Ингушетия,1.0,551.3850975700001,24.0,40.73581381,,30.0,62.728404,,,,0.07387906200136006
2025-07-01,Чеченская Республика,3.0,5371.901,99.0,1678.79502815,,42.0,45.112189,,,,0.31251414129746624
2025-07-01,Кабардино-Балкарская Республика,13.0,8476.21595525,1268.0,4449.64700056,,384.0,1541.80728254,2306.49731342,,1.9291793554973655,0.5249567760014393
2025-07-01,Карачаево-Черкесская Республика,28.0,42592.80352301,844.0,5156.080999729999,,23.0,126.456,8328.50105475,,0.6190887130631181,0.12105521527702488
2025-07-01,Республика Дагестан,35.0,47245.909698150004,1922.0,7832.92446577,,20.0,112.896351,10961.01162385,,0.7146169290365851,0.16579053119759724
2025-07-01,Новосибирская область,584.0,466506.36238437,30883.0,136633.50916901,,91411.0,379821.65837745,178741.03717875,,0.764421597444182,0.2928867003456496
2025-07-01,Красноярский край,169.0,205986.05748901,9822.0,49955.22221431,,38750.0,185497.51154293,72007.97711018,,0.6937456684538312,0.24251749280154686
2025-07-01,Иркутская область,108.0,94661.738353,7002.0,31877.639548040002,,20378.0,92842.65351307,43866.28599701999,,0.7267002168865077,0.3367531602807265
2025-07-01,Алтайский край,123.0,65181.705972339994,9175.0,41769.775192529996,,27690.0,91088.96333935001,36434.41833125,,1.1464372729316727,0.640820527315672
2025-07-01,Республика Хакасия,33.0,22060.354203,2357.0,10226.428461309999,,6811.0,24925.71203882,13082.37270699,,0.7816952391094889,0.463565923158174
2025-07-01,Республика Алтай,75.0,11659.1492748,947.0,3996.06993406,,608.0,2262.869521,4270.34525005,,0.9357720980553531,0.3427411245773374
2025-07-01,Кемеровская область,138.0,89520.66852986999,5134.0,22673.286158900002,,13817.0,46683.51701636,24504.60632297,,0.9252662891240425,0.2532743167722737
2025-07-01,Томская область,67.0,31454.72051239,2148.0,10917.45989702,,6224.0,28685.40021386,12785.84110899,,0.8538710753525397,0.34708494366432596
2025-07-01,Омская область,85.0,72115.71255408,4818.0,26125.13063933,,5074.0,22666.05712726,24244.315162299998,,1.0775775873411626,0.3622668308205179
2025-07-01,Республика Тыва,22.0,12113.596353129999,2663.0,15253.95581222,,1380.0,6556.6514564,7478.2741529899995,,2.039769537751045,1.2592425376860583
2025-07-01,Тюменская область,546.0,614710.49896873,37204.0,151689.58464532002,,92719.0,371334.37972106,241841.26488489998,,0.6272278832047705,0.24676589207407762
2025-07-01,Свердловская область,555.0,648443.56656624,47445.0,220373.77846561,,106320.0,484729.89067619,282311.51349136,,0.7806049981463276,0.3398503583474111
2025-07-01,Ханты-Мансийский автономный округ - Югра,95.0,81673.71325643,5079.0,26157.37082824,,14001.0,66710.43140035,42743.91307659,,0.6119554562393559,0.3202667025327232
2025-07-01,Челябинская область,176.0,145300.94690861,8327.0,39952.77982375,,39204.0,135925.59269512,69750.69801113,,0.5727939785975303,0.27496572234232664
2025-07-01,Курганская область,59.0,26408.257471049998,2325.0,8441.533208859999,,8907.0,26985.539710959998,14486.626775620001,,0.5827121344125825,0.31965506312235914
2025-07-01,Ямало-Ненецкий автономный округ,39.0,25971.950033,2260.0,15387.64877991,,2431.0,16031.47608259,14303.33633061,,1.0758083585701264,0.592471830584859
2025-07-01,Ростовская область,206.0,373900.58723027003,30007.0,135282.94164342998,,80045.0,302040.4151256,177793.02750933,,0.7609012768306157,0.36181526925528673
2025-07-01,Краснодарский край,380.0,1329260.3772991742,59115.0,309588.17606887,,144255.0,745009.32295063,701874.2605434201,,0.4410878037173981,0.2329025835388995
2025-07-01,Республика Крым,150.0,280542.35766889004,18944.0,101605.60274383999,,16949.0,84473.96765902001,122899.23086949,,0.826739126233733,0.36217562149299376
2025-07-01,Волгоградская область,121.0,71018.46691558999,7433.0,29104.25132758,,24201.0,81101.84073883,30977.254746259998,,0.9395361714902728,0.40981244163116437
2025-07-01,г. Севастополь,15.0,11293.038901,1398.0,8010.37417928,,3834.0,18628.42548301,5997.53947651,,1.335610079875836,0.7093196303937889
2025-07-01,Республика Калмыкия,11.0,2232.353687,583.0,1714.07934752,,1042.0,2849.70489662,1263.12267,,1.3570173255777287,0.7678350243072393
2025-07-01,Астраханская область,113.0,58169.99206914,8534.0,35440.51679793,,4945.0,22566.6470748,38431.9758741,,0.9221622357911087,0.6092577209879266
2025-07-01,Республика Адыгея (Адыгея),57.0,68835.3936855,3422.0,15396.64885833,,7817.0,28571.50607078,24892.810460369998,,0.6185179002926112,0.22367343359253952
2026-07-01,Белгородская область,45.0,18531.375697,2729.0,14794.69354961,,9279.0,40215.65793862,11663.786884950001,2580.0,1.26842968716274,0.7983591607829243
2026-07-01,Брянская область,24.0,14268.205105,3336.0,15010.80061608,,13069.0,48509.723723660005,7635.42628092,3141.0,1.9659413978745577,1.052045474929413
2026-07-01,Владимирская область,57.0,29797.780551900003,4040.0,17184.218103000003,,11754.0,42841.29861146001,17402.789085059998,3745.0,0.9874404625033562,0.5766945653240702
2026-07-01,Воронежская область,172.0,160975.19686005998,11278.0,50740.29203288999,,62630.0,243556.61618324008,66379.70062050998,9785.0,0.7643947104095898,0.315205652936706
2026-07-01,Ивановская область,55.0,18557.712372590002,1686.0,6688.816068220001,,7482.0,25758.498269319996,7134.726890389999,1582.0,0.9375013467199971,0.3604332222596291
2026-07-01,Калужская область,46.0,37692.89112,2827.0,12587.941129670004,,13559.0,54908.78959139001,17255.524304569997,2470.0,0.7295020949514807,0.33396061579873854
2026-07-01,Костромская область,37.0,10522.193692879999,1658.0,7999.7026532,,6540.0,27210.835109270003,6057.0183567,1571.0,1.3207327734694894,0.7602694729534507
2026-07-01,Курская область,33.0,27569.164609739997,2473.0,12731.032804479999,,8983.0,38094.120640700006,9409.124878050001,2342.0,1.3530517417384356,0.46178522217471224
2026-07-01,Липецкая область,74.0,53966.59895143,2943.0,12929.943142780001,,9164.0,37173.16762578,26048.293621989997,2817.0,0.4963834994498269,0.23959158801941483
2026-07-01,Московская область,878.0,2408555.5143620307,86964.0,577341.5240683599,,269302.0,1613886.2115431193,823047.2373892905,81464.0,0.7014682728292604,0.23970447042873494
2026-07-01,Орловская область,27.0,17673.640656000003,1268.0,5324.47638784,,10851.0,37126.696602460004,8466.081349269998,1204.0,0.6289186423065863,0.3012665297136954
2026-07-01,Рязанская область,74.0,97325.733083,14064.0,48952.75499086,,20799.0,64875.78036763,47731.19509558001,13620.0,1.025592485016012,0.5029785385650554
2026-07-01,Смоленская область,52.0,14967.40851374,2231.0,8989.02580669,,10886.0,34521.484994340004,7274.08480356,2042.0,1.2357603807822934,0.6005732921927082
2026-07-01,Тамбовская область,22.0,8967.66423255,2116.0,7729.4749432300005,,7815.0,27401.99468007,5018.2090385500005,1490.0,1.5402855648005078,0.8619273361255282
2026-07-01,Тверская область,52.0,25354.933922,2388.0,10539.833189739998,,14971.0,52185.148900129985,12719.36259085,2248.0,0.8286447622243349,0.4156916055140961
2026-07-01,Тульская область,120.0,159813.10124087997,11712.0,50339.30785758,,24784.0,109938.86399559995,52912.615138459994,11035.0,0.9513668475060958,0.3149886177460855
2026-07-01,Ярославская область,102.0,91896.33011126002,5000.0,21195.708002080002,,20202.0,76639.7358622,25006.194947399992,4551.0,0.8476182820562956,0.23064803541575707
2026-07-01,г. Москва,1531.0,8997700.568222491,197843.0,3080690.6571456525,,474545.0,5501899.9970111605,4301282.144273384,188175.0,0.7162261283527296,0.3423864390448645
2026-07-01,Республика Карелия,24.0,15836.480633,2754.0,11935.14164311,,10395.0,39048.260344020004,5438.45665799,2519.0,2.194582469564281,0.7536486116896198
2026-07-01,Республика Коми,6.0,1732.3695,527.0,1320.3730707400002,,5799.0,20365.34344944,,319.0,,0.7621775093246563
2026-07-01,Архангельская область,97.0,54358.783747949994,6744.0,30118.39238008,,15180.0,63923.593955010016,24634.617724919997,6288.0,1.2226044145029578,0.5540667083305711
2026-07-01,Вологодская область,69.0,23710.6457674,5218.0,17099.36312524,,14632.0,61181.42740249999,14161.028655320002,4337.0,1.2074944229998523,0.7211681745399816
2026-07-01,Калининградская область,239.0,172280.58272111005,13971.0,64967.43884981,,37994.0,156267.47113934995,85885.63289967002,13037.0,0.7564412889138715,0.3771025023463039
2026-07-01,Ленинградская область,364.0,553145.52804698,32488.0,145773.44739654998,,89862.0,472572.86557885987,256436.74964529986,30237.0,0.5684577097400509,0.26353543508024
2026-07-01,Мурманская область,24.0,21385.861990999998,1032.0,6036.96293105,,0.0,0.0,5476.2860107,1001.0,1.1023826949970301,0.2822875661308667
2026-07-01,Новгородская область,9.0,7330.091,844.0,4105.154412919999,,5955.0,23570.553353580002,,777.0,,0.5600413982473068
2026-07-01,Псковская область,35.0,13730.813698,1689.0,6489.345712820001,,7663.0,24567.85303541,6230.205088570001,1576.0,1.0415942365565818,0.4726118827003839
2026-07-01,г. Санкт-Петербург,454.0,1484638.3576591797,67890.0,483678.30164733995,,192871.0,1450166.6059023694,689126.9184119306,64198.0,0.7018711484409288,0.32578863340830866
2026-07-01,Ненецкий автономный округ,1.0,245.0,33.0,315.8045,,0.0,0.0,,31.0,,1.2889979591836735
2026-07-01,Республика Башкортостан,282.0,305814.5378946199,24522.0,119947.16780868005,,63890.0,288817.74202428,165277.41398731986,23264.0,0.7257323606108844,0.3922219284748733
2026-07-01,Республика Марий Эл,49.0,23277.827648209997,3724.0,16471.272611810004,,10493.0,36623.29216789999,13853.620525350003,3467.0,1.1889507570724995,0.7075949208291608
2026-07-01,Республика Мордовия,22.0,8210.12300971,1452.0,7827.348093219999,,6297.0,25443.69123499,4750.324782509999,1372.0,1.6477500911178011,0.9533776880032981
2026-07-01,Республика Татарстан (Татарстан),543.0,751791.5289299599,33210.0,219135.67357362006,,84576.0,478686.07684137975,307362.1755965401,31698.0,0.7129558903866856,0.291484627241704
2026-07-01,Удмуртская Республика,117.0,90224.85735863999,9320.0,38982.07638598999,,49600.0,181957.42230852,38459.07811576001,8909.0,1.0135988249290786,0.4320547300068083
2026-07-01,Чувашская Республика - Чувашия,83.0,42224.672462279996,7016.0,33912.11909186,,34610.0,127555.57885384001,26594.859648169993,6621.0,1.2751381109166149,0.8031351604243765
2026-07-01,Пермский край,390.0,341198.88627462985,14664.0,78148.11449945,,58541.0,256485.15402252003,102325.32171089,14116.0,0.7637221480744494,0.22903977018421112
2026-07-01,Кировская область,61.0,27748.49995155,4186.0,20707.549701030006,,17784.0,73168.23130611998,17703.23714898,3913.0,1.1697041352814452,0.7462583468362695
2026-07-01,Нижегородская область,328.0,264077.28383121005,13953.0,93180.90625713005,,51893.0,278821.25458827,94919.66473632008,13287.0,0.9816817886575961,0.35285468293701616
2026-07-01,Оренбургская область,87.0,44410.42812682001,4821.0,20664.56857771,,26182.0,78286.31670503003,15091.275580290005,4388.0,1.3693056274645867,0.46530892516279104
2026-07-01,Пензенская область,168.0,119480.8197333,10494.0,38635.723902690006,,33763.0,121787.31001458997,69417.67966280998,9737.0,0.5565689330205142,0.32336339831724475
2026-07-01,Самарская область,137.0,169092.51833644003,10356.0,62204.405484739975,,41556.0,183932.86404262995,82527.49584371,9867.0,0.7537415845325326,0.36787201525364416
2026-07-01,Саратовская область,29.0,14484.04517784,1925.0,9035.762932860001,,22012.0,68454.59572412999,7215.19632608,1812.0,1.2523239180892962,0.6238424985503601
2026-07-01,Ульяновская область,63.0,33936.61875336,3360.0,14003.738178490004,,22528.0,83759.43169734,15062.26456845,2993.0,0.9297232906015191,0.4126438841849417
2026-07-01,Курганская область,56.0,28317.839694349997,2021.0,8249.78026527,,11073.0,36762.078758480005,15337.34096546,1902.0,0.5378885612472638,0.2913280234055426
2026-07-01,Свердловская область,658.0,814300.1210689704,42380.0,215507.70440940006,,146715.0,706427.7529168105,314465.0372204498,40278.0,0.6853153098171687,0.264653901962452
2026-07-01,Тюменская область,523.0,646844.6217889399,27604.0,123832.99493609997,,126721.0,542854.9309697602,242282.08260685974,26108.0,0.5111108242248281,0.19144163956039764
2026-07-01,Челябинская область,192.0,179724.09344548002,10664.0,56132.45587519,,47011.0,176277.71262944007,91614.57395055002,10098.0,0.6127022530878996,0.31232571437183515
2026-07-01,Ханты-Мансийский автономный округ - Югра,84.0,83857.95022576001,3274.0,17292.31829086,,17335.0,85369.61915019,42484.612932660006,3088.0,0.4070254404404976,0.2062096467217015
2026-07-01,Ямало-Ненецкий автономный округ,48.0,27250.1293295,1997.0,16563.59806785,,3844.0,25898.21760896,19153.54164436,1913.0,0.8647799125300336,0.6078355763955531
2026-07-01,Республика Дагестан,45.0,53351.57670689999,2695.0,12363.387707709997,,649.0,2069.42297851,18679.210733620002,2417.0,0.6618795560487791,0.23173425174725965
2026-07-01,Республика Ингушетия,1.0,551.3850975700001,28.0,15.533099980000001,,57.0,147.45662203,,15.0,,0.02817105512727069
2026-07-01,Кабардино-Балкарская Республика,17.0,10804.388291059999,2347.0,8874.443585070001,,767.0,3116.441604490001,4486.02212737,2149.0,1.9782433820211185,0.8213739960098515
2026-07-01,Карачаево-Черкесская Республика,44.0,81624.16308685,1408.0,9729.00135297,,164.0,871.6931,18323.3831816,1276.0,0.5309609724660282,0.11919266287138672
2026-07-01,Республика Северная Осетия - Алания,33.0,18711.84314779,2248.0,10872.45137703,,3748.0,15754.79479682,10507.420347169997,2016.0,1.034740309019646,0.5810465217753876
2026-07-01,Чеченская Республика,5.0,9827.029418200002,184.0,3075.97442428,,192.0,1282.08405587,,80.0,,0.3130116226764508
2026-07-01,Ставропольский край,186.0,222827.69174484,16395.0,62242.87121889999,,58732.0,212094.6395814399,91436.45643546,14839.0,0.6807226968909696,0.27933184933843097
2026-07-01,Республика Адыгея (Адыгея),55.0,112598.96334003,5403.0,29325.6485298,,11371.0,48508.969163949994,59644.7421265,4956.0,0.4916719812050406,0.2604433261187446
2026-07-01,Республика Калмыкия,8.0,2671.231863,477.0,1911.9727447699997,,1419.0,4253.627377100001,,420.0,,0.7157644273615045
2026-07-01,Республика Крым,218.0,475310.75923991,24089.0,146867.96471321007,,25329.0,142591.36997979006,202651.07941888005,23100.0,0.7247331972490203,0.30899356233398334
2026-07-01,Краснодарский край,360.0,1614911.2783945235,62580.0,332254.83762101963,,183372.0,988465.2923439896,914275.0814612701,47928.0,0.36340795495594436,0.20574185224053504
2026-07-01,Астраханская область,126.0,74455.32873165,7482.0,32506.05890216001,,9740.0,46197.54186297,50287.930341420004,6955.0,0.6463988213765515,0.4365847207433267
2026-07-01,Волгоградская область,140.0,78875.8309162,6769.0,28694.378303199992,,31721.0,119711.83677713,30843.55041405001,6409.0,0.9303202101574203,0.36379177207889885
2026-07-01,Ростовская область,199.0,449391.80337539007,31009.0,153510.73315623004,,108401.0,443501.1936383502,246928.49018098996,29135.0,0.6216809289349805,0.3415966468529424
2026-07-01,г. Севастополь,18.0,18803.24829196,1048.0,6572.862668860001,,5324.0,28324.25834278,7415.511631310001,1008.0,0.886366712865483,0.3495599572373068
2026-07-01,Республика Алтай,98.0,24662.994492539998,1427.0,6193.262770540001,,1167.0,5058.541591,9073.648912319997,1283.0,0.6825548167431217,0.25111560449049786
2026-07-01,Республика Тыва,33.0,18787.528208159994,2105.0,12441.888669490003,,3101.0,16642.32295362,7648.16342616,1988.0,1.626781225272123,0.6622419155749351
2026-07-01,Республика Хакасия,30.0,21260.348,1114.0,4479.1283039,,9968.0,41571.17518848999,9065.96222922,817.0,0.4940598902412774,0.21067991473610873
2026-07-01,Алтайский край,142.0,97762.71696123,7804.0,40583.16009776,,36489.0,132870.56022659002,37254.54197489999,7456.0,1.0893479813844618,0.41511898767967104
2026-07-01,Красноярский край,181.0,207585.11866080004,10108.0,54970.94658296999,,46761.0,232804.04736018012,83512.95113527997,9342.0,0.6582325954919771,0.2648115960219387
2026-07-01,Иркутская область,118.0,101289.84613255002,8028.0,41752.922937410025,,25514.0,122195.35187208002,52209.61973169,7190.0,0.7997170473943711,0.4122123246467496
2026-07-01,Кемеровская область,127.0,95792.17839626003,3929.0,18216.97504698,,18485.0,68814.37971799,24141.51819736,3671.0,0.7545911113813927,0.19017184233583767
2026-07-01,Новосибирская область,787.0,634192.36285363,28808.0,142822.13844368004,,115543.0,505235.57431109005,209049.99339678985,26964.0,0.683196091628641,0.2252031825186817
2026-07-01,Омская область,96.0,104693.6607773,5506.0,28707.48817253,,7907.0,40804.04471347,31081.981229269997,5191.0,0.9236054793539374,0.27420464581514037
2026-07-01,Томская область,89.0,54688.57332239,1727.0,9419.71826648,,8886.0,43048.371769440004,14534.240497489998,1602.0,0.6481052978383525,0.17224289635333168
2026-07-01,Республика Бурятия,53.0,38980.07664868,7963.0,40734.91471856999,,10014.0,51147.87445477,23412.784100559995,6445.0,1.7398577863960947,1.0450188460557945
2026-07-01,Республика Саха (Якутия),150.0,175939.81995806997,5022.0,39271.358612610005,,11908.0,76278.24889597,38812.60133380001,4525.0,1.0118198024106795,0.22320904171647538
2026-07-01,Забайкальский край,59.0,50488.728366690004,4274.0,31126.175895369997,,5961.0,40873.76612561001,30948.82983682,3961.0,1.0057302993193948,0.6164975213736127
2026-07-01,Камчатский край,14.0,19092.738796729995,590.0,10796.57493383,,206.0,3877.34571767,8894.522167370002,569.0,1.2138454130158642,0.5654806808376347
2026-07-01,Приморский край,407.0,476223.62217144005,25142.0,140337.2110502,,46657.0,250315.73140566004,230354.84815323004,24322.0,0.609221868674754,0.29468763101314355
2026-07-01,Хабаровский край,252.0,270851.97064281994,15641.0,103168.31267229,,20591.0,127457.2737832,108943.19109857998,15056.0,0.9469918370477654,0.38090294276773395
2026-07-01,Амурская область,133.0,74834.27459134001,1682.0,25318.46630981,,7814.0,49794.749454909994,19603.80965594001,1583.0,1.291507454630811,0.3383271428509298
2026-07-01,Магаданская область,,,29.0,112.80038862,,15.0,5233.4800855,,23.0,,
2026-07-01,Сахалинская область,28.0,37637.21471247,1787.0,14873.935833749998,,6407.0,53752.271011510005,18414.780854070003,1701.0,0.8077172327827397,0.39519225711518846
2026-07-01,Еврейская автономная область,4.0,2785.2202848,41.0,2015.5686326199998,,11.0,192.87419580000002,,37.0,,0.7236657881675355
2026-07-01,Чукотский автономный округ,8.0,3277.6856099,6.0,3075.93154,,2.0,868.1175,,6.0,,0.9384461800452681
2022-08-01,г. Москва,734.0,4444322.1857561115,164412.0,1737917.18094931,,57049.0,501288.08104941004,,,,0.39104212258041743
2022-08-01,Московская область,439.0,1140191.1921889302,81249.0,403795.52044812,,35245.0,164603.01432941997,,,,0.3541472019906736
2022-08-01,Воронежская область,99.0,48132.35398478,11686.0,35857.3750033,,16473.0,43267.80628780998,,,,0.7449744721531492
2022-08-01,Калужская область,25.0,16011.863073530001,2656.0,9130.6004706,,3555.0,9886.90808093,,,,0.5702397296723231
2022-08-01,Орловская область,41.0,13342.523348069999,2723.0,8301.86902586,,3140.0,8141.26902228,,,,0.6222113171014888
2022-08-01,Тверская область,40.0,17506.825086419998,3090.0,8850.66490108,,4301.0,10441.403430620001,,,,0.5055551110718207
2022-08-01,Владимирская область,59.0,13456.873778879999,3424.0,9236.91047724,,1574.0,3823.4801893199988,,,,0.6864083463231219
2022-08-01,Белгородская область,23.0,8397.07406933,1871.0,6724.8154322,,2182.0,7266.43484143,,,,0.8008522226524282
2022-08-01,Тульская область,95.0,71777.97578472,6565.0,20223.72726323,,2158.0,8353.365494769998,,,,0.28175393694419565
2022-08-01,Ярославская область,44.0,16339.97618309,4224.0,12950.36025009,,3336.0,9214.609482209999,,,,0.7925568620774451
2022-08-01,Смоленская область,15.0,4537.652512,2455.0,4993.41144813,,3031.0,6876.10321163,,,,1.1004393648312047
2022-08-01,Брянская область,20.0,8128.35816783,2354.0,7388.926716270001,,2742.0,8107.4075299,,,,0.909030650926963
2022-08-01,Тамбовская область,10.0,2827.35018485,1201.0,2995.28859904,,2228.0,4445.98535385,,,,1.0593978118062195
2022-08-01,Ивановская область,22.0,3896.2774455699996,1379.0,3830.73657796,,1090.0,2631.5098096300003,,,,0.9831785932789466
2022-08-01,Липецкая область,23.0,19276.395974810002,1690.0,5356.41429777,,1497.0,4144.58594118,,,,0.2778742615979487
2022-08-01,Курская область,15.0,5655.069411,1321.0,4280.09539446,,1870.0,5191.41887973,,,,0.7568599222026418
2022-08-01,Рязанская область,35.0,15436.75880873,6352.0,13332.40065618,,110.0,218.4283,,,,0.8636787567504187
2022-08-01,Костромская область,19.0,4105.04149039,1182.0,3882.05280278,,1305.0,3826.98414326,,,,0.945679309665439
2022-08-01,Приморский край,206.0,204644.91118900993,12420.0,56346.42937442,,5612.0,26778.70171152,,,,0.2753375544353432
2022-08-01,Сахалинская область,26.0,33233.986888,1739.0,10869.09494518,,947.0,6371.92373143,,,,0.32704757878762275
2022-08-01,Хабаровский край,52.0,40263.028263520006,3421.0,17026.57992972,,2710.0,13009.306005150002,,,,0.42288373885545005
2022-08-01,Амурская область,21.0,6510.911872,1245.0,5947.323219729999,,749.0,3168.68686719,,,,0.9134393671194202
2022-08-01,Республика Саха (Якутия),29.0,33630.845560739996,2568.0,12836.31953962,,1033.0,4575.9884941,,,,0.3816829260637108
2022-08-01,Республика Бурятия,11.0,6577.216452,1690.0,5313.673527479999,,722.0,1901.06338978,,,,0.8078909317123383
2022-08-01,Еврейская автономная область,0.0,0.0,0.0,0.0,,0.0,0.0,,,,
2022-08-01,Забайкальский край,9.0,2966.10812252,506.0,2132.97987126,,531.0,1863.3807320500002,,,,0.7191173696823379
2022-08-01,Камчатский край,0.0,0.0,0.0,0.0,,0.0,0.0,,,,
2022-08-01,Магаданская область,1.0,129.659,9.0,38.314599,,0.0,0.0,,,,0.2955028112202007
2022-08-01,Чукотский автономный округ,0.0,0.0,0.0,0.0,,0.0,0.0,,,,
2022-08-01,Республика Татарстан (Татарстан),252.0,250531.43733045002,17931.0,77341.654770845,,20048.0,78122.05801105,,,,0.30871037820627534
2022-08-01,Нижегородская область,146.0,94397.10908879999,12085.0,55366.94613786,,11815.0,45763.21036536,,,,0.5865322219325164
2022-08-01,Пермский край,128.0,76070.17467007,13410.0,46544.851235430004,,12642.0,37825.88066519,,,,0.6118672848761473
2022-08-01,Чувашская Республика - Чувашия,64.0,21446.560072739998,5788.0,17617.50747032,,11738.0,29432.968778649996,,,,0.8214607569030626
2022-08-01,Самарская область,85.0,60484.650080190004,11280.0,35085.53577675,,6461.0,20181.100536640002,,,,0.5800733860613216
2022-08-01,Удмуртская Республика,82.0,52015.243731350005,10041.0,27911.82086317,,11186.0,30627.531238789998,,,,0.5366084797627761
2022-08-01,Республика Башкортостан,134.0,102490.1306475,13268.0,43936.48841861,,9028.0,24855.86510013,,,,0.42868994449546766
2022-08-01,Кировская область,29.0,7654.37371472,1601.0,4462.84860802,,5159.0,12322.42158261,,,,0.5830455598787356
2022-08-01,Пензенская область,90.0,47321.602203580005,10810.0,31690.38701,,5219.0,13853.434487569997,,,,0.6696811928232332
2022-08-01,Ульяновская область,71.0,21666.37686713,4902.0,12937.04396604,,4835.0,11696.91996103,,,,0.5971023233546148
2022-08-01,Оренбургская область,22.0,7100.801,3070.0,7344.50387709,,8544.0,17823.80664174,,,,1.0343204769560503
2022-08-01,Саратовская область,31.0,9245.18807202,3622.0,8470.610520600001,,6890.0,13546.053586799999,,,,0.9162183023875727
2022-08-01,Республика Марий Эл,38.0,5717.092,2096.0,4606.496592609999,,2443.0,5591.777913819999,,,,0.8057412042013666
2022-08-01,Республика Мордовия,17.0,4980.139499,1157.0,3538.7799302,,1216.0,3397.41056392,,,,0.7105784749424345
2022-08-01,г. Санкт-Петербург,317.0,764991.3900050999,57408.0,340931.80321940995,,15860.0,94549.67620427,,,,0.44566750380960113
2022-08-01,Ленинградская область,168.0,208296.15088651003,23060.0,95516.63063042,,15035.0,58406.71358947,,,,0.4585616691614342
2022-08-01,Вологодская область,47.0,7939.65519991,3304.0,9469.57460517,,3236.0,9871.170114440001,,,,1.192693431482685
2022-08-01,Республика Карелия,16.0,7031.5377092,1965.0,6106.4003739,,2234.0,5598.34011033,,,,0.868430295966477
2022-08-01,Калининградская область,94.0,48671.59799649,8839.0,29761.9803064,,8648.0,25940.752624560006,,,,0.611485579506683
2022-08-01,Архангельская область,42.0,10828.62510054,3619.0,12115.71359432,,625.0,1896.3765906499998,,,,1.1188598258624554
2022-08-01,Новгородская область,4.0,1082.063688,521.0,1501.71838793,,1394.0,3870.67703566,,,,1.3878280960575031
2022-08-01,Псковская область,17.0,3979.9939882,1537.0,3365.3267606100003,,908.0,1860.85780071,,,,0.8455607648121122
2022-08-01,Мурманская область,0.0,0.0,0.0,0.0,,0.0,0.0,,,,
2022-08-01,Ненецкий автономный округ,0.0,0.0,0.0,0.0,,0.0,0.0,,,,
2022-08-01,Республика Коми,5.0,1190.8023473899998,636.0,1965.39480167,,2078.0,5742.1534942200005,,,,1.6504794485648704
2022-08-01,Ставропольский край,57.0,30819.20378047,7776.0,19635.15311435,,10857.0,26648.8512864,,,,0.6371077349763563
2022-08-01,Республика Северная Осетия - Алания,6.0,2163.69457635,833.0,1914.0001191400002,,440.0,1232.07054428,,,,0.8845981036606301
2022-08-01,Республика Ингушетия,0.0,0.0,6.0,9.58,,12.0,20.403304,,,,inf
2022-08-01,Чеченская Республика,0.0,0.0,1.0,0.0,,0.0,0.0,,,,
2022-08-01,Кабардино-Балкарская Республика,2.0,1187.628,138.0,304.47194949,,38.0,99.79161983,,,,0.2563697971839667
2022-08-01,Карачаево-Черкесская Республика,0.0,0.0,0.0,0.0,,0.0,0.0,,,,
2022-08-01,Республика Дагестан,0.0,0.0,296.0,1.485,,0.0,0.0,,,,inf
2022-08-01,Новосибирская область,258.0,173475.33149552002,24451.0,83773.41490629,,22393.0,71014.68612282998,,,,0.4829125512203067
2022-08-01,Красноярский край,144.0,144906.14263005002,8542.0,36687.13135482,,9445.0,34899.67589819,,,,0.25317857952014783
2022-08-01,Иркутская область,62.0,33988.22121259,4807.0,17187.39839139,,4130.0,15016.891208419996,,,,0.5056869049982352
2022-08-01,Алтайский край,45.0,25765.107468090002,5918.0,16990.49849288,,10889.0,26908.51818527,,,,0.6594382932003165
2022-08-01,Республика Хакасия,27.0,9392.44993,1338.0,3862.88565841,,1480.0,4376.0757472899995,,,,0.4112756189491872
2022-08-01,Республика Алтай,3.0,640.1149,153.0,438.34579408999997,,36.0,72.06458,,,,0.6847923616369498
2022-08-01,Кемеровская область,46.0,15671.214269549999,4988.0,12451.804036309999,,1422.0,3175.19325098,,,,0.794565361824228
2022-08-01,Томская область,11.0,8682.713969,1314.0,5267.37109796,,1144.0,3825.896497,,,,0.6066503073539171
2022-08-01,Омская область,36.0,18238.92546,1417.0,4822.744097399999,,530.0,1490.00283717,,,,0.2644204072206346
2022-08-01,Республика Тыва,1.0,116.36792,90.0,374.15677949,,0.0,0.0,,,,3.215291460825286
2022-08-01,Тюменская область,249.0,197128.32472101998,27239.0,91523.10980987,,20610.0,64593.15680309,,,,0.4642818830799449
2022-08-01,Свердловская область,218.0,213910.62774265,28585.0,111133.27744811,,22641.0,83179.98339622999,,,,0.5195313511108546
2022-08-01,Ханты-Мансийский автономный округ - Югра,42.0,33136.259288509995,3856.0,16695.1448052,,4309.0,17645.14361022,,,,0.5038331170648779
2022-08-01,Челябинская область,80.0,32618.6207694,6353.0,17935.87070267,,12897.0,29963.547151819996,,,,0.5498660053553184
2022-08-01,Курганская область,32.0,6410.38444202,2038.0,5269.84065657,,2262.0,5338.681913080001,,,,0.8220787230834786
2022-08-01,Ямало-Ненецкий автономный округ,7.0,3007.43160571,851.0,3072.81391462,,673.0,3301.1794488699998,,,,1.0217402479863094
2022-08-01,Ростовская область,142.0,114857.64072954001,20116.0,61715.284184120006,,21813.0,55829.25729094,,,,0.5373197968556878
2022-08-01,Краснодарский край,307.0,474655.06177431997,32359.0,119901.94971139,,28873.0,84720.25086623001,,,,0.2526085980484049
2022-08-01,Республика Крым,58.0,55694.21647057,6704.0,25849.277843419997,,2810.0,8729.79820977,,,,0.46412858428629306
2022-08-01,Волгоградская область,42.0,21968.89564223,4002.0,11092.195275170001,,5569.0,12697.94571725,,,,0.5049045457636879
2022-08-01,г. Севастополь,7.0,6797.41332206,652.0,3123.20690551,,1314.0,5058.3243003,,,,0.45946991267606074
2022-08-01,Республика Калмыкия,5.0,652.582,357.0,596.9712387100001,,355.0,836.93936037,,,,0.9147834888335873
2022-08-01,Астраханская область,24.0,9019.67134027,1480.0,5583.903043689999,,626.0,2325.84486072,,,,0.6190805444051631
2022-08-01,Республика Адыгея (Адыгея),4.0,3061.951,477.0,1290.65162607,,2108.0,4800.8936215,,,,0.42151282828170666
2023-08-01,г. Москва,1049.0,6235027.774132531,176025.0,1998175.89278719,,144508.0,1397548.3291234102,,,,0.3204758607615333
2023-08-01,Московская область,572.0,1663478.6540728298,79007.0,418362.2330671,,93233.0,479146.24738604977,,,,0.25149840789528005
2023-08-01,Воронежская область,148.0,87052.21163242,11844.0,41175.92726774,,26045.0,77587.00071145999,,,,0.473002655482279
2023-08-01,Калужская область,27.0,19672.0474743,2358.0,9431.49880778,,6251.0,19683.34656462,,,,0.47943656195937506
2023-08-01,Орловская область,25.0,11347.631052,1719.0,5826.72376522,,5680.0,16477.775177030002,,,,0.5134749040147062
2023-08-01,Тверская область,56.0,21252.80459268,2407.0,7777.580438,,7576.0,21012.157042009996,,,,0.36595548620810237
2023-08-01,Владимирская область,69.0,19494.715322,3252.0,10823.81141079,,3633.0,9907.37382907,,,,0.5552177209058914
2023-08-01,Белгородская область,30.0,12279.45008722,1676.0,6633.53228097,,3819.0,14058.06357093,,,,0.5402141165811599
2023-08-01,Тульская область,101.0,83693.30557431,6943.0,24854.40840776,,6258.0,23717.769728540003,,,,0.29697008903169864
2023-08-01,Ярославская область,48.0,20902.880568610002,3531.0,12278.32687301,,7359.0,23348.70084258,,,,0.5873987957166271
2023-08-01,Смоленская область,23.0,8803.39606936,1971.0,4563.718522239999,,4960.0,12129.83629326,,,,0.5184043165027992
2023-08-01,Брянская область,23.0,10012.918144439998,1989.0,6326.91112726,,5072.0,16053.613570969997,,,,0.6318748476709785
2023-08-01,Тамбовская область,21.0,5368.19867,1404.0,4029.8436521900003,,3163.0,7976.452109009999,,,,0.7506882475700178
2023-08-01,Ивановская область,25.0,7278.613607,1610.0,4969.48563408,,2577.0,7291.23425839,,,,0.6827516753054095
2023-08-01,Липецкая область,30.0,26498.456596599997,1498.0,4900.337284640001,,2855.0,9209.81403918,,,,0.18492915867668913
2023-08-01,Курская область,18.0,7517.896,987.0,3348.86855013,,3346.0,10775.698010250002,,,,0.44545289667880483
2023-08-01,Рязанская область,53.0,30049.99045734,6986.0,18532.02001975,,4229.0,9753.165305960001,,,,0.616706352904128
2023-08-01,Костромская область,19.0,4341.40878439,862.0,3240.12373021,,2858.0,9614.788078689999,,,,0.7463300258340592
2023-08-01,Приморский край,330.0,345696.8336747201,14672.0,72358.72268878999,,13473.0,62734.24152896998,,,,0.20931265675657068
2023-08-01,Сахалинская область,117.0,62001.461666,2001.0,13189.40635943,,1859.0,12171.70750707,,,,0.2127273455338994
2023-08-01,Хабаровский край,145.0,82994.9189443,4653.0,24715.20280702,,5893.0,29719.258369350002,,,,0.29779175787384043
2023-08-01,Амурская область,55.0,32530.136047,1766.0,9768.684143319999,,1742.0,8129.50664659,,,,0.300296442941587
2023-08-01,Республика Саха (Якутия),54.0,86300.94838547001,3041.0,16680.903452309998,,3073.0,15469.768043729999,,,,0.19328760302613854
2023-08-01,Республика Бурятия,21.0,12093.613482,2195.0,8263.87890612,,2406.0,8193.57297229,,,,0.6833258660382908
2023-08-01,Еврейская автономная область,1.0,149.983,11.0,192.87419580000002,,0.0,0.0,,,,1.285973715687778
2023-08-01,Забайкальский край,25.0,10982.630635,1034.0,5069.36439342,,1127.0,4889.6721446599995,,,,0.4615801588796672
2023-08-01,Камчатский край,1.0,483.182,8.0,36.8008,,0.0,0.0,,,,0.07616343324047667
2023-08-01,Магаданская область,3.0,7620.7817918,11.0,69.0714355,,0.0,0.0,,,,0.009063562950237103
2023-08-01,Чукотский автономный округ,0.0,0.0,0.0,0.0,,0.0,0.0,,,,
2023-08-01,Республика Татарстан (Татарстан),352.0,403531.9061557901,16138.0,87847.92106048,,36519.0,155198.72168240004,,,,0.21769758405811132
2023-08-01,Нижегородская область,300.0,153160.56832747,11719.0,53465.53327317,,21003.0,93762.01845132999,,,,0.3490815805727245
2023-08-01,Пермский край,142.0,105186.57509045998,12784.0,54014.32275076,,23450.0,78193.44554992003,,,,0.5135096632275357
2023-08-01,Чувашская Республика - Чувашия,78.0,32330.410107379997,6951.0,25144.36430297,,16577.0,45983.59624899,,,,0.7777310655651208
2023-08-01,Самарская область,120.0,116764.91642023003,10298.0,44564.41742975,,14919.0,50441.93147174,,,,0.38165930997085884
2023-08-01,Удмуртская Республика,108.0,68707.77962147999,11270.0,36981.81627864,,18741.0,54843.224097319995,,,,0.5382478735650837
2023-08-01,Республика Башкортостан,159.0,150536.82978189,13978.0,55830.01506726,,20043.0,66501.56240707001,,,,0.37087279669799783
2023-08-01,Кировская область,47.0,12093.265,2561.0,10377.68350892,,7453.0,20701.238664869998,,,,0.8581374433554545
2023-08-01,Пензенская область,111.0,66522.17765673,10105.0,35023.24513193,,11951.0,34830.96976061999,,,,0.5264897567343352
2023-08-01,Ульяновская область,55.0,19915.41619537,3119.0,9025.27081371,,10254.0,30042.429679369994,,,,0.45318012564599197
2023-08-01,Оренбургская область,32.0,9289.172852970001,3114.0,8076.84743653,,12392.0,28675.15072239,,,,0.8694904879445334
2023-08-01,Саратовская область,41.0,15103.67613925,4162.0,12814.84965423,,9851.0,21323.9824771,,,,0.8484589801901264
2023-08-01,Республика Марий Эл,30.0,5404.281345,2144.0,6137.01243187,,4310.0,10982.503781210002,,,,1.1355834458078162
2023-08-01,Республика Мордовия,23.0,6473.80234098,1167.0,4200.10449332,,2333.0,7049.36624326,,,,0.6487847901584514
2023-08-01,г. Санкт-Петербург,420.0,1182168.5334587502,62369.0,401749.46798414004,,52280.0,339390.0711562898,,,,0.33984111115588106
2023-08-01,Ленинградская область,310.0,430857.55331818,26030.0,120376.48006911999,,30474.0,138851.63234317995,,,,0.27938811596097113
2023-08-01,Вологодская область,56.0,10460.655606479999,3159.0,9458.7455065,,6413.0,20800.570454539997,,,,0.9042210987847308
2023-08-01,Республика Карелия,21.0,9368.067007,1958.0,7098.8084021,,3929.0,11328.617302969998,,,,0.7577666125568524
2023-08-01,Калининградская область,108.0,65135.85798146,7744.0,29314.09336618,,14239.0,44592.81158980999,,,,0.4500454016361286
2023-08-01,Архангельская область,52.0,19570.282713260003,4684.0,18057.47145135,,3406.0,12560.483398010001,,,,0.9226985484024212
2023-08-01,Новгородская область,3.0,853.88057861,541.0,1764.05483795,,2449.0,7457.28370013,,,,2.065926877996966
2023-08-01,Псковская область,26.0,7126.98556878,1643.0,4619.38923984,,2085.0,4745.16001516,,,,0.6481547065389595
2023-08-01,Мурманская область,0.0,0.0,2.0,0.8,,0.0,0.0,,,,inf
2023-08-01,Ненецкий автономный округ,0.0,0.0,0.0,0.0,,0.0,0.0,,,,
2023-08-01,Республика Коми,3.0,1006.042131,770.0,2276.54870392,,3337.0,9951.25107728,,,,2.26287611002645
2023-08-01,Ставропольский край,84.0,54691.265323,10609.0,31456.21479665,,17470.0,47846.32963281,,,,0.5751597556003395
2023-08-01,Республика Северная Осетия - Алания,10.0,6660.612319,1294.0,4666.90466812,,1286.0,3746.1442670600004,,,,0.7006720170166986
2023-08-01,Республика Ингушетия,0.0,0.0,10.0,7.5004,,18.0,35.135304,,,,inf
2023-08-01,Чеченская Республика,0.0,0.0,7.0,4.4235,,0.0,0.0,,,,inf
2023-08-01,Кабардино-Балкарская Республика,3.0,1618.546,302.0,749.83886792,,82.0,210.66503821,,,,0.4632793061921008
2023-08-01,Карачаево-Черкесская Республика,1.0,342.11217,51.0,213.2799324,,0.0,0.0,,,,0.6234210621621558
2023-08-01,Республика Дагестан,2.0,3158.811268,719.0,1476.61109062,,0.0,0.0,,,,0.467457839465957
2023-08-01,Новосибирская область,364.0,285510.5800543,24944.0,97885.87170082,,44960.0,158227.28216477006,,,,0.34284498907957633
2023-08-01,Красноярский край,167.0,167195.759928,11777.0,51688.56823779,,17684.0,74640.12352084999,,,,0.30914999435421564
2023-08-01,Иркутская область,92.0,75301.10484782001,5563.0,19615.79029094,,9547.0,37609.00645893,,,,0.2604980409063398
2023-08-01,Алтайский край,35.0,26404.580361,6737.0,22883.19047166,,16771.0,46033.817209459994,,,,0.866637157599325
2023-08-01,Республика Хакасия,36.0,14447.60744,1888.0,5548.889253779999,,3166.0,9947.78535314,,,,0.3840697691174255
2023-08-01,Республика Алтай,17.0,3594.673384,368.0,1380.1261165,,132.0,345.82392,,,,0.383936444029375
2023-08-01,Кемеровская область,55.0,27320.693245739996,5670.0,16882.03947675,,4678.0,11209.03374344,,,,0.6179213435362716
2023-08-01,Томская область,25.0,14689.804416,986.0,4591.003497520001,,2998.0,12407.68893938,,,,0.31252992671022367
2023-08-01,Омская область,36.0,24911.613857099997,2219.0,9177.28519226,,1833.0,6293.627205,,,,0.3683938441284247
2023-08-01,Республика Тыва,4.0,3151.607,583.0,2759.74157169,,264.0,1178.4603283499998,,,,0.8756617089916351
2023-08-01,Тюменская область,366.0,352980.61607340997,29481.0,117005.74568,,44153.0,149408.32981326,,,,0.33147923809976615
2023-08-01,Свердловская область,266.0,352090.52584865,34290.0,142429.72089096,,46744.0,187657.40809399,,,,0.4045258546723435
2023-08-01,Ханты-Мансийский автономный округ - Югра,58.0,39269.44718926,3096.0,13061.364775889999,,8528.0,38612.60221565001,,,,0.33260882723763474
2023-08-01,Челябинская область,124.0,70903.85256891999,4645.0,16940.44728668,,22006.0,60743.21275619999,,,,0.23892139387226582
2023-08-01,Курганская область,25.0,7616.96825665,1566.0,4169.656882159999,,4844.0,12836.453695280003,,,,0.5474168647768326
2023-08-01,Ямало-Ненецкий автономный округ,11.0,6631.37135526,1198.0,6202.46835301,,1310.0,7082.978718639999,,,,0.9353221258058796
2023-08-01,Ростовская область,151.0,171060.07916756,21460.0,76160.78283997001,,38381.0,115814.15982989,,,,0.44522826839900825
2023-08-01,Краснодарский край,373.0,822306.88727701,45312.0,211727.3325675,,60477.0,230370.13208701008,,,,0.2574797023391287
2023-08-01,Республика Крым,68.0,121771.61672955,5876.0,27827.898500900003,,6549.0,23459.22028829,,,,0.22852532674099807
2023-08-01,Волгоградская область,68.0,38862.399617489995,5130.0,17470.3561634,,10228.0,27813.38700076999,,,,0.44954393798002834
2023-08-01,г. Севастополь,9.0,12195.27039,486.0,2327.0198673600003,,2008.0,8210.2100261,,,,0.19081330654776898
2023-08-01,Республика Калмыкия,7.0,1385.737417,525.0,1122.55396579,,515.0,1235.24188519,,,,0.8100769684203453
2023-08-01,Астраханская область,44.0,19895.08519049,2413.0,9061.80117808,,1954.0,8460.259764859999,,,,0.4554793855525489
2023-08-01,Республика Адыгея (Адыгея),15.0,16296.361066,1627.0,5465.9892275600005,,2405.0,6221.925074559998,,,,0.33541164223244885
2024-08-01,г. Москва,1336.0,7594553.09334083,229015.0,2690585.91546703,,239473.0,2543939.97383762,,,,0.3542783732496689
2024-08-01,Московская область,683.0,2079507.63490594,93279.0,529582.31337739,,152395.0,837091.73193801,,,,0.25466716471148904
2024-08-01,Воронежская область,173.0,127881.423932,13149.0,54172.75192008,,41114.0,138303.27895958,,,,0.4236170528480036
2024-08-01,Калужская область,38.0,23355.58716211,2705.0,10238.02521183,,8910.0,32575.28766087,,,,0.4383544348839685
2024-08-01,Орловская область,28.0,17061.599782,1992.0,8012.83221575,,7660.0,23775.041914229998,,,,0.4696413184069376
2024-08-01,Тверская область,53.0,26181.474724,2276.0,8133.2430314700005,,11338.0,36189.77498559,,,,0.31064877426535603
2024-08-01,Владимирская область,63.0,23307.020445,4582.0,16865.63250234,,5800.0,18332.57026339,,,,0.7236288543247983
2024-08-01,Белгородская область,29.0,11350.689302,2115.0,9958.51338922,,5999.0,23743.38160186,,,,0.8773487780574966
2024-08-01,Тульская область,116.0,99901.6049164,10807.0,43026.010735489996,,12263.0,50615.29817907,,,,0.43068387911780964
2024-08-01,Ярославская область,65.0,28480.460756099998,4556.0,18126.14138641,,11420.0,39264.741538379996,,,,0.6364412971278111
2024-08-01,Смоленская область,33.0,11255.834984,2970.0,10720.595793909999,,6521.0,16537.9919519,,,,0.9524478467522992
2024-08-01,Брянская область,20.0,9352.87114444,2454.0,8992.23330686,,8164.0,27888.994456020002,,,,0.9614409487727854
2024-08-01,Тамбовская область,25.0,9033.40867,2192.0,7327.24303909,,4418.0,12493.44410611,,,,0.8111271510857041
2024-08-01,Ивановская область,52.0,15715.1656675,2568.0,8759.24428596,,3962.0,12141.44630039,,,,0.5573752432069294
2024-08-01,Липецкая область,71.0,47164.289869860004,4200.0,15963.57532585,,3350.0,11364.25612018,,,,0.3384674161298336
2024-08-01,Курская область,21.0,9631.912139790002,1923.0,8372.82551606,,4914.0,17024.70148028,,,,0.8692796813907137
2024-08-01,Рязанская область,71.0,47092.745499,11291.0,37068.698541230006,,8863.0,22519.97368527,,,,0.7871424387863976
2024-08-01,Костромская область,29.0,8197.957276,1275.0,5622.22424166,,4182.0,15422.79956296,,,,0.6858079460988887
2024-08-01,Приморский край,354.0,422563.6753857,21585.0,108773.44375853,,23772.0,120887.19638645,,,,0.25741314290502076
2024-08-01,Сахалинская область,121.0,77461.387977,1931.0,22158.94682137,,3320.0,21947.83376495,,,,0.286064417383658
2024-08-01,Хабаровский край,219.0,145648.21272725,9606.0,63680.50604499,,9847.0,53245.929697650005,,,,0.43722133524729284
2024-08-01,Амурская область,145.0,77241.82632917,2358.0,26893.004801889998,,3548.0,19613.30132264,,,,0.34816635079657593
2024-08-01,Республика Саха (Якутия),123.0,151297.25343022,5741.0,31407.76975613,,4894.0,27633.101060740002,,,,0.20758982099179757
2024-08-01,Республика Бурятия,42.0,30172.176721189997,4173.0,17183.24517929,,4212.0,16832.135770959998,,,,0.5695063149760143
2024-08-01,Еврейская автономная область,,,0.0,0.0,,11.0,192.87419580000002,,,,
2024-08-01,Забайкальский край,31.0,17150.13358261,1806.0,13805.045756450001,,2503.0,13295.39605817,,,,0.8049526664006936
2024-08-01,Камчатский край,6.0,9067.22388116,312.0,7055.7672364499995,,0.0,0.0,,,,0.7781617978034675
2024-08-01,Магаданская область,3.0,7620.8197537,6.0,0.0,,11.0,69.0714355,,,,0.0
2024-08-01,Чукотский автономный округ,,,0.0,0.0,,1.0,396.5475,,,,
2024-08-01,Республика Татарстан (Татарстан),441.0,584951.1556207901,30041.0,182826.27018864002,,49825.0,234793.66370507,,,,0.31254963501116995
2024-08-01,Нижегородская область,321.0,195306.73911595,13483.0,76615.74736577,,32061.0,152898.59997381,,,,0.3922841972200695
2024-08-01,Пермский край,232.0,159202.42428335,15404.0,71965.43168265,,35112.0,135799.73701544,,,,0.4520372852775485
2024-08-01,Чувашская Республика - Чувашия,102.0,42039.82893612,8365.0,37952.77392174,,22131.0,66911.75208206,,,,0.9027813595390617
2024-08-01,Самарская область,149.0,141312.25949912,13550.0,67947.00020226001,,24840.0,95986.18422186,,,,0.4808287719911742
2024-08-01,Удмуртская Республика,115.0,83102.57428866,15439.0,55918.37694589,,27959.0,90179.85992892999,,,,0.6728838116573304
2024-08-01,Республика Башкортостан,220.0,270556.26080645004,23254.0,111670.74483336,,33876.0,128766.55585808,,,,0.4127450035733854
2024-08-01,Кировская область,55.0,17714.71335,3402.0,15179.934959510001,,10732.0,36091.52299358,,,,0.8569111257738754
2024-08-01,Пензенская область,142.0,87067.577098,9972.0,38263.13840576,,21251.0,69950.35004661,,,,0.4394648350291458
2024-08-01,Ульяновская область,86.0,29270.256343,4642.0,17143.83159661,,14274.0,44976.32445664,,,,0.5857082833751799
2024-08-01,Оренбургская область,60.0,33415.416719,3932.0,13581.03897578,,17592.0,44595.552764349995,,,,0.4064303339379821
2024-08-01,Саратовская область,37.0,16518.273912,3805.0,14503.240462579999,,15259.0,39208.22281069,,,,0.8780118636998662
2024-08-01,Республика Марий Эл,38.0,11075.229433,2693.0,8078.48853071,,6600.0,19752.63627456,,,,0.7294195194403067
2024-08-01,Республика Мордовия,26.0,7093.751995770001,1468.0,6585.67347342,,3762.0,12549.93956471,,,,0.9283766161189498
2024-08-01,г. Санкт-Петербург,433.0,1243557.3712552,74718.0,476239.21885566995,,105208.0,743666.08669715,,,,0.3829652172581085
2024-08-01,Ленинградская область,333.0,504969.3479598,26296.0,112230.83548891,,54343.0,272847.38141723,,,,0.22225276829643245
2024-08-01,Вологодская область,64.0,20353.75763855,4565.0,13605.826536069999,,9514.0,35722.21645482,,,,0.668467551677071
2024-08-01,Республика Карелия,28.0,14721.24648306,2745.0,11624.50240767,,5783.0,18851.37344535,,,,0.7896411775352393
2024-08-01,Калининградская область,145.0,79528.37883933,8425.0,37818.77566609,,23320.0,81849.89199558999,,,,0.47553811882038616
2024-08-01,Архангельская область,61.0,34620.98797892,5325.0,23456.761932740003,,6779.0,27117.32255716,,,,0.6775301140170332
2024-08-01,Новгородская область,3.0,1579.749752,950.0,3754.58152482,,3565.0,11962.16065348,,,,2.3766938529767847
2024-08-01,Псковская область,32.0,11150.320492159999,2288.0,7264.1618247100005,,3797.0,10263.841826959999,,,,0.6514756082408187
2024-08-01,Мурманская область,,,17.0,92.277,,0.0,0.0,,,,
2024-08-01,Ненецкий автономный округ,,,0.0,0.0,,0.0,0.0,,,,
2024-08-01,Республика Коми,7.0,2795.211815,663.0,2816.2235222,,4448.0,13520.36422986,,,,1.0075170357706862
2024-08-01,Ставропольский край,144.0,119168.90053354,16261.0,59895.78912214,,31604.0,98965.44381122,,,,0.5026125847765321
2024-08-01,Республика Северная Осетия - Алания,27.0,13830.53522,1753.0,7496.23401363,,2060.0,6934.96012196,,,,0.5420060680507779
2024-08-01,Республика Ингушетия,1.0,551.3850975700001,2.0,2.719275,,30.0,62.728404,,,,0.0049317165298519506
2024-08-01,Чеченская Республика,2.0,2289.157,101.0,112.88071347,,1.0,2.462689,,,,0.04931104047035655
2024-08-01,Кабардино-Балкарская Республика,6.0,2181.858,719.0,2422.89452308,,280.0,1152.81771173,,,,1.110473056945044
2024-08-01,Карачаево-Черкесская Республика,18.0,27319.18113889,279.0,1527.5139345799998,,23.0,126.456,,,,0.055913606151449385
2024-08-01,Республика Дагестан,14.0,14584.545408,1330.0,4818.35925873,,0.0,0.0,,,,0.3303743191122711
2024-08-01,Новосибирская область,523.0,392180.26572078996,36041.0,158192.88635147,,68014.0,267112.3714318,,,,0.4033677881795672
2024-08-01,Красноярский край,178.0,204158.91153439,15068.0,77403.72538658,,28368.0,128108.84467815,,,,0.37913468878159434
2024-08-01,Иркутская область,102.0,86388.32760551,7935.0,35876.636312279996,,14881.0,63054.208895660006,,,,0.4152949513747934
2024-08-01,Алтайский край,74.0,51468.30291762,8691.0,33121.88886239,,23441.0,73838.10102710001,,,,0.6435395570630099
2024-08-01,Республика Хакасия,31.0,15078.416025,2321.0,8594.08353353,,5392.0,17968.19296386,,,,0.5699593060226629
2024-08-01,Республика Алтай,17.0,3541.280128,593.0,2403.13604844,,405.0,1536.241821,,,,0.6786065946715188
2024-08-01,Кемеровская область,92.0,41766.394902,7657.0,30921.62346919,,8779.0,25209.500573330002,,,,0.7403469593615634
2024-08-01,Томская область,54.0,23749.41960212,2622.0,13784.967145100001,,4274.0,18775.77403189,,,,0.5804338537969779
2024-08-01,Омская область,55.0,37375.69722281,4929.0,23876.10310982,,2872.0,11527.13409702,,,,0.6388135843322452
2024-08-01,Республика Тыва,16.0,8958.712201,2979.0,15290.762248280002,,540.0,2577.05108615,,,,1.7068036013673034
2024-08-01,Тюменская область,504.0,516464.47092161997,38831.0,164919.51874352,,71687.0,272176.3459146,,,,0.3193240349122653
2024-08-01,Свердловская область,499.0,604578.88283841,53892.0,243580.81628395,,74306.0,321679.71311084,,,,0.40289335800214104
2024-08-01,Ханты-Мансийский автономный округ - Югра,82.0,65049.54358591,5952.0,29784.25000484,,11019.0,51146.78650676,,,,0.45787023802103033
2024-08-01,Челябинская область,183.0,134800.23223109,10325.0,46122.43097296,,30272.0,94646.31300806,,,,0.342153942983508
2024-08-01,Курганская область,52.0,20006.79372343,2963.0,10327.65563126,,6583.0,18098.03672628,,,,0.5162074330363721
2024-08-01,Ямало-Ненецкий автономный округ,27.0,18476.48071,1558.0,10124.29687742,,2063.0,11018.485364139999,,,,0.5479559141336067
2024-08-01,Ростовская область,208.0,300237.73919421004,35142.0,150392.16284045,,56781.0,196497.52432,,,,0.5009102561326183
2024-08-01,Краснодарский край,353.0,1174809.8326553002,73827.0,386073.91058836,,100055.0,470954.87360238,,,,0.3286267273706395
2024-08-01,Республика Крым,119.0,193694.99410527,13509.0,73571.32751344,,11132.0,44402.49128139,,,,0.379830815211751
2024-08-01,Волгоградская область,111.0,64918.37994157,8837.0,31687.778526830003,,17529.0,54964.67312376999,,,,0.4881172104934025
2024-08-01,г. Севастополь,11.0,16354.4113019,1898.0,10332.86086393,,2282.0,9691.22282318,,,,0.631808792941973
2024-08-01,Республика Калмыкия,9.0,1582.861817,598.0,1563.64117772,,844.0,2206.07510284,,,,0.9878570327026848
2024-08-01,Астраханская область,93.0,45076.54943826,7848.0,29001.232817689997,,3092.0,14119.759348239999,,,,0.6433773919943033
2024-08-01,Республика Адыгея (Адыгея),51.0,56878.837377,4345.0,16492.043469559998,,4086.0,13130.739416600001,,,,0.28995043200775505
2025-08-01,г. Москва,1425.0,8727257.82942247,229362.0,2970781.3251503,,353316.0,3922872.75600384,4032952.26668795,,0.7366269493663125,0.3404026079228248
2025-08-01,Московская область,751.0,2100401.9461418,85286.0,496594.18558126,,214064.0,1244274.74087032,770415.9285852701,,0.6445793332611459,0.23642816866240635
2025-08-01,Воронежская область,192.0,146802.37840285,10883.0,44323.25335576,,52371.0,191824.83627614,59450.030262169996,,0.7455547652423037,0.3019246270937768
2025-08-01,Калужская область,44.0,26409.539232,3096.0,13560.723026709999,,10658.0,40370.23055249,19323.782519970002,,0.7017633847149637,0.5134782135948323
2025-08-01,Орловская область,28.0,16921.06781494,1123.0,4384.097178399999,,9693.0,32556.17961988,8287.795949770001,,0.5289822776731931,0.2590910471104654
2025-08-01,Тверская область,47.0,26577.496654,2720.0,10344.69507426,,12788.0,41991.564609940004,15888.15634228,,0.6510947432416506,0.38922759389015255
2025-08-01,Владимирская область,56.0,29080.58922962,4301.0,16352.2183998,,8565.0,29753.271827959998,18983.528436189998,,0.8613898335478195,0.5623069832142351
2025-08-01,Белгородская область,29.0,11664.122351,1696.0,7818.2721497600005,,8091.0,34167.27530031,6472.98091347,,1.2078317940796808,0.6702837911409354
2025-08-01,Тульская область,114.0,126754.01343087,12578.0,51218.752964139996,,16395.0,70088.86390354,51368.49634897,,0.9970849178879457,0.4040799307082615
2025-08-01,Ярославская область,88.0,51320.59555314999,4969.0,19914.772773380002,,15001.0,53673.5077333,20279.60260841,,0.9820100106459333,0.38804640824472386
2025-08-01,Смоленская область,34.0,11795.210536,2041.0,8130.85298404,,9283.0,27281.81061116,6311.7054991899995,,1.2882180553391562,0.6893351296463878
2025-08-01,Брянская область,30.0,15409.198,3260.0,12437.953497780001,,9772.0,34633.88557461,9720.63036411,,1.279541864250158,0.8071772131022005
2025-08-01,Тамбовская область,27.0,12346.262555,2354.0,8678.505399540001,,5698.0,17893.090043610002,6695.86338626,,1.2960995317420019,0.702925712204733
2025-08-01,Ивановская область,53.0,16367.62992,1820.0,7397.356539949999,,5810.0,18283.04439465,6426.54787144,,1.1510622324661015,0.45195037865017906
2025-08-01,Липецкая область,80.0,57290.209441260005,3536.0,15005.151536709998,,6252.0,23060.83989471,26562.904436639998,,0.5648912216095009,0.26191476140604564
2025-08-01,Курская область,22.0,11333.1623769,1636.0,7375.71725014,,7324.0,28665.93020052,5642.05029181,,1.307276055452145,0.6508083979431614
2025-08-01,Рязанская область,72.0,63171.778145,12089.0,37743.60016256,,14953.0,42773.09817813,39838.42804155,,0.9474169041809285,0.5974756650972531
2025-08-01,Костромская область,24.0,7665.866522,895.0,4005.82972634,,5755.0,23033.87386156,4212.1782324099995,,0.9510114494960634,0.5225540667638564
2025-08-01,Приморский край,406.0,475732.76241517003,24109.0,126143.13737541,,34433.0,183150.64011915,200687.86959456,,0.6285538713936766,0.265155455628102
2025-08-01,Сахалинская область,50.0,56023.028592970004,1971.0,23533.365921380002,,4637.0,34369.01372414,27095.72140572,,0.8685270109254972,0.42006593560586375
2025-08-01,Хабаровский край,221.0,172987.28564784004,11154.0,75955.09011394001,,16389.0,93515.35103151,83054.7712823,,0.9145180817580191,0.4390790330600716
2025-08-01,Амурская область,143.0,79825.34294665999,2820.0,33422.22979,,4916.0,28394.12503788,25245.46957715,,1.3238902008878015,0.41869196618839494
2025-08-01,Республика Саха (Якутия),144.0,170788.20905682,6155.0,38704.23554285,,7677.0,45194.022855129995,35125.259010069996,,1.1018918189828566,0.2266212389988432
2025-08-01,Республика Бурятия,48.0,33217.89909146,6787.0,28452.93633232,,6920.0,31679.375769,17505.28891404,,1.625390844563526,0.8565543610683969
2025-08-01,Еврейская автономная область,3.0,1575.3452848,3.0,1810.842095,,11.0,192.87419580000002,,,,1.1494890120104038
2025-08-01,Забайкальский край,45.0,45361.82456255,2366.0,21303.552691790002,,4437.0,27682.227576459998,20493.02410536,,1.0395514386877633,0.46963615104181405
2025-08-01,Камчатский край,10.0,17410.12173504,440.0,10780.39894985,,134.0,1918.1683683499998,6956.90681163,,1.5495965724060283,0.6192029621569577
2025-08-01,Магаданская область,4.0,7535.579880719999,8.0,3686.1135,,11.0,69.0714355,,,,0.4891612269191159
2025-08-01,Чукотский автономный округ,0.0,0.0,1.0,0.0,,1.0,396.5475,,,,
2025-08-01,Республика Татарстан (Татарстан),517.0,672851.54660448,30913.0,185547.80447257002,,67078.0,354065.47842667997,243008.53914509,,0.7635443804786932,0.27576336178304117
2025-08-01,Нижегородская область,338.0,241020.86731392,11646.0,71675.00600277999,,42669.0,216749.31857682002,80142.21077216,,0.8943477514807794,0.29738091477957457
2025-08-01,Пермский край,309.0,229827.99715645998,12348.0,60323.59284613,,47732.0,197150.69871598002,85452.76235499,,0.7059291143278928,0.26247277787076356
2025-08-01,Чувашская Республика - Чувашия,85.0,41683.71651567,5780.0,27339.185392009997,,29130.0,100379.07820285001,23856.58638846,,1.145980608744368,0.6558720689344598
2025-08-01,Самарская область,156.0,166261.05157991,12183.0,66467.66544022001,,32558.0,134985.91783504,77328.53092533001,,0.859549051881026,0.3997789308356062
2025-08-01,Удмуртская Республика,113.0,78156.96013318,10358.0,40168.03978053,,40376.0,138863.39835032,39976.0350071,,1.0048029969304335,0.513940661357394
2025-08-01,Республика Башкортостан,238.0,251111.82389378,20903.0,102652.14425231,,48971.0,206131.65682114,138238.84383224,,0.7425709113777289,0.40879056454040863
2025-08-01,Кировская область,54.0,20791.407162,3410.0,14968.727154889999,,14537.0,55628.85712493,12489.6308117,,1.198492363830934,0.7199477667989694
2025-08-01,Пензенская область,159.0,109327.03585286,8168.0,28928.42140144,,29196.0,104197.72036128,54856.89959679,,0.5273433535994582,0.26460446106280516
2025-08-01,Ульяновская область,70.0,28447.35261138,3170.0,12012.67859464,,18464.0,64032.02361191,16116.43798098,,0.7453680899474748,0.422277558082311
2025-08-01,Оренбургская область,72.0,37452.616191,3997.0,15444.77877534,,21967.0,60506.86530229,10869.15651111,,1.4209730773085278,0.41238183993809857
2025-08-01,Саратовская область,35.0,17815.87842775,1943.0,8546.46841476,,18954.0,54171.49453793,9140.839447040002,,0.9349763185620253,0.4797107506890048
2025-08-01,Республика Марий Эл,47.0,21502.710831,2660.0,9823.35518358,,8442.0,26909.688663959998,10456.76514109,,0.9394258215649306,0.4568426400181078
2025-08-01,Республика Мордовия,31.0,9986.22482623,1189.0,5963.95576601,,4902.0,18011.01464028,5707.70025274,,1.0448964560020446,0.5972182551252967
2025-08-01,г. Санкт-Петербург,415.0,1383994.38454479,71087.0,415076.69699844,,149678.0,1115291.91462325,638310.87058565,,0.6502735831799439,0.2999121251022727
2025-08-01,Ленинградская область,388.0,558947.5552054099,29531.0,128749.1016253,,69322.0,351908.85141754,244757.68293938,,0.5260268036496641,0.23034200691330597
2025-08-01,Вологодская область,53.0,19387.613308940003,4254.0,11870.02212293,,12437.0,50197.65237977,10309.213608889999,,1.1513993766405288,0.6122477240381364
2025-08-01,Республика Карелия,23.0,11361.732099,1660.0,6308.20468292,,8798.0,31034.39585198,6212.906893859999,,1.0153386797336654,0.555215052419271
2025-08-01,Калининградская область,172.0,104606.08287953,11324.0,45904.82803078,,30163.0,117732.76140167,58604.36627741,,0.7833004765120164,0.4388351687315017
2025-08-01,Архангельская область,83.0,43484.23964924001,6498.0,30197.77250773,,9856.0,40802.202813050004,21836.014381650002,,1.3829342653807206,0.6944532720663031
2025-08-01,Новгородская область,7.0,5006.781,744.0,2998.20891878,,4708.0,17203.602760650003,,,,0.5988296509833364
2025-08-01,Псковская область,34.0,10694.881809060002,1486.0,5254.4097171700005,,5913.0,17793.79615709,5347.909959899999,,0.9825164889777338,0.4913013356275531
2025-08-01,Мурманская область,23.0,18665.131685869997,391.0,1821.91858828,,0.0,0.0,1092.2099574200001,,1.6681028916671894,0.09761080816050395
2025-08-01,Ненецкий автономный округ,0.0,0.0,0.0,,,0.0,0.0,,,,
2025-08-01,Республика Коми,8.0,3132.795786,649.0,2244.08200081,,5045.0,16507.52416676,,,,0.7163192732952686
2025-08-01,Ставропольский край,156.0,138965.221806,13880.0,48439.08099629,,46833.0,163097.44232955,63373.142385800005,,0.7643471535844769,0.3485698102501686
2025-08-01,Республика Северная Осетия - Алания,26.0,15698.621307,1822.0,8651.25809439,,2925.0,11017.68476794,7062.21581645,,1.2250061905837892,0.5510839407618816
2025-08-01,Республика Ингушетия,1.0,551.3850975700001,25.0,45.96179888,,30.0,62.728404,,,,0.08335698422492278
2025-08-01,Чеченская Республика,3.0,5371.901,99.0,1688.13443911,,42.0,45.112189,,,,0.31425270851231246
2025-08-01,Кабардино-Балкарская Республика,15.0,8616.62471525,1136.0,3973.5706809099997,,620.0,2430.01327185,2854.1751143200004,,1.3921958260282472,0.461151647219524
2025-08-01,Карачаево-Черкесская Республика,34.0,69032.57245733,893.0,5492.55057251,,23.0,126.456,8700.90365557,,0.6312620837944655,0.07956462256864356
2025-08-01,Республика Дагестан,35.0,47971.74546815,1804.0,8107.9025548,,218.0,277.29383551999996,11721.5744871,,0.6917076339635966,0.16901412437000232
2025-08-01,Новосибирская область,590.0,471716.98269225005,30580.0,135777.40795321,,93388.0,390119.01856239,180281.67937321,,0.7531403547230692,0.2878365904451477
2025-08-01,Красноярский край,174.0,212066.41255900997,10202.0,52547.68766312,,38868.0,186185.24247982,76175.47980221,,0.6898241770128698,0.24778882723117687
2025-08-01,Иркутская область,114.0,101276.84117773999,7024.0,31991.490574009997,,20823.0,95408.40794757001,46873.38668718,,0.6825086223769651,0.3158815994059807
2025-08-01,Алтайский край,124.0,67303.68061234,9862.0,45268.80618357,,27693.0,91104.70483935,38386.59614004,,1.179286801528916,0.6726052092798926
2025-08-01,Республика Хакасия,31.0,21686.054203,2281.0,10303.594568389999,,7077.0,25949.88098121,13085.747554739999,,0.7873905961648915,0.4751253719067355
2025-08-01,Республика Алтай,87.0,15590.2232748,1009.0,4423.5355383900005,,608.0,2262.869521,5359.0159795399995,,0.8254380198302194,0.28373779261649146
2025-08-01,Кемеровская область,137.0,88796.56719987,4763.0,21479.59140677,,14438.0,49061.11104675,24106.95689219,,0.8910121465280757,0.24189664177469966
2025-08-01,Томская область,67.0,32568.95975139,2299.0,11770.57977962,,6228.0,28689.50521386,14202.85535829,,0.8287474231545761,0.3614048428156397
2025-08-01,Омская область,84.0,72027.20898408,4913.0,26529.57480559,,5214.0,23497.078483259997,25174.86612002,,1.053811951932991,0.36832712498208514
2025-08-01,Республика Тыва,17.0,11456.06235313,2331.0,13288.79831141,,1833.0,9226.619962379998,7412.948702109999,,1.7926467382173463,1.1599795725430269
2025-08-01,Тюменская область,558.0,614317.45619621,37453.0,152910.58600267002,,94851.0,381178.28725635,248646.31632128,,0.6149722556319385,0.24891134780619212
2025-08-01,Свердловская область,562.0,665351.3755912599,47667.0,221408.26673137,,108647.0,497823.75254755997,292863.59427517,,0.7560115735086496,0.33276893210691433
2025-08-01,Ханты-Мансийский автономный округ - Югра,94.0,81858.75534194,5262.0,27184.500811060003,,14002.0,66720.86890274,44568.94385365,,0.6099426744399669,0.3320903267769591
2025-08-01,Челябинская область,175.0,145442.60950261,8414.0,40794.53412638,,39778.0,138534.12124904,72490.08498365,,0.5627601917638961,0.2804854386612744
2025-08-01,Курганская область,58.0,26278.92404105,2229.0,8314.36638259,,9132.0,27917.33910022,15170.515638379999,,0.5480608952773777,0.31638914780537536
2025-08-01,Ямало-Ненецкий автономный округ,40.0,27348.950033,2333.0,16537.54250097,,2438.0,16078.89904715,15738.420778290001,,1.0507752165186948,0.6046865594845632
2025-08-01,Ростовская область,198.0,367751.98729727004,28449.0,129414.69819119999,,83372.0,317926.57276709995,179755.00063437,,0.7199504755610971,0.35190754274996866
2025-08-01,Краснодарский край,379.0,1355873.8397027743,60277.0,314565.51284751,,146559.0,759469.83573549,732208.92945838,,0.4296116862166599,0.23200205184021175
2025-08-01,Республика Крым,153.0,294455.37080766,20094.0,108305.10980907001,,17009.0,84860.15745544,131486.96335474,,0.8236946617808228,0.3678150257949126
2025-08-01,Волгоградская область,113.0,69224.63836058999,6961.0,27046.33028014,,25149.0,85822.57578513,32652.68213482,,0.8283034811188902,0.3907038147206507
2025-08-01,г. Севастополь,15.0,11539.486454709999,1463.0,8568.46019073,,3834.0,18628.42548301,6830.31684897,,1.2544747747715552,0.7425339268224251
2025-08-01,Республика Калмыкия,11.0,2232.353687,611.0,1794.83428066,,1042.0,2851.25685162,1375.45729,,1.3049000457586,0.8040098175804882
2025-08-01,Астраханская область,115.0,61739.76316563001,8267.0,33917.8318577,,5443.0,25515.769684580002,39039.390097510004,,0.8688104955784988,0.549367702734917
2025-08-01,Республика Адыгея (Адыгея),58.0,71366.3760555,3820.0,17793.72772424,,7818.0,28594.12509973,27076.78962441,,0.6571579559859924,0.24932928793248832
2026-08-01,Белгородская область,44.0,20310.307957,,14325.988492460001,,261.0,1295.6144043,12231.605283,2443.0,1.1712271742753881,0.7053555525987242
2026-08-01,Брянская область,20.0,12801.418717519999,,15112.394773549999,,299.0,1413.5885736499984,7345.303119,3117.0,2.0574228903445744,1.1805249954731347
2026-08-01,Владимирская область,47.0,28944.539781900003,,17025.83243397,,301.0,1722.4654498199998,18352.021508,3702.0,0.927736076734005,0.5882225995735758
2026-08-01,Воронежская область,124.0,159370.95833591,,51757.38386691001,,608.0,3749.674842120001,69005.13542199999,10042.0,0.7500511889497559,0.3247604482481666
2026-08-01,Ивановская область,33.0,20256.870092589998,,7078.018300370001,,108.0,456.46349810000004,7480.495352,1658.0,0.9461964705957084,0.34941322465009805
2026-08-01,Калужская область,40.0,36969.012747999994,,13790.57504334,,1.0,6.5935999999999995,18631.519717,2678.0,0.74017445988354,0.3730306550879172
2026-08-01,Костромская область,28.0,10649.60541288,,7114.12143612,,267.0,1583.2729751999998,5788.255622000001,1441.0,1.2290613788860065,0.668017373443333
2026-08-01,Курская область,31.0,26833.55250319,,11705.90126116,,13.0,88.78844817000001,10562.833546,2124.0,1.108216011374416,0.436241204356687
2026-08-01,Липецкая область,46.0,54911.67180245,,11872.709128950002,,356.0,1847.9961378800003,25194.283416000002,2625.0,0.47124615266533293,0.2162146723862863
2026-08-01,Московская область,358.0,2404127.4456072003,,556576.4741536599,,9314.0,66605.04038572006,833425.3085070001,78049.0,0.6678180617657414,0.23150872270545864
2026-08-01,Орловская область,25.0,17321.430836,,5781.444342700001,,95.0,404.82851815000174,8372.152374000001,1311.0,0.6905565121645981,0.3337740627456789
2026-08-01,Рязанская область,73.0,74787.581448,,49163.140145159996,,647.0,2504.9787420799903,49235.531176,13527.0,0.9985296994038466,0.6573703707659441
2026-08-01,Смоленская область,40.0,15938.883513739998,,9543.055663530002,,38.0,180.336753,7693.803446000001,2141.0,1.2403560515301992,0.5987279884004096
2026-08-01,Тамбовская область,21.0,8485.95623255,,6618.217793309999,,147.0,583.7711106699998,5304.837571,1275.0,1.2475816091881617,0.7799024190019006
2026-08-01,Тверская область,52.0,28097.138682,,10292.049207830001,,251.0,1080.06826183,13269.369083000001,2154.0,0.775624609086774,0.36630239556825206
2026-08-01,Тульская область,92.0,154942.08623523003,,53340.504305089984,,0.0,11.164253330001372,56828.113936999995,11621.0,0.9386287984891352,0.3442609145207292
2026-08-01,Ярославская область,86.0,91386.71683826,,23202.584690529995,,20.0,83.28465126000121,27326.601128,4953.0,0.8490841792525613,0.25389449903966776
2026-08-01,г. Москва,660.0,9112551.568403209,,2974383.897022319,,15533.0,229180.00782711926,4411043.932821,181222.0,0.6743038478694334,0.32640516486465493
2026-08-01,Республика Карелия,25.0,16559.507079,,11172.665897489998,,581.0,1986.2984409299984,5335.839742,2271.0,2.093890828382004,0.6746979752590979
2026-08-01,Республика Коми,7.0,2012.3695000000002,,1595.1980539100002,,0.0,0.0,,376.0,,0.7926963979080383
2026-08-01,Архангельская область,76.0,58744.92384931,,27373.204888210013,,1302.0,5187.903408460001,22985.857144,5558.0,1.1908716180007775,0.46596715247136256
2026-08-01,Вологодская область,66.0,24772.2664764,,18593.04109116001,,21.0,153.03796,15150.232320000001,4611.0,1.227244618989447,0.7505587390993551
2026-08-01,Калининградская область,177.0,187827.52930125,,68209.18730829,,373.0,1734.7913042500002,93378.20618400001,13515.0,0.7304615294695752,0.3631479770938778
2026-08-01,Ленинградская область,196.0,538844.8509911101,,150414.87158597002,,1568.0,10938.994047909971,265495.475102,31245.0,0.5665440118261245,0.27914319179130764
2026-08-01,Мурманская область,5.0,21385.861990999998,,6216.49138675,,0.0,0.0,,1036.0,,0.2906822923184551
2026-08-01,Новгородская область,7.0,7601.181138999999,,4661.49193955,,3.0,28.875999999999998,,876.0,,0.6132588941517133
2026-08-01,Псковская область,29.0,13474.729157,,6012.47436105,,262.0,1094.2126370999983,5797.613291000001,1468.0,1.0370602624330847,0.44620372632325406
2026-08-01,г. Санкт-Петербург,288.0,1361384.2212156402,,477633.0860309901,,4158.0,30054.7464621999,713179.326554,62713.0,0.6697236841382629,0.35084370641852336
2026-08-01,Ненецкий автономный округ,1.0,245.0,,326.6855,,0.0,0.0,,32.0,,1.3334102040816327
2026-08-01,Республика Башкортостан,195.0,317907.67656130006,,126703.50822053001,,395.0,1962.5014424,177209.910972,24392.0,0.7149910946039003,0.3985544155178606
2026-08-01,Республика Марий Эл,44.0,25165.552275959995,,15866.424961869998,,332.0,1704.0963801999999,14447.786603999999,3334.0,1.0981907053830124,0.63048189000115
2026-08-01,Республика Мордовия,20.0,8646.38428153,,7935.104644850002,,55.0,688.659705,5227.848223,1466.0,1.5178529112492947,0.9177367540557503
2026-08-01,Республика Татарстан (Татарстан),242.0,797514.67962996,,216765.71064559,,1788.0,15267.745619049958,317727.171742,31565.0,0.6822385049951206,0.2718015306579278
2026-08-01,Удмуртская Республика,81.0,88015.10479409,,36792.108312029995,,1290.0,4940.69724727,38040.697022,8029.0,0.9671775543637408,0.4180203886378886
2026-08-01,Чувашская Республика - Чувашия,78.0,39646.780157769994,,34634.159291070006,,403.0,2281.259984220008,27450.401565,6758.0,1.2616995496062064,0.8735680212427638
2026-08-01,Пермский край,181.0,353851.5239751,,80141.15181905,,720.0,3548.105419960004,107672.446514,14354.0,0.7443051069581644,0.22648242663691173
2026-08-01,Кировская область,61.0,28218.84295155,,20290.444816920004,,427.0,2233.9048870000006,18224.412784,3767.0,1.1133661785105011,0.7190388653339699
2026-08-01,Нижегородская область,119.0,284612.45887167,,94258.45508444999,,1076.0,6072.1543906500065,99408.72886,13110.0,0.948190930166673,0.33118176013141626
2026-08-01,Оренбургская область,57.0,48123.659850820004,,20715.9613093,,323.0,1455.869450430001,16117.165125,4376.0,1.2853353023706768,0.4304735212059523
2026-08-01,Пензенская область,124.0,127816.17015871001,,40442.86106457999,,109.0,627.477171,70495.792157,10185.0,0.5736918449616166,0.31641427696012075
2026-08-01,Самарская область,111.0,172131.44311046,,64481.039342100004,,233.0,1284.5440464300073,85332.279246,10170.0,0.7556465139787367,0.3746034900824093
2026-08-01,Саратовская область,28.0,15775.10831784,,9562.301914089998,,85.0,384.13680510000006,8088.537759999999,1920.0,1.1822040272072611,0.6061639464799131
2026-08-01,Ульяновская область,55.0,34246.15675336,,13409.992335620002,,391.0,1971.366079100001,15206.847613999998,2875.0,0.8818390685571319,0.39157656236284977
2026-08-01,Курганская область,51.0,31319.07826435,,7956.40766598,,205.0,948.67345945,16127.998653999999,1803.0,0.4933288895089711,0.25404348106363817
2026-08-01,Свердловская область,339.0,838881.10913956,,210010.99212935995,,3093.0,18385.755615870003,317618.844069,38514.0,0.6612044469368349,0.25034655071058654
2026-08-01,Тюменская область,180.0,642146.8286584701,,107766.44517686001,,4686.0,22144.294823319993,237949.691827,22332.0,0.45289592245074645,0.1678221247343048
2026-08-01,Челябинская область,153.0,183122.39854048,,52109.54950804001,,1803.0,8628.820542,90012.40871900001,9067.0,0.5789151768031802,0.2845613093939514
2026-08-01,Ханты-Мансийский автономный округ - Югра,65.0,86735.63965376001,,17519.04586179,,1.0,2.699,43700.481189,3108.0,0.4008890837156224,0.20198209100347075
2026-08-01,Ямало-Ненецкий автономный округ,43.0,27500.129329500003,,17615.86702083,,0.0,0.0,20510.203613,2084.0,0.8588830883016938,0.640573970026136
2026-08-01,Республика Дагестан,26.0,54355.493563899996,,12981.784662469998,,92.0,0.46,19670.814687,2428.0,0.659951551017832,0.23883114311543668
2026-08-01,Республика Ингушетия,1.0,551.3850975700001,,20.28392188,,4.0,0.2876,,13.0,,0.03678721454278131
2026-08-01,Кабардино-Балкарская Республика,13.0,10804.38829106,,8514.617075889999,,0.0,0.0,4887.380698,2096.0,1.742163666393806,0.7880702587239804
2026-08-01,Карачаево-Черкесская Республика,19.0,81606.32193396,,10060.595205669999,,0.0,0.0,18963.494837,1306.0,0.5305243201290407,0.12328205667462315
2026-08-01,Республика Северная Осетия - Алания,23.0,19928.10377179,,10746.711739780001,,76.0,476.620004,10213.549185,1990.0,1.0522014967689217,0.5392741759500934
2026-08-01,Чеченская Республика,5.0,9827.029418199998,,2586.13140238,,0.0,0.0,,80.0,,0.26316512267587144
2026-08-01,Ставропольский край,150.0,229513.40901282002,,61290.08617889,,1264.0,6382.21086009,98670.175829,14723.0,0.6211612137502275,0.2670435964613575
2026-08-01,Республика Адыгея (Адыгея),60.0,112986.96234003,,32179.35646932,,2.0,11.49591,62974.730338999994,5400.0,0.510988396394791,0.2848059263021643
2026-08-01,Республика Калмыкия,8.0,2671.231863,,1955.38704367,,0.0,0.0,,429.0,,0.7320169659379359
2026-08-01,Республика Крым,199.0,461443.65093203,,148328.65092469,,299.0,2243.0754050300397,219371.270157,23160.0,0.6761534945689739,0.32144477581410824
2026-08-01,Краснодарский край,295.0,1652214.8171146745,,322457.8858691997,,2911.0,21644.180413600014,935803.310184,46684.0,0.34457869763871346,0.19516704639673924
2026-08-01,Астраханская область,115.0,77966.72275558,,32283.02774320999,,250.0,1210.6344450000001,51885.61999,6770.0,0.6221960487208585,0.4140616227312123
2026-08-01,Волгоградская область,105.0,81184.39459920001,,29371.227003059994,,356.0,1557.0159519999982,32744.371854999998,6477.0,0.8969855074063687,0.36178414765624695
2026-08-01,Ростовская область,176.0,449262.21572456,,145705.98258925,,2198.0,15218.568529870001,250312.8586,28072.0,0.5820954760541813,0.32432280634653116
2026-08-01,г. Севастополь,18.0,15498.77722005,,5866.49263156,,153.0,963.9587073599998,7329.400310999999,894.0,0.8004055424228281,0.37851325612776787
2026-08-01,Республика Алтай,25.0,39793.63539874,,6603.97001837,,0.0,0.0,10292.273551999999,1357.0,0.6416434605050615,0.16595543363145715
2026-08-01,Республика Тыва,19.0,20102.29720816,,13331.606683950004,,0.0,0.0,8230.805674000001,2105.0,1.6197207432636567,0.6631882190329167
2026-08-01,Республика Хакасия,28.0,20457.251,,5039.986063560002,,104.0,432.6472211000001,9302.755991,874.0,0.5417734345000517,0.24636673146162216
2026-08-01,Алтайский край,90.0,103589.25075232,,42979.36159968002,,68.0,288.9776619999968,41290.116699000006,7837.0,1.0409116039316237,0.4149017517506994
2026-08-01,Красноярский край,111.0,216331.1814235,,53039.02532461998,,1010.0,5633.967319499998,84261.64327500001,8936.0,0.6294563369897674,0.24517512905727773
2026-08-01,Иркутская область,86.0,105777.27172954999,,37991.018055349996,,986.0,4572.295488290005,53194.197023,6431.0,0.7141947840461529,0.35916050238547426
2026-08-01,Кемеровская область,66.0,97063.55739625999,,17683.161073649997,,268.0,1657.7873822299978,25304.969093,3645.0,0.6988019233954177,0.1821812588370201
2026-08-01,Новосибирская область,280.0,640488.62967791,,144114.02400623998,,1302.0,7610.2049638500075,215890.177537,27033.0,0.6675339547652241,0.22500637377233734
2026-08-01,Омская область,57.0,114117.97863542,,31642.10439832,,53.0,372.08525,33714.739721,5953.0,0.9385243564140876,0.27727536692013316
2026-08-01,Томская область,60.0,54551.469665840006,,8830.82662498,,190.0,1187.475325,14810.50022,1528.0,0.5962544474395882,0.16188063638017514
2026-08-01,Республика Бурятия,49.0,41563.00600868,,39435.07999612999,,350.0,2631.2390840600015,24327.39433,6239.0,1.6210153648678902,0.948802403461732
2026-08-01,Республика Саха (Якутия),59.0,187623.02913823997,,39737.38591414,,130.0,717.83958564,41338.917977,4513.0,0.9612584909999083,0.21179375525837843
2026-08-01,Забайкальский край,57.0,53491.81236669,,33190.323082970004,,0.0,0.0,32857.178294,4224.0,1.010139178294286,0.6204748280998238
2026-08-01,Камчатский край,7.0,19092.73879673,,10915.541507610002,,0.0,0.0,,582.0,,0.5717116660853026
2026-08-01,Приморский край,226.0,484752.37499857997,,127571.93327946005,,3205.0,18632.95427482,224935.980954,21999.0,0.5671477401632282,0.2631692795312942
2026-08-01,Хабаровский край,128.0,276395.80347282003,,105142.45506296997,,490.0,4366.42112979,113653.593767,15348.0,0.9251133341064549,0.38040539596437606
2026-08-01,Амурская область,27.0,77745.86096315001,,24952.134792430006,,115.0,1956.7989000999999,19899.093568,1694.0,1.2539332360623636,0.32094486424501517
2026-08-01,Магаданская область,,0.0,,117.24274662,,0.0,0.0,,23.0,,inf
2026-08-01,Сахалинская область,18.0,38360.73071247,,15728.05034714,,6.0,27.63518051,21450.77116,1817.0,0.7332160801970907,0.41000392993106494
2026-08-01,Еврейская автономная область,3.0,2788.4852848,,2086.43702792,,0.0,0.0,,48.0,,0.7482331139752264
2026-08-01,Чукотский автономный округ,4.0,3277.6856099,,3075.93154,,0.0,0.0,,6.0,,0.9384461800452681
2022-09-01,г. Москва,762.0,4701064.00794361,164966.0,1767960.96306381,,64488.0,569334.1582604101,,,,0.37607676902003523
2022-09-01,Московская область,452.0,1186260.7727325703,81437.0,410147.09403995,,39905.0,188928.79887872995,,,,0.34574783510304374
2022-09-01,Воронежская область,110.0,53798.09174985,11769.0,36327.85463105,,16926.0,45423.41932288999,,,,0.6752628847871968
2022-09-01,Калужская область,28.0,16530.056674030002,2600.0,9068.43008332,,3725.0,10417.564350640001,,,,0.5486024798431094
2022-09-01,Орловская область,39.0,12753.79893807,2472.0,7770.6617854,,3496.0,9126.769719880002,,,,0.6092821302211868
2022-09-01,Тверская область,39.0,17378.95387325,2766.0,8004.8731428599995,,4792.0,11830.891979359998,,,,0.4606073070474768
2022-09-01,Владимирская область,59.0,13669.60306965,3362.0,9200.55820956,,1768.0,4380.599014319999,,,,0.6730669619798677
2022-09-01,Белгородская область,23.0,7335.65745833,1591.0,5398.76810552,,2559.0,9056.50350983,,,,0.7359624050315263
2022-09-01,Тульская область,98.0,73768.7949592,6488.0,20878.286056669996,,2441.0,8962.369827120001,,,,0.28302327655233284
2022-09-01,Ярославская область,46.0,17367.97440109,4460.0,13835.23981273,,3338.0,9111.045332209998,,,,0.7965948989343117
2022-09-01,Смоленская область,13.0,4133.55091119,2135.0,4244.21641384,,3458.0,7906.72092493,,,,1.0267725026321597
2022-09-01,Брянская область,22.0,8327.008477309999,2407.0,7604.32771289,,2823.0,7966.53078754,,,,0.9132124380094954
2022-09-01,Тамбовская область,11.0,2664.215,1244.0,3151.52254997,,2251.0,4531.168832779999,,,,1.1829084927342575
2022-09-01,Ивановская область,20.0,3576.59344557,1349.0,3866.20074712,,1226.0,2955.4924396300003,,,,1.0809729442155944
2022-09-01,Липецкая область,24.0,20102.117741870003,1614.0,5222.88978483,,1617.0,4549.86611318,,,,0.25981788843826265
2022-09-01,Курская область,16.0,7156.534,1365.0,4491.21240787,,1871.0,5195.17002973,,,,0.627568094816569
2022-09-01,Рязанская область,35.0,15726.55009079,6097.0,12937.41298823,,610.0,1311.63984083,,,,0.8226478734078231
2022-09-01,Костромская область,18.0,3643.11849039,828.0,2631.19102375,,1737.0,5414.35642333,,,,0.722235917028416
2022-09-01,Приморский край,219.0,224219.81414845996,12963.0,58615.955284,,5845.0,28081.80503797,,,,0.26142183511573747
2022-09-01,Сахалинская область,28.0,60718.231455,1595.0,9643.78743531,,1169.0,7998.36453443,,,,0.15882852982068957
2022-09-01,Хабаровский край,54.0,40043.52325952001,3612.0,18155.220399240003,,2830.0,13603.984255149999,,,,0.4533871877750855
2022-09-01,Амурская область,23.0,7125.911872,1296.0,6296.30412705,,749.0,3168.68686719,,,,0.8835787251018644
2022-09-01,Республика Саха (Якутия),29.0,33630.845560739996,2811.0,14007.19633044,,1034.0,4575.988494099999,,,,0.4164984881257857
2022-09-01,Республика Бурятия,13.0,7869.48881817,1860.0,5932.08042048,,746.0,1902.24743301,,,,0.7538075925317177
2022-09-01,Еврейская автономная область,0.0,0.0,0.0,0.0,,0.0,0.0,,,,
2022-09-01,Забайкальский край,13.0,3671.31555552,509.0,1997.0575806400002,,595.0,2369.94053205,,,,0.5439623890780316
2022-09-01,Камчатский край,0.0,0.0,0.0,0.0,,0.0,0.0,,,,
2022-09-01,Магаданская область,1.0,129.659,9.0,38.314599,,0.0,0.0,,,,0.2955028112202007
2022-09-01,Чукотский автономный округ,0.0,0.0,0.0,0.0,,0.0,0.0,,,,
2022-09-01,Республика Татарстан (Татарстан),256.0,258201.36099111,17096.0,75977.70128642999,,21749.0,84946.34651201997,,,,0.29425755540090254
2022-09-01,Нижегородская область,157.0,100562.6165883,12042.0,56688.52945938,,12466.0,47656.619290859984,,,,0.5637137475396145
2022-09-01,Пермский край,136.0,79768.59022520999,13639.0,48008.60887656,,12931.0,38983.31558698999,,,,0.6018485313707777
2022-09-01,Чувашская Республика - Чувашия,63.0,22418.67444689,5509.0,16784.65097734,,12597.0,31763.14936971,,,,0.7486906068912753
2022-09-01,Самарская область,95.0,94136.06615560001,10498.0,33671.39487504,,7691.0,24415.613602980004,,,,0.35768856985571984
2022-09-01,Удмуртская Республика,87.0,52777.44359411,9934.0,28128.64285856,,11773.0,32283.10991728,,,,0.5329671341205161
2022-09-01,Республика Башкортостан,141.0,119993.29654946,13794.0,45942.01794998001,,9113.0,25336.11550503,,,,0.38287153758662823
2022-09-01,Кировская область,32.0,7073.095182720001,1765.0,5050.42127858,,5176.0,12388.54477191,,,,0.7140327039452946
2022-09-01,Пензенская область,94.0,48579.57893358,10374.0,30811.05510148,,6093.0,15989.49685813,,,,0.6342388258162168
2022-09-01,Ульяновская область,78.0,22271.73651295,5119.0,13668.75244973,,4903.0,11935.419614030001,,,,0.6137263900272097
2022-09-01,Оренбургская область,25.0,7541.120015979999,2806.0,6853.73666186,,9043.0,18945.667841739996,,,,0.9088486388409943
2022-09-01,Саратовская область,36.0,11662.354377290001,3674.0,8703.32044268,,6996.0,13776.134003599998,,,,0.7462747367399415
2022-09-01,Республика Марий Эл,34.0,5062.192,1879.0,3886.8880310500003,,2781.0,6780.73421644,,,,0.7678270660318692
2022-09-01,Республика Мордовия,17.0,4980.139499,1121.0,3371.30878136,,1297.0,3714.6619837800004,,,,0.6769506721723259
2022-09-01,г. Санкт-Петербург,336.0,864792.2175983001,59753.0,365891.47983304,,16932.0,100032.98505681998,,,,0.4230975630761264
2022-09-01,Ленинградская область,166.0,224197.03828048005,23357.0,101519.875262,,16118.0,62617.921539049996,,,,0.4528154164775108
2022-09-01,Вологодская область,50.0,8448.163162359999,3299.0,9595.7545155,,3441.0,10318.28334575,,,,1.1358391559307222
2022-09-01,Республика Карелия,16.0,7031.5377092,2053.0,6091.13512832,,2335.0,5902.55965343,,,,0.8662593276503964
2022-09-01,Калининградская область,95.0,53803.914614940004,8604.0,29288.40636518,,9202.0,27008.81523456,,,,0.544354561834193
2022-09-01,Архангельская область,43.0,10743.289985180001,3782.0,12615.20101549,,696.0,2196.30753702,,,,1.1742400170610898
2022-09-01,Новгородская область,3.0,852.063688,332.0,945.1663194299999,,1683.0,4597.16210066,,,,1.1092672211493186
2022-09-01,Псковская область,18.0,4791.12525004,1463.0,3163.84523541,,1055.0,2243.4046515400005,,,,0.6603553591890727
2022-09-01,Мурманская область,0.0,0.0,0.0,0.0,,0.0,0.0,,,,
2022-09-01,Ненецкий автономный округ,0.0,0.0,0.0,0.0,,0.0,0.0,,,,
2022-09-01,Республика Коми,4.0,1025.80234739,625.0,1984.7271636500002,,2149.0,5971.058464219999,,,,1.9348046616386094
2022-09-01,Ставропольский край,58.0,31983.25624559,8114.0,21470.56689146,,11001.0,26828.469005310002,,,,0.6713064713171742
2022-09-01,Республика Северная Осетия - Алания,7.0,2522.43557635,920.0,2142.5818620699997,,441.0,1232.70997611,,,,0.849409944166085
2022-09-01,Республика Ингушетия,0.0,0.0,0.0,0.0,,18.0,35.135304,,,,
2022-09-01,Чеченская Республика,0.0,0.0,1.0,0.0,,0.0,0.0,,,,
2022-09-01,Кабардино-Балкарская Республика,3.0,131.39,164.0,330.01848239,,38.0,99.79161983,,,,2.5117473353375446
2022-09-01,Карачаево-Черкесская Республика,0.0,0.0,0.0,0.0,,0.0,0.0,,,,
2022-09-01,Республика Дагестан,0.0,0.0,322.0,1.485,,0.0,0.0,,,,inf
2022-09-01,Новосибирская область,277.0,188066.74198352,24243.0,84420.38472614999,,24222.0,76780.71521234997,,,,0.44888524061073815
2022-09-01,Красноярский край,144.0,145864.22713004999,8485.0,37233.639883669995,,10248.0,37629.13085569,,,,0.2552623121944295
2022-09-01,Иркутская область,70.0,43763.455167800006,4739.0,16824.32784851,,4637.0,16673.41268406,,,,0.3844378325249076
2022-09-01,Алтайский край,49.0,26751.46426809,5562.0,14897.387322319999,,11672.0,30169.178096480002,,,,0.5568811924844831
2022-09-01,Республика Хакасия,29.0,10205.15793,1134.0,2922.3788032800003,,1837.0,5661.3264654899995,,,,0.2863629179798495
2022-09-01,Республика Алтай,3.0,640.1149,102.0,325.52765419,,92.0,216.91565,,,,0.508545659833883
2022-09-01,Кемеровская область,42.0,13892.842059,4602.0,11962.90411144,,1998.0,4254.62156798,,,,0.8610840071913324
2022-09-01,Томская область,12.0,8682.713969,1399.0,5752.77046512,,1144.0,3825.896497,,,,0.6625544139377604
2022-09-01,Омская область,39.0,18808.981614,1495.0,5154.500126,,530.0,1490.00283717,,,,0.2740446150557867
2022-09-01,Республика Тыва,2.0,252.64792,106.0,432.71954487,,0.0,0.0,,,,1.7127374128787602
2022-09-01,Тюменская область,253.0,198685.90453133,28307.0,96338.02299364,,21378.0,67399.93053078999,,,,0.4848759816197673
2022-09-01,Свердловская область,232.0,221766.13155941002,28917.0,111577.97828431,,24331.0,90478.65376943997,,,,0.5031335375682414
2022-09-01,Ханты-Мансийский автономный округ - Югра,44.0,33838.33401542,3760.0,16349.257629540001,,4565.0,18819.28611232,,,,0.48315787716055136
2022-09-01,Челябинская область,86.0,37887.63517696,6806.0,19481.47074289,,12921.0,30009.48745982,,,,0.5141907287667549
2022-09-01,Курганская область,32.0,7021.93406005,1879.0,5042.3892675100005,,2510.0,5967.444502180001,,,,0.7180912301922265
2022-09-01,Ямало-Ненецкий автономный округ,7.0,3007.43160571,868.0,3156.91677606,,676.0,3301.36634494,,,,1.0497052601516135
2022-09-01,Ростовская область,144.0,115491.92570769,19557.0,61149.73228181,,23377.0,60654.93734453998,,,,0.5294719254797079
2022-09-01,Краснодарский край,312.0,495285.66966717,31318.0,118359.20710342,,33009.0,98850.18356296002,,,,0.23897159629705605
2022-09-01,Республика Крым,61.0,63413.77184607,6636.0,26147.68057219,,3092.0,9824.71848906,,,,0.41233441586885317
2022-09-01,Волгоградская область,43.0,22099.18954223,4237.0,11684.44608637,,5720.0,13143.199190400002,,,,0.5287273573558815
2022-09-01,г. Севастополь,7.0,6447.413322060001,506.0,2284.56034136,,1479.0,5996.70477708,,,,0.3543375036223154
2022-09-01,Республика Калмыкия,5.0,652.582,367.0,622.37309413,,355.0,836.93936037,,,,0.9537086437106755
2022-09-01,Астраханская область,26.0,10918.85582627,1563.0,5802.712428229999,,678.0,2593.27490298,,,,0.5314396050792318
2022-09-01,Республика Адыгея (Адыгея),4.0,3061.951,487.0,1446.7889686800002,,2127.0,4880.9092985,,,,0.4725055915917662
2023-09-01,г. Москва,1068.0,6491387.982924323,185185.0,2101960.69363194,,150277.0,1450737.570518391,,,,0.32380758924919817
2023-09-01,Московская область,577.0,1686075.80183559,85025.0,446832.89978642,,94510.0,487385.79382833,,,,0.2650135298187447
2023-09-01,Воронежская область,150.0,85125.04356182,11957.0,41996.13914767,,27845.0,83706.50451129,,,,0.49334646292628703
2023-09-01,Калужская область,29.0,20432.98145905,2328.0,9075.19061138,,6597.0,21468.61800162,,,,0.44414421994987396
2023-09-01,Орловская область,24.0,11210.897052,1626.0,5767.00440352,,5973.0,17449.13715008,,,,0.514410611101917
2023-09-01,Тверская область,56.0,21793.93069268,2493.0,8020.98879678,,7891.0,22169.50839554,,,,0.3680377307740102
2023-09-01,Владимирская область,74.0,21206.341322,3497.0,11734.89766184,,3823.0,10675.19326407,,,,0.5533673858991375
2023-09-01,Белгородская область,33.0,13161.60608722,1969.0,7751.91525973,,3942.0,14540.51443084,,,,0.5889794306530081
2023-09-01,Тульская область,97.0,81721.25750514,7310.0,25837.87818261,,6739.0,26065.47895654,,,,0.3161708345100402
2023-09-01,Ярославская область,47.0,19714.17194841,3908.0,13570.14919755,,7519.0,23994.36514866,,,,0.6883448735793576
2023-09-01,Смоленская область,23.0,8773.15142736,2146.0,5175.17147543,,5055.0,12344.78195026,,,,0.5898873988759251
2023-09-01,Брянская область,22.0,8340.71514444,2377.0,7551.96451775,,5136.0,16367.5882172,,,,0.9054336932707995
2023-09-01,Тамбовская область,20.0,5325.93967,1080.0,2869.63495761,,3685.0,9816.05694573,,,,0.5388035042481059
2023-09-01,Ивановская область,26.0,7348.613607,1885.0,5724.44631831,,2612.0,7480.21915839,,,,0.7789831694045143
2023-09-01,Липецкая область,45.0,35405.8772116,1753.0,5751.53512557,,2872.0,9312.52908918,,,,0.16244577393737414
2023-09-01,Курская область,18.0,7910.123,1157.0,3916.59400419,,3448.0,11176.81682117,,,,0.4951369282361349
2023-09-01,Рязанская область,55.0,30749.46021334,7638.0,20597.6492688,,4337.0,9826.75149496,,,,0.6698540112864858
2023-09-01,Костромская область,18.0,4253.55178439,1012.0,3912.70851797,,2924.0,9831.03932774,,,,0.9198685513431735
2023-09-01,Приморский край,336.0,356557.04221015,16113.0,79820.39316553,,13621.0,63654.42890088,,,,0.22386430140534125
2023-09-01,Сахалинская область,119.0,63221.59049103,2149.0,14018.40897118,,1859.0,12172.28573759,,,,0.2217345192093666
2023-09-01,Хабаровский край,146.0,91780.8013356,5234.0,27452.03874241,,6077.0,30854.14776687,,,,0.299104369791135
2023-09-01,Амурская область,53.0,31861.757047,1929.0,10605.46481714,,1874.0,8862.17686784,,,,0.33285875607850623
2023-09-01,Республика Саха (Якутия),57.0,87237.7776179,3500.0,17677.38144755,,3197.0,16320.07589701,,,,0.2026344770608054
2023-09-01,Республика Бурятия,21.0,12380.77183,2366.0,9419.96207508,,2474.0,8515.45098229,,,,0.7608541861868721
2023-09-01,Еврейская автономная область,1.0,149.983,11.0,192.8741958,,0.0,0.0,,,,1.285973715687778
2023-09-01,Забайкальский край,25.0,11003.541635,1103.0,5516.0022758,,1258.0,5491.87390069,,,,0.501293352519768
2023-09-01,Камчатский край,2.0,2083.182,33.0,93.19402892,,0.0,0.0,,,,0.044736383532499806
2023-09-01,Магаданская область,3.0,7620.7817918,11.0,69.0714355,,0.0,0.0,,,,0.009063562950237103
2023-09-01,Чукотский автономный округ,0.0,0.0,0.0,0.0,,0.0,0.0,,,,
2023-09-01,Республика Татарстан (Татарстан),357.0,402520.54480479,16798.0,90607.14190567,,38617.0,166919.71916094,,,,0.22509942181860967
2023-09-01,Нижегородская область,308.0,156149.52114826,12669.0,58038.78599408,,21878.0,97928.21779386,,,,0.3716872492934105
2023-09-01,Пермский край,161.0,116030.26172989,13964.0,59634.33388257,,23980.0,80647.50206357,,,,0.5139550061637747
2023-09-01,Чувашская Республика - Чувашия,75.0,31915.19757738,7198.0,26702.1700568,,17252.0,48458.83607727,,,,0.8366600266866356
2023-09-01,Самарская область,127.0,120235.4363117,10144.0,45103.31126531,,16745.0,56943.9137817,,,,0.37512494360134857
2023-09-01,Удмуртская Республика,106.0,70737.9887425,11785.0,37541.1761976,,19667.0,59175.08752989,,,,0.5307074298402399
2023-09-01,Республика Башкортостан,164.0,152149.87895226,15098.0,60411.03157252,,21420.0,72647.70504484,,,,0.3970494882317661
2023-09-01,Кировская область,48.0,12619.467,2791.0,11670.37146246,,7825.0,21836.32323925,,,,0.9247911550036146
2023-09-01,Пензенская область,110.0,66617.24445673,10894.0,38175.63093431,,11999.0,35046.34410538,,,,0.57305929186408
2023-09-01,Ульяновская область,54.0,18488.6647613,3263.0,9437.70036539,,10707.0,31295.03355758,,,,0.5104587317276017
2023-09-01,Оренбургская область,31.0,9204.06785297,3356.0,9355.01027695,,12748.0,29656.91179209,,,,1.0163995340311724
2023-09-01,Саратовская область,40.0,13205.88437625,4498.0,12573.34938443,,10619.0,24543.7717627,,,,0.9521020346840551
2023-09-01,Республика Марий Эл,28.0,5119.76985,1954.0,5567.93242243,,4832.0,12713.74921102,,,,1.0875356872594577
2023-09-01,Республика Мордовия,22.0,6366.06834098,1342.0,4914.82847004,,2377.0,7216.6753262,,,,0.7720351411250174
2023-09-01,г. Санкт-Петербург,431.0,1196891.24011886,67677.0,434106.09006563,,53339.0,346887.73171713,,,,0.3626946839568481
2023-09-01,Ленинградская область,317.0,441055.34578182,28112.0,129186.64125217,,30784.0,140137.82385776,,,,0.29290347002409006
2023-09-01,Вологодская область,57.0,10622.42028713,3496.0,10287.53351539,,6678.0,21997.7517787,,,,0.9684735905106536
2023-09-01,Республика Карелия,20.0,8814.674007,1913.0,7080.8810659,,4241.0,12650.84088772,,,,0.803306062172788
2023-09-01,Калининградская область,110.0,71870.30676019,7630.0,27611.9422084,,15302.0,50379.8706429,,,,0.3841912390959023
2023-09-01,Архангельская область,57.0,22135.11258544,5018.0,19743.26423198,,3538.0,12971.58711786,,,,0.891943248798594
2023-09-01,Новгородская область,3.0,625.88057861,461.0,1599.32345035,,2659.0,8230.6568469,,,,2.555317268194982
2023-09-01,Псковская область,23.0,6362.22156878,1657.0,4707.68677491,,2304.0,5346.22408372,,,,0.73994385829174
2023-09-01,Мурманская область,0.0,0.0,2.0,0.8,,0.0,0.0,,,,inf
2023-09-01,Ненецкий автономный округ,0.0,0.0,0.0,0.0,,0.0,0.0,,,,
2023-09-01,Республика Коми,4.0,1226.042131,985.0,3037.84146858,,3337.0,9951.25107728,,,,2.4777627063290537
2023-09-01,Ставропольский край,91.0,60326.74530265,10846.0,33444.13799291,,18959.0,51780.28643133,,,,0.5543832644231991
2023-09-01,Республика Северная Осетия - Алания,10.0,6660.612319,1384.0,5143.43350972,,1286.0,3746.14426706,,,,0.7722163163659729
2023-09-01,Республика Ингушетия,0.0,0.0,13.0,19.36,,18.0,35.135304,,,,inf
2023-09-01,Чеченская Республика,0.0,0.0,8.0,6.687,,0.0,0.0,,,,inf
2023-09-01,Кабардино-Балкарская Республика,3.0,1618.546,352.0,933.02227538,,82.0,210.66503821,,,,0.5764570641674688
2023-09-01,Карачаево-Черкесская Республика,1.0,342.11217,65.0,264.03009496,,0.0,0.0,,,,0.7717646962398327
2023-09-01,Республика Дагестан,4.0,5162.547268,772.0,1759.8951686,,0.0,0.0,,,,0.34089666926803625
2023-09-01,Новосибирская область,374.0,286533.01286669,28292.0,111854.36729752,,45702.0,161250.30898208,,,,0.390371657975622
2023-09-01,Красноярский край,175.0,182403.31233664,12749.0,57466.5431202,,18396.0,78099.10552788,,,,0.3150520809300923
2023-09-01,Иркутская область,90.0,73022.12293045,6311.0,22103.47109389,,9706.0,38318.77277525,,,,0.3026955422118099
2023-09-01,Алтайский край,45.0,29353.653791,7720.0,26650.92899125,,16772.0,46033.87440946,,,,0.9079254385503902
2023-09-01,Республика Хакасия,34.0,14114.30944,2348.0,7113.89399984,,3168.0,9958.39723514,,,,0.5040199827048711
2023-09-01,Республика Алтай,17.0,3594.673384,449.0,1680.04197432,,132.0,345.82392,,,,0.4673698539060371
2023-09-01,Кемеровская область,54.0,27175.92571774,6305.0,19232.30808248,,4947.0,11902.68847844,,,,0.7076965208925878
2023-09-01,Томская область,39.0,19843.94848,1255.0,5907.95839131,,3004.0,12442.46645438,,,,0.2977209095893601
2023-09-01,Омская область,41.0,27618.3388571,2720.0,11101.04071497,,1833.0,6293.627205,,,,0.40194454751271885
2023-09-01,Республика Тыва,4.0,3151.607,709.0,3298.14631838,,267.0,1191.2718124,,,,1.0464966978370083
2023-09-01,Тюменская область,403.0,386768.59549625,32502.0,128385.75320513,,45556.0,156693.29782081,,,,0.33194461675566617
2023-09-01,Свердловская область,277.0,370054.75333651,37172.0,152986.49886702,,49189.0,199110.92474243,,,,0.41341584586511565
2023-09-01,Ханты-Мансийский автономный округ - Югра,65.0,43994.83834821,3589.0,15425.06689338,,8658.0,39160.46087246,,,,0.35061083237296614
2023-09-01,Челябинская область,123.0,70634.02930787,6100.0,22020.80820623,,22329.0,61817.38533187,,,,0.3117591962685393
2023-09-01,Курганская область,29.0,9003.90925665,1991.0,5265.17563914,,4846.0,12843.85829815,,,,0.5847655156288153
2023-09-01,Ямало-Ненецкий автономный округ,12.0,6863.37135526,1311.0,6909.21357614,,1310.0,7082.97871864,,,,1.006679256958006
2023-09-01,Ростовская область,154.0,172523.70497956,22567.0,80140.6836436,,40902.0,126606.87599317,,,,0.464519838900369
2023-09-01,Краснодарский край,364.0,848757.84605649,48763.0,227104.28569397,,63852.0,251636.69037527,,,,0.26757253172874335
2023-09-01,Республика Крым,71.0,124071.50306755,6528.0,30843.81783854,,6609.0,23934.64406544,,,,0.24859711598518527
2023-09-01,Волгоградская область,68.0,39715.85000444,6082.0,20458.88669516,,10408.0,28503.12811791,,,,0.5151315329490069
2023-09-01,г. Севастополь,10.0,12592.59549606,559.0,2851.20699344,,2070.0,8386.0287341,,,,0.22641932668543926
2023-09-01,Республика Калмыкия,6.0,1268.925417,498.0,1116.08298862,,593.0,1365.63273469,,,,0.8795497147962007
2023-09-01,Астраханская область,53.0,23972.10459049,3008.0,10827.73368302,,1954.0,8460.84671158,,,,0.4516805623864783
2023-09-01,Республика Адыгея (Адыгея),15.0,16296.361066,1765.0,6074.88724981,,2609.0,6859.17868174,,,,0.3727756905487553
2024-09-01,г. Москва,1339.0,7763400.07542463,230052.0,2713086.53251851,,246491.0,2622646.28441863,,,,0.349471430836973
2024-09-01,Московская область,691.0,2108606.6027236795,96150.0,551233.70315389,,153725.0,844754.0712399201,,,,0.261420837078791
2024-09-01,Воронежская область,175.0,128190.17199974,12846.0,54162.94147603,,42138.0,141550.58976751,,,,0.42252023404836253
2024-09-01,Калужская область,40.0,23011.30465111,2539.0,9689.8529439,,9210.0,33754.32039661,,,,0.42109098509686577
2024-09-01,Орловская область,30.0,18192.344552,1947.0,7723.52964168,,7826.0,24617.31634944,,,,0.42454833787934737
2024-09-01,Тверская область,52.0,25764.017724,2088.0,7535.4396041400005,,11649.0,37287.818880260005,,,,0.2924792120881247
2024-09-01,Владимирская область,62.0,23280.145143,4736.0,17462.46787294,,5813.0,18499.59014927,,,,0.7501013316573204
2024-09-01,Белгородская область,28.0,11114.832553,1723.0,8236.37568182,,6461.0,25914.7931209,,,,0.7410256198233884
2024-09-01,Тульская область,115.0,101645.92543426,10701.0,43091.98428588,,12811.0,52493.94768561,,,,0.42394207246162513
2024-09-01,Ярославская область,71.0,31025.269841100002,4300.0,16999.92022116,,11972.0,41420.74382989,,,,0.547937868332083
2024-09-01,Смоленская область,38.0,14093.44469,2915.0,10507.771029520001,,6738.0,17230.30876122,,,,0.7455786190423543
2024-09-01,Брянская область,22.0,10476.07114444,2579.0,9602.54184468,,8192.0,28068.73827602,,,,0.9166167079512808
2024-09-01,Тамбовская область,25.0,9310.88567,2253.0,7128.40722174,,4519.0,13146.148712229999,,,,0.7655992646014308
2024-09-01,Ивановская область,53.0,15092.394955,2448.0,8602.180086100001,,4174.0,12694.40584539,,,,0.5699678620754728
2024-09-01,Липецкая область,71.0,47264.289869860004,4216.0,16231.10406927,,3478.0,11750.94418418,,,,0.3434115716952816
2024-09-01,Курская область,20.0,8582.59826617,1511.0,6191.91083375,,5393.0,19558.677493990002,,,,0.7214494540839265
2024-09-01,Рязанская область,74.0,53322.194675,11399.0,37288.33702388,,9194.0,23444.651937799998,,,,0.6993023683881219
2024-09-01,Костромская область,28.0,7887.685276,1144.0,5081.85454598,,4389.0,16342.09057414,,,,0.6442770430309446
2024-09-01,Приморский край,363.0,429113.33973386,22631.0,114217.76870686,,23839.0,121493.57564144999,,,,0.2661715638523354
2024-09-01,Сахалинская область,120.0,76927.464016,2035.0,21919.03688709,,3322.0,22703.36996495,,,,0.2849312292750363
2024-09-01,Хабаровский край,221.0,151940.14733025,9723.0,64756.39452082,,10310.0,56002.54878731,,,,0.4261967337708876
2024-09-01,Амурская область,145.0,77354.74995747999,2494.0,27812.61332006,,3548.0,19613.30132264,,,,0.3595462894695919
2024-09-01,Республика Саха (Якутия),124.0,152714.66143522004,5724.0,30870.35706369,,5302.0,30494.28541325,,,,0.2021440297452048
2024-09-01,Республика Бурятия,42.0,31645.42774211,4487.0,19932.53519652,,4258.0,17058.62806618,,,,0.6298709361414677
2024-09-01,Еврейская автономная область,2.0,1575.3452848,0.0,0.0,,11.0,192.87419580000002,,,,0.0
2024-09-01,Забайкальский край,39.0,21831.545333650003,1970.0,14740.34547671,,2504.0,13311.10888845,,,,0.6751856202313815
2024-09-01,Камчатский край,6.0,10528.90388116,257.0,6544.19553396,,79.0,693.82998621,,,,0.6215457570725783
2024-09-01,Магаданская область,6.0,7594.03792693,6.0,0.0,,11.0,69.0714355,,,,0.0
2024-09-01,Чукотский автономный округ,0.0,0.0,0.0,0.0,,1.0,396.5475,,,,
2024-09-01,Республика Татарстан (Татарстан),424.0,563770.74044379,30090.0,182426.78024701,,51033.0,243190.7330521,,,,0.3235832709292557
2024-09-01,Нижегородская область,330.0,199291.76060656004,13848.0,78712.24162987,,32348.0,154469.60955641,,,,0.394959838732435
2024-09-01,Пермский край,234.0,166653.11445209,15610.0,73273.69629656,,35555.0,137758.38471595,,,,0.4396779294372261
2024-09-01,Чувашская Республика - Чувашия,99.0,41025.50344812,8356.0,37884.388147339996,,22453.0,68637.98590172,,,,0.9234350577866232
2024-09-01,Самарская область,152.0,146123.23428912,13832.0,68723.52533567,,25029.0,97484.51344652001,,,,0.4703121010837562
2024-09-01,Удмуртская Республика,115.0,82706.35958758,15127.0,54557.99983109,,28876.0,93941.34749157,,,,0.6596590649515538
2024-09-01,Республика Башкортостан,222.0,271699.74270645,23468.0,113461.81452608999,,34644.0,132312.0282684,,,,0.41760000725755736
2024-09-01,Кировская область,56.0,18094.71335,3551.0,16533.29497766,,10863.0,36746.56746058,,,,0.9137085875781502
2024-09-01,Пензенская область,145.0,87750.883098,10659.0,41707.220355699996,,21312.0,70089.83483417,,,,0.4752911752366236
2024-09-01,Ульяновская область,89.0,31824.262443,4608.0,16768.63998664,,14338.0,45424.22233099,,,,0.5269137035516245
2024-09-01,Оренбургская область,60.0,34156.162185,4070.0,14080.75310681,,17756.0,45137.25400405,,,,0.4122463475417532
2024-09-01,Саратовская область,36.0,16593.641045,3761.0,14548.55753833,,15525.0,40182.446709489996,,,,0.876754986978206
2024-09-01,Республика Марий Эл,35.0,10810.129433,2449.0,7252.99347719,,6983.0,21149.42521748,,,,0.6709441845394415
2024-09-01,Республика Мордовия,28.0,7325.555995770001,1520.0,6795.05866071,,3786.0,12675.93899071,,,,0.9275826523793791
2024-09-01,г. Санкт-Петербург,440.0,1300499.778786,75705.0,476081.48040501,,107874.0,767440.78739902,,,,0.3660757873018832
2024-09-01,Ленинградская область,351.0,535777.5677504699,26652.0,112829.28537939,,55420.0,278233.22649254,,,,0.21058978981355653
2024-09-01,Вологодская область,64.0,20566.00434949,4752.0,14359.80088463,,9514.0,35722.21645482,,,,0.6982299838415671
2024-09-01,Республика Карелия,29.0,14954.24648306,2887.0,12216.40975564,,5783.0,18855.527795349997,,,,0.8169191118709063
2024-09-01,Калининградская область,150.0,88321.39421332999,9020.0,39430.7868628,,23641.0,83323.27726912,,,,0.4464466080274905
2024-09-01,Архангельская область,63.0,34920.987978920006,5684.0,25108.924630650003,,6779.0,27119.20584216,,,,0.7190210267191456
2024-09-01,Новгородская область,3.0,1579.749752,928.0,3624.27926978,,3653.0,12380.79856248,,,,2.2942110072760435
2024-09-01,Псковская область,34.0,11204.62049216,2472.0,7915.4959669499995,,3798.0,10263.84682696,,,,0.7064492699675604
2024-09-01,Мурманская область,1.0,1500.127,18.0,102.7744387,,0.0,0.0,,,,0.06851049191168482
2024-09-01,Ненецкий автономный округ,0.0,0.0,0.0,0.0,,0.0,0.0,,,,
2024-09-01,Республика Коми,7.0,2795.211815,584.0,2357.79165442,,4556.0,14137.87876686,,,,0.8435109073907517
2024-09-01,Ставропольский край,152.0,123452.24475854001,16728.0,60574.76231811,,32376.0,102716.19758858,,,,0.4906736401317615
2024-09-01,Республика Северная Осетия - Алания,27.0,13830.53522,1812.0,7822.02174073,,2073.0,7009.6011219600005,,,,0.5655617527670777
2024-09-01,Республика Ингушетия,1.0,551.3850975700001,5.0,8.20395052,,30.0,62.728404,,,,0.014878803500775575
2024-09-01,Чеченская Республика,2.0,2347.769,103.0,120.64052503,,1.0,2.462689,,,,0.05138517674864947
2024-09-01,Кабардино-Балкарская Республика,7.0,2959.50504,764.0,2541.69447342,,280.0,1152.81791173,,,,0.8588241746734786
2024-09-01,Карачаево-Черкесская Республика,22.0,31998.386432889998,338.0,1773.6712998199998,,23.0,126.456,,,,0.05543002312131922
2024-09-01,Республика Дагестан,14.0,14670.995457,1381.0,5126.60016022,,0.0,0.0,,,,0.349437785271342
2024-09-01,Новосибирская область,551.0,421684.43566178996,35833.0,157699.81527637,,69878.0,275236.7562126,,,,0.37397589747147414
2024-09-01,Красноярский край,183.0,209308.63509439002,15514.0,78709.01622376,,28381.0,128163.32558815,,,,0.37604285264325243
2024-09-01,Иркутская область,104.0,88094.59110651,8101.0,36803.901243809996,,15046.0,64061.284335879995,,,,0.41777708235585725
2024-09-01,Алтайский край,80.0,55371.98048895,9173.0,35147.789008010004,,23441.0,73838.6410271,,,,0.6347576643935298
2024-09-01,Республика Хакасия,34.0,17586.957025,2410.0,9165.49086657,,5395.0,17977.2770073,,,,0.521152741406099
2024-09-01,Республика Алтай,17.0,3616.000128,536.0,2191.58767344,,496.0,1897.417516,,,,0.6060806404484729
2024-09-01,Кемеровская область,93.0,41263.584812,7438.0,29803.92882927,,9243.0,27279.44335833,,,,0.7222816186489599
2024-09-01,Томская область,58.0,26598.649052679993,2568.0,13297.87113542,,4438.0,19770.440458150002,,,,0.49994535846850274
2024-09-01,Омская область,60.0,41829.155107449995,4910.0,23487.04682975,,3183.0,13212.37194985,,,,0.5614994319014307
2024-09-01,Республика Тыва,18.0,10068.794201,3012.0,15473.816227809999,,540.0,2577.8267144,,,,1.5368092662250648
2024-09-01,Тюменская область,503.0,518599.68393262,39523.0,167082.07304969,,72752.0,276615.35745106,,,,0.3221792805245875
2024-09-01,Свердловская область,514.0,615618.1500822401,53564.0,242577.5829204,,76815.0,333331.06567381,,,,0.39403903684125324
2024-09-01,Ханты-Мансийский автономный округ - Югра,84.0,66489.1895411,6007.0,29478.68306423,,11278.0,52550.42894796,,,,0.4433605412802916
2024-09-01,Челябинская область,184.0,134376.88358408998,10411.0,46801.195697489995,,30766.0,96934.99142998,,,,0.34828308596844987
2024-09-01,Курганская область,52.0,19725.21160943,2694.0,9792.814123850001,,6973.0,19189.40162734,,,,0.49646180318635297
2024-09-01,Ямало-Ненецкий автономный округ,32.0,20268.782033,1581.0,10281.69433771,,2129.0,11432.54901742,,,,0.5072674974238793
2024-09-01,Ростовская область,211.0,314444.54918409,32932.0,141566.13339709,,60752.0,213041.47698975,,,,0.45021016826152965
2024-09-01,Краснодарский край,358.0,1204315.3971166397,73214.0,382276.62418132,,103404.0,491616.78238133003,,,,0.31742235057075835
2024-09-01,Республика Крым,127.0,201666.44532734997,14607.0,79887.69502043,,11163.0,44590.95582039,,,,0.39613776546095364
2024-09-01,Волгоградская область,115.0,69753.71664957001,9049.0,32219.35378232,,17845.0,56343.2772008,,,,0.4619016065363825
2024-09-01,г. Севастополь,12.0,13911.8828409,2247.0,12115.0389125,,2998.0,13034.784974709999,,,,0.8708410681034922
2024-09-01,Республика Калмыкия,9.0,1582.861817,635.0,1686.4654916,,844.0,2206.82510284,,,,1.065453391753653
2024-09-01,Астраханская область,94.0,44985.04943826,7990.0,29644.20659273,,3186.0,14523.5037525,,,,0.6589790822263154
2024-09-01,Республика Адыгея (Адыгея),52.0,57433.679131,4306.0,16202.66089257,,4425.0,14798.36042376,,,,0.2821107952289368
2025-09-01,Белгородская область,31.0,11787.89902,1865.0,8771.480133969999,,8093.0,34168.27530031,7228.84659736,,1.2133996780583745,0.7441088627488088
2025-09-01,Брянская область,30.0,16032.657575,3240.0,12565.96110483,,10002.0,35660.02968861001,9647.13113116,,1.302559375837885,0.783772811590782
2025-09-01,Владимирская область,57.0,29177.24822962,4263.0,16539.500948579996,,8807.0,30828.037129360004,19197.4662299,,0.8615460368837513,0.5668629480894471
2025-09-01,Воронежская область,196.0,146553.55442284996,11115.0,46287.013505799994,,52871.0,194026.81384534997,60583.885607499986,,0.7640152664633628,0.3158368535521724
2025-09-01,Ивановская область,49.0,16058.61392,1733.0,7072.677863,,5999.0,19135.683772899996,6411.835739670001,,1.1030659783190282,0.4404289123727809
2025-09-01,Калужская область,44.0,26502.539232,3158.0,14034.496937789998,,10748.0,40830.084979930005,18577.46009186,,0.7554583279088527,0.5295529162294119
2025-09-01,Костромская область,24.0,7235.459522,816.0,3596.3372996,,5931.0,23995.827922009998,3573.68356549,,1.0063390430895338,0.49704338593354647
2025-09-01,Курская область,25.0,14715.47376717,1841.0,8720.93929151,,7325.0,28695.404526519997,6690.55140689,,1.3034709340293065,0.5926373441653155
2025-09-01,Липецкая область,84.0,58611.284084260005,3570.0,15478.44574865,,6365.0,23566.687334710005,27459.688734100004,,0.5636788493319136,0.2640864466712259
2025-09-01,Московская область,769.0,2115101.05755924,86583.0,510423.96229489974,,217076.0,1264596.97399541,784632.7221658203,,0.6505259695083546,0.24132367598733692
2025-09-01,Орловская область,27.0,16889.54625494,1149.0,4505.5936198,,9752.0,32814.301983879996,8439.12480198,,0.5338934694676977,0.26676818617801323
2025-09-01,Рязанская область,73.0,69419.06751,12682.0,40428.544844380005,,14953.0,42774.547970080006,41920.562082929995,,0.9644084629495572,0.582383865046245
2025-09-01,Смоленская область,35.0,11076.553094,1969.0,7388.9678894,,9569.0,28604.498450280003,5981.960092119999,,1.23520848946041,0.6670818824858512
2025-09-01,Тамбовская область,26.0,11735.888,2431.0,8719.256372110001,,5827.0,18587.109962829996,6576.06903047,,1.3259070626706644,0.742956678873384
2025-09-01,Тверская область,48.0,27108.456644,2422.0,9023.639943850003,,13278.0,44223.96003182002,14669.249243479999,,0.615139861220963,0.3328717699554922
2025-09-01,Тульская область,116.0,126407.90954087001,12506.0,50484.50632196,,16984.0,73795.19736133,51138.33049429999,,0.9872145968391974,0.3993777486339763
2025-09-01,Ярославская область,93.0,52348.422553150005,4959.0,20552.214259449993,,15395.0,54928.43025187998,21105.521544419997,,0.9737837663094239,0.39260427071289633
2025-09-01,г. Москва,1440.0,8714534.787059413,225340.0,2964077.38294358,,367315.0,4073909.8902025823,4011497.997067729,,0.7388953914747611,0.3401303059051489
2025-09-01,Республика Карелия,23.0,11603.380569,1808.0,6949.875048320001,,8798.0,31039.35712276,6312.858318719999,,1.1009078134560708,0.5989526075605528
2025-09-01,Республика Коми,8.0,3272.795786,684.0,2410.43061464,,5046.0,16516.262166759996,,,,0.7365050471377012
2025-09-01,Архангельская область,86.0,41808.05631924001,6373.0,29508.99918786999,,10431.0,43267.51389123998,22241.949449329997,,1.326727194263941,0.7058208820458843
2025-09-01,Вологодская область,53.0,19286.483932940002,4398.0,12655.299465639999,,12485.0,50402.104479769994,10784.940826490003,,1.173423171182916,0.6561745266603836
2025-09-01,Калининградская область,184.0,112096.41354326,12102.0,49860.052359910005,,30352.0,118994.36867837993,62018.869925399995,,0.8039497078854332,0.4447961427478509
2025-09-01,Ленинградская область,368.0,524365.38836387,28805.0,122834.88414952999,,71877.0,368737.84981748,243223.18866092002,,0.5050294950321343,0.2342543708554079
2025-09-01,Мурманская область,23.0,18665.131685869994,447.0,2143.48706699,,0.0,0.0,1374.5966618599998,,1.5593571019513435,0.11483910765080095
2025-09-01,Новгородская область,7.0,5006.781,705.0,3036.40605627,,4852.0,17821.882860650003,,,,0.6064587319217677
2025-09-01,Псковская область,33.0,10051.546305,1414.0,5106.534207790001,,6132.0,18521.445808089997,5264.917355000001,,0.9699172586138344,0.5080346896725559
2025-09-01,г. Санкт-Петербург,414.0,1400045.2237820497,73394.0,435801.30594606,,150839.0,1126940.5667601505,662183.7586948802,,0.6581274460808207,0.3112765920295035
2025-09-01,Ненецкий автономный округ,0.0,0.0,0.0,0.0,,0.0,0.0,,,,
2025-09-01,Республика Башкортостан,247.0,251203.24588185,21788.0,108550.04358555003,,49428.0,208644.56313292004,138794.47398607,,0.782091970004833,0.43212038604232467
2025-09-01,Республика Марий Эл,46.0,21960.012801,2600.0,9806.389752849998,,8822.0,28223.809925959995,10497.722224900002,,0.9341445260944129,0.4465566501128561
2025-09-01,Республика Мордовия,30.0,9762.460826229999,1221.0,5975.52433222,,4982.0,18489.05429628,5731.79435659,,1.0425224564014195,0.6120920164068497
2025-09-01,Республика Татарстан (Татарстан),539.0,690318.1362941999,31237.0,188681.85782870004,,68177.0,363811.21135706,246061.20518465995,,0.7668086388795065,0.2733259462681821
2025-09-01,Удмуртская Республика,118.0,79791.37676217999,10513.0,40554.933115429994,,40894.0,142036.66140748,39398.864733580005,,1.0293426825789898,0.5082621050180007
2025-09-01,Чувашская Республика - Чувашия,84.0,40717.30351567,5676.0,27148.684263769992,,29833.0,102884.61945380998,23951.04906571,,1.1335071039805913,0.6667603676977739
2025-09-01,Пермский край,294.0,220061.13445092997,12297.0,60959.572636250006,,48477.0,201204.36749512993,84502.60295518003,,0.7213928388523465,0.2770119893653597
2025-09-01,Кировская область,53.0,19917.292932,3523.0,15759.709728229998,,14768.0,56644.331556039986,12890.12515153,,1.2226188297605003,0.7912576162852811
2025-09-01,Нижегородская область,341.0,244774.24732702004,12176.0,76515.11975493001,,43022.0,218354.91681488,85131.74083023999,,0.8987848598974117,0.31259464829527306
2025-09-01,Оренбургская область,79.0,39596.84288439,3886.0,15325.855256740004,,22527.0,62422.850963230005,11170.107480790002,,1.3720418790147655,0.38704740429651313
2025-09-01,Пензенская область,160.0,109872.88385286,8587.0,30961.655898019995,,29220.0,104302.43118571001,56521.46659550999,,0.5477857841091398,0.28179524203154027
2025-09-01,Самарская область,165.0,166650.78038339,12917.0,70724.95022428999,,32562.0,135024.42136354,79448.00886575,,0.8902041880470523,0.42439015323890505
2025-09-01,Саратовская область,35.0,17144.98342775,2045.0,8988.525726519998,,19083.0,54710.548512930014,9448.813610959998,,0.9512861716410517,0.52426564099045
2025-09-01,Ульяновская область,73.0,29003.451611380002,3429.0,13297.94957053,,18469.0,64067.60759190998,17772.981501989998,,0.7482115237131745,0.4584954145703238
2025-09-01,Курганская область,57.0,25808.92404105,2314.0,8894.121367590002,,9206.0,28188.222909220007,15126.76553272,,0.5879724484623989,0.34461418668378385
2025-09-01,Свердловская область,567.0,681324.4866542103,48686.0,224063.46261028992,,110321.0,510385.28301280004,301330.69150668,,0.7435799569235808,0.32886453811546024
2025-09-01,Тюменская область,563.0,627850.0625542499,38673.0,161024.76091487007,,95732.0,384943.95818984014,260988.12398013007,,0.6169811808261798,0.25647008819236455
2025-09-01,Челябинская область,174.0,145648.16350261,9069.0,44399.19091949002,,39926.0,139207.34141931997,75409.57012866002,,0.5887739559281183,0.304838659491195
2025-09-01,Ханты-Мансийский автономный округ - Югра,90.0,77953.95749194,4552.0,23726.062138359994,,14887.0,71148.86761777,42448.828304,,0.5589332635625247,0.30435994401968797
2025-09-01,Ямало-Ненецкий автономный округ,43.0,28337.961073,2333.0,16553.07686876,,2545.0,16815.957438449997,16788.176554830003,,0.9859961154624405,0.5841308351761246
2025-09-01,Республика Дагестан,37.0,47971.74546815,1872.0,8532.84926337,,224.0,313.93708462,12390.862764890004,,0.6886404462123625,0.17787239509630176
2025-09-01,Республика Ингушетия,1.0,551.3850975700001,28.0,60.67653679,,30.0,62.728404,,,,0.1100438460477197
2025-09-01,Кабардино-Балкарская Республика,14.0,8185.70671525,1254.0,4485.4445220200005,,620.0,2430.75477185,2604.3249613599996,,1.7223060058056907,0.5479605705471468
2025-09-01,Карачаево-Черкесская Республика,44.0,88124.31323200001,953.0,5910.75385846,,23.0,126.456,11432.18107641,,0.5170276624341337,0.06707290691615474
2025-09-01,Республика Северная Осетия - Алания,27.0,15698.621307,1845.0,8476.471977860001,,3027.0,11727.51710316,7036.9556336099995,,1.204565215300572,0.5399500893801643
2025-09-01,Чеченская Республика,3.0,5371.901,102.0,1695.17262911,,42.0,45.112189,,,,0.31556289460844494
2025-09-01,Ставропольский край,160.0,139845.488618,13787.0,49089.10887926998,,48040.0,167428.18895570998,64259.46845617101,,0.7639202448858076,0.3510239004803445
2025-09-01,Республика Адыгея (Адыгея),45.0,54385.3470555,4208.0,19892.55071446,,7836.0,28671.991519729996,29458.311217240003,,0.6752780418321538,0.3657704104408811
2025-09-01,Республика Калмыкия,11.0,2232.353687,560.0,1712.11329357,,1098.0,3022.17511762,1303.1454899999999,,1.3138312695768146,0.7669543153221671
2025-09-01,Республика Крым,161.0,304489.27495731006,21359.0,114418.11929451,,17232.0,87604.87828243997,137303.72374316,,0.8333213125999427,0.375770605748106
2025-09-01,Краснодарский край,391.0,1394217.730102384,61580.0,321783.16860419,,149400.0,772637.14957723,734249.1173129703,,0.4382479474837848,0.23079836216152547
2025-09-01,Астраханская область,117.0,63890.45362563,8458.0,35388.487586769996,,5445.0,25525.58968458,41885.04844028998,,0.8448954675847807,0.5538931965349784
2025-09-01,Волгоградская область,114.0,69760.0718062,6957.0,27265.408917229997,,25647.0,88363.37246618995,32087.410057600002,,0.8497229557725585,0.3908454823982386
2025-09-01,Ростовская область,200.0,368692.84516726993,28367.0,130033.91981505002,,85281.0,327690.43188467016,185890.08053193006,,0.6995204878224489,0.35268902426369503
2025-09-01,г. Севастополь,15.0,11583.648454709999,1534.0,9071.911832959999,,3834.0,18628.425483010004,7357.491126069999,,1.2330170267980678,0.7831653272653739
2025-09-01,Республика Алтай,89.0,16611.896274799998,1054.0,4687.92940562,,608.0,2262.869521,5817.736159419999,,0.8057995889052769,0.28220314695388027
2025-09-01,Республика Тыва,19.0,10360.380353130002,2451.0,14019.59423826,,1863.0,9378.692194759999,6820.354973570001,,2.0555519899753367,1.3531930064734066
2025-09-01,Республика Хакасия,31.0,21686.054203,2358.0,11043.26929307,,7084.0,25960.151359209995,13731.80146679,,0.8042112551494321,0.5092336849154558
2025-09-01,Алтайский край,126.0,68928.52221834002,10090.0,46958.4868103,,28036.0,93197.17765135001,40585.23890584,,1.1570336426809333,0.6812635074570859
2025-09-01,Красноярский край,178.0,212942.75223271005,10930.0,56361.77425341999,,38939.0,186377.06168381992,80539.23595136998,,0.699805176789255,0.26468040664669445
2025-09-01,Иркутская область,116.0,100764.12753974,7132.0,33508.04850787,,21162.0,96722.73338678999,46946.21633242,,0.7137539747741096,0.33253945948824776
2025-09-01,Кемеровская область,145.0,93415.59425926,4598.0,20311.417573509996,,14876.0,51654.58136478,23576.61417946,,0.8615069754674676,0.21743069489167852
2025-09-01,Новосибирская область,594.0,469312.95742970996,30995.0,140543.58319549006,,94625.0,396902.2411628698,184825.1219624799,,0.7604138533939172,0.2994666585921817
2025-09-01,Омская область,85.0,73526.82154270001,4852.0,26058.90893074,,5534.0,25508.714250199995,25189.725734190004,,1.0345054648757153,0.3544136463944186
2025-09-01,Томская область,68.0,32482.935236750003,2365.0,12329.925931250002,,6324.0,29175.222085859998,14252.853335439997,,0.8650847406526945,0.3795816431422852
2025-09-01,Республика Бурятия,52.0,33827.89909146,7216.0,31007.365406689994,,6920.0,31685.929325,19436.366114970002,,1.5953272964336653,0.9166210802171258
2025-09-01,Республика Саха (Якутия),140.0,182212.60608641998,6528.0,41998.41629007999,,7679.0,45211.31035513001,37839.59392356999,,1.1099066331131926,0.23049127715214687
2025-09-01,Забайкальский край,48.0,45361.824562550006,2532.0,20637.631063279998,,4488.0,30158.976903759998,20418.929972190002,,1.0107107028325117,0.45495592962365305
2025-09-01,Камчатский край,10.0,17410.12173504,455.0,10902.908816210002,,134.0,1918.16836835,7406.097493910001,,1.4721530232589313,0.6262396657610132
2025-09-01,Приморский край,416.0,477208.04490517016,24805.0,130749.52913637998,,34691.0,184911.19064460005,207725.66117443008,,0.6294336886312174,0.27398852666526663
2025-09-01,Хабаровский край,223.0,171348.11756283994,11539.0,78896.79482585,,16809.0,96223.71269796003,85356.84476288002,,0.9243171422868788,0.4604473976605871
2025-09-01,Амурская область,144.0,80429.74794666002,2923.0,34282.56061325,,4951.0,28616.583153879998,26156.260035139996,,1.310682818078449,0.42624229825991444
2025-09-01,Магаданская область,4.0,7535.579880719999,11.0,7164.34935,,11.0,69.0714355,,,,0.9507363021033322
2025-09-01,Сахалинская область,50.0,56023.02859297,2083.0,24404.24703209,,4637.0,34369.01372414,28044.661477399997,,0.8701922485944908,0.4356109914977418
2025-09-01,Еврейская автономная область,3.0,1585.4252847999999,3.0,1810.842095,,11.0,192.87419580000002,,,,1.1421806579982963
2025-09-01,Чукотский автономный округ,0.0,0.0,1.0,471.57,,1.0,396.5475,,,,inf
2022-10-01,г. Москва,817.0,5038263.626641042,165532.0,1801556.24777732,,72459.0,643199.5932721301,,,,0.35757482761544157
2022-10-01,Московская область,489.0,1388846.3704490303,83948.0,433055.28084313,,42270.0,199384.56028495,,,,0.3118093477128922
2022-10-01,Воронежская область,108.0,56377.52378956999,11259.0,35720.061579550005,,18203.0,48847.85339453999,,,,0.6335869186606299
2022-10-01,Калужская область,30.0,17407.320344869702,2748.0,9680.806514040001,,3729.0,10464.418542739999,,,,0.5561342195263923
2022-10-01,Орловская область,38.0,13187.102468,2239.0,6987.470326449999,,3838.0,10341.61418011,,,,0.5298715425474163
2022-10-01,Тверская область,44.0,17962.98482859,2347.0,7106.52995045,,5437.0,13477.838830060002,,,,0.3956207733994855
2022-10-01,Владимирская область,57.0,14082.55022965,2980.0,8493.90499709,,2267.0,5657.51220147,,,,0.6031510527977079
2022-10-01,Белгородская область,24.0,7709.3004816,1677.0,5953.46206266,,2581.0,9063.031509829998,,,,0.7722441325084282
2022-10-01,Тульская область,100.0,73752.8969592,6550.0,21490.17660712,,2606.0,9507.49267097,,,,0.2913807795103741
2022-10-01,Ярославская область,46.0,17711.33230394,4225.0,13599.52777621,,3815.0,10379.33616721,,,,0.7678432961920486
2022-10-01,Смоленская область,14.0,4189.025642,2001.0,4046.83087346,,3664.0,8347.17791813,,,,0.9660554074641304
2022-10-01,Брянская область,24.0,9288.80726237,2439.0,7958.39973269,,2907.0,8128.5902385399995,,,,0.8567730503926343
2022-10-01,Тамбовская область,15.0,3451.365555,1210.0,3219.16969669,,2351.0,4771.727732779999,,,,0.9327234815872757
2022-10-01,Ивановская область,19.0,3492.37187758,1447.0,4289.3090957800005,,1227.0,2955.4924396300003,,,,1.2281936878818958
2022-10-01,Липецкая область,27.0,21786.05855987,1703.0,5584.20215641,,1619.0,4555.73801318,,,,0.2563199828488536
2022-10-01,Курская область,17.0,7656.534,1444.0,4714.162443859999,,1871.0,5195.170029729999,,,,0.615704500738846
2022-10-01,Рязанская область,38.0,19708.19199511,5821.0,12693.57508149,,1143.0,2402.60873573,,,,0.6440760818972909
2022-10-01,Костромская область,17.0,3294.0842593899997,687.0,2429.4353971,,1931.0,5899.83012524,,,,0.7375146492305829
2022-10-01,Приморский край,241.0,239780.88548547996,13523.0,61992.00914943,,6031.0,28923.080695880002,,,,0.25853607565055037
2022-10-01,Сахалинская область,30.0,61065.048455,1735.0,10419.242335530002,,1173.0,8031.585829430001,,,,0.17062530202048626
2022-10-01,Хабаровский край,60.0,43674.003355520006,3882.0,19604.63505702,,2903.0,13851.390992150002,,,,0.4488856882991046
2022-10-01,Амурская область,22.0,7097.704658,1245.0,6326.67003329,,857.0,3596.22536536,,,,0.8913684547523477
2022-10-01,Республика Саха (Якутия),30.0,33714.845560739996,3001.0,14910.86036255,,1039.0,4575.9884941,,,,0.44226393787528673
2022-10-01,Республика Бурятия,13.0,7869.48881817,2033.0,6488.3719568100005,,762.0,1914.3485609099998,,,,0.8244972585549503
2022-10-01,Еврейская автономная область,0.0,0.0,0.0,0.0,,0.0,0.0,,,,
2022-10-01,Забайкальский край,15.0,4036.00607652,426.0,1798.27318428,,736.0,2915.84675831,,,,0.44555760080285617
2022-10-01,Камчатский край,0.0,0.0,0.0,0.0,,0.0,0.0,,,,
2022-10-01,Магаданская область,1.0,129.659,9.0,38.314599,,0.0,0.0,,,,0.2955028112202007
2022-10-01,Чукотский автономный округ,0.0,0.0,0.0,0.0,,0.0,0.0,,,,
2022-10-01,Республика Татарстан (Татарстан),270.0,286969.85239217995,17393.0,79150.09116401,,22555.0,88175.78810764999,,,,0.2758132622789991
2022-10-01,Нижегородская область,156.0,104345.89796080999,11809.0,56441.957936269995,,13242.0,50806.26539616,,,,0.5409120917955811
2022-10-01,Пермский край,139.0,82294.97126932004,13342.0,47481.86483489,,14133.0,42950.23597653,,,,0.5769716436196323
2022-10-01,Чувашская Республика - Чувашия,63.0,22930.0684797,5802.0,18070.65520635,,12752.0,32282.422032450002,,,,0.7880768093801359
2022-10-01,Самарская область,93.0,90359.48332384999,10542.0,34289.70008494,,8075.0,25817.06820174,,,,0.37948092246217374
2022-10-01,Удмуртская Республика,88.0,53849.33672186001,10149.0,29297.420227169998,,12210.0,33405.84425179,,,,0.544062787226064
2022-10-01,Республика Башкортостан,153.0,124399.31292689,13513.0,45739.68569369,,10143.0,28743.03246043,,,,0.3676843916378494
2022-10-01,Кировская область,31.0,7795.651468,1848.0,5358.918874569999,,5339.0,12909.91356354,,,,0.6874241231239713
2022-10-01,Пензенская область,96.0,50988.13593357999,10727.0,32227.92072517,,6295.0,16536.73422028,,,,0.6320670511891608
2022-10-01,Ульяновская область,73.0,21737.177484559998,4628.0,12827.3297235,,5605.0,13968.261437610001,,,,0.5901101802481624
2022-10-01,Оренбургская область,27.0,7698.919775859999,2488.0,6256.0673350100005,,9605.0,20227.755412690003,,,,0.8125902746286473
2022-10-01,Саратовская область,40.0,12718.63103229,3487.0,8500.28406196,,7300.0,14384.684208620001,,,,0.6683332538210691
2022-10-01,Республика Марий Эл,37.0,5458.543775,1770.0,3720.48695443,,2985.0,7249.388116549999,,,,0.6815896524398579
2022-10-01,Республика Мордовия,20.0,5271.018499,1181.0,3562.8548883000003,,1298.0,3714.6619848200003,,,,0.6759329129609265
2022-10-01,г. Санкт-Петербург,376.0,923634.2615761299,62645.0,387125.89945946995,,18536.0,110321.23598951001,,,,0.41913332534769915
2022-10-01,Ленинградская область,177.0,239798.95251943002,24026.0,105989.07938442999,,17108.0,67839.44850139998,,,,0.4419914193571888
2022-10-01,Вологодская область,54.0,9566.325108839997,3252.0,9727.840932370002,,3667.0,10977.45211765,,,,1.0168837899289824
2022-10-01,Республика Карелия,15.0,6831.016764,2031.0,6162.648839060001,,2508.0,6320.15982343,,,,0.9021568899578243
2022-10-01,Калининградская область,103.0,54225.44169403,8798.0,30039.14188285,,9333.0,27470.062480560002,,,,0.5539676754012902
2022-10-01,Архангельская область,42.0,10881.188785870001,4018.0,13640.0096235,,759.0,2418.79467265,,,,1.253540389007176
2022-10-01,Новгородская область,3.0,731.77761863,296.0,896.9391993300001,,1783.0,4980.71578566,,,,1.225699142055216
2022-10-01,Псковская область,21.0,5218.04016204,1423.0,3182.74457303,,1157.0,2455.88640364,,,,0.6099501870805267
2022-10-01,Мурманская область,0.0,0.0,0.0,0.0,,0.0,0.0,,,,
2022-10-01,Ненецкий автономный округ,0.0,0.0,0.0,0.0,,0.0,0.0,,,,
2022-10-01,Республика Коми,3.0,878.95058914,493.0,1535.3654587400001,,2331.0,6632.07238307,,,,1.7468165761652907
2022-10-01,Ставропольский край,55.0,32096.75213965,7986.0,21791.683644580004,,11652.0,28386.903362,,,,0.6789373438710061
2022-10-01,Республика Северная Осетия - Алания,7.0,2522.43557635,982.0,2433.4723859,,446.0,1232.70997611,,,,0.9647312338582178
2022-10-01,Республика Ингушетия,0.0,0.0,0.0,0.0,,18.0,35.135304,,,,
2022-10-01,Чеченская Республика,0.0,0.0,1.0,0.0,,0.0,0.0,,,,
2022-10-01,Кабардино-Балкарская Республика,3.0,1618.546,180.0,345.65857566000005,,39.0,99.79161983,,,,0.2135611688886198
2022-10-01,Карачаево-Черкесская Республика,0.0,0.0,0.0,0.0,,0.0,0.0,,,,
2022-10-01,Республика Дагестан,1.0,1938.703539,322.0,1.615,,0.0,0.0,,,,0.0008330309237651832
2022-10-01,Новосибирская область,281.0,196526.13322702004,23707.0,83894.83206027001,,26241.0,84259.39651409,,,,0.4268889367672933
2022-10-01,Красноярский край,147.0,145640.72435634004,8142.0,34979.49345662,,11351.0,43861.37286771999,,,,0.2401765962865954
2022-10-01,Иркутская область,78.0,46492.61254621999,4890.0,17550.42279257,,5048.0,18364.06377896,,,,0.3774884187272223
2022-10-01,Алтайский край,49.0,26750.32740248,5248.0,15240.84574381,,12388.0,31606.42530108,,,,0.56974426946255
2022-10-01,Республика Хакасия,30.0,10303.24773,1227.0,3256.91438271,,1911.0,5721.69824049,,,,0.3161056074801378
2022-10-01,Республика Алтай,4.0,847.1379,124.0,378.77919189,,94.0,216.91565,,,,0.4471281380398634
2022-10-01,Кемеровская область,46.0,16025.329726099999,4826.0,12732.613854430001,,2012.0,4254.62156798,,,,0.7945305383447278
2022-10-01,Томская область,16.0,12977.152789,1533.0,6376.2269556599995,,1145.0,3827.335497,,,,0.4913425201454642
2022-10-01,Омская область,38.0,18808.958319779995,1603.0,5648.8808615,,532.0,1490.00283717,,,,0.300329277435821
2022-10-01,Республика Тыва,2.0,252.64792,137.0,560.70580496,,0.0,0.0,,,,2.219316925150225
2022-10-01,Тюменская область,269.0,219705.07771019006,27759.0,96686.81987359,,23808.0,75564.07671583002,,,,0.4400754906590199
2022-10-01,Свердловская область,234.0,225427.77943374997,28992.0,115342.56281958001,,26271.0,97347.48447513003,,,,0.5116608215247826
2022-10-01,Ханты-Мансийский автономный округ - Югра,46.0,35516.49788203,3370.0,14606.8354471,,5113.0,21539.409466390003,,,,0.41126902476751526
2022-10-01,Челябинская область,87.0,41110.58807411001,6496.0,18486.360329130002,,14064.0,33390.92945981999,,,,0.4496739452085838
2022-10-01,Курганская область,32.0,7286.35934847,2011.0,5518.559476859999,,2518.0,5967.969030080001,,,,0.7573822828294619
2022-10-01,Ямало-Ненецкий автономный округ,9.0,3773.68021828,891.0,3282.79617302,,681.0,3301.36634494,,,,0.8699190135713886
2022-10-01,Ростовская область,145.0,123594.21755561998,19524.0,63519.32374811,,24462.0,63327.02071563999,,,,0.513934429978692
2022-10-01,Краснодарский край,343.0,580631.4539640199,30326.0,120097.20015966,,36801.0,112972.89304206999,,,,0.20683894980154158
2022-10-01,Республика Крым,63.0,66768.44101457,6648.0,27141.03424823,,3286.0,10465.98368406,,,,0.40649495234293953
2022-10-01,Волгоградская область,47.0,25745.35513737,4503.0,13282.91828661,,5905.0,13596.5959804,,,,0.5159345526886723
2022-10-01,г. Севастополь,7.0,8848.63788606,309.0,1620.57285136,,1698.0,6800.06902208,,,,0.18314376429766938
2022-10-01,Республика Калмыкия,5.0,652.581999,386.0,703.4571664800001,,363.0,836.93936037,,,,1.0779598082048845
2022-10-01,Астраханская область,28.0,11861.18682627,1679.0,6454.58146454,,691.0,2593.77490382,,,,0.5441766965717526
2022-10-01,Республика Адыгея (Адыгея),4.0,3061.951,487.0,1588.10770779,,2136.0,5005.43695369,,,,0.5186587596568332
2023-10-01,г. Москва,1088.0,6593157.656823843,193839.0,2193353.8217394,,156402.0,1523940.224247732,,,,0.33267122309282315
2023-10-01,Московская область,608.0,1800098.30742607,90187.0,475981.22204514,,98416.0,512439.32393783,,,,0.26441957090984514
2023-10-01,Воронежская область,149.0,81248.45726925,12745.0,45128.33682131,,29174.0,88857.47707631,,,,0.5554362302752259
2023-10-01,Калужская область,32.0,21269.12961844,2485.0,9852.37031767,,6772.0,22137.6598544,,,,0.4632239538908141
2023-10-01,Орловская область,26.0,12023.577052,1878.0,6718.74647813,,5973.0,17449.66167798,,,,0.5587976397599917
2023-10-01,Тверская область,57.0,21917.11269268,2681.0,9167.76481491,,8146.0,22931.96524432,,,,0.41829254352339496
2023-10-01,Владимирская область,66.0,18624.430031,3435.0,11651.6704493,,4257.0,12157.52225135,,,,0.6256121894686721
2023-10-01,Белгородская область,32.0,12211.305694,1986.0,8769.63547551,,4368.0,15998.84208434,,,,0.7181570665141027
2023-10-01,Тульская область,97.0,81642.69641863,8020.0,28472.08251854,,7016.0,27175.98049564,,,,0.3487401049635466
2023-10-01,Ярославская область,51.0,20209.27143468,4221.0,15083.47801553,,7805.0,25179.54002716,,,,0.7463642647525673
2023-10-01,Смоленская область,22.0,8392.84742736,2377.0,6133.99465,,5103.0,12393.15545026,,,,0.7308597830580925
2023-10-01,Брянская область,23.0,8139.30414444,2629.0,8735.69991933,,5261.0,16862.53030263,,,,1.0732735580715953
2023-10-01,Тамбовская область,18.0,5321.10667,1240.0,3313.55123182,,3758.0,10037.02457377,,,,0.622718437595238
2023-10-01,Ивановская область,28.0,9055.34618,1939.0,6306.52084271,,2859.0,8059.62941167,,,,0.696441717119422
2023-10-01,Липецкая область,46.0,36757.0772116,2070.0,6996.40759418,,2892.0,9397.26297118,,,,0.19034178245195282
2023-10-01,Курская область,19.0,7806.152,1555.0,5503.00712727,,3448.0,11176.81682117,,,,0.7049577214573838
2023-10-01,Рязанская область,60.0,33277.011676,8305.0,23641.59224376,,4607.0,10244.24218369,,,,0.7104481758742404
2023-10-01,Костромская область,21.0,4726.611557,1039.0,3923.38119877,,3155.0,10916.46827704,,,,0.8300621177468169
2023-10-01,Приморский край,347.0,362849.15616834,17217.0,86016.3137045,,14251.0,67311.2173451,,,,0.237058050824276
2023-10-01,Сахалинская область,117.0,63205.25396803,2011.0,20041.40419554,,2142.0,14245.98890106,,,,0.31708446588438977
2023-10-01,Хабаровский край,173.0,108718.28930367,5695.0,33306.0037072,,6540.0,33233.92351777,,,,0.3063514328685789
2023-10-01,Амурская область,54.0,32285.413223,2315.0,12456.4833904,,1874.0,8867.20986784,,,,0.38582387979243987
2023-10-01,Республика Саха (Якутия),81.0,125206.4268669,3908.0,19534.54567591,,3260.0,16598.30573018,,,,0.15601871377318427
2023-10-01,Республика Бурятия,22.0,13063.51183,2600.0,10472.18108146,,2474.0,8515.52898229,,,,0.8016359779619842
2023-10-01,Еврейская автономная область,1.0,149.983,11.0,192.8741958,,0.0,0.0,,,,1.285973715687778
2023-10-01,Забайкальский край,26.0,11466.813949,1260.0,7677.14017836,,1374.0,6199.05079629,,,,0.6695094393704286
2023-10-01,Камчатский край,2.0,2083.182,71.0,359.87104548,,0.0,0.0,,,,0.1727506504376478
2023-10-01,Магаданская область,3.0,7620.7817918,11.0,69.0714355,,0.0,0.0,,,,0.009063562950237103
2023-10-01,Чукотский автономный округ,0.0,0.0,0.0,0.0,,0.0,0.0,,,,
2023-10-01,Республика Татарстан (Татарстан),374.0,423794.82817685,19283.0,103267.13926472,,39660.0,173863.14472495,,,,0.24367248583228704
2023-10-01,Нижегородская область,304.0,150882.08739118,12761.0,60250.36151364,,23556.0,106562.30044538,,,,0.3993208375851381
2023-10-01,Пермский край,167.0,117379.89113753,14658.0,62456.77009026,,25406.0,88099.95290937,,,,0.5320908844350651
2023-10-01,Чувашская Республика - Чувашия,78.0,32728.00432338,8054.0,31094.27108172,,17312.0,48706.07618383,,,,0.9500814890661419
2023-10-01,Самарская область,133.0,126070.27772256,12075.0,53834.58921111,,16880.0,57867.93094668,,,,0.4270204697223128
2023-10-01,Удмуртская Республика,112.0,74712.16230503,13331.0,43521.04268856,,19855.0,59840.13060344,,,,0.5825161706721202
2023-10-01,Республика Башкортостан,171.0,172948.43825844,17207.0,70281.01739403,,22014.0,74979.65767966,,,,0.40636977183342815
2023-10-01,Кировская область,49.0,13448.893,3283.0,14141.18534027,,7868.0,22043.63370897,,,,1.051475786168423
2023-10-01,Пензенская область,114.0,67562.95025373,11332.0,39660.75214689,,12524.0,37326.25781938,,,,0.5870192464648984
2023-10-01,Ульяновская область,58.0,19783.83617011,3981.0,11877.75203114,,10720.0,31343.16875458,,,,0.6003765866745933
2023-10-01,Оренбургская область,30.0,8006.322741,3815.0,10708.39779965,,13122.0,30840.67975421,,,,1.3374926475063016
2023-10-01,Саратовская область,40.0,12665.21519725,4439.0,12697.29211479,,11176.0,26377.78187158,,,,1.002532678445682
2023-10-01,Республика Марий Эл,27.0,5016.085345,2245.0,6661.08935225,,4898.0,13014.21827102,,,,1.3279457772563077
2023-10-01,Республика Мордовия,21.0,6208.06834098,1643.0,6018.27599051,,2431.0,7415.0186362,,,,0.96942811514861
2023-10-01,г. Санкт-Петербург,443.0,1272954.07021965,70743.0,453760.57298525,,57512.0,377418.60350459,,,,0.35646264354765994
2023-10-01,Ленинградская область,313.0,445093.38117068,29539.0,137068.99564941,,32119.0,146453.00344236,,,,0.3079555919004964
2023-10-01,Вологодская область,60.0,15522.42659595,4067.0,13047.55382379,,6699.0,22120.03230945,,,,0.8405614768501642
2023-10-01,Республика Карелия,24.0,10975.290226,2240.0,8407.97098748,,4242.0,12661.89926772,,,,0.7660818816036291
2023-10-01,Калининградская область,113.0,72175.10173765,8363.0,30795.69499999,,15632.0,51723.13411565,,,,0.42668031299671155
2023-10-01,Архангельская область,59.0,24977.91543044,5490.0,21734.40990835,,3560.0,13063.97088214,,,,0.8701450675048241
2023-10-01,Новгородская область,3.0,625.88057861,614.0,1987.1974972,,2707.0,8491.97566948,,,,3.1750425961663633
2023-10-01,Псковская область,22.0,6181.58363578,1700.0,4897.01270411,,2561.0,6035.23700373,,,,0.7921938766249644
2023-10-01,Мурманская область,0.0,0.0,2.0,0.8,,0.0,0.0,,,,inf
2023-10-01,Ненецкий автономный округ,0.0,0.0,0.0,0.0,,0.0,0.0,,,,
2023-10-01,Республика Коми,4.0,1226.042131,1456.0,4488.98701417,,3337.0,9951.25107728,,,,3.6613644023053564
2023-10-01,Ставропольский край,96.0,63283.04764965,12366.0,39949.50366079,,19549.0,53664.78846,,,,0.6312828655465512
2023-10-01,Республика Северная Осетия - Алания,10.0,6660.612319,1531.0,5567.88147125,,1286.0,3746.14426706,,,,0.8359413826514288
2023-10-01,Республика Ингушетия,0.0,0.0,14.0,21.4454,,18.0,35.135304,,,,inf
2023-10-01,Чеченская Республика,0.0,0.0,8.0,7.887,,0.0,0.0,,,,inf
2023-10-01,Кабардино-Балкарская Республика,5.0,1830.8216739,395.0,876.69648432,,157.0,664.19784314,,,,0.47885411059858657
2023-10-01,Карачаево-Черкесская Республика,1.0,342.11217,75.0,341.16104871,,0.0,0.0,,,,0.997219855435134
2023-10-01,Республика Дагестан,4.0,5162.547268,816.0,1994.92238014,,0.0,0.0,,,,0.3864221045501137
2023-10-01,Новосибирская область,394.0,302570.85483738,31496.0,125313.08761846,,47107.0,168897.62870519,,,,0.41416113156639256
2023-10-01,Красноярский край,171.0,180782.55479164,14133.0,64438.81182867,,19121.0,82339.95615829,,,,0.35644375035488696
2023-10-01,Иркутская область,96.0,75461.85916408,7375.0,27219.86146718,,9754.0,38511.15381019,,,,0.36071018881200195
2023-10-01,Алтайский край,46.0,29033.653791,8840.0,31358.7005836,,16772.0,46034.91648946,,,,1.0800810951779252
2023-10-01,Республика Хакасия,36.0,14913.61044,2868.0,9254.83218364,,3168.0,9958.41944694,,,,0.620562822186738
2023-10-01,Республика Алтай,17.0,3594.673384,522.0,2029.85831237,,132.0,345.82392,,,,0.5646850479948917
2023-10-01,Кемеровская область,53.0,26785.06917619,6972.0,21883.62695554,,5129.0,12618.40985634,,,,0.8170084165768356
2023-10-01,Томская область,39.0,20222.62948,1439.0,6611.70866277,,3170.0,13363.03887922,,,,0.3269460417750778
2023-10-01,Омская область,42.0,27618.3388571,3246.0,13515.15297856,,1833.0,6293.627205,,,,0.4893543036200957
2023-10-01,Республика Тыва,6.0,3296.883,928.0,3994.93059258,,267.0,1191.2718124,,,,1.2117295617041917
2023-10-01,Тюменская область,415.0,392170.01399753,36754.0,146956.9307789,,46219.0,159608.32382908,,,,0.374727606735954
2023-10-01,Свердловская область,291.0,394472.127112709,41621.0,170018.51173068,,51174.0,208014.87846218,,,,0.43100259827002213
2023-10-01,Ханты-Мансийский автономный округ - Югра,64.0,47568.23178282,4240.0,18647.44050553,,8778.0,39759.25182218,,,,0.39201458214103324
2023-10-01,Челябинская область,133.0,79407.26248771,7631.0,28349.87319448,,22961.0,64370.95826815,,,,0.35701864421869167
2023-10-01,Курганская область,31.0,9761.30925665,2456.0,6682.0462978,,4846.0,12843.94429815,,,,0.684544062903015
2023-10-01,Ямало-Ненецкий автономный округ,11.0,6598.64112096,1086.0,5979.74141571,,1643.0,8672.38529792,,,,0.906208006481195
2023-10-01,Ростовская область,161.0,174012.85853803,25539.0,93013.9874635,,41791.0,129672.01743508,,,,0.5345236452349414
2023-10-01,Краснодарский край,381.0,913260.75086415,52709.0,254504.92199515,,67710.0,269966.26108425,,,,0.2786771705171071
2023-10-01,Республика Крым,73.0,106793.13917898,7652.0,35718.70390036,,6609.0,23934.64406544,,,,0.3344662791539186
2023-10-01,Волгоградская область,72.0,40321.430711,6938.0,23159.91076826,,10924.0,30611.89636631,,,,0.5743821674944137
2023-10-01,г. Севастополь,9.0,12225.87461,693.0,3522.37339699,,2070.0,8386.0287341,,,,0.2881080911879236
2023-10-01,Республика Калмыкия,7.0,1453.72577607,376.0,765.26770935,,744.0,1900.72806807,,,,0.5264182020757887
2023-10-01,Астраханская область,58.0,26307.10459049,3615.0,13393.41364891,,1954.0,8460.84671158,,,,0.5091177405267059
2023-10-01,Республика Адыгея (Адыгея),17.0,17413.95706,1849.0,5849.7753708,,2963.0,8535.9057576,,,,0.3359245317215684
2024-10-01,г. Москва,1349.0,7806160.677647061,233098.0,2749313.22218718,,253522.0,2713920.43909191,,,,0.3521978775122882
2024-10-01,Московская область,737.0,2111302.0100764493,92759.0,531048.01346042,,161277.0,898015.14257102,,,,0.2515263145328938
2024-10-01,Воронежская область,171.0,131011.515646,13117.0,55352.65832459,,42594.0,144145.48210467002,,,,0.4225022361710232
2024-10-01,Калужская область,44.0,23858.92965111,2665.0,10375.30326506,,9290.0,34084.48788512,,,,0.43486038212017214
2024-10-01,Орловская область,29.0,18313.426552,2020.0,7951.7923678,,7853.0,24880.54038022,,,,0.43420560020383453
2024-10-01,Тверская область,52.0,26076.907724,2044.0,7314.310852899999,,11824.0,38132.489192199995,,,,0.28048996185879205
2024-10-01,Владимирская область,62.0,23764.139793,4535.0,16928.28195181,,6182.0,19910.20341712,,,,0.7123456644871455
2024-10-01,Белгородская область,31.0,12228.430107,1745.0,8353.97069303,,6528.0,26258.21680606,,,,0.6831597040611028
2024-10-01,Тульская область,117.0,102416.23646026001,10918.0,44154.37284783,,13027.0,53624.37541475,,,,0.4311266882469653
2024-10-01,Ярославская область,86.0,46023.42650435,4366.0,17351.88883155,,12324.0,42538.66888044999,,,,0.3770229674209492
2024-10-01,Смоленская область,37.0,14037.78369,2897.0,10066.55586067,,6929.0,18384.71093566,,,,0.7171043579935659
2024-10-01,Брянская область,22.0,10949.64514444,2771.0,10286.329022040001,,8192.0,28068.73827602,,,,0.9394212219985213
2024-10-01,Тамбовская область,25.0,9580.88567,2369.0,7818.38112794,,4520.0,13146.779123010001,,,,0.8160394975196484
2024-10-01,Ивановская область,50.0,14450.409955,2429.0,8680.19109866,,4321.0,13190.667346100001,,,,0.6006882244649785
2024-10-01,Липецкая область,73.0,48508.10338486,4427.0,17042.005030469998,,3512.0,11859.64418418,,,,0.35132284796335755
2024-10-01,Курская область,23.0,9800.82301509,1542.0,6372.06714534,,5394.0,19563.75579477,,,,0.6501563323334317
2024-10-01,Рязанская область,73.0,54579.364412,11342.0,37099.79175565,,9720.0,25355.434897509997,,,,0.679740267321492
2024-10-01,Костромская область,27.0,7904.252276,1251.0,5507.16932957,,4407.0,16469.348439549998,,,,0.6967350151881716
2024-10-01,Приморский край,356.0,425509.92015879997,23556.0,119058.56752211999,,24151.0,123279.95850863,,,,0.27980209598330263
2024-10-01,Сахалинская область,112.0,73227.017635,1776.0,19315.85113792,,3687.0,28504.84135205,,,,0.26378038819223587
2024-10-01,Хабаровский край,222.0,156469.23633025,10067.0,69859.7863274,,10662.0,58201.11251715,,,,0.4464761761855298
2024-10-01,Амурская область,147.0,79249.58106404998,2550.0,28322.21801937,,3663.0,20295.24773864,,,,0.35738003455790907
2024-10-01,Республика Саха (Якутия),129.0,156463.29447134002,6010.0,35377.18126639,,5303.0,30494.28741325,,,,0.22610530722827246
2024-10-01,Республика Бурятия,47.0,32611.50802829,4903.0,21784.941739939997,,4263.0,17088.32383018,,,,0.6680139330276258
2024-10-01,Еврейская автономная область,2.0,1575.3452848,3.0,1810.842095,,11.0,192.87419580000002,,,,1.1494890120104038
2024-10-01,Забайкальский край,41.0,25094.7345823,2184.0,19868.76349104,,2504.0,13326.035977450001,,,,0.7917502943049249
2024-10-01,Камчатский край,6.0,10528.90388116,270.0,6690.608943859999,,79.0,700.48374685,,,,0.6354516119984633
2024-10-01,Магаданская область,6.0,7594.03792693,6.0,0.0,,11.0,69.0714355,,,,0.0
2024-10-01,Чукотский автономный округ,0.0,0.0,0.0,0.0,,1.0,396.5475,,,,
2024-10-01,Республика Татарстан (Татарстан),437.0,577075.47484179,30979.0,189014.57198291,,51842.0,247207.90994373002,,,,0.32753873665265343
2024-10-01,Нижегородская область,358.0,233065.51303644004,12547.0,74166.75495756,,34299.0,164483.95600053,,,,0.3182227777559005
2024-10-01,Пермский край,240.0,168359.63702651,15343.0,72233.60770150999,,36647.0,142952.22784943,,,,0.4290434986512595
2024-10-01,Чувашская Республика - Чувашия,95.0,41766.87111412,8031.0,36242.358107559994,,23128.0,72461.85260881,,,,0.8677297853730693
2024-10-01,Самарская область,154.0,150038.32544588,13960.0,69723.99496061,,25585.0,100056.25957752,,,,0.46470789882122476
2024-10-01,Удмуртская Республика,119.0,87933.54026432,15285.0,56134.88532629,,29307.0,95497.99679707001,,,,0.6383785431310258
2024-10-01,Республика Башкортостан,231.0,285337.40869945,23408.0,113148.11524016,,35846.0,139642.84668935998,,,,0.3965414691185498
2024-10-01,Кировская область,61.0,20306.02035,3845.0,18067.09784364,,10865.0,36759.105360580004,,,,0.889740950330526
2024-10-01,Пензенская область,144.0,87087.594098,9953.0,38230.8379955,,22048.0,73773.33358871001,,,,0.43899292880313917
2024-10-01,Ульяновская область,85.0,31458.621255,4415.0,16433.05808514,,14832.0,47388.85355113,,,,0.5223705753642381
2024-10-01,Оренбургская область,59.0,33857.032185,3726.0,13515.43317158,,18429.0,47148.748314540004,,,,0.3991913141627302
2024-10-01,Саратовская область,37.0,18588.900707,3781.0,14880.04219348,,15726.0,40918.26797989,,,,0.8004799438127419
2024-10-01,Республика Марий Эл,45.0,19142.877433,2462.0,7454.87277521,,7114.0,21589.4082647,,,,0.3894332396632652
2024-10-01,Республика Мордовия,28.0,8312.36411,1376.0,6514.99587093,,3983.0,13438.3580408,,,,0.7837717146067125
2024-10-01,г. Санкт-Петербург,440.0,1308043.88124869,75379.0,474759.33589176,,111874.0,796138.5656971601,,,,0.36295367662936767
2024-10-01,Ленинградская область,355.0,546346.8582168799,25535.0,109894.94440707001,,57913.0,289286.88883318,,,,0.20114501027009787
2024-10-01,Вологодская область,68.0,21486.544861489998,4934.0,15406.99141691,,9551.0,35894.42745482,,,,0.7170529983405435
2024-10-01,Республика Карелия,32.0,15656.24648306,3052.0,12891.54786597,,5783.0,18855.61714535,,,,0.823412423911351
2024-10-01,Калининградская область,146.0,89119.41889204999,9037.0,39593.65086227,,24383.0,87257.67282260001,,,,0.4442763581103422
2024-10-01,Архангельская область,70.0,38285.54906704001,6063.0,27031.03775485,,6779.0,27128.33586016,,,,0.7060376150676912
2024-10-01,Новгородская область,5.0,3263.99139,806.0,3125.8325309899997,,3876.0,13353.10713248,,,,0.9576718065392934
2024-10-01,Псковская область,35.0,11310.17452064,2263.0,7391.949241640001,,4128.0,11305.52848395,,,,0.6535663289854982
2024-10-01,Мурманская область,2.0,2100.127,19.0,102.7744387,,0.0,0.0,,,,0.04893724936634785
2024-10-01,Ненецкий автономный округ,0.0,0.0,0.0,0.0,,0.0,0.0,,,,
2024-10-01,Республика Коми,6.0,2745.817663,570.0,2335.0493915700004,,4597.0,14284.63876818,,,,0.8504022036986949
2024-10-01,Ставропольский край,150.0,126453.23156154001,16382.0,58815.945300019994,,33983.0,109721.33270749,,,,0.4651201442123406
2024-10-01,Республика Северная Осетия - Алания,28.0,14406.465986,1849.0,8108.54978853,,2073.0,7009.8511219600005,,,,0.5628410046162449
2024-10-01,Республика Ингушетия,1.0,551.3850975700001,6.0,11.65797526,,30.0,62.728404,,,,0.021143072802253207
2024-10-01,Чеченская Республика,2.0,2347.769,103.0,406.84427502999995,,1.0,2.462689,,,,0.17328973805770498
2024-10-01,Кабардино-Балкарская Республика,9.0,4725.968644,769.0,2643.43538953,,295.0,1206.45347076,,,,0.5593425578237925
2024-10-01,Карачаево-Черкесская Республика,31.0,48600.93143289,381.0,2003.4446201800001,,23.0,126.456,,,,0.04122235029479696
2024-10-01,Республика Дагестан,14.0,15227.96713107,1443.0,5431.17053997,,0.0,0.0,,,,0.356657621678776
2024-10-01,Новосибирская область,548.0,423655.82017038006,34867.0,153405.4413874,,72698.0,289221.9481393,,,,0.3620992184781163
2024-10-01,Красноярский край,197.0,207054.94314991002,14629.0,75232.20798885,,29908.0,135617.6422306,,,,0.36334417736832814
2024-10-01,Иркутская область,101.0,89977.091572,8173.0,37653.07780624,,15350.0,65735.62585395,,,,0.41847404876506666
2024-10-01,Алтайский край,90.0,56868.47365092001,9379.0,36864.71557036,,23696.0,75023.5998911,,,,0.6482452087012117
2024-10-01,Республика Хакасия,33.0,17764.256025,2265.0,8674.91515571,,5607.0,19117.06855536,,,,0.4883354047308041
2024-10-01,Республика Алтай,17.0,3616.000128,588.0,2424.60187892,,497.0,1900.613901,,,,0.670520407382021
2024-10-01,Кемеровская область,114.0,62611.730416,7428.0,29988.58047941,,9522.0,28434.225642330002,,,,0.47896105538310796
2024-10-01,Томская область,59.0,27001.664052679993,2721.0,14066.50925624,,4439.0,19771.48628289,,,,0.5209497173506186
2024-10-01,Омская область,60.0,51886.98650745,5124.0,25160.340010990003,,3187.0,13221.13526212,,,,0.48490655758891393
2024-10-01,Республика Тыва,21.0,11610.339201,2854.0,14676.15791069,,714.0,3582.5725244,,,,1.2640593574928405
2024-10-01,Тюменская область,486.0,545386.47033168,39893.0,168454.97873719002,,74351.0,284123.76460113,,,,0.3088726763514011
2024-10-01,Свердловская область,511.0,616417.4535032901,54223.0,246747.89695797,,78557.0,342977.90233302,,,,0.40029349518840807
2024-10-01,Ханты-Мансийский автономный округ - Югра,84.0,70219.77543,6040.0,29819.61057031,,11479.0,53593.95827196,,,,0.4246611497645173
2024-10-01,Челябинская область,182.0,132100.27739309,9824.0,44117.27203275,,31934.0,102889.41604331,,,,0.33396804990401724
2024-10-01,Курганская область,55.0,20673.131440139998,2774.0,10164.22356959,,7039.0,19383.65573734,,,,0.49166347144945005
2024-10-01,Ямало-Ненецкий автономный округ,32.0,21555.782033,1714.0,10487.96020702,,2150.0,12312.33369371,,,,0.4865497429396836
2024-10-01,Ростовская область,207.0,307933.03103409,30567.0,132616.09482677002,,64673.0,229975.01587667002,,,,0.4306653767587818
2024-10-01,Краснодарский край,359.0,1205614.7229608295,72537.0,377324.07923281,,107302.0,515962.00334068,,,,0.3129723551369315
2024-10-01,Республика Крым,126.0,205067.69791204,14773.0,80634.70786532,,11470.0,47267.10025715,,,,0.39321018710565897
2024-10-01,Волгоградская область,112.0,68416.74995857,8012.0,29443.7521423,,19277.0,61024.36868406,,,,0.4303588252895638
2024-10-01,г. Севастополь,12.0,13959.4093019,1320.0,8031.24462426,,3109.0,13428.64774071,,,,0.5753284004049424
2024-10-01,Республика Калмыкия,10.0,1844.672817,658.0,1789.2694067300001,,844.0,2206.82510284,,,,0.9699657252172759
2024-10-01,Астраханская область,97.0,47141.05141826,8204.0,31299.476397259998,,3186.0,14534.734215280001,,,,0.6639537187992417
2024-10-01,Республика Адыгея (Адыгея),52.0,58143.795131,4185.0,16744.92157012,,4844.0,15829.45573751,,,,0.2879915480644686
2025-10-01,Белгородская область,32.0,11698.97335,1855.0,9037.90600886,,8222.0,34749.5797299,7710.281566929999,,1.1721888403692398,0.7725383876406556
2025-10-01,Брянская область,30.0,17369.057575,3408.0,13291.97435999,,10108.0,36143.50771861001,9750.496472710001,,1.363210006505002,0.7652674477354308
2025-10-01,Владимирская область,55.0,28444.48255962,3840.0,14670.14743981,,9508.0,33940.66392772001,17658.390988279996,,0.8307748678544203,0.5157466798371594
2025-10-01,Воронежская область,195.0,144654.71923385002,11061.0,45022.04798657001,,53944.0,200238.19626853004,60710.161016779995,,0.7415899946983526,0.3112380171557832
2025-10-01,Ивановская область,49.0,16105.16692,1574.0,6685.089024290001,,6270.0,19972.987528899997,6190.3063511499995,,1.0799286247033775,0.41508970739000584
2025-10-01,Калужская область,44.0,27960.791232,3266.0,14769.158211230006,,10842.0,41116.732395880004,19271.72161785,,0.7663642358527224,0.5282095949533537
2025-10-01,Костромская область,28.0,8108.32219729,870.0,3825.16051318,,5986.0,24317.63113509,3739.04767038,,1.0230306886649692,0.47175734018789517
2025-10-01,Курская область,29.0,14775.68334117,2159.0,10042.121142910002,,7325.0,28695.404526519997,7324.244196910001,,1.3710795097665691,0.6796383565509482
2025-10-01,Липецкая область,81.0,57415.30980426,3309.0,14230.422476269998,,6839.0,25961.463471950006,27414.46757187,,0.5190844009267517,0.24785066082172658
2025-10-01,Московская область,775.0,2120766.5153595996,86178.0,509323.6989031503,,222912.0,1301897.9978113503,791236.1740231002,,0.643706285967002,0.24016019454022206
2025-10-01,Орловская область,26.0,16401.04625494,1251.0,4951.87493155,,9753.0,32820.9079977,9149.883133090003,,0.5411954294412615,0.3019243318125814
2025-10-01,Рязанская область,74.0,70677.090198,13230.0,42430.35997420001,,15058.0,43127.32593008,44174.477491629994,,0.9605175292054002,0.6003410702864602
2025-10-01,Смоленская область,35.0,10113.399094,2110.0,8066.429597090001,,9573.0,28616.14680065,6216.646968310001,,1.2975531083250276,0.7975982676166306
2025-10-01,Тамбовская область,28.0,12772.316373549998,2320.0,8432.21627612,,6037.0,19577.114004019997,6539.786104570001,,1.2893718756684671,0.6601947547730772
2025-10-01,Тверская область,48.0,26591.148114,2549.0,9652.165162709998,,13316.0,44389.401307770015,15262.16743722,,0.6324242741021938,0.3629841449992985
2025-10-01,Тульская область,115.0,131694.93154087002,13078.0,53017.80842773999,,17082.0,74202.38231689998,54030.92642221002,,0.981249294403111,0.4025804775279945
2025-10-01,Ярославская область,89.0,51373.55115115,4745.0,19556.03142016999,,16037.0,57814.03254824998,20998.822235649997,,0.9312918220227342,0.38066341496683215
2025-10-01,г. Москва,1491.0,8731188.938750576,230919.0,3064508.165786179,,371711.0,4141792.9048592625,4108762.784788599,,0.7458469437884212,0.3509840626842175
2025-10-01,Республика Карелия,21.0,10808.174569,1859.0,6810.60577899,,8977.0,31887.176106510004,5856.3158123700005,,1.1629505643470082,0.6301346943936467
2025-10-01,Республика Коми,6.0,3211.601943,662.0,2406.8666397399998,,5106.0,16765.961872179996,,,,0.7494286908706107
2025-10-01,Архангельская область,87.0,41706.20531924,6646.0,30721.76284081,,10560.0,43807.10968572998,24001.049570159998,,1.2800174738610484,0.7366233059481287
2025-10-01,Вологодская область,59.0,19721.81154294,4637.0,13471.31187536,,12530.0,50641.53992777,11956.817153119999,,1.126663701789971,0.6830666567332884
2025-10-01,Калининградская область,197.0,124206.77241625999,11404.0,46818.73124153,,31986.0,127163.88068978993,60287.513309089976,,0.7765908506043955,0.37694185534927344
2025-10-01,Ленинградская область,371.0,525230.7329692,28181.0,118399.26137340002,,74396.0,385048.7094439,241616.9540901699,,0.49002878055160887,0.22542333100744708
2025-10-01,Мурманская область,23.0,19855.131685869997,512.0,2395.62038846,,0.0,0.0,1766.65117572,,1.3560234308754602,0.12065497355350481
2025-10-01,Новгородская область,7.0,5051.781,807.0,3455.1787752600003,,4889.0,18070.399526650002,,,,0.6839526050832371
2025-10-01,Псковская область,34.0,10054.856785,1466.0,5243.535284529999,,6229.0,18931.255752089997,5486.6110444800015,,0.9556965569493837,0.521492786685176
2025-10-01,г. Санкт-Петербург,425.0,1400289.6447845597,76000.0,465108.77975509,,152200.0,1136055.2430889502,679391.9297693297,,0.6845956794232246,0.33215183836244744
2025-10-01,Ненецкий автономный округ,0.0,0.0,0.0,0.0,,0.0,0.0,,,,
2025-10-01,Республика Башкортостан,255.0,262661.38125096,22004.0,109813.81101936003,,50707.0,215581.8185384201,142493.24485795002,,0.7706597679688763,0.41808129728229193
2025-10-01,Республика Марий Эл,47.0,22046.81832921,2508.0,9500.230560579997,,9130.0,29714.1298001,11118.559897090003,,0.8544479364694019,0.43091163626059675
2025-10-01,Республика Мордовия,24.0,7741.61335818,1048.0,5195.443443130001,,5251.0,20008.73876928,5031.67565001,,1.0325473668239475,0.6711060347182481
2025-10-01,Республика Татарстан (Татарстан),534.0,694810.7181534601,31432.0,194951.61675727015,,69771.0,372738.78151612997,255883.01648649992,,0.761877905904535,0.28058233942529937
2025-10-01,Удмуртская Республика,115.0,80546.86110217999,10751.0,42235.016204839994,,41360.0,143801.88655593,41104.381631680015,,1.0275064245775827,0.5243533469449737
2025-10-01,Чувашская Республика - Чувашия,83.0,41496.83087567,5568.0,27255.0754909,,30421.0,105924.39932224998,24795.26767485,,1.099204729237305,0.6567989630957558
2025-10-01,Пермский край,294.0,220889.22130423,12895.0,64779.16947452,,48913.0,203290.56257010993,89026.62944552996,,0.7276381221885354,0.2932654164473687
2025-10-01,Кировская область,61.0,20835.53320355,3405.0,15359.146528009998,,15220.0,58808.43736118999,12886.802432649998,,1.1918508573621078,0.7371611937146431
2025-10-01,Нижегородская область,337.0,253344.59294269007,12615.0,78316.27429949997,,43768.0,224067.24576070998,85780.41344108,,0.9129855075050796,0.30912944851053586
2025-10-01,Оренбургская область,81.0,39640.29288439,3865.0,15670.391914980002,,22800.0,63262.44012923,11575.04430683,,1.3538083742568046,0.3953147359602599
2025-10-01,Пензенская область,163.0,111052.61759525999,9089.0,33039.55529479,,29221.0,104313.82480902,59021.006227040016,,0.5597931551301337,0.297512620685856
2025-10-01,Самарская область,158.0,166688.51295101998,12637.0,69412.25206032001,,33541.0,140638.70154330996,79308.89593705,,0.8752139497114515,0.4164189291239056
2025-10-01,Саратовская область,37.0,17219.98342775,2288.0,9963.695797309998,,19083.0,54710.548512930014,10164.731306580003,,0.980222250524235,0.5786123917665045
2025-10-01,Ульяновская область,73.0,30062.77261138,3614.0,13831.660336719999,,18635.0,65020.21852756998,18400.284705149992,,0.751709039200285,0.4600926373465681
2025-10-01,Курганская область,57.0,26077.98604105,2212.0,8360.212233150001,,9502.0,29517.052657270004,14924.98576651,,0.5601487575223946,0.3205850413444499
2025-10-01,Свердловская область,597.0,702459.5732857101,48974.0,229220.6439532599,,113146.0,523407.05742551,307835.2086464499,,0.7446212698058227,0.326311509829804
2025-10-01,Тюменская область,570.0,637575.8466452499,38683.0,161433.83968839995,,97924.0,396290.43061765016,266861.69784406,,0.6049344697744276,0.25319942801757744
2025-10-01,Челябинская область,176.0,147787.59463608995,9596.0,48123.88306763,,40083.0,140191.32184932998,78530.01831801998,,0.6128087589734739,0.3256287050758865
2025-10-01,Ханты-Мансийский автономный округ - Югра,86.0,76279.95783491002,4190.0,22215.4746663,,15442.0,74004.34162860998,43249.09683795999,,0.5136633199424722,0.2912360637951604
2025-10-01,Ямало-Ненецкий автономный округ,45.0,29333.614073,2464.0,17366.36212096,,2547.0,16826.85208845,18024.69169475,,0.963476236656977,0.5920294061871084
2025-10-01,Республика Дагестан,37.0,48524.98933815,1938.0,9018.09758622,,224.0,313.93708462,12993.87510451,,0.6940268021423369,0.18584440118835915
2025-10-01,Республика Ингушетия,1.0,551.3850975700001,33.0,78.88005469999999,,30.0,62.728404,,,,0.14305800981497493
2025-10-01,Кабардино-Балкарская Республика,14.0,8185.706715249999,1329.0,4806.086780970001,,631.0,2471.21737163,2904.9502892,,1.6544471686273017,0.5871315633647423
2025-10-01,Карачаево-Черкесская Республика,40.0,79322.122062,965.0,6131.2798859,,66.0,378.55406,12394.57783649,,0.4946743621916136,0.07729596393182284
2025-10-01,Республика Северная Осетия - Алания,28.0,17320.104217,1984.0,8922.863220460002,,3030.0,11747.156997160002,7610.1110378700005,,1.1725010549855825,0.515173760427033
2025-10-01,Чеченская Республика,3.0,5371.901,150.0,1988.6321130899998,,42.0,45.112189,,,,0.3701915044767206
2025-10-01,Ставропольский край,180.0,157451.66748576998,13824.0,49315.39433547002,,49297.0,173079.44455972,66570.13649007998,,0.7408035635140812,0.3132097304712698
2025-10-01,Республика Адыгея (Адыгея),48.0,55670.3470555,4162.0,20416.50831093,,8224.0,30363.88608847,30539.799299759998,,0.6685213648765022,0.3667393754627749
2025-10-01,Республика Калмыкия,11.0,2011.136687,570.0,1764.07037009,,1103.0,3037.84051762,1387.32178,,1.2715653970991503,0.8771509074907549
2025-10-01,Республика Крым,173.0,331502.23512518,22189.0,122038.39245409999,,18092.0,93253.17319120998,144737.70175034003,,0.8431693399733928,0.3681374649194041
2025-10-01,Краснодарский край,390.0,1434496.7796101142,62294.0,329854.3499283498,,152681.0,788242.4158648396,753198.3417350498,,0.4379382317392058,0.22994429448492856
2025-10-01,Астраханская область,121.0,64817.10906563,8748.0,36844.133000339985,,5446.0,25526.811846670003,44666.53956509,,0.8248709964793474,0.5684322169171997
2025-10-01,Волгоградская область,117.0,70491.5197242,6952.0,27811.823201659998,,26205.0,90808.41177327995,32913.192470220005,,0.8450053341627146,0.39454140456149217
2025-10-01,Ростовская область,204.0,443444.27364881005,28787.0,132213.64003607997,,87069.0,336586.6491989702,207264.23809037,,0.6378989508958754,0.2981516458611163
2025-10-01,г. Севастополь,14.0,10554.371454709999,1421.0,8447.034589629999,,3536.0,16325.18468986,6961.993497450001,,1.213306877221866,0.8003351621531589
2025-10-01,Республика Алтай,89.0,17287.896274799994,1105.0,5008.2131348699995,,608.0,2262.869521,6335.779966329998,,0.7904651300210805,0.28969476998599936
2025-10-01,Республика Тыва,21.0,13456.546353130001,2553.0,14640.201949690001,,1874.0,9437.09260762,7552.840408489999,,1.938370355771484,1.0879613212408459
2025-10-01,Республика Хакасия,31.0,21631.054203,2419.0,11362.83848849,,7195.0,26456.723600209996,14335.87413025,,0.7926156706770587,0.5253021134270051
2025-10-01,Алтайский край,134.0,71730.68569153,10410.0,48840.71526378001,,28292.0,94638.58067335,41912.42207692001,,1.1653040517234916,0.6808901210538288
2025-10-01,Красноярский край,186.0,218028.14764771005,11139.0,57541.37706077002,,39409.0,189385.7926038199,83100.94810563001,,0.6924274436391376,0.26391719455299595
2025-10-01,Иркутская область,115.0,100203.12209774001,7362.0,35566.49619161,,21429.0,97634.69854652,48837.779939210006,,0.7282578412835471,0.35494399223327366
2025-10-01,Кемеровская область,145.0,91884.39247226,4554.0,20184.009456220003,,15268.0,53414.89548205,24266.872306100006,,0.8317515830479033,0.2196674420230136
2025-10-01,Новосибирская область,577.0,444548.84791858995,31086.0,140455.73489277004,,96520.0,407515.12203579996,187480.16398574988,,0.7491765096996922,0.31595118410585027
2025-10-01,Омская область,90.0,75049.56226670001,4999.0,26772.212529399996,,5671.0,26393.963945199997,25984.542974379998,,1.0303130039961301,0.35672709767794347
2025-10-01,Томская область,75.0,36258.25574675001,2568.0,13294.08566269,,6324.0,29180.498045859997,14988.655391639999,,0.886943179046257,0.36664989500719736
2025-10-01,Республика Бурятия,53.0,34414.90287604999,7541.0,33148.31198365,,6963.0,31911.62964709,21354.03520647,,1.552320751705349,0.9631964414671808
2025-10-01,Республика Саха (Якутия),140.0,181325.03903563,6732.0,42702.35850093001,,7865.0,46544.454828630005,39622.18871993999,,1.077738506642363,0.23550171960828356
2025-10-01,Забайкальский край,46.0,44278.7942233,2771.0,21886.144357060002,,4495.0,30187.165413519997,22561.43243875,,0.9700689181184184,0.494280495685749
2025-10-01,Камчатский край,11.0,17410.12173504,474.0,11109.872306689998,,134.0,1918.1683683500005,7905.10817518,,1.4054042095935044,0.6381272041498722
2025-10-01,Приморский край,415.0,486281.26855117007,23602.0,125091.74947530004,,37161.0,197595.17452224006,209147.09559296008,,0.5981041674073845,0.2572415545595645
2025-10-01,Хабаровский край,223.0,170342.68356283993,12676.0,85574.80722061002,,16819.0,96286.54942091,90796.61577580003,,0.9424889517018565,0.5023685516204822
2025-10-01,Амурская область,145.0,80158.14794666001,2961.0,34633.009477550004,,5051.0,29391.19975388,26505.441843830005,,1.3066376965759563,0.43205850390400735
2025-10-01,Магаданская область,3.0,6039.51911174,15.0,5502.76073928,,12.0,1755.2442355,,,,0.9111256438585292
2025-10-01,Сахалинская область,46.0,54402.188919069995,2217.0,24057.487492960005,,4639.0,35843.064690139996,27959.315948850002,,0.860446211809038,0.4422154323376308
2025-10-01,Еврейская автономная область,3.0,1585.4252847999999,3.0,1810.842095,,11.0,192.87419580000002,,,,1.1421806579982963
2025-10-01,Чукотский автономный округ,0.0,0.0,1.0,471.57,,1.0,396.5475,,,,inf
2022-11-01,г. Москва,819.0,5153753.32246202,167956.0,1852911.8840435802,,75009.0,661341.9038331498,,,,0.3595266921231725
2022-11-01,Московская область,501.0,1415718.6440224994,81671.0,428433.7782585,,47612.0,227885.14237719006,,,,0.3026263587524606
2022-11-01,Воронежская область,111.0,62067.652097549995,11033.0,35207.98927256,,18955.0,51566.15159643999,,,,0.5672518305868021
2022-11-01,Калужская область,30.0,17687.46689256,2410.0,8791.69369315,,4187.0,11842.504465720001,,,,0.4970578176374204
2022-11-01,Орловская область,36.0,12981.388300319999,1978.0,6286.619292,,4258.0,11552.940847010002,,,,0.48427942732789464
2022-11-01,Тверская область,41.0,17546.65787307,2138.0,6443.34512998,,5758.0,14690.875998360001,,,,0.3672121025320168
2022-11-01,Владимирская область,64.0,14779.2545025,3035.0,8828.37473187,,2295.0,5808.673350469999,,,,0.5973491240966605
2022-11-01,Белгородская область,24.0,7769.3540856,1585.0,5794.60807932,,2698.0,9510.25215518,,,,0.7458288057767807
2022-11-01,Тульская область,102.0,74621.40826622998,6591.0,22539.83960714,,2608.0,9671.416752989995,,,,0.30205593985473517
2022-11-01,Ярославская область,45.0,17951.35842846,4020.0,13591.55220413,,4100.0,11150.43804021,,,,0.7571322392283146
2022-11-01,Смоленская область,17.0,4378.025642,1764.0,3547.0015774699996,,3981.0,9115.974324230001,,,,0.810182915203218
2022-11-01,Брянская область,22.0,8952.25093287,2202.0,7415.187441489999,,3243.0,9134.71687863,,,,0.8283042440492412
2022-11-01,Тамбовская область,15.0,3616.614555,1081.0,3090.6463778899997,,2514.0,5217.70089278,,,,0.8545689154563499
2022-11-01,Ивановская область,20.0,3561.2542821499997,1245.0,3890.20985604,,1530.0,3766.35690863,,,,1.0923707064499206
2022-11-01,Липецкая область,28.0,22745.96955987,1476.0,5331.100882770001,,1870.0,5081.37737918,,,,0.23437562723971525
2022-11-01,Курская область,19.0,8256.160468850001,1517.0,5078.0102586,,1871.0,5195.17002973,,,,0.6150571173802918
2022-11-01,Рязанская область,39.0,16711.79881211,5439.0,12421.28180166,,1743.0,3677.9940297599996,,,,0.743264201616589
2022-11-01,Костромская область,18.0,3527.5932593899997,617.0,2178.7137731999997,,2057.0,6381.057253039999,,,,0.6176204604656571
2022-11-01,Приморский край,273.0,281530.43903663,13924.0,64725.43331233,,6169.0,29855.98393223,,,,0.22990563128382918
2022-11-01,Сахалинская область,32.0,63174.493709,1785.0,11061.402631120001,,1174.0,8044.44751126,,,,0.1750928576028171
2022-11-01,Хабаровский край,60.0,44066.92895852,3900.0,20284.939883900002,,3067.0,14661.03418002,,,,0.46032116063713274
2022-11-01,Амурская область,22.0,7137.704658,1336.0,6901.05677345,,858.0,3597.26841659,,,,0.9668453801482578
2022-11-01,Республика Саха (Якутия),30.0,33158.196207739995,2635.0,13073.51684665,,1474.0,6971.75222727,,,,0.3942770820445986
2022-11-01,Республика Бурятия,13.0,7978.15657825,1714.0,5780.53367412,,1223.0,3412.6389203599997,,,,0.7245450270904502
2022-11-01,Еврейская автономная область,0.0,0.0,11.0,0.0,,0.0,0.0,,,,
2022-11-01,Забайкальский край,17.0,5098.89778787,440.0,1677.76200799,,814.0,3383.74325359,,,,0.329044055752854
2022-11-01,Камчатский край,0.0,0.0,0.0,0.0,,0.0,0.0,,,,
2022-11-01,Магаданская область,1.0,129.659,9.0,38.314599,,0.0,0.0,,,,0.2955028112202007
2022-11-01,Чукотский автономный округ,0.0,0.0,0.0,0.0,,0.0,0.0,,,,
2022-11-01,Республика Татарстан (Татарстан),276.0,290758.51888038,16218.0,77310.08036935,,24284.0,94349.66898706996,,,,0.26589102416344296
2022-11-01,Нижегородская область,163.0,109129.45310933,11692.0,56791.31510704,,13675.0,52908.32907115999,,,,0.5204031862062418
2022-11-01,Пермский край,137.0,83118.36858005999,12540.0,47377.36663841001,,15340.0,46139.09453815999,,,,0.5699987553626719
2022-11-01,Чувашская Республика - Чувашия,70.0,25993.116465260002,5901.0,18794.96650394,,13003.0,33048.9230313,,,,0.7230747620840161
2022-11-01,Самарская область,97.0,94422.25863076998,9581.0,32001.428159919997,,9266.0,29985.419136809996,,,,0.3389182659256097
2022-11-01,Удмуртская Республика,87.0,54202.330026300006,10675.0,31795.884031229998,,12367.0,33776.20959189001,,,,0.5866147085522343
2022-11-01,Республика Башкортостан,149.0,122997.23351418001,12874.0,45774.21542352,,11133.0,31968.86927637,,,,0.37215646332600494
2022-11-01,Кировская область,30.0,8095.376468,1660.0,5125.1748983,,5687.0,13866.66204181,,,,0.6330990187496738
2022-11-01,Пензенская область,96.0,51788.07728858,10412.0,32279.09306398,,6894.0,18047.082183239996,,,,0.623291976724882
2022-11-01,Ульяновская область,74.0,23414.46648456,4412.0,12644.530216219999,,6023.0,15292.82424205,,,,0.5400306782372374
2022-11-01,Оренбургская область,28.0,8238.705775859999,2583.0,6770.76288772,,9734.0,20576.558910590004,,,,0.821823605785125
2022-11-01,Саратовская область,42.0,12400.95727029,3240.0,8052.59623104,,7633.0,15125.43781862,,,,0.6493527923309816
2022-11-01,Республика Марий Эл,36.0,5140.043775,1719.0,3681.2364571,,3095.0,7644.33475024,,,,0.7161877638094628
2022-11-01,Республика Мордовия,20.0,5271.018499,1026.0,3227.35976651,,1493.0,4218.72370992,,,,0.6122839005634839
2022-11-01,г. Санкт-Петербург,388.0,987013.5821757701,64150.0,405634.36737260997,,18841.0,115173.75969215999,,,,0.41097141386690006
2022-11-01,Ленинградская область,184.0,247245.48508605,25236.0,115116.11820411,,17229.0,68623.79886555999,,,,0.4655944199104206
2022-11-01,Вологодская область,57.0,9199.55780575,3074.0,9034.09640292,,3975.0,12209.891798870001,,,,0.9820142004296574
2022-11-01,Республика Карелия,16.0,7714.4378428400005,1779.0,5887.29146731,,2788.0,7063.0552884300005,,,,0.7631523627835268
2022-11-01,Калининградская область,107.0,59988.79934079,8145.0,28611.466759919997,,10106.0,29841.91887226,,,,0.476946814644202
2022-11-01,Архангельская область,45.0,11934.334304869999,4045.0,13891.51995907,,985.0,3351.31036708,,,,1.1639962149712313
2022-11-01,Новгородская область,2.0,398.033,360.0,1123.06062363,,1783.0,4980.71578566,,,,2.8215264152218533
2022-11-01,Псковская область,18.0,4791.1074401999995,1470.0,3420.57286631,,1156.0,2456.41093154,,,,0.7139420079811886
2022-11-01,Мурманская область,0.0,0.0,0.0,0.0,,0.0,0.0,,,,
2022-11-01,Ненецкий автономный округ,0.0,0.0,0.0,0.0,,0.0,0.0,,,,
2022-11-01,Республика Коми,3.0,878.95058914,567.0,1759.7191139000001,,2331.0,6632.07238307,,,,2.0020683024079644
2022-11-01,Ставропольский край,57.0,32278.074114529998,7945.0,22425.10766379,,12168.0,29525.84619248,,,,0.6947473874748717
2022-11-01,Республика Северная Осетия - Алания,7.0,2502.58978995,1034.0,2632.2620357600003,,479.0,1349.64430401,,,,1.0518152221074117
2022-11-01,Республика Ингушетия,0.0,0.0,0.0,0.0,,18.0,35.135304,,,,
2022-11-01,Чеченская Республика,0.0,0.0,1.0,0.0,,0.0,0.0,,,,
2022-11-01,Кабардино-Балкарская Республика,3.0,1618.546,183.0,366.12212739,,39.0,99.79161983,,,,0.22620433857919392
2022-11-01,Карачаево-Черкесская Республика,0.0,0.0,0.0,0.0,,0.0,0.0,,,,
2022-11-01,Республика Дагестан,1.0,1938.703539,328.0,10.7527519,,0.0,0.0,,,,0.005546362135154693
2022-11-01,Новосибирская область,276.0,202178.8726843,22013.0,80278.2718524,,29044.0,94147.32439962,,,,0.39706558250403146
2022-11-01,Красноярский край,142.0,147404.789608,7568.0,34180.95179521,,12657.0,49199.560940870004,,,,0.23188494679249502
2022-11-01,Иркутская область,79.0,48808.64775319,4891.0,17792.1324567,,5123.0,18510.24666952,,,,0.3645282808626296
2022-11-01,Алтайский край,46.0,27248.36140248,5522.0,16526.82529804,,12402.0,31645.74010908,,,,0.6065254733642741
2022-11-01,Республика Хакасия,30.0,10303.24773,1128.0,2912.99973538,,2089.0,6380.5280918299995,,,,0.28272636082486974
2022-11-01,Республика Алтай,4.0,847.1379,142.0,457.86289249000004,,94.0,217.71565,,,,0.5404821251534138
2022-11-01,Кемеровская область,49.0,16434.3610591,4594.0,12283.66868262,,2554.0,5412.47636798,,,,0.7474381655877222
2022-11-01,Томская область,16.0,13063.129248,1677.0,7171.8805000600005,,1145.0,3827.335497,,,,0.5490170359569883
2022-11-01,Омская область,40.0,20902.362568779998,1538.0,5464.22032832,,723.0,2278.79383717,,,,0.26141639780382625
2022-11-01,Республика Тыва,2.0,252.64792,165.0,640.1575596399999,,0.0,0.0,,,,2.533793112723825
2022-11-01,Тюменская область,288.0,238670.48448411998,26335.0,96057.53970155,,26620.0,83700.34542841,,,,0.40246928692995226
2022-11-01,Свердловская область,240.0,241088.50310071997,27831.0,111476.79666042,,28889.0,109420.16861180998,,,,0.46238951765297637
2022-11-01,Ханты-Мансийский автономный округ - Югра,47.0,35716.5192647,3448.0,15173.47381491,,5252.0,22101.832842389995,,,,0.4248306981555877
2022-11-01,Челябинская область,89.0,45190.118045330004,6289.0,19816.15036991,,14419.0,34184.876103140006,,,,0.43850627586395124
2022-11-01,Курганская область,30.0,7321.359348470001,1305.0,3545.93511977,,3318.0,8300.6587565,,,,0.48432742486694363
2022-11-01,Ямало-Ненецкий автономный округ,9.0,3412.6594320900003,422.0,1630.3949745999998,,1074.0,5183.001887140001,,,,0.4777491006776214
2022-11-01,Ростовская область,143.0,123629.09000379,18051.0,60177.70036204,,26490.0,70375.61521584,,,,0.48676003649460803
2022-11-01,Краснодарский край,347.0,590960.48997075,29615.0,122285.05361649001,,39326.0,125434.92039027999,,,,0.20692593784491856
2022-11-01,Республика Крым,64.0,69389.16976736,6220.0,25834.245726049998,,3885.0,12640.6934678,,,,0.37230948017772914
2022-11-01,Волгоградская область,48.0,26493.37169118,4441.0,13499.738105600001,,6246.0,14712.5774844,,,,0.5095515309625255
2022-11-01,г. Севастополь,8.0,9651.09488606,315.0,1637.5498143599998,,1698.0,6800.06902208,,,,0.16967503000361853
2022-11-01,Республика Калмыкия,7.0,982.969999,400.0,737.67547084,,355.0,836.93936037,,,,0.7504557327186544
2022-11-01,Астраханская область,30.0,13023.55682627,1522.0,6305.51200153,,840.0,3271.5309578700003,,,,0.4841620523213031
2022-11-01,Республика Адыгея (Адыгея),4.0,3061.951,536.0,1792.56384249,,2136.0,5009.676513689999,,,,0.5854319166080711
2023-11-01,г. Москва,1108.0,6616419.447527167,194709.0,2217117.58457737,,169389.0,1686133.598828969,,,,0.33509326338220585
2023-11-01,Московская область,623.0,1885005.505437219,91567.0,490413.92143582,,103897.0,541430.16677182,,,,0.2601657767158991
2023-11-01,Воронежская область,150.0,83763.23228825,13944.0,49728.5257877,,29788.0,106216.46546649,,,,0.593679642358736
2023-11-01,Калужская область,31.0,19933.41070511,2230.0,8771.83274883,,7325.0,24668.5847917,,,,0.4400567910127548
2023-11-01,Орловская область,26.0,12464.956452,1814.0,6727.08246495,,6317.0,18639.16873642,,,,0.5396795801778065
2023-11-01,Тверская область,56.0,21408.46209996,2528.0,8820.053021,,8646.0,24990.41550074,,,,0.4119890994419669
2023-11-01,Владимирская область,63.0,20491.186319,3571.0,12059.27738571,,4463.0,13178.84154243,,,,0.5885104550793285
2023-11-01,Белгородская область,28.0,10800.688466,1772.0,7376.80844194,,4849.0,18809.43690856,,,,0.6829942799629677
2023-11-01,Тульская область,104.0,85415.87899463,7825.0,26952.96916445,,8223.0,32495.31123297,,,,0.315549865922992
2023-11-01,Ярославская область,53.0,20539.45866694,3867.0,14317.52756714,,8643.0,27947.58173364,,,,0.6970742413082811
2023-11-01,Смоленская область,23.0,8644.20356808,2164.0,5672.42443539,,5462.0,13618.5740591,,,,0.6562113433256322
2023-11-01,Брянская область,26.0,9102.20320774,2837.0,9583.87930341,,5448.0,17591.28228447,,,,1.052918626916658
2023-11-01,Тамбовская область,17.0,5129.07467,1339.0,3639.00442377,,3841.0,10452.14212731,,,,0.7094855618021252
2023-11-01,Ивановская область,34.0,10025.0655573,1911.0,6400.39421384,,3149.0,8930.20488511,,,,0.6384391381041288
2023-11-01,Липецкая область,46.0,38162.7183666,2343.0,8011.34930379,,2910.0,9490.79572518,,,,0.20992606519355106
2023-11-01,Курская область,20.0,8238.519,1820.0,6718.07922169,,3472.0,11271.13484745,,,,0.8154474392412034
2023-11-01,Рязанская область,59.0,34989.36354,8128.0,23265.39318843,,5676.0,13389.85203085,,,,0.6649275904042352
2023-11-01,Костромская область,24.0,5361.383366,1136.0,4455.54642514,,3223.0,11209.9867724,,,,0.831044176656999
2023-11-01,Приморский край,350.0,367941.91384819,17949.0,90289.25357463,,15100.0,72048.46240842,,,,0.2453899655799547
2023-11-01,Сахалинская область,116.0,62811.02496803,2097.0,20669.00360419,,2188.0,14469.91576237,,,,0.3290664913478208
2023-11-01,Хабаровский край,176.0,111827.13318767,6390.0,39291.56739809,,6639.0,33807.67448477,,,,0.35135987374504446
2023-11-01,Амурская область,53.0,32572.878984,2276.0,14318.15985744,,2133.0,10454.47620156,,,,0.439573052921517
2023-11-01,Республика Саха (Якутия),94.0,130880.6780519,4153.0,21334.16768945,,3323.0,16970.68950599,,,,0.16300471549352805
2023-11-01,Республика Бурятия,23.0,14033.48583,2822.0,11301.76638809,,2540.0,8798.14997839,,,,0.8053427726366971
2023-11-01,Еврейская автономная область,1.0,149.983,11.0,192.8741958,,0.0,0.0,,,,1.285973715687778
2023-11-01,Забайкальский край,27.0,13031.5913161,1430.0,8936.6469211,,1412.0,6433.82680829,,,,0.6857678931397377
2023-11-01,Камчатский край,2.0,2159.522,101.0,725.36932742,,0.0,0.0,,,,0.33589346504457934
2023-11-01,Магаданская область,3.0,7620.7817918,11.0,69.0714355,,0.0,0.0,,,,0.009063562950237103
2023-11-01,Чукотский автономный округ,0.0,0.0,0.0,0.0,,0.0,0.0,,,,
2023-11-01,Республика Татарстан (Татарстан),393.0,449194.65710084,21051.0,114967.51709997,,40578.0,181810.61806364,,,,0.2559414171174366
2023-11-01,Нижегородская область,307.0,148915.19045341,12814.0,63306.46619667,,24896.0,112997.89183967,,,,0.42511758541165234
2023-11-01,Пермский край,180.0,126439.12583605,15024.0,66334.04827043,,26460.0,91881.83567887,,,,0.5246322910872023
2023-11-01,Чувашская Республика - Чувашия,83.0,34732.32315717,8089.0,32318.07568889,,18011.0,50993.64299211,,,,0.9304898938848664
2023-11-01,Самарская область,140.0,127722.75708313,13059.0,60488.1149219,,17420.0,59569.19831173,,,,0.4735891731692774
2023-11-01,Удмуртская Республика,111.0,75360.18245689,13302.0,44475.56293219,,21231.0,64127.27028701,,,,0.5901732384689005
2023-11-01,Республика Башкортостан,181.0,183486.1688256,18636.0,78969.89418804,,22642.0,77274.11513452,,,,0.43038608682869894
2023-11-01,Кировская область,59.0,13554.52340106,3058.0,13533.94662026,,8510.0,24515.34206908,,,,0.9984819251705751
2023-11-01,Пензенская область,116.0,69159.86562451,11482.0,41266.26674229,,13168.0,39399.59498338,,,,0.5966793944675536
2023-11-01,Ульяновская область,65.0,20969.65017011,4175.0,13373.12750054,,11038.0,32237.81133471,,,,0.6377372722985131
2023-11-01,Оренбургская область,31.0,8241.92241826,3312.0,9467.91123762,,14217.0,34295.14090689,,,,1.1487503469632059
2023-11-01,Саратовская область,39.0,12384.07621399,4124.0,12025.84578467,,11803.0,28684.47944179,,,,0.9710733022689803
2023-11-01,Республика Марий Эл,25.0,5133.122345,2365.0,7158.56044097,,5055.0,13582.08289502,,,,1.3945820808153755
2023-11-01,Республика Мордовия,24.0,6941.24381908,1613.0,6220.81796361,,2678.0,8245.8715892,,,,0.8962108414215759
2023-11-01,г. Санкт-Петербург,454.0,1320708.08724567,76379.0,496276.73492915,,58137.0,383988.39500032,,,,0.3757656515635735
2023-11-01,Ленинградская область,338.0,457280.70312178,27803.0,129675.72724537,,35860.0,165901.51690604,,,,0.2835801431376727
2023-11-01,Вологодская область,59.0,15800.34643095,4178.0,13787.99929841,,7039.0,23304.74105711,,,,0.8726390499515772
2023-11-01,Республика Карелия,24.0,11304.91229506,2409.0,9241.92607321,,4400.0,13328.15588097,,,,0.8175141771996338
2023-11-01,Калининградская область,118.0,70652.42168284,7902.0,29920.03750999,,17061.0,57225.43537305,,,,0.4234821227261196
2023-11-01,Архангельская область,53.0,25098.31513239,5023.0,20464.1682582,,4343.0,16186.3388707,,,,0.8153602403290603
2023-11-01,Новгородская область,3.0,706.79965061,714.0,2350.32710197,,2746.0,8686.88904876,,,,3.3253088056022126
2023-11-01,Псковская область,22.0,6241.36819358,1903.0,5457.40595264,,2617.0,6325.83924873,,,,0.8743925664013221
2023-11-01,Мурманская область,0.0,0.0,2.0,0.8,,0.0,0.0,,,,inf
2023-11-01,Ненецкий автономный округ,0.0,0.0,0.0,0.0,,0.0,0.0,,,,
2023-11-01,Республика Коми,4.0,1226.042131,905.0,3183.33607283,,3728.0,11112.04186752,,,,2.596432856865667
2023-11-01,Ставропольский край,102.0,67622.65505933,13111.0,43542.59894007,,20763.0,57592.8048372,,,,0.6439054914638752
2023-11-01,Республика Северная Осетия - Алания,11.0,7087.60604552,1580.0,6050.38376593,,1353.0,4022.87427508,,,,0.8536568944537178
2023-11-01,Республика Ингушетия,0.0,0.0,14.0,21.4454,,18.0,35.135304,,,,inf
2023-11-01,Чеченская Республика,0.0,0.0,9.0,7.887,,0.0,0.0,,,,inf
2023-11-01,Кабардино-Балкарская Республика,5.0,1477.59441625,454.0,1167.19635637,,166.0,730.96176797,,,,0.7899301347742218
2023-11-01,Карачаево-Черкесская Республика,1.0,342.11217,87.0,390.8333303,,0.0,0.0,,,,1.1424128241330906
2023-11-01,Республика Дагестан,4.0,5162.547268,858.0,2176.87707225,,0.0,0.0,,,,0.42166724278600826
2023-11-01,Новосибирская область,411.0,318706.57047288,31608.0,128770.88456186,,50640.0,183513.85026801,,,,0.4040421393597144
2023-11-01,Красноярский край,169.0,173440.78538464,12708.0,58670.65614962,,22179.0,97187.97646479,,,,0.3382748528237228
2023-11-01,Иркутская область,96.0,76323.78763015,7589.0,29655.11413915,,10377.0,40540.62035047,,,,0.3885435335422926
2023-11-01,Алтайский край,49.0,31888.86119464,9501.0,34884.23129236,,16965.0,46525.94044146,,,,1.0939315480548886
2023-11-01,Республика Хакасия,36.0,15875.81998,3158.0,10568.83059489,,3169.0,9965.08944694,,,,0.665718722447368
2023-11-01,Республика Алтай,16.0,3519.007484,614.0,2432.79914664,,132.0,345.82392,,,,0.6913310522075604
2023-11-01,Кемеровская область,57.0,27651.42317243,6638.0,22220.1945022,,6235.0,15710.90832133,,,,0.8035823098014993
2023-11-01,Томская область,50.0,22891.83179332,1782.0,8546.94066508,,3171.0,13377.1521061,,,,0.3733620245966536
2023-11-01,Омская область,43.0,28885.039482,3617.0,15472.69993548,,1833.0,6293.627205,,,,0.5356648359481027
2023-11-01,Республика Тыва,9.0,3832.862,1341.0,5712.97424535,,267.0,1191.2718124,,,,1.4905243771755936
2023-11-01,Тюменская область,427.0,399996.9477126,38461.0,158045.53533095,,48062.0,166802.74253246,,,,0.3951168533528575
2023-11-01,Свердловская область,330.0,429842.65196367,41783.0,172886.99882368,,55626.0,229420.21558839,,,,0.4022099669120139
2023-11-01,Ханты-Мансийский автономный округ - Югра,67.0,47775.64836616,4744.0,21538.78821394,,8812.0,39962.42890624,,,,0.4508319395032251
2023-11-01,Челябинская область,134.0,84104.48492173,8492.0,33131.05376581,,23437.0,66238.60266249,,,,0.3939273131110985
2023-11-01,Курганская область,41.0,14321.93345618,2452.0,6982.72753623,,5122.0,13704.62280474,,,,0.4875548093834294
2023-11-01,Ямало-Ненецкий автономный округ,11.0,6598.6325589,1145.0,6425.3351142,,1646.0,8675.53537092,,,,0.9737373701061347
2023-11-01,Ростовская область,162.0,186859.85435036,24554.0,90796.69955025,,46191.0,147807.08203158,,,,0.48590800772009207
2023-11-01,Краснодарский край,348.0,852661.39748973,56207.0,279212.77185487,,71007.0,288487.42549564,,,,0.3274603173978367
2023-11-01,Республика Крым,77.0,111256.06265574,7196.0,40704.89688063,,7829.0,28079.94392554,,,,0.3658667753377477
2023-11-01,Волгоградская область,78.0,44819.778152,8401.0,25762.64870005,,11184.0,31661.31425965,,,,0.5748053596490278
2023-11-01,г. Севастополь,9.0,11330.57461,797.0,4200.1948792,,2070.0,8386.0287341,,,,0.3706956640568823
2023-11-01,Республика Калмыкия,5.0,1184.975417,404.0,845.2430243,,780.0,1974.30734907,,,,0.7133000500887183
2023-11-01,Астраханская область,58.0,27293.67085112,3799.0,14263.96632083,,2179.0,9532.37348258,,,,0.5226107693111818
2023-11-01,Республика Адыгея (Адыгея),18.0,17740.74406,2285.0,7721.37099922,,2986.0,8637.40174652,,,,0.43523377447450756
2024-11-01,г. Москва,1365.0,8111052.58640761,227850.0,2704539.71343354,,269361.0,2899248.98236462,3448840.35671213,,0.7841881425940657,0.3334388089119001
2024-11-01,Московская область,735.0,2100636.533539959,92505.0,526123.44828088,,165948.0,929804.49917485,692810.96220952,,0.7594040466723585,0.25045905842371746
2024-11-01,Воронежская область,169.0,130765.160646,13233.0,55837.37416425,,43294.0,147108.32054235,66412.41841517,,0.8407670658097216,0.42700497508973173
2024-11-01,Калужская область,43.0,26626.44265111,2742.0,10463.7013389,,9457.0,34899.96956536,14116.56538683,,0.7412356371516597,0.3929815738439919
2024-11-01,Орловская область,30.0,19038.151552,1624.0,6157.57422466,,8359.0,27188.1889308,10573.55540473,,0.5823560750346526,0.32343340727388703
2024-11-01,Тверская область,53.0,25747.866724,2023.0,7087.13942721,,12009.0,38945.61099442,12228.093848870001,,0.5795784293776026,0.2752515190162905
2024-11-01,Владимирская область,66.0,25418.421433,4740.0,17558.67368409,,6232.0,20135.852495080002,17143.58133929,,1.0242126972529761,0.6907853711676243
2024-11-01,Белгородская область,29.0,12048.050107,1870.0,8562.75494757,,6580.0,26521.74374169,7204.91774179,,1.1884597790623292,0.7107170763337862
2024-11-01,Тульская область,120.0,102637.66527325999,10849.0,43887.81521444,,13682.0,56310.65774874,36060.53631172,,1.2170594146204103,0.42759950840263333
2024-11-01,Ярославская область,87.0,46264.52150435,4713.0,18535.81398023,,12348.0,42663.150705449996,15987.862801399999,,1.1593678411230102,0.40064856130603616
2024-11-01,Смоленская область,35.0,12149.64769,2288.0,7556.253313020001,,7677.0,21367.22724919,4750.209900430001,,1.5907198779439178,0.6219318869006646
2024-11-01,Брянская область,23.0,11389.98414444,3023.0,11101.16610925,,8233.0,28234.33170602,5328.29969155,,2.083435007767117,0.9746428062122469
2024-11-01,Тамбовская область,27.0,9913.88567,2184.0,7728.81666585,,4726.0,13576.860650229999,4874.694319300001,,1.5854977070561929,0.7795950975345473
2024-11-01,Ивановская область,50.0,13768.529955,2273.0,8006.3682764899995,,4588.0,14235.255063100001,5490.74199018,,1.4581578028632758,0.5814976836784607
2024-11-01,Липецкая область,77.0,49716.35438686,4581.0,17868.74192733,,3570.0,12111.18201654,21672.202666729998,,0.824500499654386,0.35941376128038655
2024-11-01,Курская область,25.0,11052.23738855,1641.0,6734.75349392,,5395.0,19573.249185549997,7566.25392508,,0.8901040806463275,0.6093565725340946
2024-11-01,Рязанская область,73.0,53820.689973,11157.0,36012.96252245,,10683.0,27956.83780644,32950.93673565,,1.0929268206049862,0.66912859237807
2024-11-01,Костромская область,27.0,7932.436276,1246.0,5578.37402692,,4510.0,16961.71661897,4747.06480441,,1.1751206812550183,0.7032359079640716
2024-11-01,Приморский край,375.0,447862.91575592,24406.0,124289.28763461,,24384.0,125304.49352286,171339.32142951002,,0.7253985051279855,0.27751636329350876
2024-11-01,Сахалинская область,112.0,76185.519524,1890.0,19887.6384857,,3721.0,28722.55794808,21250.10086136,,0.9358844278175911,0.2610422375532267
2024-11-01,Хабаровский край,220.0,154385.87596525,10162.0,69318.28965714999,,11239.0,62586.29774132,65924.27661271,,1.0514835083345553,0.4489937257780791
2024-11-01,Амурская область,146.0,78825.92488805,2651.0,29232.90501842,,3737.0,20787.11142714,20008.38740807,,1.4610325371163828,0.37085394253143367
2024-11-01,Республика Саха (Якутия),130.0,157098.58747101002,6327.0,37129.85860611,,5303.0,30494.28741325,24688.42682902,,1.503937811155538,0.2363475012973093
2024-11-01,Республика Бурятия,48.0,34875.32521426,4857.0,21790.22351293,,4603.0,18886.16445118,15291.19946663,,1.4250172826849081,0.6248034499767274
2024-11-01,Еврейская автономная область,2.0,1575.3452848,3.0,1810.842095,,11.0,192.87419580000002,,,,1.1494890120104038
2024-11-01,Забайкальский край,43.0,27316.1465823,2161.0,19760.984836130003,,2745.0,15001.99275245,16704.20007002,,1.1829949805017117,0.7234177330463769
2024-11-01,Камчатский край,6.0,10528.90388116,302.0,8342.19809364,,79.0,700.48374685,,,,0.7923140136711853
2024-11-01,Магаданская область,6.0,7594.03792693,8.0,3686.1135,,11.0,69.0714355,,,,0.4853957190453702
2024-11-01,Чукотский автономный округ,0.0,0.0,0.0,0.0,,1.0,396.5475,,,,
2024-11-01,Республика Татарстан (Татарстан),445.0,585787.2067912502,31773.0,193784.35095381,,52640.0,252342.21837281,193210.75421375,,1.0029687619739087,0.3308101452322542
2024-11-01,Нижегородская область,356.0,233725.73304702,12571.0,75172.92056378999,,35035.0,167976.71589499,64413.675279330004,,1.1670335567377967,0.3216287722527626
2024-11-01,Пермский край,251.0,170456.94498575,15766.0,74379.11691125999,,37075.0,144420.35982838,75474.08574041001,,0.9854921219858679,0.43635134325256153
2024-11-01,Чувашская Республика - Чувашия,95.0,41310.224326,7755.0,35522.17720139,,23814.0,74715.32785897,26027.227025869997,,1.3648083664880015,0.8598882669110296
2024-11-01,Самарская область,158.0,153729.20314588002,13905.0,70591.83754208,,26305.0,103330.37664255,60978.34322126,,1.1576542394065614,0.4591960154447199
2024-11-01,Удмуртская Республика,116.0,85366.60603834,14472.0,52988.12845821,,30864.0,101262.34483341001,41777.44839707,,1.2683428617896693,0.6207126055171021
2024-11-01,Республика Башкортостан,240.0,296076.27419945004,24276.0,117064.38469948,,36123.0,141147.07339799,112957.27193335,,1.036359879234277,0.39538590187952805
2024-11-01,Кировская область,59.0,20486.49335,3725.0,16856.88342226,,11364.0,39328.57603674,12507.16431492,,1.3477782011827533,0.8228291262086589
2024-11-01,Пензенская область,170.0,107445.174898,10021.0,38091.3530721,,22509.0,75550.55656071,49657.418795269994,,0.7670828246056218,0.3545189731252328
2024-11-01,Ульяновская область,84.0,31026.705255,4424.0,16378.928262379999,,15160.0,48802.54347738,17623.19979106,,0.929395822357345,0.5278977618721057
2024-11-01,Оренбургская область,58.0,34032.032185,3980.0,14078.863152639999,,18575.0,47721.67941454,7881.41010311,,1.7863381004732246,0.4136944592702112
2024-11-01,Саратовская область,41.0,18371.27485,3646.0,14465.10325531,,16052.0,42170.16570459,11016.5237237,,1.3130369995201865,0.7873761278635488
2024-11-01,Республика Марий Эл,46.0,18921.03963585,2412.0,7348.89328279,,7281.0,22235.207788069998,6750.168142529999,,1.0886978113163852,0.38839796460581016
2024-11-01,Республика Мордовия,30.0,8722.2914,1398.0,6499.13681896,,4057.0,13816.14023328,5138.05454522,,1.2649022624732997,0.7451180568170424
2024-11-01,г. Санкт-Петербург,438.0,1329196.52432323,77733.0,486134.31786897,,114129.0,810647.83938081,605478.315864,,0.802893027102499,0.3657354717478582
2024-11-01,Ленинградская область,355.0,549705.8243973999,24852.0,105722.73287756,,60326.0,301490.60445938003,176752.08103697,,0.5981413755204767,0.19232601909113056
2024-11-01,Вологодская область,69.0,21615.408788489996,5121.0,15782.4104159,,9625.0,36476.30825382,10022.38050287,,1.5747167463239458,0.7301462845479002
2024-11-01,Республика Карелия,33.0,15836.24648306,3243.0,13621.20544206,,5783.0,18855.61714535,10387.41218585,,1.3113184687727282,0.8601284058460806
2024-11-01,Калининградская область,154.0,91068.31427561,9284.0,40025.165298010004,,24949.0,89581.1826549,41928.463837480005,,0.9546060512293647,0.4395070405813977
2024-11-01,Архангельская область,70.0,36749.80706704001,5813.0,26062.97246307,,7403.0,29911.97356616,15526.698052290001,,1.678590797302587,0.7092002528210612
2024-11-01,Новгородская область,8.0,3495.32819248,857.0,3269.7115219899997,,3937.0,13600.22973248,,,,0.9354519352502001
2024-11-01,Псковская область,35.0,10192.93866017,1998.0,6469.72142289,,4472.0,12597.877837959999,4969.95424536,,1.301766797738671,0.6347258272210672
2024-11-01,Мурманская область,2.0,2100.127,38.0,208.42290524,,0.0,0.0,,,,0.09924300065662696
2024-11-01,Ненецкий автономный округ,0.0,0.0,0.0,,,0.0,0.0,,,,
2024-11-01,Республика Коми,6.0,2745.817663,627.0,2520.90980245,,4597.0,14284.63876818,,,,0.9180907517710873
2024-11-01,Ставропольский край,153.0,128062.73712554,15406.0,54347.32681313,,35988.0,117915.69834896001,53013.321517360004,,1.0251635863890014,0.4243804875094406
2024-11-01,Республика Северная Осетия - Алания,26.0,13916.05430925,1672.0,7326.25452588,,2320.0,7993.33531216,4425.99095096,,1.6552800507400338,0.5264606161396079
2024-11-01,Республика Ингушетия,1.0,551.3850975700001,6.0,12.491,,30.0,62.728404,,,,0.022653858537433954
2024-11-01,Чеченская Республика,2.0,2347.769,106.0,412.45402502999997,,1.0,2.462689,,,,0.1756791341183907
2024-11-01,Кабардино-Балкарская Республика,10.0,5236.073644,780.0,2713.55566807,,295.0,1206.45347076,977.82095511,,2.7751048429563863,0.5182424565742032
2024-11-01,Карачаево-Черкесская Республика,27.0,38174.44143289,441.0,2091.4938733599997,,23.0,126.456,4863.427483949999,,0.43004524695026836,0.05478780552786369
2024-11-01,Республика Дагестан,15.0,17623.93253607,1476.0,5582.54443703,,0.0,0.0,5606.41305652,,0.9957426220206443,0.31675929453341317
2024-11-01,Новосибирская область,561.0,428826.90530947,34690.0,151628.22063621,,74852.0,298850.68856582,167714.18829823998,,0.9040870195583877,0.3535884030569047
2024-11-01,Красноярский край,192.0,222844.56003238997,13733.0,69858.35609236,,31305.0,143989.01248392998,75187.68149922,,0.9291197001876527,0.31348468224760007
2024-11-01,Иркутская область,101.0,91757.622572,7986.0,37103.83246489,,15979.0,68579.56318197,42997.09866411,,0.8629380497215001,0.40436784895745875
2024-11-01,Алтайский край,90.0,58281.00965092001,9631.0,38697.36237904,,23911.0,75755.5132896,28379.17199179,,1.3635832077917924,0.6639789291712989
2024-11-01,Республика Хакасия,36.0,20941.479025,2230.0,8606.67928341,,5810.0,19903.55315036,10146.45743949,,0.8482447528841757,0.41098717397827156
2024-11-01,Республика Алтай,36.0,4651.423919,624.0,2595.09156988,,497.0,1900.613901,2072.7856291400003,,1.2519826138300199,0.5579133648256926
2024-11-01,Кемеровская область,117.0,62949.22169,6962.0,28402.232892990003,,10281.0,31401.613973099997,22416.32066568,,1.267033663400194,0.451192757121919
2024-11-01,Томская область,64.0,28620.838875389993,2704.0,13958.69957341,,4627.0,20689.04336289,12167.50295246,,1.147211521373649,0.4877110567647468
2024-11-01,Омская область,70.0,53921.92950745,5337.0,26218.13845397,,3187.0,13221.13526212,20278.110974220002,,1.2929280487369699,0.48622404082086185
2024-11-01,Республика Тыва,19.0,11074.360201,2799.0,14560.20321325,,750.0,3782.8301694,4513.01570888,,3.2262691185853245,1.31476698870019
2024-11-01,Тюменская область,498.0,571202.8514406299,41289.0,172857.73545376002,,75162.0,288386.54196574,200144.34346966,,0.8636653549989717,0.30262057519110025
2024-11-01,Свердловская область,542.0,630548.40768963,54160.0,247022.98002273001,,81278.0,354371.41157865996,255430.64259832999,,0.9670843619619233,0.39175894667284644
2024-11-01,Ханты-Мансийский автономный округ - Югра,88.0,78661.02636939999,6262.0,30951.55284844,,11500.0,53699.15003196,38058.99241482,,0.8132520301926753,0.3934801550018993
2024-11-01,Челябинская область,183.0,134026.77076081999,9272.0,40999.69378305,,33164.0,109447.17909248,56090.920971449996,,0.7309506257513341,0.30590674945244173
2024-11-01,Курганская область,58.0,24095.12572014,2942.0,10742.76817673,,7039.0,19386.16971034,13422.34183197,,0.8003646689389434,0.44584818944317095
2024-11-01,Ямало-Ненецкий автономный округ,32.0,21460.465033,1748.0,11355.598826809999,,2256.0,13136.24060536,7547.78214595,,1.5044947783638936,0.5291403895185107
2024-11-01,Ростовская область,201.0,310059.02703408996,29787.0,128063.08211708,,67099.0,241185.00070960997,125611.33171961,,1.0195185447356199,0.4130280719193507
2024-11-01,Краснодарский край,345.0,1153250.69383707,68815.0,350834.12913017796,,113954.0,560103.80655949,616863.80846579,,0.5687383897634424,0.30421323915521825
2024-11-01,Республика Крым,130.0,207954.91028798,15659.0,85365.1757248,,11586.0,47745.02020661,88978.80346997999,,0.9593877687240516,0.41049848549661394
2024-11-01,Волгоградская область,115.0,70604.96679986999,8248.0,30010.30433699,,19505.0,62367.012906129996,26566.688563069998,,1.1296215659601223,0.42504522977900844
2024-11-01,г. Севастополь,14.0,13779.4826019,1442.0,8773.80670934,,3109.0,13428.64774071,6779.59675281,,1.2941487568126293,0.6367297643040831
2024-11-01,Республика Калмыкия,10.0,1844.672817,675.0,1823.6112692899999,,844.0,2206.82510284,1011.14254292,,1.8035155201992932,0.9885825022649531
2024-11-01,Астраханская область,100.0,48293.44084326,8544.0,32481.2977919,,3186.0,14539.24034606,28900.157152080003,,1.1239142272125069,0.6725819743786842
2024-11-01,Республика Адыгея (Адыгея),53.0,58687.234131,4410.0,17612.77022734,,4854.0,15842.650056319999,14921.402398010001,,1.180369629981223,0.30011246036958
2025-11-01,Белгородская область,35.0,13642.58486,1987.0,9507.91439627,,8297.0,35185.50163797999,8261.605057359999,,1.1508555940712397,0.696929100594944
2025-11-01,Брянская область,29.0,14906.271575,3253.0,12407.79464087,,10599.0,38593.46589750001,8722.65658335,,1.422478865504607,0.8323875342295312
2025-11-01,Владимирская область,51.0,26917.850521,3516.0,13328.599536570002,,10146.0,36663.44036967999,17074.66456763,,0.7806068156582264,0.49515839038379666
2025-11-01,Воронежская область,199.0,149896.12960184997,12077.0,50423.128727010015,,54104.0,201010.23251918002,64393.55840770999,,0.7830461613528836,0.3363871292804061
2025-11-01,Ивановская область,50.0,16085.66692,1471.0,6126.38126225,,6523.0,21122.5779139,5775.522518799999,,1.0607492642107992,0.38085963688784374
2025-11-01,Калужская область,43.0,28269.185232,3201.0,14444.89232798,,11179.0,42783.57905524001,19455.507707870005,,0.742457742294582,0.5109766061325584
2025-11-01,Костромская область,28.0,7842.97003729,908.0,4103.922345919999,,6087.0,24729.949412890004,3980.52236474,,1.031000951602004,0.5232612551632337
2025-11-01,Курская область,26.0,18824.98617245,2395.0,11376.250685920002,,7458.0,29363.725468989996,8126.49876285,,1.399895701446006,0.6043165493831237
2025-11-01,Липецкая область,82.0,60431.30190926,3552.0,15299.388159040003,,6921.0,26333.749078760004,28332.023515929995,,0.5400033693476837,0.2531699247852155
2025-11-01,Московская область,819.0,2146956.0958893797,88174.0,525007.77560021,,227696.0,1334252.0931060705,812988.42770048,,0.6457752136585547,0.24453586945974537
2025-11-01,Орловская область,28.0,16830.37025494,1159.0,4528.765655450002,,9954.0,33662.9367037,8774.003723119999,,0.5161572525341478,0.2690829486725482
2025-11-01,Рязанская область,75.0,68128.066388,14110.0,45377.874255820025,,15058.0,43127.876589080006,46903.766367389995,,0.9674675995181732,0.6660672562961926
2025-11-01,Смоленская область,34.0,9475.355094,1909.0,7464.493376400002,,9938.0,29958.84353846,5764.6673339200015,,1.2948697546652896,0.7877798037486405
2025-11-01,Тамбовская область,27.0,11709.80337355,2219.0,7753.071481980001,,6339.0,21191.77811375,5987.75143817,,1.2948218646079146,0.6621009110616298
2025-11-01,Тверская область,48.0,26747.657202,2484.0,9392.160152280001,,13584.0,45709.228837539995,15116.73355771,,0.6213088374167784,0.35113954397388203
2025-11-01,Тульская область,120.0,135776.22302387,13440.0,56123.01147761,,17334.0,74948.05567479995,57571.86609298002,,0.9748339820524476,0.4133493348665573
2025-11-01,Ярославская область,96.0,67604.28796855001,5001.0,20758.917230589996,,16303.0,58938.935485139984,21922.69667974999,,0.9469144026320914,0.30706509682118377
2025-11-01,г. Москва,1523.0,8832452.774852078,233717.0,3115272.532033568,,379330.0,4269081.579715362,4151363.961780289,,0.7504214423776037,0.3527075220717204
2025-11-01,Республика Карелия,20.0,9596.398119,1667.0,5566.822785250002,,9376.0,33995.93247158,4983.75854311,,1.116992875376373,0.5800950227594452
2025-11-01,Республика Коми,6.0,3351.601943,712.0,2719.52919521,,5109.0,16774.292022179998,,,,0.8114117492054456
2025-11-01,Архангельская область,92.0,42707.96325624,7178.0,33115.79797885999,,10560.0,43808.800257679984,25882.897274589996,,1.2794471046860256,0.7754010131593313
2025-11-01,Вологодская область,60.0,19537.952145940002,4561.0,13783.14787214,,12943.0,51973.03698827,12207.76021157,,1.12904805085186,0.7054550942281914
2025-11-01,Калининградская область,205.0,135207.94258832998,12060.0,50330.25235833,,32483.0,129493.68892367996,65099.19116533999,,0.7731317618140662,0.3722433120040249
2025-11-01,Ленинградская область,370.0,529891.46003569,29182.0,120976.46553999005,,75947.0,395287.79326996,244908.70243804992,,0.4939655648642835,0.2283042371202621
2025-11-01,Мурманская область,24.0,20009.861990999998,577.0,2794.4047263100006,,0.0,0.0,2146.5190905,,1.3018308286552835,0.1396513742856829
2025-11-01,Новгородская область,7.0,5299.59188,825.0,3738.395655360001,,5014.0,18651.28137439,,,,0.7054119902078198
2025-11-01,Псковская область,33.0,9971.310093,1566.0,5671.663096710001,,6328.0,19335.57358535,6005.46771289,,0.9444165496946176,0.5687981863778951
2025-11-01,г. Санкт-Петербург,424.0,1391397.9236337598,71226.0,443799.2076429798,,161368.0,1195843.0229369309,666319.9476629898,,0.6660452072604673,0.31895922805746224
2025-11-01,Ненецкий автономный округ,0.0,0.0,0.0,0.0,,0.0,0.0,,,,
2025-11-01,Республика Башкортостан,277.0,273694.40531921,23437.0,115700.99504723001,,51208.0,219048.54414768997,152437.09275953,,0.7590081452796315,0.42273788867656187
2025-11-01,Республика Марий Эл,50.0,23003.69332921,2460.0,9380.621346960002,,9499.0,31684.473264229993,10818.070567380002,,0.8671251762070793,0.4077876196970739
2025-11-01,Республика Мордовия,24.0,9017.88084623,1163.0,5707.5569966,,5272.0,20147.65233328,5352.0282721700005,,1.066428782949207,0.6329155478901778
2025-11-01,Республика Татарстан (Татарстан),535.0,705012.3408343401,32453.0,202505.41844646016,,70875.0,380802.50491708977,265599.4313652001,,0.7624467319284828,0.28723670029209286
2025-11-01,Удмуртская Республика,118.0,76461.10865573,8529.0,33115.96324391,,44341.0,157057.77601378004,35579.90858022,,0.9307489694428338,0.43310859371679133
2025-11-01,Чувашская Республика - Чувашия,80.0,40463.80100515,5843.0,27753.117610549998,,30842.0,108268.99751279,25381.701220800005,,1.0934301593545923,0.6858752000835941
2025-11-01,Пермский край,319.0,253110.85892613998,13068.0,64872.60896821002,,50134.0,210534.95713778,91812.51229003002,,0.7065769942475976,0.2563011687583915
2025-11-01,Кировская область,61.0,21607.48510355,3021.0,13776.941024600002,,15984.0,62619.11410667999,12781.151211269998,,1.0779108076314714,0.6376003944270461
2025-11-01,Нижегородская область,334.0,258552.01086000004,12398.0,76273.87904781,,45246.0,234278.5157145299,86825.38533907996,,0.8784744087220221,0.2950040063278044
2025-11-01,Оренбургская область,84.0,41548.89288439,4137.0,16835.38194947,,23210.0,64797.39277579999,13093.77593724,,1.2857545470583853,0.4051944776558676
2025-11-01,Пензенская область,164.0,114326.10359525999,8947.0,32694.797032790004,,30016.0,107294.79362046998,60914.92644084999,,0.5367288272856657,0.2859784074207314
2025-11-01,Самарская область,161.0,169764.86649422,12449.0,69035.69364522002,,34562.0,145790.57732654,80795.97387818001,,0.8544447245516028,0.40665477534228484
2025-11-01,Саратовская область,40.0,19362.70139175,2526.0,10871.88774297,,19409.0,56333.05558921001,11194.382700450002,,0.9711913585492269,0.5614861027398925
2025-11-01,Ульяновская область,67.0,28704.03784838,3336.0,13203.537113380004,,19278.0,67960.6667543,17737.756401360006,,0.7443747007579634,0.4599888414000675
2025-11-01,Курганская область,56.0,26102.168611049998,1911.0,6954.395471479999,,9934.0,31656.91222022,15376.41970193,,0.45227664217614355,0.26642979650878323
2025-11-01,Свердловская область,602.0,712695.6233816799,48000.0,225157.98613210008,,117903.0,548212.1105669,311273.8862910702,,0.7233436405955246,0.3159244686585062
2025-11-01,Тюменская область,561.0,643517.31727125,35742.0,149527.24933524002,,103523.0,422504.14719517005,261280.35331573,,0.5722866164167804,0.23235932479531482
2025-11-01,Челябинская область,184.0,151158.34285261,9405.0,44907.81562733002,,41244.0,148137.42463648005,77969.23743097,,0.5759683832625543,0.2970912142846015
2025-11-01,Ханты-Мансийский автономный округ - Югра,87.0,76015.90171956999,4177.0,22180.18010992,,15698.0,75471.53056679,43003.882131070015,,0.5157715771408221,0.29178342436487603
2025-11-01,Ямало-Ненецкий автономный округ,49.0,27330.6950135,1729.0,13152.865535960002,,3425.0,22096.37726638,16166.297626360003,,0.8135978836931443,0.48124884967115333
2025-11-01,Республика Дагестан,38.0,49059.89593815,2008.0,9466.07159457,,240.0,352.51716632,14028.68137091,,0.6747655994382288,0.1929492799272121
2025-11-01,Республика Ингушетия,1.0,551.3850975700001,36.0,78.8800547,,30.0,62.728404,,,,0.14305800981497496
2025-11-01,Кабардино-Балкарская Республика,14.0,8316.02148525,1423.0,5251.06902068,,631.0,2475.55587163,3140.96611722,,1.6718005940565848,0.6314400497874785
2025-11-01,Карачаево-Черкесская Республика,40.0,79322.122062,1045.0,6658.214649049998,,66.0,378.55406,13228.97010458,,0.5033055934373046,0.08393893753681708
2025-11-01,Республика Северная Осетия - Алания,27.0,17048.122217,1841.0,7914.68343977,,3287.0,13350.06388122,7892.8061255,,1.0027718043395641,0.4642554375799616
2025-11-01,Чеченская Республика,3.0,5371.901,174.0,3696.4880246999996,,42.0,45.112189,,,,0.6881154408281165
2025-11-01,Ставропольский край,183.0,165240.03129577,14295.0,51161.936792740016,,50251.0,177197.23713910006,70207.59273856,,0.7287237006296106,0.30962192630648405
2025-11-01,Республика Адыгея (Адыгея),57.0,83838.5245455,4262.0,20853.445452520005,,8523.0,32155.928302709995,36499.920360280004,,0.5713285192592686,0.24873344999294011
2025-11-01,Республика Калмыкия,11.0,2949.11205,602.0,1884.8291797399997,,1103.0,3037.84051762,1559.298607,,1.2087673081208619,0.6391175200481106
2025-11-01,Республика Крым,179.0,335685.85285952,22581.0,126921.48820706,,18881.0,97219.49707148003,152003.93691693005,,0.8349881640001365,0.37809602974294815
2025-11-01,Краснодарский край,390.0,1501998.7271534642,62942.0,332446.5932282497,,156371.0,809296.2558933703,813147.05203906,,0.40883944963534147,0.22133613512329064
2025-11-01,Астраханская область,127.0,70184.70355563001,8805.0,37625.705871720005,,5723.0,26564.7302362,47395.74556523,,0.7938625170467327,0.5360955303016562
2025-11-01,Волгоградская область,116.0,69111.0264302,6965.0,28891.363012859998,,26647.0,93630.29211956997,33281.82326453,,0.8680823398173284,0.41804274231174066
2025-11-01,Ростовская область,203.0,461986.15623381006,28811.0,132499.21547244,,89759.0,350400.0356463399,212260.27802381004,,0.6242299157715089,0.28680343271018377
2025-11-01,г. Севастополь,14.0,10599.54886171,1389.0,7930.683387380001,,3703.0,17557.314403170003,6792.498370349999,,1.1675650040636452,0.7482095220136155
2025-11-01,Республика Алтай,98.0,17678.6462748,1196.0,5477.653153360001,,608.0,2262.869521,7149.214915320002,,0.7661894653106562,0.3098457352567834
2025-11-01,Республика Тыва,24.0,13456.546353130001,2469.0,14302.164082349998,,2024.0,10255.279058829998,8381.633327939999,,1.706369572941593,1.0628406209906383
2025-11-01,Республика Хакасия,31.0,21274.954,2587.0,12164.1508241,,7239.0,26683.69101921,15182.98236799,,0.8011700553473244,0.5717592068166163
2025-11-01,Алтайский край,138.0,71700.16669153002,10687.0,46388.86881501001,,28829.0,101132.25957719999,40622.14184199,,1.141960189973516,0.6469841139224292
2025-11-01,Красноярский край,184.0,214475.77308101003,9844.0,49800.829564590014,,41554.0,202585.02120945996,77726.19356879996,,0.6407213228640666,0.23219792543085813
2025-11-01,Иркутская область,111.0,93206.25320174001,6950.0,34988.88626592999,,22325.0,101964.14923818,50237.6654021,,0.696467202165557,0.3753920478940227
2025-11-01,Кемеровская область,144.0,92522.42247226,4011.0,17864.149127760003,,16117.0,57532.642095899995,22868.02413275,,0.7811846368561508,0.193079133148681
2025-11-01,Новосибирская область,590.0,447220.77870885,30331.0,138235.05722966007,,99325.0,421866.3111191701,189714.04717259013,,0.7286495612204317,0.30909802006237724
2025-11-01,Омская область,88.0,78876.40588968,4790.0,25471.01707565,,6285.0,29775.790189749994,25283.29503707,,1.0074247457977596,0.3229231452466899
2025-11-01,Томская область,78.0,37399.51782931001,2586.0,13435.043028480002,,6530.0,30269.91402986,16112.397049830004,,0.8338326685303321,0.35923038071766145
2025-11-01,Республика Бурятия,53.0,36193.20582905,7663.0,33792.91531924,,7290.0,33956.92736409,22161.155482349994,,1.524871541384834,0.9336811853266825
2025-11-01,Республика Саха (Якутия),138.0,180701.98779573003,6479.0,41083.79139382,,8427.0,51086.97266162999,39272.60827615999,,1.0461182283825918,0.22735661015673014
2025-11-01,Забайкальский край,48.0,46581.917223300006,3049.0,22779.9135453,,4651.0,31444.44521352,25587.03926094,,0.8902911084392157,0.4890291105044002
2025-11-01,Камчатский край,12.0,17454.01873504,496.0,11305.46420009,,134.0,1918.16836835,8274.32297513,,1.3663310260030521,0.6477284327301422
2025-11-01,Приморский край,416.0,487200.5908569801,24798.0,128993.82640327002,,37717.0,201296.68666972994,215966.40897247993,,0.5972865271826018,0.2647653324401175
2025-11-01,Хабаровский край,216.0,177795.89922510993,12675.0,86962.73045150004,,17744.0,101197.63279540998,94403.10751307003,,0.9211850408574752,0.4891155017101676
2025-11-01,Амурская область,143.0,79474.28998185,2975.0,34936.24556931,,5225.0,30393.929790879996,26831.962217309996,,1.3020384154674949,0.4395917922297713
2025-11-01,Магаданская область,3.0,6039.51911174,19.0,5504.67655,,12.0,1755.2442355,,,,0.9114428563194148
2025-11-01,Сахалинская область,45.0,51837.69991906999,1847.0,20572.128453290003,,5165.0,40534.84195233,25582.156115320002,,0.8041592882380341,0.3968565056977374
2025-11-01,Еврейская автономная область,3.0,1591.6902848,3.0,1810.842095,,11.0,192.87419580000002,,,,1.1376849581183044
2025-11-01,Чукотский автономный округ,0.0,0.0,1.0,471.57,,1.0,396.5475,,,,inf
2022-12-01,г. Москва,869.0,5496083.360607331,162381.0,1819813.99696517,,87994.0,774138.5828330698,,,,0.33111106174417193
2022-12-01,Московская область,525.0,1428411.01867221,82160.0,430705.9543499,,51843.0,249855.02881186004,,,,0.30152802570108
2022-12-01,Воронежская область,111.0,61132.3434517,11125.0,35348.711316010005,,19580.0,53527.24884342999,,,,0.578232557761157
2022-12-01,Калужская область,33.0,19501.95709045,2559.0,9546.48042226,,4188.0,11842.504465720001,,,,0.48951396918696216
2022-12-01,Орловская область,33.0,11651.530173,2045.0,6640.614402,,4288.0,11631.315974750001,,,,0.5699349616231733
2022-12-01,Тверская область,45.0,17910.98073303,2293.0,6922.92628133,,5776.0,14729.796198360002,,,,0.38651854884547404
2022-12-01,Владимирская область,65.0,16407.57863145,2848.0,8328.77467512,,2595.0,6745.83971467,,,,0.5076175383462997
2022-12-01,Белгородская область,26.0,7919.637965600001,1603.0,5845.39131158,,2750.0,9659.70537518,,,,0.738088197588101
2022-12-01,Тульская область,101.0,75968.71725402,6456.0,22390.08914097,,3016.0,11204.34207311,,,,0.29472775045158733
2022-12-01,Ярославская область,47.0,17634.53113576,4101.0,14086.71286901,,4207.0,11379.140526210002,,,,0.7988141425798617
2022-12-01,Смоленская область,15.0,4203.096642,1808.0,3717.322777,,4026.0,9257.21405633,,,,0.8844247690748196
2022-12-01,Брянская область,21.0,8434.53790664,2104.0,6993.92065392,,3448.0,9938.208263210001,,,,0.8292002159850524
2022-12-01,Тамбовская область,17.0,4227.39026898,1112.0,3092.7336569699996,,2547.0,5361.439715099999,,,,0.7315940710901588
2022-12-01,Ивановская область,20.0,3662.2764571499997,1413.0,4323.8272058,,1530.0,3766.35720863,,,,1.1806392161788961
2022-12-01,Липецкая область,27.0,22396.991081370004,1325.0,4566.684490109999,,2097.0,6115.625800180001,,,,0.20389723215582312
2022-12-01,Курская область,19.0,8609.359,1608.0,5450.589453850001,,1872.0,5195.17002973,,,,0.6331004960822287
2022-12-01,Рязанская область,41.0,18575.61082379,5397.0,12131.795445459999,,2133.0,4859.60060813,,,,0.6531034462631327
2022-12-01,Костромская область,17.0,3197.19780425,527.0,1922.85856897,,2215.0,6912.359218449999,,,,0.601419957943786
2022-12-01,Приморский край,276.0,280094.71746982995,12698.0,60199.83754701,,8159.0,38196.52996914001,,,,0.21492671511555497
2022-12-01,Сахалинская область,29.0,60875.048455,1886.0,11515.30145164,,1180.0,8045.42751126,,,,0.18916291229159893
2022-12-01,Хабаровский край,60.0,45072.64295852,3747.0,19559.544056619998,,3517.0,17136.00032127,,,,0.43395600463501754
2022-12-01,Амурская область,25.0,9299.453857,930.0,5001.81221073,,1338.0,6008.92912801,,,,0.5378608558786464
2022-12-01,Республика Саха (Якутия),29.0,33322.658896739995,2610.0,12741.04956113,,1619.0,7685.4390801,,,,0.38235392921710926
2022-12-01,Республика Бурятия,14.0,8341.15657825,1845.0,6161.08781731,,1232.0,3405.2353203599996,,,,0.7386371133920873
2022-12-01,Еврейская автономная область,1.0,149.983,11.0,192.87419580000002,,0.0,0.0,,,,1.285973715687778
2022-12-01,Забайкальский край,17.0,6108.3012185200005,370.0,1406.2715998499998,,934.0,3968.97432331,,,,0.23022302757209634
2022-12-01,Камчатский край,0.0,0.0,0.0,0.0,,0.0,0.0,,,,
2022-12-01,Магаданская область,1.0,129.659,11.0,39.314599,,0.0,0.0,,,,0.3032153494936719
2022-12-01,Чукотский автономный округ,0.0,0.0,0.0,0.0,,0.0,0.0,,,,
2022-12-01,Республика Татарстан (Татарстан),286.0,303488.89793914004,16345.0,80139.91824305999,,25219.0,97727.09823071997,,,,0.26406210832506566
2022-12-01,Нижегородская область,187.0,114622.78407633,11646.0,56422.67455482,,14255.0,55914.94943196,,,,0.4922465896243352
2022-12-01,Пермский край,144.0,88851.34125968,13069.0,49637.47208376999,,15571.0,47433.99663043,,,,0.5586575439384511
2022-12-01,Чувашская Республика - Чувашия,73.0,26873.07846526,6070.0,19266.955232189997,,13200.0,33890.0639137,,,,0.7169612241149531
2022-12-01,Самарская область,100.0,95212.78923077001,9988.0,33402.21061428,,9333.0,30696.833085809998,,,,0.35081642796244616
2022-12-01,Удмуртская Республика,93.0,57336.891274300004,10730.0,32607.61319818,,12994.0,35563.4675696,,,,0.5687021474914815
2022-12-01,Республика Башкортостан,154.0,128704.98295384001,12953.0,46416.32620901,,11836.0,34201.78512498,,,,0.360641252139066
2022-12-01,Кировская область,33.0,8273.609468,1689.0,5095.2731730900005,,5933.0,14711.87980391,,,,0.615846468557295
2022-12-01,Пензенская область,101.0,56572.92019958,10314.0,32545.016344509997,,7438.0,19418.91203834,,,,0.5752755245742399
2022-12-01,Ульяновская область,70.0,22434.680794559998,4358.0,12506.17826616,,6388.0,16350.61013927,,,,0.5574484602960128
2022-12-01,Оренбургская область,26.0,6837.797720449999,2152.0,5645.207363310001,,10340.0,22405.31236249,,,,0.8255885292462976
2022-12-01,Саратовская область,39.0,11394.580112290001,3020.0,7416.58334618,,7966.0,16117.312418619998,,,,0.65088693686752
2022-12-01,Республика Марий Эл,34.0,4857.043775,1801.0,3817.56659126,,3191.0,7956.85829524,,,,0.785985625847072
2022-12-01,Республика Мордовия,21.0,5820.318499,1095.0,3472.56296217,,1491.0,4219.00159992,,,,0.5966276523813306
2022-12-01,г. Санкт-Петербург,399.0,1011721.8268770203,63773.0,401187.47228461,,22708.0,141486.50963307006,,,,0.3965393071759598
2022-12-01,Ленинградская область,191.0,276427.95261753997,25418.0,115675.67557592,,18772.0,76073.21459559,,,,0.4184659130184511
2022-12-01,Вологодская область,55.0,9312.98368934,2780.0,7949.67834025,,4497.0,14018.3225378,,,,0.8536123980706105
2022-12-01,Республика Карелия,17.0,7814.4378428400005,1892.0,6345.15318658,,2791.0,7063.0552884300005,,,,0.8119782016557676
2022-12-01,Калининградская область,112.0,62321.90610393,8150.0,28717.96488518,,10333.0,30445.911490390008,,,,0.4608004902367557
2022-12-01,Архангельская область,47.0,12220.238304870001,4155.0,14938.54052314,,1203.0,3440.41523208,,,,1.2224426521360636
2022-12-01,Новгородская область,3.0,590.808,433.0,1394.17337233,,1783.0,4981.46578566,,,,2.359774025284018
2022-12-01,Псковская область,18.0,4977.70505325,1302.0,3129.87937204,,1389.0,2926.8017746799997,,,,0.6287795959297481
2022-12-01,Мурманская область,0.0,0.0,0.0,0.0,,0.0,0.0,,,,
2022-12-01,Ненецкий автономный округ,0.0,0.0,0.0,0.0,,0.0,0.0,,,,
2022-12-01,Республика Коми,3.0,878.95058914,656.0,2104.7277909,,2331.0,6632.07238307,,,,2.39459170618379
2022-12-01,Ставропольский край,59.0,31546.387601529997,7436.0,20476.11460938,,13252.0,33294.98955031,,,,0.6490795354453488
2022-12-01,Республика Северная Осетия - Алания,7.0,2502.58978995,1119.0,2978.70915348,,486.0,1387.70030401,,,,1.1902506617113278
2022-12-01,Республика Ингушетия,0.0,0.0,0.0,0.0,,18.0,35.135304,,,,
2022-12-01,Чеченская Республика,0.0,0.0,1.0,0.0,,0.0,0.0,,,,
2022-12-01,Кабардино-Балкарская Республика,3.0,1618.546,175.0,363.69159209,,51.0,124.03880063,,,,0.22470266034453143
2022-12-01,Карачаево-Черкесская Республика,0.0,0.0,0.0,0.0,,0.0,0.0,,,,
2022-12-01,Республика Дагестан,1.0,1938.703539,357.0,152.77658197,,0.0,0.0,,,,0.07880347814746522
2022-12-01,Новосибирская область,291.0,212323.83431707002,21978.0,80899.89506257001,,30798.0,100304.17379361996,,,,0.38102126086212057
2022-12-01,Красноярский край,143.0,145083.440608,7096.0,33298.40633752,,14130.0,54950.769714400005,,,,0.22951210832867372
2022-12-01,Иркутская область,78.0,47807.20662003,4583.0,16373.668602540001,,5895.0,21525.135592679995,,,,0.34249373180653164
2022-12-01,Алтайский край,47.0,26838.328402479998,6033.0,18056.161791360002,,12404.0,31654.58349898,,,,0.6727752012189969
2022-12-01,Республика Хакасия,33.0,10999.432048,1299.0,3412.32809756,,2090.0,6384.41797782,,,,0.3102276629074185
2022-12-01,Республика Алтай,4.0,847.1379,167.0,526.56926189,,94.0,217.71565,,,,0.6215862398435957
2022-12-01,Кемеровская область,48.0,16545.875379099998,4690.0,12630.98716654,,2636.0,5674.05950098,,,,0.763391895390128
2022-12-01,Томская область,18.0,13374.782735,1790.0,7825.14503143,,1145.0,3827.335497,,,,0.5850670763385675
2022-12-01,Омская область,40.0,20902.362568779998,1634.0,5942.1811727799995,,824.0,2377.61824117,,,,0.2842827528815
2022-12-01,Республика Тыва,0.0,0.0,88.0,271.21752052999994,,128.0,605.92625474,,,,inf
2022-12-01,Тюменская область,283.0,250929.66334356004,25901.0,95954.32045808999,,28987.0,91708.47404996,,,,0.3823952863106274
2022-12-01,Свердловская область,247.0,249837.66445207997,27610.0,110646.99983063001,,31554.0,120109.26108597,,,,0.442875577120409
2022-12-01,Ханты-Мансийский автономный округ - Югра,53.0,41856.853673699996,3751.0,16490.00395986,,5262.0,22112.777842389994,,,,0.3939618607841325
2022-12-01,Челябинская область,96.0,47440.96863333001,6155.0,19938.348209490003,,15053.0,36283.115617859985,,,,0.42027700495731796
2022-12-01,Курганская область,31.0,7319.359348470001,1269.0,3274.22562231,,3476.0,8894.111820080001,,,,0.44733773359473405
2022-12-01,Ямало-Ненецкий автономный округ,10.0,3556.86318474,396.0,1650.10343377,,1152.0,5652.64790438,,,,0.46392097420261597
2022-12-01,Ростовская область,142.0,126958.49529579,17298.0,57216.26290187,,28399.0,77605.27857681001,,,,0.45066903769272476
2022-12-01,Краснодарский край,345.0,603995.07639425,31631.0,131536.94962183,,40269.0,129610.26847765998,,,,0.21777818191347462
2022-12-01,Республика Крым,64.0,71096.37984557,6226.0,25698.097008060002,,4043.0,13621.2599728,,,,0.36145436749211984
2022-12-01,Волгоградская область,51.0,28282.85967418,4446.0,13220.06612501,,6664.0,16214.999559400001,,,,0.46742324776581445
2022-12-01,г. Севастополь,8.0,9651.09488606,331.0,1726.70310156,,1698.0,6800.06902208,,,,0.17891266451582014
2022-12-01,Республика Калмыкия,7.0,1155.768,353.0,651.83963584,,413.0,983.72069237,,,,0.5639883054730708
2022-12-01,Астраханская область,33.0,13308.21282627,1603.0,6765.97142973,,840.0,3273.033629770001,,,,0.5084057129274474
2022-12-01,Республика Адыгея (Адыгея),6.0,5319.515,683.0,2204.60475501,,2136.0,5009.685263689999,,,,0.4144371723756771
2023-12-01,г. Москва,1127.0,6612435.10182929,199864.0,2300451.6502298997,,177390.0,1774556.28201361,,,,0.3478978038806753
2023-12-01,Московская область,627.0,1909679.65432997,90864.0,488412.54117104,,111280.0,589841.68360592,,,,0.2557562678450404
2023-12-01,Воронежская область,152.0,84500.3208914,14276.0,53112.86713203,,31363.0,97383.18648491001,,,,0.6285522536688444
2023-12-01,Калужская область,31.0,19933.41070511,2540.0,9949.36287378,,7334.0,24709.59641064,,,,0.4991299793581962
2023-12-01,Орловская область,26.0,13063.856452,1960.0,7268.78335281,,6388.0,18910.85949055,,,,0.5564041046774661
2023-12-01,Тверская область,57.0,21531.20461414,2599.0,8846.424695799999,,9022.0,26443.42541834,,,,0.41086529315644343
2023-12-01,Владимирская область,63.0,20530.51914,3856.0,13145.38175808,,4599.0,13654.32501721,,,,0.6402849177090999
2023-12-01,Белгородская область,27.0,10284.911466,2155.0,9067.379878290001,,4853.0,18829.7336584,,,,0.8816196336025904
2023-12-01,Тульская область,109.0,90708.87334772,9116.0,31775.36190537,,8256.0,32815.711895939996,,,,0.35030048034621175
2023-12-01,Ярославская область,55.0,22411.39519569,4172.0,15144.46473791,,8895.0,29220.26845988,,,,0.6757484130583034
2023-12-01,Смоленская область,24.0,8674.20356808,2391.0,6484.27644515,,5489.0,13707.923867540001,,,,0.7475356549172235
2023-12-01,Брянская область,24.0,8661.926471629999,2623.0,9224.45792533,,5998.0,19643.362578790002,,,,1.0649429957114545
2023-12-01,Тамбовская область,17.0,5129.07467,1574.0,4236.21798924,,3841.0,10454.944678950002,,,,0.8259224639519627
2023-12-01,Ивановская область,43.0,13332.10159517,2099.0,7000.27465383,,3182.0,9124.392290110001,,,,0.5250691051113865
2023-12-01,Липецкая область,49.0,38474.8750196,2589.0,9029.863373209999,,2929.0,9553.54072518,,,,0.23469506706935309
2023-12-01,Курская область,22.0,8993.68250128,2110.0,7811.19947799,,3472.0,11271.72179417,,,,0.868520706271129
2023-12-01,Рязанская область,62.0,34641.724252,9054.0,26359.680577810002,,5605.0,13495.00705923,,,,0.7609228797636468
2023-12-01,Костромская область,22.0,4742.839762,1186.0,4705.5750813,,3368.0,11828.86716914,,,,0.9921429602158254
2023-12-01,Приморский край,357.0,377464.55458034005,18621.0,93297.60064799001,,16167.0,78040.59331358,,,,0.24716916996807028
2023-12-01,Сахалинская область,117.0,67047.02496803,2257.0,21671.93366228,,2189.0,14492.51825968,,,,0.32323482917569896
2023-12-01,Хабаровский край,183.0,112913.73518767,7187.0,44624.35694136,,6641.0,33840.75248853,,,,0.39520751720055497
2023-12-01,Амурская область,48.0,32010.92119143,2279.0,15431.97407131,,2381.0,11979.08654506,,,,0.48208466038901326
2023-12-01,Республика Саха (Якутия),92.0,129544.28336716999,4573.0,22178.42110003,,3509.0,18089.4982891,,,,0.1712033948821134
2023-12-01,Республика Бурятия,27.0,14513.86583,3235.0,12858.361991,,2609.0,9170.10377902,,,,0.8859363963818591
2023-12-01,Еврейская автономная область,1.0,149.983,11.0,192.87419580000002,,0.0,0.0,,,,1.285973715687778
2023-12-01,Забайкальский край,27.0,13344.39750009,1467.0,9017.22523325,,1589.0,7570.35823329,,,,0.6757311623240527
2023-12-01,Камчатский край,4.0,3152.60488116,118.0,872.02103614,,0.0,0.0,,,,0.2766033388298061
2023-12-01,Магаданская область,3.0,7620.7817918,6.0,0.0,,11.0,69.0714355,,,,0.0
2023-12-01,Чукотский автономный округ,0.0,0.0,0.0,0.0,,0.0,0.0,,,,
2023-12-01,Республика Татарстан (Татарстан),399.0,468212.58847485,23609.0,129419.98735174001,,41215.0,185891.64712429998,,,,0.276412874274293
2023-12-01,Нижегородская область,309.0,150174.59974941,13913.0,69819.67042213,,25290.0,115236.53159451,,,,0.4649232995369066
2023-12-01,Пермский край,179.0,127334.95232366,15762.0,70367.15704263,,27166.0,95417.86198875,,,,0.5526146259023269
2023-12-01,Чувашская Республика - Чувашия,85.0,35222.56971173,8734.0,35014.61692336,,18092.0,51353.91603211,,,,0.9940960358635973
2023-12-01,Самарская область,146.0,134136.59650162,14235.0,65730.9764039,,17781.0,61745.77997517,,,,0.4900301492524164
2023-12-01,Удмуртская Республика,112.0,76106.91436547,14583.0,49090.15326852,,21529.0,65049.17728807,,,,0.645015681923276
2023-12-01,Республика Башкортостан,173.0,184621.75906063,19632.0,84216.26427996,,24325.0,84143.13085691001,,,,0.4561556812612932
2023-12-01,Кировская область,56.0,12862.179401059999,3330.0,13381.36211082,,8594.0,26356.67014146,,,,1.0403650651706207
2023-12-01,Пензенская область,118.0,69698.48462450999,11268.0,40484.35298004,,14401.0,44249.00796498,,,,0.5808498304969371
2023-12-01,Ульяновская область,70.0,22118.268761299998,4167.0,13753.58496925,,11670.0,34653.54667308,,,,0.6218201396175473
2023-12-01,Оренбургская область,42.0,14843.66440426,3902.0,10843.23976919,,14384.0,34899.725922260004,,,,0.7304961547148753
2023-12-01,Саратовская область,44.0,13124.35269299,4467.0,12923.81289311,,12185.0,30195.394517580004,,,,0.9847200235645059
2023-12-01,Республика Марий Эл,29.0,4886.831345,2406.0,6935.41301917,,5283.0,14733.02073834,,,,1.4192044966450545
2023-12-01,Республика Мордовия,19.0,5600.88832008,1472.0,5583.74698937,,2998.0,9654.1571912,,,,0.9969395335649622
2023-12-01,г. Санкт-Петербург,470.0,1321021.03889101,78839.0,519991.60913647996,,62504.0,409335.96619964,,,,0.3936285599001588
2023-12-01,Ленинградская область,321.0,443896.10019590997,24845.0,111547.44869260001,,41478.0,197561.14630207,,,,0.2512917969844057
2023-12-01,Вологодская область,53.0,12973.1090064,4452.0,14356.10542277,,7257.0,24398.323818700002,,,,1.1066048559129296
2023-12-01,Республика Карелия,25.0,12232.32729506,2724.0,10527.095987030001,,4400.0,13348.93047797,,,,0.8605963307801081
2023-12-01,Калининградская область,121.0,74185.00908084,8513.0,32612.707217490002,,17447.0,58843.448617550006,,,,0.4396131728170536
2023-12-01,Архангельская область,54.0,24288.95355575,5029.0,20655.791539259997,,4662.0,17523.10282655,,,,0.8504191624332078
2023-12-01,Новгородская область,4.0,786.79965061,877.0,2921.78843605,,2746.0,8692.02703448,,,,3.7135100832654913
2023-12-01,Псковская область,22.0,5909.37267563,2193.0,6391.24554359,,2617.0,6325.83924873,,,,1.0815438278156364
2023-12-01,Мурманская область,0.0,0.0,2.0,0.8,,0.0,0.0,,,,inf
2023-12-01,Ненецкий автономный округ,0.0,0.0,0.0,0.0,,0.0,0.0,,,,
2023-12-01,Республика Коми,3.0,1147.42382,1001.0,3541.05222536,,3741.0,11138.34230068,,,,3.0860891709220404
2023-12-01,Ставропольский край,103.0,69364.26194433,13836.0,45008.61982961,,22221.0,64036.36019751,,,,0.6488733328660337
2023-12-01,Республика Северная Осетия - Алания,11.0,7087.60604552,1681.0,6788.86821084,,1356.0,4039.73491918,,,,0.9578506716144545
2023-12-01,Республика Ингушетия,0.0,0.0,14.0,21.4454,,18.0,35.135304,,,,inf
2023-12-01,Чеченская Республика,0.0,0.0,30.0,12.1364,,1.0,2.462689,,,,inf
2023-12-01,Кабардино-Балкарская Республика,5.0,1477.59441625,531.0,1475.3244611,,166.0,730.96176797,,,,0.998463749507283
2023-12-01,Карачаево-Черкесская Республика,3.0,1979.6591388900001,107.0,512.70397043,,0.0,0.0,,,,0.2589859841818397
2023-12-01,Республика Дагестан,4.0,5162.547268,909.0,2480.34766602,,0.0,0.0,,,,0.48045035469106717
2023-12-01,Новосибирская область,405.0,311902.50373393,31741.0,130091.76815797,,54103.0,198828.58293935002,,,,0.41709113136502884
2023-12-01,Красноярский край,171.0,180946.43238464,13027.0,61856.01760499,,23290.0,102072.82288114999,,,,0.34184712453187205
2023-12-01,Иркутская область,92.0,73331.20179605001,7598.0,30345.23510256,,11280.0,44569.98911719,,,,0.4138106884836919
2023-12-01,Алтайский край,50.0,35335.11319464,10514.0,38729.03867442,,17017.0,46716.326026459996,,,,1.0960496563598054
2023-12-01,Республика Хакасия,34.0,14788.46998,3076.0,10253.24618248,,3489.0,11428.93646005,,,,0.6933270444032777
2023-12-01,Республика Алтай,17.0,3594.007484,674.0,2685.48780463,,132.0,345.82392,,,,0.7472126356401321
2023-12-01,Кемеровская область,58.0,29371.547528,7217.0,24619.654728150002,,6320.0,16033.04023034,,,,0.8382144217862542
2023-12-01,Томская область,49.0,22891.493793319998,1915.0,9542.33613067,,3346.0,14247.4666511,,,,0.41685074014062656
2023-12-01,Омская область,43.0,31003.953898599997,3966.0,16721.65690032,,1926.0,6824.42051,,,,0.5393394969883204
2023-12-01,Республика Тыва,9.0,3832.862,1529.0,6994.20240542,,267.0,1191.2718124,,,,1.8247989114713756
2023-12-01,Тюменская область,433.0,417002.60849191,39949.0,163740.59041672,,50545.0,177960.84076179998,,,,0.39266083012978714
2023-12-01,Свердловская область,350.0,451420.09353314,43371.0,181829.55857593,,59361.0,244109.42950415,,,,0.40279456138693426
2023-12-01,Ханты-Мансийский автономный округ - Югра,66.0,45975.72725499,5348.0,24812.55999696,,8873.0,40224.597629129996,,,,0.5396882546162868
2023-12-01,Челябинская область,135.0,87093.20900564,9374.0,36773.090177779995,,24035.0,68572.69686673001,,,,0.42222683717393666
2023-12-01,Курганская область,41.0,14304.0520623,2690.0,7899.75322249,,5234.0,14001.09560474,,,,0.5522738024220929
2023-12-01,Ямало-Ненецкий автономный округ,11.0,6598.6325589,1211.0,6864.571725729999,,1646.0,8676.12231764,,,,1.0403021632824987
2023-12-01,Ростовская область,166.0,185646.07535303,26505.0,97224.34591827,,47987.0,156293.63850232,,,,0.5237080597227027
2023-12-01,Краснодарский край,351.0,882159.0120375401,62247.0,314582.63613597996,,72582.0,295675.94569744,,,,0.35660536461491477
2023-12-01,Республика Крым,83.0,111331.15122374,8128.0,40497.09201193,,7829.0,28079.94392554,,,,0.3637534649268451
2023-12-01,Волгоградская область,84.0,47937.459663379996,9565.0,29961.265214209998,,11330.0,32422.7863179,,,,0.6250073621881506
2023-12-01,г. Севастополь,10.0,12225.87461,770.0,4009.04221236,,2265.0,9588.47843318,,,,0.3279145533752534
2023-12-01,Республика Калмыкия,6.0,1436.416817,463.0,1010.78706423,,780.0,1974.3073490699999,,,,0.7036864594366553
2023-12-01,Астраханская область,62.0,29732.05885112,4299.0,15664.38867363,,2275.0,9960.288123620001,,,,0.526851798325427
2023-12-01,Республика Адыгея (Адыгея),19.0,18515.74406,2937.0,10211.0629152,,2990.0,8653.44749146,,,,0.5514800205766076
2024-12-01,г. Москва,1356.0,8114321.132431278,232804.0,2772664.2250774303,,275793.0,2977100.9734707996,3526228.52356213,,0.7862973731142464,0.3417000855432822
2024-12-01,Московская область,731.0,2081990.2370409598,89734.0,508484.52914496005,,173894.0,976998.20215938,692874.5237369201,,0.7338767868134639,0.24423002572175675
2024-12-01,Воронежская область,170.0,128671.529646,12700.0,53563.27370807,,44691.0,154702.56366349,63945.15375714,,0.8376439895898948,0.41627914003535066
2024-12-01,Калужская область,44.0,30846.849651110002,2670.0,10870.87602343,,9736.0,35878.81108257,14163.49857811,,0.7675275966229967,0.35241446521715775
2024-12-01,Орловская область,32.0,19605.492108,1613.0,6102.84034753,,8475.0,27730.55337668,10638.36421591,,0.5736634151332227,0.3112821812332751
2024-12-01,Тверская область,56.0,26527.866724,1889.0,7009.99337152,,12301.0,39812.456632040004,13139.76003699,,0.5334947785793674,0.2642501730144021
2024-12-01,Владимирская область,64.0,24823.423735,4733.0,17822.24485275,,6411.0,20720.32329628,17699.9881525,,1.006907162829526,0.7179607874807926
2024-12-01,Белгородская область,32.0,12575.390697,1990.0,9434.3662061,,6580.0,26521.74374169,7833.09051301,,1.2044245104062614,0.7502245006471785
2024-12-01,Тульская область,120.0,104482.16462626001,11183.0,45638.837100849996,,13892.0,57284.77389533,38160.38601001,,1.1959741992357806,0.43680983509581084
2024-12-01,Ярославская область,83.0,45227.92715000001,4756.0,18763.449175759997,,12663.0,43728.45686089,16506.44078609,,1.1367350126486373,0.4148642300924019
2024-12-01,Смоленская область,32.0,11442.067536,2188.0,6783.064273020001,,8019.0,22683.90591055,4559.67744681,,1.4876193222319938,0.5928180594703317
2024-12-01,Брянская область,24.0,11444.784144439998,2452.0,9212.83356343,,8950.0,30973.521606439997,5270.15716501,,1.7481136282986958,0.8049809806072835
2024-12-01,Тамбовская область,29.0,10192.238555,2162.0,7818.51107208,,4907.0,14454.05629283,4747.45964729,,1.6468831023225343,0.7671044030111008
2024-12-01,Ивановская область,51.0,14536.219955,2240.0,7970.1781151800005,,4714.0,14606.91737307,5709.145336760001,,1.3960369976678786,0.548297847710987
2024-12-01,Липецкая область,78.0,49814.452898259995,4785.0,18943.73268715,,3574.0,12130.361696540002,23246.30674366,,0.8149136504153097,0.38028587257277097
2024-12-01,Курская область,26.0,11466.33190265,1597.0,6880.85952063,,5546.0,20113.78378328,7550.53177675,,0.9113079348686286,0.6000924776161202
2024-12-01,Рязанская область,73.0,54449.500973,11399.0,36784.76175689,,11074.0,29196.143072849998,33734.528980099996,,1.090418715452922,0.6755757371427618
2024-12-01,Костромская область,26.0,7661.807276,1305.0,5759.95081015,,4569.0,17328.341494490003,4872.86645991,,1.182045692722797,0.751774431626933
2024-12-01,Приморский край,384.0,450737.59647691995,25558.0,131465.38450116,,24388.0,125360.80985764,179692.50378937,,0.7316130708226964,0.2916672261837641
2024-12-01,Сахалинская область,53.0,50280.14190273,1556.0,17961.973272130002,,4152.0,31491.9346342,19969.26864444,,0.8994807767850385,0.35723791923416875
2024-12-01,Хабаровский край,218.0,153515.32098625,10748.0,73496.79446444,,11329.0,63125.25913286,71423.53045892999,,1.029027744668855,0.47875869321878906
2024-12-01,Амурская область,145.0,78595.67755867998,2551.0,29400.76512412,,4059.0,22893.32107334,20602.33846377,,1.4270596115010132,0.3740761074572991
2024-12-01,Республика Саха (Якутия),132.0,156418.41174474996,6311.0,37442.94016459,,5591.0,32395.747982470002,24647.557703259998,,1.5191338880459393,0.2393768083113575
2024-12-01,Республика Бурятия,51.0,35968.36371425999,5365.0,23618.53572131,,4606.0,18893.128681180002,16375.27827338,,1.4423288158531506,0.6566474891362993
2024-12-01,Еврейская автономная область,2.0,1575.3452848,3.0,1810.842095,,11.0,192.87419580000002,,,,1.1494890120104038
2024-12-01,Забайкальский край,44.0,28277.8281513,2413.0,21305.23833764,,2745.0,15002.09275245,18297.372299540002,,1.16438786886222,0.7534255538878981
2024-12-01,Камчатский край,6.0,10928.90388116,329.0,8579.4508463,,79.0,700.48374685,,,,0.7850239090390254
2024-12-01,Магаданская область,6.0,7594.03792693,8.0,3686.1135,,11.0,69.0714355,,,,0.4853957190453702
2024-12-01,Чукотский автономный округ,0.0,0.0,0.0,0.0,,1.0,396.5475,,,,
2024-12-01,Республика Татарстан (Татарстан),489.0,612101.9426028201,32952.0,201901.91144765,,52949.0,253938.51908791,203519.53440181,,0.9920517558232699,0.329850139976863
2024-12-01,Нижегородская область,352.0,234660.87231101998,12232.0,73030.99303524001,,36165.0,174843.1358625,66416.87119273,,1.0995849657433727,0.31121930263024244
2024-12-01,Пермский край,249.0,170547.81797351004,15594.0,73121.59669714,,38128.0,149717.72772654,79517.73171894,,0.9195634120398768,0.4287454249839623
2024-12-01,Чувашская Республика - Чувашия,91.0,39092.1206825,7013.0,33519.509089139996,,24890.0,78783.30157567,25223.86224553,,1.32888091295694,0.8574492379520705
2024-12-01,Самарская область,160.0,150015.98194588002,12033.0,63023.629975480006,,28707.0,114388.90177855,57492.29830947,,1.0962099590494,0.420112771705994
2024-12-01,Удмуртская Республика,116.0,83963.97578132001,13582.0,50392.23883019,,32471.0,107388.85955953,41923.24325811,,1.2020119369090483,0.6001649917273341
2024-12-01,Республика Башкортостан,238.0,285976.23298729,23387.0,114168.60227174,,38277.0,150801.02683606,114432.65002153,,0.9976925488508716,0.39922409313229235
2024-12-01,Кировская область,61.0,20767.28469343,3897.0,17317.745529080003,,11558.0,41075.131603910006,12609.98204602,,1.3733362558232889,0.8338955132906083
2024-12-01,Пензенская область,167.0,107194.590898,10112.0,38342.702981910006,,23100.0,77750.74123396001,52321.49874146,,0.7328288352628348,0.3576925165785151
2024-12-01,Ульяновская область,82.0,30365.253583,4375.0,16403.20134513,,15538.0,50643.661757120004,17863.47196471,,0.9182538186045344,0.5401964222130962
2024-12-01,Оренбургская область,61.0,33460.262185,3606.0,13159.18172707,,19304.0,50507.68319157,7575.21036035,,1.7371374656402283,0.3932779024358383
2024-12-01,Саратовская область,41.0,18020.250063,3756.0,15199.0230011,,16084.0,42350.41030459,11684.59592168,,1.3007743787612895,0.8434412923218711
2024-12-01,Республика Марий Эл,43.0,17719.64109779,2420.0,7591.72913039,,7439.0,22875.294176040003,7047.19464931,,1.0772696807989142,0.4284358293993236
2024-12-01,Республика Мордовия,29.0,8200.72146,1328.0,6419.77886279,,4205.0,14496.12013228,4952.93747371,,1.2961558462762628,0.7828309855545319
2024-12-01,г. Санкт-Петербург,442.0,1331975.6508927299,80350.0,504985.19306167,,114894.0,819593.2287312,616928.78997709,,0.8185469721398849,0.3791249432549415
2024-12-01,Ленинградская область,354.0,483205.28787634004,25448.0,108049.79106972,,61349.0,308672.92500623997,186853.37682295998,,0.5782597719499344,0.2236105311359334
2024-12-01,Вологодская область,67.0,20057.90074249,4658.0,13636.07187344,,10305.0,39822.508272269995,9010.473343610001,,1.513357995017027,0.679835444820693
2024-12-01,Республика Карелия,32.0,15522.24648306,3163.0,13169.94168299,,6060.0,19956.877586349998,10319.60717986,,1.2762057172769892,0.8484559047147487
2024-12-01,Калининградская область,150.0,90222.40102461001,9491.0,40983.272974169995,,25451.0,92135.62170038001,43990.19784919,,0.9316455705580471,0.45424719924036344
2024-12-01,Архангельская область,74.0,39129.16295404001,6306.0,28006.10834311,,7405.0,29930.53435916,16902.366533700002,,1.6569341510415905,0.715734920678093
2024-12-01,Новгородская область,7.0,3389.89539,918.0,3687.90545566,,3937.0,13600.22973248,,,,1.087911286743276
2024-12-01,Псковская область,35.0,10599.085660169998,2052.0,6703.05613008,,4547.0,12795.61946218,5324.33217226,,1.2589477728311562,0.632418337297643
2024-12-01,Мурманская область,2.0,2100.127,69.0,274.10708054,,0.0,0.0,,,,0.13051928790020795
2024-12-01,Ненецкий автономный округ,0.0,0.0,0.0,0.0,,0.0,0.0,,,,
2024-12-01,Республика Коми,6.0,2745.817663,629.0,2407.64411195,,4653.0,14603.9678824,,,,0.8768404925035986
2024-12-01,Ставропольский край,155.0,129932.33554754,15842.0,56479.87384341,,36729.0,121165.45004286,55404.74734779,,1.0194049525913575,0.4346868206855636
2024-12-01,Республика Северная Осетия - Алания,26.0,13594.46332925,1769.0,7858.07249604,,2322.0,8005.4235397600005,4799.56272645,,1.6372475877301909,0.578034770900627
2024-12-01,Республика Ингушетия,1.0,551.3850975700001,6.0,12.491,,30.0,62.728404,,,,0.022653858537433954
2024-12-01,Чеченская Республика,2.0,2347.769,113.0,414.09952503,,1.0,2.462689,,,,0.17638001227122432
2024-12-01,Кабардино-Балкарская Республика,10.0,5236.073644,803.0,2884.24171768,,312.0,1261.6846025,1062.3156976,,2.7150513959231923,0.5508405560691537
2024-12-01,Карачаево-Черкесская Республика,27.0,38174.44143289,485.0,2342.9548780500004,,23.0,126.456,5330.963646439999,,0.4394993163411681,0.061374961626324616
2024-12-01,Республика Дагестан,16.0,18835.93253607,1532.0,5745.36668714,,20.0,111.156351,6083.19695775,,0.9444650119079896,0.3050216216339632
2024-12-01,Новосибирская область,558.0,424730.03196359,34616.0,152362.4741729,,76695.0,307399.61855010997,170725.28835215,,0.892442330269353,0.35872780991846903
2024-12-01,Красноярский край,181.0,212975.26538466002,12676.0,62902.43835689,,32795.0,153908.40453815,71322.63188958999,,0.8819421926866811,0.29535090961516264
2024-12-01,Иркутская область,100.0,91273.449572,8135.0,37990.975195449995,,16317.0,70121.75054957,44520.27360878,,0.8533410088467575,0.4162324901008727
2024-12-01,Алтайский край,91.0,58704.57965092,10124.0,40911.25317159,,23911.0,75755.5132896,28899.19900381,,1.4156535330337825,0.6969005385076265
2024-12-01,Республика Хакасия,35.0,20440.669025,2163.0,8749.535354200001,,5992.0,20663.41815042,10627.49624131,,0.8232922558174895,0.4280454491728654
2024-12-01,Республика Алтай,41.0,5629.199919,654.0,2796.20488814,,497.0,1900.613901,2344.86160483,,1.1924818430138107,0.4967322049981008
2024-12-01,Кемеровская область,116.0,62803.56008,6903.0,28721.7821675,,10590.0,32654.097610009998,23070.5662323,,1.2449534995499159,0.45732729372210457
2024-12-01,Томская область,58.0,26208.267156389997,2259.0,11181.253954790001,,5256.0,24201.72212418,10507.38869548,,1.064132514637046,0.4266307989028505
2024-12-01,Омская область,71.0,54885.529507449995,5531.0,27568.03122017,,3187.0,13221.13526212,21971.30500321,,1.2547288937157952,0.5022823222727222
2024-12-01,Республика Тыва,19.0,11074.360201,2819.0,14779.47481875,,751.0,3789.6413384,4755.3568465,,3.10796335497469,1.3345669231000301
2024-12-01,Тюменская область,505.0,567473.7984658299,40493.0,167319.22038798002,,77828.0,301978.31220977,206040.80526460998,,0.812068367589122,0.29484924385994365
2024-12-01,Свердловская область,536.0,622047.7804271699,52909.0,239040.17472478,,85271.0,376214.35008731,256649.81951053,,0.9313864906691371,0.38427944322963004
2024-12-01,Ханты-Мансийский автономный округ - Югра,90.0,81304.53825513,6347.0,31785.086963240003,,11620.0,54090.56203596,39824.71164458,,0.7981247233353375,0.3909386566282416
2024-12-01,Челябинская область,184.0,135767.20706372,9160.0,41274.86628564,,34010.0,113158.3149681,59218.878276879994,,0.6969883166759403,0.30401204516395736
2024-12-01,Курганская область,59.0,24622.12572014,2975.0,10983.219500629999,,7172.0,19895.328331080003,13945.99091972,,0.7875538973067476,0.44607113234119045
2024-12-01,Ямало-Ненецкий автономный округ,33.0,22315.155033,1879.0,12217.47878881,,2262.0,14639.85622678,8251.48812302,,1.4806394442628692,0.5474969262253657
2024-12-01,Ростовская область,204.0,314540.35100808996,27924.0,121417.86218912,,70691.0,257285.02211295,133556.31059141,,0.9091136289364472,0.38601680770044394
2024-12-01,Краснодарский край,349.0,1188505.1090046202,69752.0,360662.4360532,,115896.0,569039.45001426,635773.40922165,,0.5672814100462985,0.30345888572179286
2024-12-01,Республика Крым,135.0,224490.55980411998,16767.0,92036.97494921001,,11643.0,48070.450306620005,95661.81547028999,,0.9621077594726837,0.40998149333993017
2024-12-01,Волгоградская область,111.0,70835.84665087,7825.0,27932.25550526,,20494.0,66688.88314185,25771.90725884,,1.0838257031085263,0.3943237333342008
2024-12-01,г. Севастополь,16.0,13779.4826019,1586.0,9763.27305435,,3109.0,13428.64774071,6965.636987010001,,1.4016339169780487,0.7085369847634032
2024-12-01,Республика Калмыкия,11.0,2095.303687,686.0,1875.3695278900002,,844.0,2206.82510284,1122.07040792,,1.6713474614898747,0.8950347100162384
2024-12-01,Астраханская область,102.0,47590.31939493001,8519.0,32238.96963166,,3479.0,16347.887206739999,29659.002018209998,,1.0869876744964633,0.6774270490627249
2024-12-01,Республика Адыгея (Адыгея),53.0,58888.715151,4342.0,17637.577304119997,,5181.0,17320.40721732,15923.95946659,,1.1076125470631428,0.29950691331767815
2025-12-01,Белгородская область,35.0,13315.566768,2101.0,10077.460041240001,,8450.0,35994.58216476001,8109.902603859999,,1.242611722173275,0.7568179572692448
2025-12-01,Брянская область,28.0,14110.091575,3245.0,12397.453176180004,,11042.0,40460.29732504002,8696.38538078,,1.4255869114977107,0.8786231549443366
2025-12-01,Владимирская область,50.0,26436.850521,3864.0,14863.830615650004,,10178.0,36703.1794282,17078.341957629997,,0.8703321816910553,0.5622390838062569
2025-12-01,Воронежская область,196.0,149809.22759884998,12378.0,52181.09805682002,,55291.0,205866.26369398003,65535.14804680999,,0.7962307191180595,0.34831698215911894
2025-12-01,Ивановская область,46.0,14195.51392,1370.0,5652.610562870001,,6798.0,22283.329506,5606.42845361,,1.0082373492575765,0.39819696523322495
2025-12-01,Калужская область,44.0,28883.392954,3461.0,15789.686486990002,,11189.0,42784.05205524,20416.44006625,,0.7733809829604725,0.546670071349887
2025-12-01,Костромская область,30.0,8102.97903729,901.0,4089.4123145400013,,6232.0,25535.6705776,4248.10799009,,0.9626432105962925,0.5046801053933967
2025-12-01,Курская область,26.0,18946.011173450002,2735.0,13153.958100400003,,7490.0,29484.39432285,8713.10034958,,1.5096759560486488,0.6942864110010294
2025-12-01,Липецкая область,79.0,57303.944909260004,3663.0,15313.406113150002,,7136.0,27782.979855350004,28799.213505360003,,0.5317300109706096,0.2672312724263324
2025-12-01,Московская область,818.0,2131729.9315403798,88886.0,530944.10461769,,234171.0,1378640.8967868406,812150.6115542003,,0.6537507908805613,0.2490672466347704
2025-12-01,Орловская область,30.0,18052.370254939997,1165.0,4619.044269560001,,10142.0,34135.93043388001,8961.148491680004,,0.5154522630496038,0.255869129888692
2025-12-01,Рязанская область,73.0,66640.073663,13326.0,41468.065845080004,,16820.0,50420.28120231,46441.851090730015,,0.8929029500582762,0.6222692077860646
2025-12-01,Смоленская область,35.0,9461.150011369999,1720.0,6347.503552800001,,10310.0,31787.267658229997,5256.821600810003,,1.2074793544110265,0.6709019035922533
2025-12-01,Тамбовская область,25.0,11453.876693549999,2426.0,8537.087735020003,,6342.0,21191.77811375,6482.86210509,,1.3168701719441376,0.7453448263353034
2025-12-01,Тверская область,51.0,26762.877792,2686.0,10417.246918460001,,13597.0,45786.062988729995,15337.619768690001,,0.6791957993198933,0.38924240507401414
2025-12-01,Тульская область,120.0,138553.50298087,14210.0,60014.293798800005,,17423.0,75350.79716424998,59389.19007694,,1.010525547175339,0.4331488739558331
2025-12-01,Ярославская область,98.0,68728.64134355,5426.0,22348.664202609998,,16422.0,59601.770626089994,23059.98204869,,0.9691535819681868,0.32517250109596935
2025-12-01,г. Москва,1570.0,8930963.004760915,241432.0,3229855.4521423983,,382953.0,4336739.324643173,4248052.950908972,,0.7603143109247953,0.3616469411440432
2025-12-01,Республика Карелия,20.0,10497.790338,1660.0,7303.615245280002,,9660.0,35302.84233059001,5283.2458782799995,,1.382410626638817,0.6957288162673916
2025-12-01,Республика Коми,4.0,2949.2575,592.0,2298.12192263,,5291.0,17427.197109179997,,,,0.779220506391863
2025-12-01,Архангельская область,89.0,41596.85704461,7531.0,34169.58850849,,10675.0,44648.27032417001,26631.465452100005,,1.2830532578069445,0.8214464009106572
2025-12-01,Вологодская область,57.0,20079.21485,4741.0,14635.379990190004,,13137.0,52823.78238132,12340.821332470001,,1.1859324104857412,0.7288820852569344
2025-12-01,Калининградская область,205.0,141936.50613010002,11743.0,47255.7790021,,33914.0,138281.34546524993,62642.03646125999,,0.7543780769535584,0.3329360450706389
2025-12-01,Ленинградская область,390.0,521444.91908610985,29507.0,123870.44083758006,,78450.0,407357.53018607,245664.43466376996,,0.5042261856386173,0.23755230188967372
2025-12-01,Мурманская область,24.0,20009.861990999998,633.0,3153.6455946700003,,0.0,0.0,2472.29258948,,1.275595618451176,0.15760456499342382
2025-12-01,Новгородская область,7.0,5426.500884,967.0,4485.19914363,,5062.0,18924.55165889,,,,0.8265361490780512
2025-12-01,Псковская область,33.0,9891.141977,1593.0,5451.824819730001,,6545.0,20296.477958490002,5761.590656500001,,0.9462360561105578,0.5511825462021676
2025-12-01,г. Санкт-Петербург,449.0,1404759.5404587,74686.0,468598.52601616,,162677.0,1209224.7419480898,683566.5962679705,,0.6855199311589252,0.3335791731751807
2025-12-01,Ненецкий автономный округ,0.0,0.0,0.0,0.0,,0.0,0.0,,,,
2025-12-01,Республика Башкортостан,272.0,264278.33931921003,24298.0,119292.51107402002,,52398.0,225770.66528513998,155717.12196335997,,0.766084741163463,0.4513896650831149
2025-12-01,Республика Марий Эл,43.0,21128.627329209998,2829.0,11034.714026960004,,9500.0,31700.33349216,11052.182125889998,,0.9984194886827756,0.5222636499298127
2025-12-01,Республика Мордовия,26.0,9227.88084623,1474.0,7076.528436400003,,5272.0,20147.65233328,5928.709495409999,,1.193603505430422,0.7668638720330984
2025-12-01,Республика Татарстан (Татарстан),537.0,705459.2286793401,34137.0,214206.53577806006,,71363.0,384006.66541203985,274055.86581701005,,0.7816163143944088,0.30364126950194825
2025-12-01,Удмуртская Республика,114.0,76004.85203569,8697.0,33956.629321910004,,45089.0,160514.30310785992,35347.62283595,,0.9606481736976864,0.4467692313375574
2025-12-01,Чувашская Республика - Чувашия,76.0,39536.546005150005,6431.0,30676.08621549,,31104.0,109176.36121173999,26825.371212279988,,1.1435475010853624,0.7758919105248635
2025-12-01,Пермский край,347.0,269241.13564055995,13465.0,66023.03144512,,51547.0,218340.45385744006,90634.78944790992,,0.7284513137537003,0.2452189606467175
2025-12-01,Кировская область,58.0,21152.48510355,3163.0,14414.774358040002,,16292.0,64324.29358626,13357.91487349,,1.0791185970684267,0.6814695430571789
2025-12-01,Нижегородская область,338.0,269333.7447214901,12963.0,78933.15824214999,,46089.0,239700.1282581999,87805.52200023,,0.8989543760350657,0.2930682091981174
2025-12-01,Оренбургская область,83.0,40467.54288439,4156.0,17039.111209839997,,23793.0,67148.94157792999,13187.19508611,,1.292095180102947,0.42105623409156095
2025-12-01,Пензенская область,165.0,113670.51539819001,9513.0,34716.37665274001,,30229.0,108090.59875065002,62070.382211039985,,0.5593066357269066,0.30541232729637824
2025-12-01,Самарская область,161.0,168296.09304201003,12978.0,70730.96171794001,,35153.0,148894.62431869004,82452.63425744999,,0.8578375009473894,0.42027690862843836
2025-12-01,Саратовская область,35.0,18094.95981175,2724.0,11713.733364600004,,19671.0,57557.95517533998,10490.037434889999,,1.1166531518410008,0.64734785191364
2025-12-01,Ульяновская область,67.0,28954.20784838,3350.0,13253.939396620002,,20229.0,72774.37364445999,17832.435225729998,,0.7432489858421696,0.45775520663610786
2025-12-01,Курганская область,51.0,23951.168611049998,2089.0,7786.41692053,,9935.0,31663.425543219997,15844.435759099997,,0.49142910728506045,0.32509549103744756
2025-12-01,Свердловская область,609.0,704141.4628154301,50630.0,239009.43005602993,,119226.0,556055.45245075,317555.0493486203,,0.7526551082915992,0.3394338249879189
2025-12-01,Тюменская область,557.0,641153.48168535,37657.0,159257.85348271,,104867.0,428829.4978066401,267656.24057881004,,0.5950089306280057,0.2483927141190614
2025-12-01,Челябинская область,184.0,149653.99314861,10004.0,47355.56138103001,,41739.0,150670.71370649003,80189.75799551,,0.5905437622555434,0.31643366397851347
2025-12-01,Ханты-Мансийский автономный округ - Югра,86.0,77948.76466441,4364.0,23081.975949940006,,15748.0,75787.27343731998,44185.38148164,,0.5223894232876789,0.29611727715396136
2025-12-01,Ямало-Ненецкий автономный округ,45.0,25381.5205195,1833.0,13941.89662572,,3425.0,22096.444466380002,16046.166892629997,,0.8688614993854709,0.5492931999487101
2025-12-01,Республика Дагестан,38.0,51290.02146815,2238.0,9864.760455450001,,240.0,352.51716632000006,14747.445193600002,,0.6689131796015112,0.19233293675994667
2025-12-01,Республика Ингушетия,1.0,551.3850975700001,36.0,88.62262566,,30.0,62.728404,,,,0.16072727763330433
2025-12-01,Кабардино-Балкарская Республика,14.0,8316.02148525,1537.0,5649.05400936,,631.0,2475.72202163,3318.8630061800004,,1.702105208573234,0.67929766888886
2025-12-01,Карачаево-Черкесская Республика,39.0,80401.72743983002,1097.0,7090.11335377,,66.0,378.55406,13715.613498030001,,0.5169373834271698,0.0881835947999501
2025-12-01,Республика Северная Осетия - Алания,26.0,16339.310217,1950.0,8491.567563720002,,3303.0,13457.70569862,8305.31921969,,1.02242518789506,0.5197017163481646
2025-12-01,Чеченская Республика,3.0,5371.901,175.0,3328.12763595,,45.0,432.110748,,,,0.6195437399069714
2025-12-01,Ставропольский край,189.0,167103.45658132,14096.0,49034.072655840006,,52127.0,185461.38290417,68840.29393197001,,0.7122873807641918,0.2934354181475464
2025-12-01,Республика Адыгея (Адыгея),54.0,90522.2501875,4764.0,23217.60551063,,8551.0,32347.89654325,42279.674449440005,,0.5491434315180144,0.25648506817427813
2025-12-01,Республика Калмыкия,12.0,2949.11205,624.0,2044.1550395300003,,1103.0,3038.5159386199994,1644.615587,,1.2429378972741065,0.693142547611916
2025-12-01,Республика Крым,186.0,337745.40000992,23671.0,135086.1456488001,,18893.0,97247.07220838002,162066.10547160992,,0.8335249696764259,0.3999644277755743
2025-12-01,Краснодарский край,389.0,1520653.3893741441,64632.0,335935.03809468984,,159726.0,831726.6261739301,831819.81133367,,0.40385553880482816,0.22091493067526108
2025-12-01,Астраханская область,129.0,70186.04855563001,9216.0,39509.86339491,,5724.0,26565.292236199995,49425.32841061999,,0.7993849442267041,0.5629304428442665
2025-12-01,Волгоградская область,119.0,69761.3305592,7238.0,30042.980976979987,,27201.0,96513.42835567998,32700.332859270005,,0.9187362436423425,0.4306537839252548
2025-12-01,Ростовская область,205.0,471091.09925681003,31243.0,144511.68962311998,,90481.0,354178.7336823098,232643.49598855004,,0.621172274810693,0.3067595415220126
2025-12-01,г. Севастополь,16.0,10642.54886171,1561.0,8829.662343459999,,3703.0,17557.31440317,7370.125780380002,,1.1980341457625359,0.8296567352608128
2025-12-01,Республика Алтай,99.0,17888.646274799998,1288.0,5997.13244988,,608.0,2262.869521,7627.10087733,,0.7862925305872448,0.33524797560161107
2025-12-01,Республика Тыва,25.0,14803.860353130001,2176.0,12633.474335059997,,2361.0,12253.302505619999,9127.47842237,,1.3841144016399267,0.8533905369074144
2025-12-01,Республика Хакасия,34.0,22117.559,2238.0,10351.493108510002,,7863.0,29711.369128999995,15466.468004540002,,0.6692861683398847,0.4680214985980144
2025-12-01,Алтайский край,138.0,71118.69288653,10522.0,46045.11179427001,,29741.0,105578.66308582002,41979.556011880006,,1.0968460881587092,0.6474403553470122
2025-12-01,Красноярский край,184.0,212836.35930229005,9320.0,46939.47587321001,,42855.0,209777.66999927,76447.39100932002,,0.6140101742319423,0.22054256155801927
2025-12-01,Иркутская область,108.0,90170.85505093001,6598.0,33378.43299827,,23340.0,107416.14646449003,50537.17387078002,,0.6604728844477195,0.370168753300801
2025-12-01,Кемеровская область,143.0,94958.17447226001,4001.0,18436.80758871,,16466.0,58617.19943637999,23168.881447759995,,0.7957573450526891,0.1941571401427469
2025-12-01,Новосибирская область,596.0,449524.20853252994,30076.0,139366.56109994004,,102010.0,435446.30282641,188847.8408732699,,0.7379833439211241,0.3100312696281734
2025-12-01,Омская область,89.0,80704.50825167999,5204.0,27931.479734880006,,6292.0,29787.25522807,26810.62402965999,,1.0418064012228898,0.3460956561159465
2025-12-01,Томская область,78.0,37707.706539310006,2814.0,14739.56058425,,6530.0,30269.914029859996,16870.5884224,,0.8736838464199318,0.3908898720447004
2025-12-01,Республика Бурятия,53.0,35752.872836049995,8161.0,36379.82865684001,,7298.0,33977.75591009,23701.696500650003,,1.5349039954098778,1.0175358165947952
2025-12-01,Республика Саха (Якутия),140.0,181443.55527636004,6820.0,43510.37813212999,,8434.0,51123.94890659,40633.36239937,,1.0708042741942665,0.23980117709807067
2025-12-01,Забайкальский край,54.0,47458.4792233,3442.0,24924.110881180004,,4651.0,31444.44546661,27012.85610101,,0.922675883956162,0.5251771925498906
2025-12-01,Камчатский край,12.0,17454.01873504,514.0,11444.677598819999,,134.0,1918.1683683499998,8589.20806007,,1.3324485236333568,0.6557044410548337
2025-12-01,Приморский край,403.0,488345.63405428,25509.0,131409.96378803003,,38442.0,207105.50238409996,218117.43867571998,,0.6024734408485336,0.26909212374247155
2025-12-01,Хабаровский край,213.0,175261.6958633399,12722.0,87124.79232262001,,18253.0,104201.12522942999,95923.13241244998,,0.9082771812330013,0.49711257153733956
2025-12-01,Амурская область,139.0,78374.84132424,2615.0,32942.668218880004,,5799.0,33693.35925486,26052.43467274,,1.2644756097728405,0.4203219765714715
2025-12-01,Магаданская область,3.0,6039.51911174,21.0,5513.36755,,12.0,1755.2442355,,,,0.9128818781751624
2025-12-01,Сахалинская область,33.0,40366.46916488,1525.0,14337.563477939999,,5589.0,47834.046440629994,18606.191194930005,,0.7705802508278448,0.35518497838830293
2025-12-01,Еврейская автономная область,3.0,1591.6902848,4.0,1810.842095,,11.0,192.87419580000002,,,,1.1376849581183044
2025-12-01,Чукотский автономный округ,0.0,0.0,1.0,471.57,,1.0,396.5475,,,,inf
